{"level":"info","message":"OpenBao endpoints configured: [\"http://localhost:18200\",\"http://openbao:8200\"]","service":"ehr-backend","timestamp":"2025-12-23 09:03:39"}
{"level":"info","message":"Attempting to connect to OpenBao at http://localhost:18200","service":"ehr-backend","timestamp":"2025-12-23 09:03:40"}
{"level":"info","message":"Server running on port 3001","service":"ehr-backend","timestamp":"2025-12-23 09:03:40"}
{"level":"info","message":"Environment: development","service":"ehr-backend","timestamp":"2025-12-23 09:03:40"}
{"level":"info","message":"API Documentation: http://localhost:3001/api/docs","service":"ehr-backend","timestamp":"2025-12-23 09:03:40"}
{"host":"mongodb","level":"info","message":"MongoDB connected","name":"ehr","service":"ehr-backend","timestamp":"2025-12-23 09:03:40"}
{"error":"","level":"warn","message":"OpenBao connection attempt 1/3 to http://localhost:18200 failed","service":"ehr-backend","timestamp":"2025-12-23 09:03:40"}
{"level":"info","message":"Retrying OpenBao connection in 1000ms","service":"ehr-backend","timestamp":"2025-12-23 09:03:40"}
{"error":"","level":"warn","message":"OpenBao connection attempt 2/3 to http://localhost:18200 failed","service":"ehr-backend","timestamp":"2025-12-23 09:03:41"}
{"level":"info","message":"Retrying OpenBao connection in 2000ms","service":"ehr-backend","timestamp":"2025-12-23 09:03:41"}
{"error":"","level":"warn","message":"OpenBao connection attempt 3/3 to http://localhost:18200 failed","service":"ehr-backend","timestamp":"2025-12-23 09:03:43"}
{"level":"warn","message":"All connection attempts to http://localhost:18200 failed, trying next endpoint if available","service":"ehr-backend","timestamp":"2025-12-23 09:03:43"}
{"level":"info","message":"Attempting to connect to OpenBao at http://openbao:8200","service":"ehr-backend","timestamp":"2025-12-23 09:03:43"}
{"error":"getaddrinfo ENOTFOUND openbao","level":"warn","message":"OpenBao connection attempt 1/3 to http://openbao:8200 failed","service":"ehr-backend","timestamp":"2025-12-23 09:03:43"}
{"level":"info","message":"Retrying OpenBao connection in 1000ms","service":"ehr-backend","timestamp":"2025-12-23 09:03:43"}
{"error":"getaddrinfo ENOTFOUND openbao","level":"warn","message":"OpenBao connection attempt 2/3 to http://openbao:8200 failed","service":"ehr-backend","timestamp":"2025-12-23 09:03:44"}
{"level":"info","message":"Retrying OpenBao connection in 2000ms","service":"ehr-backend","timestamp":"2025-12-23 09:03:44"}
{"error":"connect ECONNREFUSED 172.19.0.2:8200","level":"warn","message":"OpenBao connection attempt 3/3 to http://openbao:8200 failed","service":"ehr-backend","timestamp":"2025-12-23 09:03:46"}
{"level":"warn","message":"All connection attempts to http://openbao:8200 failed, trying next endpoint if available","service":"ehr-backend","timestamp":"2025-12-23 09:03:46"}
{"endpointsTried":["http://localhost:18200","http://openbao:8200"],"error":"connect ECONNREFUSED 172.19.0.2:8200","level":"error","message":"OpenBao connection failed after trying all endpoints","service":"ehr-backend","timestamp":"2025-12-23 09:03:46"}
{"level":"warn","message":"Application will continue but crypto operations will fail","service":"ehr-backend","timestamp":"2025-12-23 09:03:46"}
{"level":"warn","message":"OpenBao initialization failed - crypto operations may fail","service":"ehr-backend","timestamp":"2025-12-23 09:03:46"}
{"level":"info","message":"OpenBao endpoints configured: [\"http://localhost:18200\",\"http://openbao:8200\"]","service":"ehr-backend","timestamp":"2025-12-23 10:35:05"}
{"level":"info","message":"Attempting to connect to OpenBao at http://localhost:18200","service":"ehr-backend","timestamp":"2025-12-23 10:35:05"}
{"level":"info","message":"Server running on port 3001","service":"ehr-backend","timestamp":"2025-12-23 10:35:05"}
{"level":"info","message":"Environment: development","service":"ehr-backend","timestamp":"2025-12-23 10:35:05"}
{"level":"info","message":"API Documentation: http://localhost:3001/api/docs","service":"ehr-backend","timestamp":"2025-12-23 10:35:05"}
{"host":"mongodb","level":"info","message":"MongoDB connected","name":"ehr","service":"ehr-backend","timestamp":"2025-12-23 10:35:05"}
{"error":"","level":"warn","message":"OpenBao connection attempt 1/3 to http://localhost:18200 failed","service":"ehr-backend","timestamp":"2025-12-23 10:35:05"}
{"level":"info","message":"Retrying OpenBao connection in 1000ms","service":"ehr-backend","timestamp":"2025-12-23 10:35:05"}
{"error":"","level":"warn","message":"OpenBao connection attempt 2/3 to http://localhost:18200 failed","service":"ehr-backend","timestamp":"2025-12-23 10:35:06"}
{"level":"info","message":"Retrying OpenBao connection in 2000ms","service":"ehr-backend","timestamp":"2025-12-23 10:35:06"}
{"error":"","level":"warn","message":"OpenBao connection attempt 3/3 to http://localhost:18200 failed","service":"ehr-backend","timestamp":"2025-12-23 10:35:08"}
{"level":"warn","message":"All connection attempts to http://localhost:18200 failed, trying next endpoint if available","service":"ehr-backend","timestamp":"2025-12-23 10:35:08"}
{"level":"info","message":"Attempting to connect to OpenBao at http://openbao:8200","service":"ehr-backend","timestamp":"2025-12-23 10:35:08"}
{"level":"info","message":"OpenBao connection established at http://openbao:8200","service":"ehr-backend","timestamp":"2025-12-23 10:35:08"}
{"level":"info","message":"OpenBao initialized successfully","service":"ehr-backend","timestamp":"2025-12-23 10:35:08"}
{"level":"info","message":"OpenBao endpoints configured: [\"http://localhost:18200\",\"http://openbao:8200\"]","service":"ehr-backend","timestamp":"2025-12-23 10:35:15"}
{"level":"info","message":"Attempting to connect to OpenBao at http://localhost:18200","service":"ehr-backend","timestamp":"2025-12-23 10:35:16"}
{"level":"info","message":"Server running on port 3001","service":"ehr-backend","timestamp":"2025-12-23 10:35:16"}
{"level":"info","message":"Environment: development","service":"ehr-backend","timestamp":"2025-12-23 10:35:16"}
{"level":"info","message":"API Documentation: http://localhost:3001/api/docs","service":"ehr-backend","timestamp":"2025-12-23 10:35:16"}
{"host":"mongodb","level":"info","message":"MongoDB connected","name":"ehr","service":"ehr-backend","timestamp":"2025-12-23 10:35:16"}
{"error":"","level":"warn","message":"OpenBao connection attempt 1/3 to http://localhost:18200 failed","service":"ehr-backend","timestamp":"2025-12-23 10:35:16"}
{"level":"info","message":"Retrying OpenBao connection in 1000ms","service":"ehr-backend","timestamp":"2025-12-23 10:35:16"}
{"error":"","level":"warn","message":"OpenBao connection attempt 2/3 to http://localhost:18200 failed","service":"ehr-backend","timestamp":"2025-12-23 10:35:17"}
{"level":"info","message":"Retrying OpenBao connection in 2000ms","service":"ehr-backend","timestamp":"2025-12-23 10:35:17"}
{"error":"","level":"warn","message":"OpenBao connection attempt 3/3 to http://localhost:18200 failed","service":"ehr-backend","timestamp":"2025-12-23 10:35:19"}
{"level":"warn","message":"All connection attempts to http://localhost:18200 failed, trying next endpoint if available","service":"ehr-backend","timestamp":"2025-12-23 10:35:19"}
{"level":"info","message":"Attempting to connect to OpenBao at http://openbao:8200","service":"ehr-backend","timestamp":"2025-12-23 10:35:19"}
{"level":"info","message":"OpenBao connection established at http://openbao:8200","service":"ehr-backend","timestamp":"2025-12-23 10:35:19"}
{"level":"info","message":"OpenBao initialized successfully","service":"ehr-backend","timestamp":"2025-12-23 10:35:19"}
{"level":"info","message":"OpenBao endpoints configured: [\"http://localhost:18200\",\"http://openbao:8200\"]","service":"ehr-backend","timestamp":"2025-12-23 11:22:10"}
{"level":"info","message":"Attempting to connect to OpenBao at http://localhost:18200","service":"ehr-backend","timestamp":"2025-12-23 11:22:11"}
{"level":"info","message":"Server running on port 3001","service":"ehr-backend","timestamp":"2025-12-23 11:22:11"}
{"level":"info","message":"Environment: development","service":"ehr-backend","timestamp":"2025-12-23 11:22:11"}
{"level":"info","message":"API Documentation: http://localhost:3001/api/docs","service":"ehr-backend","timestamp":"2025-12-23 11:22:11"}
{"host":"mongodb","level":"info","message":"MongoDB connected","name":"ehr","service":"ehr-backend","timestamp":"2025-12-23 11:22:11"}
{"error":"","level":"warn","message":"OpenBao connection attempt 1/3 to http://localhost:18200 failed","service":"ehr-backend","timestamp":"2025-12-23 11:22:11"}
{"level":"info","message":"Retrying OpenBao connection in 1000ms","service":"ehr-backend","timestamp":"2025-12-23 11:22:11"}
{"error":"","level":"warn","message":"OpenBao connection attempt 2/3 to http://localhost:18200 failed","service":"ehr-backend","timestamp":"2025-12-23 11:22:12"}
{"level":"info","message":"Retrying OpenBao connection in 2000ms","service":"ehr-backend","timestamp":"2025-12-23 11:22:12"}
{"error":"","level":"warn","message":"OpenBao connection attempt 3/3 to http://localhost:18200 failed","service":"ehr-backend","timestamp":"2025-12-23 11:22:14"}
{"level":"warn","message":"All connection attempts to http://localhost:18200 failed, trying next endpoint if available","service":"ehr-backend","timestamp":"2025-12-23 11:22:14"}
{"level":"info","message":"Attempting to connect to OpenBao at http://openbao:8200","service":"ehr-backend","timestamp":"2025-12-23 11:22:14"}
{"level":"info","message":"OpenBao connection established at http://openbao:8200","service":"ehr-backend","timestamp":"2025-12-23 11:22:14"}
{"level":"info","message":"OpenBao initialized successfully","service":"ehr-backend","timestamp":"2025-12-23 11:22:14"}
{"level":"info","message":"OpenBao endpoints configured: [\"http://localhost:18200\",\"http://openbao:8200\"]","service":"ehr-backend","timestamp":"2025-12-23 11:22:33"}
{"level":"info","message":"Attempting to connect to OpenBao at http://localhost:18200","service":"ehr-backend","timestamp":"2025-12-23 11:22:34"}
{"level":"info","message":"Server running on port 3001","service":"ehr-backend","timestamp":"2025-12-23 11:22:34"}
{"level":"info","message":"Environment: development","service":"ehr-backend","timestamp":"2025-12-23 11:22:34"}
{"level":"info","message":"API Documentation: http://localhost:3001/api/docs","service":"ehr-backend","timestamp":"2025-12-23 11:22:34"}
{"host":"mongodb","level":"info","message":"MongoDB connected","name":"ehr","service":"ehr-backend","timestamp":"2025-12-23 11:22:34"}
{"error":"","level":"warn","message":"OpenBao connection attempt 1/3 to http://localhost:18200 failed","service":"ehr-backend","timestamp":"2025-12-23 11:22:34"}
{"level":"info","message":"Retrying OpenBao connection in 1000ms","service":"ehr-backend","timestamp":"2025-12-23 11:22:34"}
{"error":"","level":"warn","message":"OpenBao connection attempt 2/3 to http://localhost:18200 failed","service":"ehr-backend","timestamp":"2025-12-23 11:22:35"}
{"level":"info","message":"Retrying OpenBao connection in 2000ms","service":"ehr-backend","timestamp":"2025-12-23 11:22:35"}
{"error":"","level":"warn","message":"OpenBao connection attempt 3/3 to http://localhost:18200 failed","service":"ehr-backend","timestamp":"2025-12-23 11:22:37"}
{"level":"warn","message":"All connection attempts to http://localhost:18200 failed, trying next endpoint if available","service":"ehr-backend","timestamp":"2025-12-23 11:22:37"}
{"level":"info","message":"Attempting to connect to OpenBao at http://openbao:8200","service":"ehr-backend","timestamp":"2025-12-23 11:22:37"}
{"level":"info","message":"OpenBao connection established at http://openbao:8200","service":"ehr-backend","timestamp":"2025-12-23 11:22:37"}
{"level":"info","message":"OpenBao initialized successfully","service":"ehr-backend","timestamp":"2025-12-23 11:22:37"}
{"level":"info","message":"OpenBao endpoints configured: [\"http://localhost:18200\",\"http://openbao:8200\"]","service":"ehr-backend","timestamp":"2025-12-23 11:23:38"}
{"level":"info","message":"Attempting to connect to OpenBao at http://localhost:18200","service":"ehr-backend","timestamp":"2025-12-23 11:23:38"}
{"level":"info","message":"Server running on port 3001","service":"ehr-backend","timestamp":"2025-12-23 11:23:38"}
{"level":"info","message":"Environment: development","service":"ehr-backend","timestamp":"2025-12-23 11:23:38"}
{"level":"info","message":"API Documentation: http://localhost:3001/api/docs","service":"ehr-backend","timestamp":"2025-12-23 11:23:38"}
{"host":"mongodb","level":"info","message":"MongoDB connected","name":"ehr","service":"ehr-backend","timestamp":"2025-12-23 11:23:38"}
{"error":"","level":"warn","message":"OpenBao connection attempt 1/3 to http://localhost:18200 failed","service":"ehr-backend","timestamp":"2025-12-23 11:23:38"}
{"level":"info","message":"Retrying OpenBao connection in 1000ms","service":"ehr-backend","timestamp":"2025-12-23 11:23:38"}
{"error":"","level":"warn","message":"OpenBao connection attempt 2/3 to http://localhost:18200 failed","service":"ehr-backend","timestamp":"2025-12-23 11:23:39"}
{"level":"info","message":"Retrying OpenBao connection in 2000ms","service":"ehr-backend","timestamp":"2025-12-23 11:23:39"}
{"error":"","level":"warn","message":"OpenBao connection attempt 3/3 to http://localhost:18200 failed","service":"ehr-backend","timestamp":"2025-12-23 11:23:41"}
{"level":"warn","message":"All connection attempts to http://localhost:18200 failed, trying next endpoint if available","service":"ehr-backend","timestamp":"2025-12-23 11:23:41"}
{"level":"info","message":"Attempting to connect to OpenBao at http://openbao:8200","service":"ehr-backend","timestamp":"2025-12-23 11:23:41"}
{"level":"info","message":"OpenBao connection established at http://openbao:8200","service":"ehr-backend","timestamp":"2025-12-23 11:23:41"}
{"level":"info","message":"OpenBao initialized successfully","service":"ehr-backend","timestamp":"2025-12-23 11:23:41"}
{"level":"info","message":"OpenBao endpoints configured: [\"http://localhost:18200\",\"http://openbao:8200\"]","service":"ehr-backend","timestamp":"2025-12-23 11:34:42"}
{"level":"info","message":"Attempting to connect to OpenBao at http://localhost:18200","service":"ehr-backend","timestamp":"2025-12-23 11:34:42"}
{"level":"info","message":"Server running on port 3001","service":"ehr-backend","timestamp":"2025-12-23 11:34:42"}
{"level":"info","message":"Environment: development","service":"ehr-backend","timestamp":"2025-12-23 11:34:42"}
{"level":"info","message":"API Documentation: http://localhost:3001/api/docs","service":"ehr-backend","timestamp":"2025-12-23 11:34:42"}
{"host":"mongodb","level":"info","message":"MongoDB connected","name":"ehr","service":"ehr-backend","timestamp":"2025-12-23 11:34:43"}
{"error":"","level":"warn","message":"OpenBao connection attempt 1/3 to http://localhost:18200 failed","service":"ehr-backend","timestamp":"2025-12-23 11:34:43"}
{"level":"info","message":"Retrying OpenBao connection in 1000ms","service":"ehr-backend","timestamp":"2025-12-23 11:34:43"}
{"error":"","level":"warn","message":"OpenBao connection attempt 2/3 to http://localhost:18200 failed","service":"ehr-backend","timestamp":"2025-12-23 11:34:44"}
{"level":"info","message":"Retrying OpenBao connection in 2000ms","service":"ehr-backend","timestamp":"2025-12-23 11:34:44"}
{"error":"","level":"warn","message":"OpenBao connection attempt 3/3 to http://localhost:18200 failed","service":"ehr-backend","timestamp":"2025-12-23 11:34:46"}
{"level":"warn","message":"All connection attempts to http://localhost:18200 failed, trying next endpoint if available","service":"ehr-backend","timestamp":"2025-12-23 11:34:46"}
{"level":"info","message":"Attempting to connect to OpenBao at http://openbao:8200","service":"ehr-backend","timestamp":"2025-12-23 11:34:46"}
{"level":"info","message":"OpenBao connection established at http://openbao:8200","service":"ehr-backend","timestamp":"2025-12-23 11:34:46"}
{"level":"info","message":"OpenBao initialized successfully","service":"ehr-backend","timestamp":"2025-12-23 11:34:46"}
{"level":"info","message":"OpenBao endpoints configured: [\"http://localhost:18200\",\"http://openbao:8200\"]","service":"ehr-backend","timestamp":"2025-12-23 11:35:08"}
{"level":"info","message":"Attempting to connect to OpenBao at http://localhost:18200","service":"ehr-backend","timestamp":"2025-12-23 11:35:08"}
{"level":"info","message":"Server running on port 3001","service":"ehr-backend","timestamp":"2025-12-23 11:35:08"}
{"level":"info","message":"Environment: development","service":"ehr-backend","timestamp":"2025-12-23 11:35:08"}
{"level":"info","message":"API Documentation: http://localhost:3001/api/docs","service":"ehr-backend","timestamp":"2025-12-23 11:35:08"}
{"host":"mongodb","level":"info","message":"MongoDB connected","name":"ehr","service":"ehr-backend","timestamp":"2025-12-23 11:35:08"}
{"error":"","level":"warn","message":"OpenBao connection attempt 1/3 to http://localhost:18200 failed","service":"ehr-backend","timestamp":"2025-12-23 11:35:08"}
{"level":"info","message":"Retrying OpenBao connection in 1000ms","service":"ehr-backend","timestamp":"2025-12-23 11:35:08"}
{"error":"","level":"warn","message":"OpenBao connection attempt 2/3 to http://localhost:18200 failed","service":"ehr-backend","timestamp":"2025-12-23 11:35:09"}
{"level":"info","message":"Retrying OpenBao connection in 2000ms","service":"ehr-backend","timestamp":"2025-12-23 11:35:09"}
{"error":"","level":"warn","message":"OpenBao connection attempt 3/3 to http://localhost:18200 failed","service":"ehr-backend","timestamp":"2025-12-23 11:35:11"}
{"level":"warn","message":"All connection attempts to http://localhost:18200 failed, trying next endpoint if available","service":"ehr-backend","timestamp":"2025-12-23 11:35:11"}
{"level":"info","message":"Attempting to connect to OpenBao at http://openbao:8200","service":"ehr-backend","timestamp":"2025-12-23 11:35:11"}
{"level":"info","message":"OpenBao connection established at http://openbao:8200","service":"ehr-backend","timestamp":"2025-12-23 11:35:11"}
{"level":"info","message":"OpenBao initialized successfully","service":"ehr-backend","timestamp":"2025-12-23 11:35:11"}
{"level":"info","message":"OpenBao endpoints configured: [\"http://localhost:18200\",\"http://openbao:8200\"]","service":"ehr-backend","timestamp":"2025-12-23 11:36:02"}
{"level":"info","message":"Attempting to connect to OpenBao at http://localhost:18200","service":"ehr-backend","timestamp":"2025-12-23 11:36:02"}
{"level":"info","message":"Server running on port 3001","service":"ehr-backend","timestamp":"2025-12-23 11:36:02"}
{"level":"info","message":"Environment: development","service":"ehr-backend","timestamp":"2025-12-23 11:36:02"}
{"level":"info","message":"API Documentation: http://localhost:3001/api/docs","service":"ehr-backend","timestamp":"2025-12-23 11:36:02"}
{"host":"mongodb","level":"info","message":"MongoDB connected","name":"ehr","service":"ehr-backend","timestamp":"2025-12-23 11:36:02"}
{"error":"","level":"warn","message":"OpenBao connection attempt 1/3 to http://localhost:18200 failed","service":"ehr-backend","timestamp":"2025-12-23 11:36:02"}
{"level":"info","message":"Retrying OpenBao connection in 1000ms","service":"ehr-backend","timestamp":"2025-12-23 11:36:02"}
{"error":"","level":"warn","message":"OpenBao connection attempt 2/3 to http://localhost:18200 failed","service":"ehr-backend","timestamp":"2025-12-23 11:36:03"}
{"level":"info","message":"Retrying OpenBao connection in 2000ms","service":"ehr-backend","timestamp":"2025-12-23 11:36:03"}
{"error":"","level":"warn","message":"OpenBao connection attempt 3/3 to http://localhost:18200 failed","service":"ehr-backend","timestamp":"2025-12-23 11:36:05"}
{"level":"warn","message":"All connection attempts to http://localhost:18200 failed, trying next endpoint if available","service":"ehr-backend","timestamp":"2025-12-23 11:36:05"}
{"level":"info","message":"Attempting to connect to OpenBao at http://openbao:8200","service":"ehr-backend","timestamp":"2025-12-23 11:36:05"}
{"level":"info","message":"OpenBao connection established at http://openbao:8200","service":"ehr-backend","timestamp":"2025-12-23 11:36:05"}
{"level":"info","message":"OpenBao initialized successfully","service":"ehr-backend","timestamp":"2025-12-23 11:36:05"}
{"level":"info","message":"OpenBao endpoints configured: [\"http://localhost:18200\",\"http://openbao:8200\"]","service":"ehr-backend","timestamp":"2025-12-23 11:36:19"}
{"level":"info","message":"Attempting to connect to OpenBao at http://localhost:18200","service":"ehr-backend","timestamp":"2025-12-23 11:36:19"}
{"level":"info","message":"Server running on port 3001","service":"ehr-backend","timestamp":"2025-12-23 11:36:19"}
{"level":"info","message":"Environment: development","service":"ehr-backend","timestamp":"2025-12-23 11:36:19"}
{"level":"info","message":"API Documentation: http://localhost:3001/api/docs","service":"ehr-backend","timestamp":"2025-12-23 11:36:19"}
{"host":"mongodb","level":"info","message":"MongoDB connected","name":"ehr","service":"ehr-backend","timestamp":"2025-12-23 11:36:19"}
{"error":"","level":"warn","message":"OpenBao connection attempt 1/3 to http://localhost:18200 failed","service":"ehr-backend","timestamp":"2025-12-23 11:36:19"}
{"level":"info","message":"Retrying OpenBao connection in 1000ms","service":"ehr-backend","timestamp":"2025-12-23 11:36:19"}
{"error":"","level":"warn","message":"OpenBao connection attempt 2/3 to http://localhost:18200 failed","service":"ehr-backend","timestamp":"2025-12-23 11:36:20"}
{"level":"info","message":"Retrying OpenBao connection in 2000ms","service":"ehr-backend","timestamp":"2025-12-23 11:36:20"}
{"error":"","level":"warn","message":"OpenBao connection attempt 3/3 to http://localhost:18200 failed","service":"ehr-backend","timestamp":"2025-12-23 11:36:22"}
{"level":"warn","message":"All connection attempts to http://localhost:18200 failed, trying next endpoint if available","service":"ehr-backend","timestamp":"2025-12-23 11:36:22"}
{"level":"info","message":"Attempting to connect to OpenBao at http://openbao:8200","service":"ehr-backend","timestamp":"2025-12-23 11:36:22"}
{"level":"info","message":"OpenBao connection established at http://openbao:8200","service":"ehr-backend","timestamp":"2025-12-23 11:36:22"}
{"level":"info","message":"OpenBao initialized successfully","service":"ehr-backend","timestamp":"2025-12-23 11:36:22"}
{"level":"info","message":"OpenBao endpoints configured: [\"http://localhost:18200\",\"http://openbao:8200\"]","service":"ehr-backend","timestamp":"2025-12-23 11:36:48"}
{"level":"info","message":"Attempting to connect to OpenBao at http://localhost:18200","service":"ehr-backend","timestamp":"2025-12-23 11:36:48"}
{"level":"info","message":"Server running on port 3001","service":"ehr-backend","timestamp":"2025-12-23 11:36:48"}
{"level":"info","message":"Environment: development","service":"ehr-backend","timestamp":"2025-12-23 11:36:48"}
{"level":"info","message":"API Documentation: http://localhost:3001/api/docs","service":"ehr-backend","timestamp":"2025-12-23 11:36:48"}
{"host":"mongodb","level":"info","message":"MongoDB connected","name":"ehr","service":"ehr-backend","timestamp":"2025-12-23 11:36:48"}
{"error":"","level":"warn","message":"OpenBao connection attempt 1/3 to http://localhost:18200 failed","service":"ehr-backend","timestamp":"2025-12-23 11:36:48"}
{"level":"info","message":"Retrying OpenBao connection in 1000ms","service":"ehr-backend","timestamp":"2025-12-23 11:36:48"}
{"error":"","level":"warn","message":"OpenBao connection attempt 2/3 to http://localhost:18200 failed","service":"ehr-backend","timestamp":"2025-12-23 11:36:49"}
{"level":"info","message":"Retrying OpenBao connection in 2000ms","service":"ehr-backend","timestamp":"2025-12-23 11:36:49"}
{"error":"","level":"warn","message":"OpenBao connection attempt 3/3 to http://localhost:18200 failed","service":"ehr-backend","timestamp":"2025-12-23 11:36:51"}
{"level":"warn","message":"All connection attempts to http://localhost:18200 failed, trying next endpoint if available","service":"ehr-backend","timestamp":"2025-12-23 11:36:51"}
{"level":"info","message":"Attempting to connect to OpenBao at http://openbao:8200","service":"ehr-backend","timestamp":"2025-12-23 11:36:51"}
{"level":"info","message":"OpenBao connection established at http://openbao:8200","service":"ehr-backend","timestamp":"2025-12-23 11:36:51"}
{"level":"info","message":"OpenBao initialized successfully","service":"ehr-backend","timestamp":"2025-12-23 11:36:51"}
{"level":"info","message":"OpenBao endpoints configured: [\"http://localhost:18200\",\"http://openbao:8200\"]","service":"ehr-backend","timestamp":"2025-12-23 11:37:25"}
{"level":"info","message":"Attempting to connect to OpenBao at http://localhost:18200","service":"ehr-backend","timestamp":"2025-12-23 11:37:25"}
{"level":"info","message":"Server running on port 3001","service":"ehr-backend","timestamp":"2025-12-23 11:37:25"}
{"level":"info","message":"Environment: development","service":"ehr-backend","timestamp":"2025-12-23 11:37:25"}
{"level":"info","message":"API Documentation: http://localhost:3001/api/docs","service":"ehr-backend","timestamp":"2025-12-23 11:37:25"}
{"host":"mongodb","level":"info","message":"MongoDB connected","name":"ehr","service":"ehr-backend","timestamp":"2025-12-23 11:37:25"}
{"error":"","level":"warn","message":"OpenBao connection attempt 1/3 to http://localhost:18200 failed","service":"ehr-backend","timestamp":"2025-12-23 11:37:25"}
{"level":"info","message":"Retrying OpenBao connection in 1000ms","service":"ehr-backend","timestamp":"2025-12-23 11:37:25"}
{"error":"","level":"warn","message":"OpenBao connection attempt 2/3 to http://localhost:18200 failed","service":"ehr-backend","timestamp":"2025-12-23 11:37:26"}
{"level":"info","message":"Retrying OpenBao connection in 2000ms","service":"ehr-backend","timestamp":"2025-12-23 11:37:26"}
{"error":"","level":"warn","message":"OpenBao connection attempt 3/3 to http://localhost:18200 failed","service":"ehr-backend","timestamp":"2025-12-23 11:37:28"}
{"level":"warn","message":"All connection attempts to http://localhost:18200 failed, trying next endpoint if available","service":"ehr-backend","timestamp":"2025-12-23 11:37:28"}
{"level":"info","message":"Attempting to connect to OpenBao at http://openbao:8200","service":"ehr-backend","timestamp":"2025-12-23 11:37:28"}
{"level":"info","message":"OpenBao connection established at http://openbao:8200","service":"ehr-backend","timestamp":"2025-12-23 11:37:28"}
{"level":"info","message":"OpenBao initialized successfully","service":"ehr-backend","timestamp":"2025-12-23 11:37:28"}
{"level":"info","message":"OpenBao endpoints configured: [\"http://localhost:18200\",\"http://openbao:8200\"]","service":"ehr-backend","timestamp":"2025-12-23 11:37:46"}
{"level":"info","message":"Attempting to connect to OpenBao at http://localhost:18200","service":"ehr-backend","timestamp":"2025-12-23 11:37:46"}
{"level":"info","message":"Server running on port 3001","service":"ehr-backend","timestamp":"2025-12-23 11:37:46"}
{"level":"info","message":"Environment: development","service":"ehr-backend","timestamp":"2025-12-23 11:37:46"}
{"level":"info","message":"API Documentation: http://localhost:3001/api/docs","service":"ehr-backend","timestamp":"2025-12-23 11:37:46"}
{"host":"mongodb","level":"info","message":"MongoDB connected","name":"ehr","service":"ehr-backend","timestamp":"2025-12-23 11:37:46"}
{"error":"","level":"warn","message":"OpenBao connection attempt 1/3 to http://localhost:18200 failed","service":"ehr-backend","timestamp":"2025-12-23 11:37:46"}
{"level":"info","message":"Retrying OpenBao connection in 1000ms","service":"ehr-backend","timestamp":"2025-12-23 11:37:46"}
{"error":"","level":"warn","message":"OpenBao connection attempt 2/3 to http://localhost:18200 failed","service":"ehr-backend","timestamp":"2025-12-23 11:37:47"}
{"level":"info","message":"Retrying OpenBao connection in 2000ms","service":"ehr-backend","timestamp":"2025-12-23 11:37:47"}
{"error":"","level":"warn","message":"OpenBao connection attempt 3/3 to http://localhost:18200 failed","service":"ehr-backend","timestamp":"2025-12-23 11:37:49"}
{"level":"warn","message":"All connection attempts to http://localhost:18200 failed, trying next endpoint if available","service":"ehr-backend","timestamp":"2025-12-23 11:37:49"}
{"level":"info","message":"Attempting to connect to OpenBao at http://openbao:8200","service":"ehr-backend","timestamp":"2025-12-23 11:37:49"}
{"level":"info","message":"OpenBao connection established at http://openbao:8200","service":"ehr-backend","timestamp":"2025-12-23 11:37:49"}
{"level":"info","message":"OpenBao initialized successfully","service":"ehr-backend","timestamp":"2025-12-23 11:37:49"}
{"level":"info","message":"OpenBao endpoints configured: [\"http://localhost:18200\",\"http://openbao:8200\"]","service":"ehr-backend","timestamp":"2025-12-23 11:38:06"}
{"level":"info","message":"Attempting to connect to OpenBao at http://localhost:18200","service":"ehr-backend","timestamp":"2025-12-23 11:38:07"}
{"level":"info","message":"Server running on port 3001","service":"ehr-backend","timestamp":"2025-12-23 11:38:07"}
{"level":"info","message":"Environment: development","service":"ehr-backend","timestamp":"2025-12-23 11:38:07"}
{"level":"info","message":"API Documentation: http://localhost:3001/api/docs","service":"ehr-backend","timestamp":"2025-12-23 11:38:07"}
{"host":"mongodb","level":"info","message":"MongoDB connected","name":"ehr","service":"ehr-backend","timestamp":"2025-12-23 11:38:07"}
{"error":"","level":"warn","message":"OpenBao connection attempt 1/3 to http://localhost:18200 failed","service":"ehr-backend","timestamp":"2025-12-23 11:38:07"}
{"level":"info","message":"Retrying OpenBao connection in 1000ms","service":"ehr-backend","timestamp":"2025-12-23 11:38:07"}
{"error":"","level":"warn","message":"OpenBao connection attempt 2/3 to http://localhost:18200 failed","service":"ehr-backend","timestamp":"2025-12-23 11:38:08"}
{"level":"info","message":"Retrying OpenBao connection in 2000ms","service":"ehr-backend","timestamp":"2025-12-23 11:38:08"}
{"error":"","level":"warn","message":"OpenBao connection attempt 3/3 to http://localhost:18200 failed","service":"ehr-backend","timestamp":"2025-12-23 11:38:10"}
{"level":"warn","message":"All connection attempts to http://localhost:18200 failed, trying next endpoint if available","service":"ehr-backend","timestamp":"2025-12-23 11:38:10"}
{"level":"info","message":"Attempting to connect to OpenBao at http://openbao:8200","service":"ehr-backend","timestamp":"2025-12-23 11:38:10"}
{"level":"info","message":"OpenBao connection established at http://openbao:8200","service":"ehr-backend","timestamp":"2025-12-23 11:38:10"}
{"level":"info","message":"OpenBao initialized successfully","service":"ehr-backend","timestamp":"2025-12-23 11:38:10"}
{"level":"info","message":"OpenBao endpoints configured: [\"http://localhost:18200\",\"http://openbao:8200\"]","service":"ehr-backend","timestamp":"2025-12-23 11:38:33"}
{"level":"info","message":"Attempting to connect to OpenBao at http://localhost:18200","service":"ehr-backend","timestamp":"2025-12-23 11:38:33"}
{"level":"info","message":"Server running on port 3001","service":"ehr-backend","timestamp":"2025-12-23 11:38:33"}
{"level":"info","message":"Environment: development","service":"ehr-backend","timestamp":"2025-12-23 11:38:33"}
{"level":"info","message":"API Documentation: http://localhost:3001/api/docs","service":"ehr-backend","timestamp":"2025-12-23 11:38:33"}
{"host":"mongodb","level":"info","message":"MongoDB connected","name":"ehr","service":"ehr-backend","timestamp":"2025-12-23 11:38:33"}
{"error":"","level":"warn","message":"OpenBao connection attempt 1/3 to http://localhost:18200 failed","service":"ehr-backend","timestamp":"2025-12-23 11:38:33"}
{"level":"info","message":"Retrying OpenBao connection in 1000ms","service":"ehr-backend","timestamp":"2025-12-23 11:38:33"}
{"error":"","level":"warn","message":"OpenBao connection attempt 2/3 to http://localhost:18200 failed","service":"ehr-backend","timestamp":"2025-12-23 11:38:34"}
{"level":"info","message":"Retrying OpenBao connection in 2000ms","service":"ehr-backend","timestamp":"2025-12-23 11:38:34"}
{"error":"","level":"warn","message":"OpenBao connection attempt 3/3 to http://localhost:18200 failed","service":"ehr-backend","timestamp":"2025-12-23 11:38:36"}
{"level":"warn","message":"All connection attempts to http://localhost:18200 failed, trying next endpoint if available","service":"ehr-backend","timestamp":"2025-12-23 11:38:36"}
{"level":"info","message":"Attempting to connect to OpenBao at http://openbao:8200","service":"ehr-backend","timestamp":"2025-12-23 11:38:36"}
{"level":"info","message":"OpenBao connection established at http://openbao:8200","service":"ehr-backend","timestamp":"2025-12-23 11:38:36"}
{"level":"info","message":"OpenBao initialized successfully","service":"ehr-backend","timestamp":"2025-12-23 11:38:36"}
{"level":"info","message":"OpenBao endpoints configured: [\"http://localhost:18200\",\"http://openbao:8200\"]","service":"ehr-backend","timestamp":"2025-12-23 11:38:48"}
{"level":"info","message":"Attempting to connect to OpenBao at http://localhost:18200","service":"ehr-backend","timestamp":"2025-12-23 11:38:48"}
{"level":"info","message":"Server running on port 3001","service":"ehr-backend","timestamp":"2025-12-23 11:38:48"}
{"level":"info","message":"Environment: development","service":"ehr-backend","timestamp":"2025-12-23 11:38:48"}
{"level":"info","message":"API Documentation: http://localhost:3001/api/docs","service":"ehr-backend","timestamp":"2025-12-23 11:38:48"}
{"host":"mongodb","level":"info","message":"MongoDB connected","name":"ehr","service":"ehr-backend","timestamp":"2025-12-23 11:38:48"}
{"error":"","level":"warn","message":"OpenBao connection attempt 1/3 to http://localhost:18200 failed","service":"ehr-backend","timestamp":"2025-12-23 11:38:48"}
{"level":"info","message":"Retrying OpenBao connection in 1000ms","service":"ehr-backend","timestamp":"2025-12-23 11:38:48"}
{"error":"","level":"warn","message":"OpenBao connection attempt 2/3 to http://localhost:18200 failed","service":"ehr-backend","timestamp":"2025-12-23 11:38:49"}
{"level":"info","message":"Retrying OpenBao connection in 2000ms","service":"ehr-backend","timestamp":"2025-12-23 11:38:49"}
{"error":"","level":"warn","message":"OpenBao connection attempt 3/3 to http://localhost:18200 failed","service":"ehr-backend","timestamp":"2025-12-23 11:38:51"}
{"level":"warn","message":"All connection attempts to http://localhost:18200 failed, trying next endpoint if available","service":"ehr-backend","timestamp":"2025-12-23 11:38:51"}
{"level":"info","message":"Attempting to connect to OpenBao at http://openbao:8200","service":"ehr-backend","timestamp":"2025-12-23 11:38:51"}
{"level":"info","message":"OpenBao connection established at http://openbao:8200","service":"ehr-backend","timestamp":"2025-12-23 11:38:51"}
{"level":"info","message":"OpenBao initialized successfully","service":"ehr-backend","timestamp":"2025-12-23 11:38:51"}
{"level":"info","message":"OpenBao endpoints configured: [\"http://localhost:18200\",\"http://openbao:8200\"]","service":"ehr-backend","timestamp":"2025-12-23 11:39:13"}
{"level":"info","message":"Attempting to connect to OpenBao at http://localhost:18200","service":"ehr-backend","timestamp":"2025-12-23 11:39:13"}
{"level":"info","message":"Server running on port 3001","service":"ehr-backend","timestamp":"2025-12-23 11:39:13"}
{"level":"info","message":"Environment: development","service":"ehr-backend","timestamp":"2025-12-23 11:39:13"}
{"level":"info","message":"API Documentation: http://localhost:3001/api/docs","service":"ehr-backend","timestamp":"2025-12-23 11:39:13"}
{"host":"mongodb","level":"info","message":"MongoDB connected","name":"ehr","service":"ehr-backend","timestamp":"2025-12-23 11:39:13"}
{"error":"","level":"warn","message":"OpenBao connection attempt 1/3 to http://localhost:18200 failed","service":"ehr-backend","timestamp":"2025-12-23 11:39:13"}
{"level":"info","message":"Retrying OpenBao connection in 1000ms","service":"ehr-backend","timestamp":"2025-12-23 11:39:13"}
{"error":"","level":"warn","message":"OpenBao connection attempt 2/3 to http://localhost:18200 failed","service":"ehr-backend","timestamp":"2025-12-23 11:39:14"}
{"level":"info","message":"Retrying OpenBao connection in 2000ms","service":"ehr-backend","timestamp":"2025-12-23 11:39:14"}
{"error":"","level":"warn","message":"OpenBao connection attempt 3/3 to http://localhost:18200 failed","service":"ehr-backend","timestamp":"2025-12-23 11:39:16"}
{"level":"warn","message":"All connection attempts to http://localhost:18200 failed, trying next endpoint if available","service":"ehr-backend","timestamp":"2025-12-23 11:39:16"}
{"level":"info","message":"Attempting to connect to OpenBao at http://openbao:8200","service":"ehr-backend","timestamp":"2025-12-23 11:39:16"}
{"level":"info","message":"OpenBao connection established at http://openbao:8200","service":"ehr-backend","timestamp":"2025-12-23 11:39:16"}
{"level":"info","message":"OpenBao initialized successfully","service":"ehr-backend","timestamp":"2025-12-23 11:39:16"}
{"level":"info","message":"OpenBao endpoints configured: [\"http://localhost:18200\",\"http://openbao:8200\"]","service":"ehr-backend","timestamp":"2025-12-23 11:39:37"}
{"level":"info","message":"Attempting to connect to OpenBao at http://localhost:18200","service":"ehr-backend","timestamp":"2025-12-23 11:39:37"}
{"level":"info","message":"Server running on port 3001","service":"ehr-backend","timestamp":"2025-12-23 11:39:38"}
{"level":"info","message":"Environment: development","service":"ehr-backend","timestamp":"2025-12-23 11:39:38"}
{"level":"info","message":"API Documentation: http://localhost:3001/api/docs","service":"ehr-backend","timestamp":"2025-12-23 11:39:38"}
{"host":"mongodb","level":"info","message":"MongoDB connected","name":"ehr","service":"ehr-backend","timestamp":"2025-12-23 11:39:38"}
{"error":"","level":"warn","message":"OpenBao connection attempt 1/3 to http://localhost:18200 failed","service":"ehr-backend","timestamp":"2025-12-23 11:39:38"}
{"level":"info","message":"Retrying OpenBao connection in 1000ms","service":"ehr-backend","timestamp":"2025-12-23 11:39:38"}
{"error":"","level":"warn","message":"OpenBao connection attempt 2/3 to http://localhost:18200 failed","service":"ehr-backend","timestamp":"2025-12-23 11:39:39"}
{"level":"info","message":"Retrying OpenBao connection in 2000ms","service":"ehr-backend","timestamp":"2025-12-23 11:39:39"}
{"error":"","level":"warn","message":"OpenBao connection attempt 3/3 to http://localhost:18200 failed","service":"ehr-backend","timestamp":"2025-12-23 11:39:41"}
{"level":"warn","message":"All connection attempts to http://localhost:18200 failed, trying next endpoint if available","service":"ehr-backend","timestamp":"2025-12-23 11:39:41"}
{"level":"info","message":"Attempting to connect to OpenBao at http://openbao:8200","service":"ehr-backend","timestamp":"2025-12-23 11:39:41"}
{"level":"info","message":"OpenBao connection established at http://openbao:8200","service":"ehr-backend","timestamp":"2025-12-23 11:39:41"}
{"level":"info","message":"OpenBao initialized successfully","service":"ehr-backend","timestamp":"2025-12-23 11:39:41"}
{"level":"info","message":"OpenBao endpoints configured: [\"http://localhost:18200\",\"http://openbao:8200\"]","service":"ehr-backend","timestamp":"2025-12-23 11:40:33"}
{"level":"info","message":"Attempting to connect to OpenBao at http://localhost:18200","service":"ehr-backend","timestamp":"2025-12-23 11:40:34"}
{"level":"info","message":"Server running on port 3001","service":"ehr-backend","timestamp":"2025-12-23 11:40:34"}
{"level":"info","message":"Environment: development","service":"ehr-backend","timestamp":"2025-12-23 11:40:34"}
{"level":"info","message":"API Documentation: http://localhost:3001/api/docs","service":"ehr-backend","timestamp":"2025-12-23 11:40:34"}
{"host":"mongodb","level":"info","message":"MongoDB connected","name":"ehr","service":"ehr-backend","timestamp":"2025-12-23 11:40:34"}
{"error":"","level":"warn","message":"OpenBao connection attempt 1/3 to http://localhost:18200 failed","service":"ehr-backend","timestamp":"2025-12-23 11:40:34"}
{"level":"info","message":"Retrying OpenBao connection in 1000ms","service":"ehr-backend","timestamp":"2025-12-23 11:40:34"}
{"error":"","level":"warn","message":"OpenBao connection attempt 2/3 to http://localhost:18200 failed","service":"ehr-backend","timestamp":"2025-12-23 11:40:35"}
{"level":"info","message":"Retrying OpenBao connection in 2000ms","service":"ehr-backend","timestamp":"2025-12-23 11:40:35"}
{"error":"","level":"warn","message":"OpenBao connection attempt 3/3 to http://localhost:18200 failed","service":"ehr-backend","timestamp":"2025-12-23 11:40:37"}
{"level":"warn","message":"All connection attempts to http://localhost:18200 failed, trying next endpoint if available","service":"ehr-backend","timestamp":"2025-12-23 11:40:37"}
{"level":"info","message":"Attempting to connect to OpenBao at http://openbao:8200","service":"ehr-backend","timestamp":"2025-12-23 11:40:37"}
{"level":"info","message":"OpenBao connection established at http://openbao:8200","service":"ehr-backend","timestamp":"2025-12-23 11:40:37"}
{"level":"info","message":"OpenBao initialized successfully","service":"ehr-backend","timestamp":"2025-12-23 11:40:37"}
{"level":"info","message":"OpenBao endpoints configured: [\"http://localhost:18200\",\"http://openbao:8200\"]","service":"ehr-backend","timestamp":"2025-12-23 11:40:48"}
{"level":"info","message":"Attempting to connect to OpenBao at http://localhost:18200","service":"ehr-backend","timestamp":"2025-12-23 11:40:48"}
{"level":"info","message":"Server running on port 3001","service":"ehr-backend","timestamp":"2025-12-23 11:40:48"}
{"level":"info","message":"Environment: development","service":"ehr-backend","timestamp":"2025-12-23 11:40:48"}
{"level":"info","message":"API Documentation: http://localhost:3001/api/docs","service":"ehr-backend","timestamp":"2025-12-23 11:40:48"}
{"host":"mongodb","level":"info","message":"MongoDB connected","name":"ehr","service":"ehr-backend","timestamp":"2025-12-23 11:40:48"}
{"error":"","level":"warn","message":"OpenBao connection attempt 1/3 to http://localhost:18200 failed","service":"ehr-backend","timestamp":"2025-12-23 11:40:48"}
{"level":"info","message":"Retrying OpenBao connection in 1000ms","service":"ehr-backend","timestamp":"2025-12-23 11:40:48"}
{"error":"","level":"warn","message":"OpenBao connection attempt 2/3 to http://localhost:18200 failed","service":"ehr-backend","timestamp":"2025-12-23 11:40:49"}
{"level":"info","message":"Retrying OpenBao connection in 2000ms","service":"ehr-backend","timestamp":"2025-12-23 11:40:49"}
{"error":"","level":"warn","message":"OpenBao connection attempt 3/3 to http://localhost:18200 failed","service":"ehr-backend","timestamp":"2025-12-23 11:40:51"}
{"level":"warn","message":"All connection attempts to http://localhost:18200 failed, trying next endpoint if available","service":"ehr-backend","timestamp":"2025-12-23 11:40:51"}
{"level":"info","message":"Attempting to connect to OpenBao at http://openbao:8200","service":"ehr-backend","timestamp":"2025-12-23 11:40:51"}
{"level":"info","message":"OpenBao connection established at http://openbao:8200","service":"ehr-backend","timestamp":"2025-12-23 11:40:51"}
{"level":"info","message":"OpenBao initialized successfully","service":"ehr-backend","timestamp":"2025-12-23 11:40:51"}
{"level":"info","message":"OpenBao endpoints configured: [\"http://localhost:18200\",\"http://openbao:8200\"]","service":"ehr-backend","timestamp":"2025-12-23 11:41:13"}
{"level":"info","message":"Attempting to connect to OpenBao at http://localhost:18200","service":"ehr-backend","timestamp":"2025-12-23 11:41:13"}
{"level":"info","message":"Server running on port 3001","service":"ehr-backend","timestamp":"2025-12-23 11:41:13"}
{"level":"info","message":"Environment: development","service":"ehr-backend","timestamp":"2025-12-23 11:41:13"}
{"level":"info","message":"API Documentation: http://localhost:3001/api/docs","service":"ehr-backend","timestamp":"2025-12-23 11:41:13"}
{"host":"mongodb","level":"info","message":"MongoDB connected","name":"ehr","service":"ehr-backend","timestamp":"2025-12-23 11:41:13"}
{"error":"","level":"warn","message":"OpenBao connection attempt 1/3 to http://localhost:18200 failed","service":"ehr-backend","timestamp":"2025-12-23 11:41:13"}
{"level":"info","message":"Retrying OpenBao connection in 1000ms","service":"ehr-backend","timestamp":"2025-12-23 11:41:13"}
{"error":"","level":"warn","message":"OpenBao connection attempt 2/3 to http://localhost:18200 failed","service":"ehr-backend","timestamp":"2025-12-23 11:41:14"}
{"level":"info","message":"Retrying OpenBao connection in 2000ms","service":"ehr-backend","timestamp":"2025-12-23 11:41:14"}
{"error":"","level":"warn","message":"OpenBao connection attempt 3/3 to http://localhost:18200 failed","service":"ehr-backend","timestamp":"2025-12-23 11:41:16"}
{"level":"warn","message":"All connection attempts to http://localhost:18200 failed, trying next endpoint if available","service":"ehr-backend","timestamp":"2025-12-23 11:41:16"}
{"level":"info","message":"Attempting to connect to OpenBao at http://openbao:8200","service":"ehr-backend","timestamp":"2025-12-23 11:41:16"}
{"level":"info","message":"OpenBao connection established at http://openbao:8200","service":"ehr-backend","timestamp":"2025-12-23 11:41:16"}
{"level":"info","message":"OpenBao initialized successfully","service":"ehr-backend","timestamp":"2025-12-23 11:41:16"}
{"level":"info","message":"OpenBao endpoints configured: [\"http://localhost:18200\",\"http://openbao:8200\"]","service":"ehr-backend","timestamp":"2025-12-23 12:22:11"}
{"level":"info","message":"Attempting to connect to OpenBao at http://localhost:18200","service":"ehr-backend","timestamp":"2025-12-23 12:22:11"}
{"level":"info","message":"Server running on port 3001","service":"ehr-backend","timestamp":"2025-12-23 12:22:11"}
{"level":"info","message":"Environment: development","service":"ehr-backend","timestamp":"2025-12-23 12:22:11"}
{"level":"info","message":"API Documentation: http://localhost:3001/api/docs","service":"ehr-backend","timestamp":"2025-12-23 12:22:11"}
{"host":"mongodb","level":"info","message":"MongoDB connected","name":"ehr","service":"ehr-backend","timestamp":"2025-12-23 12:22:11"}
{"error":"","level":"warn","message":"OpenBao connection attempt 1/3 to http://localhost:18200 failed","service":"ehr-backend","timestamp":"2025-12-23 12:22:11"}
{"level":"info","message":"Retrying OpenBao connection in 1000ms","service":"ehr-backend","timestamp":"2025-12-23 12:22:11"}
{"error":"","level":"warn","message":"OpenBao connection attempt 2/3 to http://localhost:18200 failed","service":"ehr-backend","timestamp":"2025-12-23 12:22:12"}
{"level":"info","message":"Retrying OpenBao connection in 2000ms","service":"ehr-backend","timestamp":"2025-12-23 12:22:12"}
{"error":"","level":"warn","message":"OpenBao connection attempt 3/3 to http://localhost:18200 failed","service":"ehr-backend","timestamp":"2025-12-23 12:22:14"}
{"level":"warn","message":"All connection attempts to http://localhost:18200 failed, trying next endpoint if available","service":"ehr-backend","timestamp":"2025-12-23 12:22:14"}
{"level":"info","message":"Attempting to connect to OpenBao at http://openbao:8200","service":"ehr-backend","timestamp":"2025-12-23 12:22:14"}
{"level":"info","message":"OpenBao connection established at http://openbao:8200","service":"ehr-backend","timestamp":"2025-12-23 12:22:14"}
{"level":"info","message":"OpenBao initialized successfully","service":"ehr-backend","timestamp":"2025-12-23 12:22:14"}
{"level":"info","message":"OpenBao endpoints configured: [\"http://localhost:18200\",\"http://openbao:8200\"]","service":"ehr-backend","timestamp":"2025-12-23 12:23:06"}
{"level":"info","message":"Attempting to connect to OpenBao at http://localhost:18200","service":"ehr-backend","timestamp":"2025-12-23 12:23:06"}
{"level":"info","message":"Server running on port 3001","service":"ehr-backend","timestamp":"2025-12-23 12:23:06"}
{"level":"info","message":"Environment: development","service":"ehr-backend","timestamp":"2025-12-23 12:23:06"}
{"level":"info","message":"API Documentation: http://localhost:3001/api/docs","service":"ehr-backend","timestamp":"2025-12-23 12:23:06"}
{"host":"mongodb","level":"info","message":"MongoDB connected","name":"ehr","service":"ehr-backend","timestamp":"2025-12-23 12:23:06"}
{"error":"","level":"warn","message":"OpenBao connection attempt 1/3 to http://localhost:18200 failed","service":"ehr-backend","timestamp":"2025-12-23 12:23:06"}
{"level":"info","message":"Retrying OpenBao connection in 1000ms","service":"ehr-backend","timestamp":"2025-12-23 12:23:06"}
{"error":"","level":"warn","message":"OpenBao connection attempt 2/3 to http://localhost:18200 failed","service":"ehr-backend","timestamp":"2025-12-23 12:23:07"}
{"level":"info","message":"Retrying OpenBao connection in 2000ms","service":"ehr-backend","timestamp":"2025-12-23 12:23:07"}
{"error":"","level":"warn","message":"OpenBao connection attempt 3/3 to http://localhost:18200 failed","service":"ehr-backend","timestamp":"2025-12-23 12:23:09"}
{"level":"warn","message":"All connection attempts to http://localhost:18200 failed, trying next endpoint if available","service":"ehr-backend","timestamp":"2025-12-23 12:23:09"}
{"level":"info","message":"Attempting to connect to OpenBao at http://openbao:8200","service":"ehr-backend","timestamp":"2025-12-23 12:23:09"}
{"level":"info","message":"OpenBao connection established at http://openbao:8200","service":"ehr-backend","timestamp":"2025-12-23 12:23:09"}
{"level":"info","message":"OpenBao initialized successfully","service":"ehr-backend","timestamp":"2025-12-23 12:23:09"}
{"level":"info","message":"OpenBao endpoints configured: [\"http://localhost:18200\",\"http://openbao:8200\"]","service":"ehr-backend","timestamp":"2025-12-23 12:24:19"}
{"level":"info","message":"Attempting to connect to OpenBao at http://localhost:18200","service":"ehr-backend","timestamp":"2025-12-23 12:24:19"}
{"level":"info","message":"Server running on port 3001","service":"ehr-backend","timestamp":"2025-12-23 12:24:19"}
{"level":"info","message":"Environment: development","service":"ehr-backend","timestamp":"2025-12-23 12:24:19"}
{"level":"info","message":"API Documentation: http://localhost:3001/api/docs","service":"ehr-backend","timestamp":"2025-12-23 12:24:19"}
{"host":"mongodb","level":"info","message":"MongoDB connected","name":"ehr","service":"ehr-backend","timestamp":"2025-12-23 12:24:19"}
{"error":"","level":"warn","message":"OpenBao connection attempt 1/3 to http://localhost:18200 failed","service":"ehr-backend","timestamp":"2025-12-23 12:24:19"}
{"level":"info","message":"Retrying OpenBao connection in 1000ms","service":"ehr-backend","timestamp":"2025-12-23 12:24:19"}
{"error":"","level":"warn","message":"OpenBao connection attempt 2/3 to http://localhost:18200 failed","service":"ehr-backend","timestamp":"2025-12-23 12:24:20"}
{"level":"info","message":"Retrying OpenBao connection in 2000ms","service":"ehr-backend","timestamp":"2025-12-23 12:24:20"}
{"error":"","level":"warn","message":"OpenBao connection attempt 3/3 to http://localhost:18200 failed","service":"ehr-backend","timestamp":"2025-12-23 12:24:22"}
{"level":"warn","message":"All connection attempts to http://localhost:18200 failed, trying next endpoint if available","service":"ehr-backend","timestamp":"2025-12-23 12:24:22"}
{"level":"info","message":"Attempting to connect to OpenBao at http://openbao:8200","service":"ehr-backend","timestamp":"2025-12-23 12:24:22"}
{"level":"info","message":"OpenBao connection established at http://openbao:8200","service":"ehr-backend","timestamp":"2025-12-23 12:24:22"}
{"level":"info","message":"OpenBao initialized successfully","service":"ehr-backend","timestamp":"2025-12-23 12:24:22"}
{"level":"info","message":"OpenBao endpoints configured: [\"http://localhost:18200\",\"http://openbao:8200\"]","service":"ehr-backend","timestamp":"2025-12-23 12:25:36"}
{"level":"info","message":"Attempting to connect to OpenBao at http://localhost:18200","service":"ehr-backend","timestamp":"2025-12-23 12:25:36"}
{"level":"info","message":"Server running on port 3001","service":"ehr-backend","timestamp":"2025-12-23 12:25:36"}
{"level":"info","message":"Environment: development","service":"ehr-backend","timestamp":"2025-12-23 12:25:36"}
{"level":"info","message":"API Documentation: http://localhost:3001/api/docs","service":"ehr-backend","timestamp":"2025-12-23 12:25:36"}
{"host":"mongodb","level":"info","message":"MongoDB connected","name":"ehr","service":"ehr-backend","timestamp":"2025-12-23 12:25:36"}
{"error":"","level":"warn","message":"OpenBao connection attempt 1/3 to http://localhost:18200 failed","service":"ehr-backend","timestamp":"2025-12-23 12:25:36"}
{"level":"info","message":"Retrying OpenBao connection in 1000ms","service":"ehr-backend","timestamp":"2025-12-23 12:25:36"}
{"error":"","level":"warn","message":"OpenBao connection attempt 2/3 to http://localhost:18200 failed","service":"ehr-backend","timestamp":"2025-12-23 12:25:37"}
{"level":"info","message":"Retrying OpenBao connection in 2000ms","service":"ehr-backend","timestamp":"2025-12-23 12:25:37"}
{"error":"","level":"warn","message":"OpenBao connection attempt 3/3 to http://localhost:18200 failed","service":"ehr-backend","timestamp":"2025-12-23 12:25:39"}
{"level":"warn","message":"All connection attempts to http://localhost:18200 failed, trying next endpoint if available","service":"ehr-backend","timestamp":"2025-12-23 12:25:39"}
{"level":"info","message":"Attempting to connect to OpenBao at http://openbao:8200","service":"ehr-backend","timestamp":"2025-12-23 12:25:39"}
{"level":"info","message":"OpenBao connection established at http://openbao:8200","service":"ehr-backend","timestamp":"2025-12-23 12:25:39"}
{"level":"info","message":"OpenBao initialized successfully","service":"ehr-backend","timestamp":"2025-12-23 12:25:39"}
{"level":"info","message":"OpenBao endpoints configured: [\"http://localhost:18200\",\"http://openbao:8200\"]","service":"ehr-backend","timestamp":"2025-12-23 12:26:40"}
{"level":"info","message":"Attempting to connect to OpenBao at http://localhost:18200","service":"ehr-backend","timestamp":"2025-12-23 12:26:41"}
{"level":"info","message":"Server running on port 3001","service":"ehr-backend","timestamp":"2025-12-23 12:26:41"}
{"level":"info","message":"Environment: development","service":"ehr-backend","timestamp":"2025-12-23 12:26:41"}
{"level":"info","message":"API Documentation: http://localhost:3001/api/docs","service":"ehr-backend","timestamp":"2025-12-23 12:26:41"}
{"host":"mongodb","level":"info","message":"MongoDB connected","name":"ehr","service":"ehr-backend","timestamp":"2025-12-23 12:26:41"}
{"error":"","level":"warn","message":"OpenBao connection attempt 1/3 to http://localhost:18200 failed","service":"ehr-backend","timestamp":"2025-12-23 12:26:41"}
{"level":"info","message":"Retrying OpenBao connection in 1000ms","service":"ehr-backend","timestamp":"2025-12-23 12:26:41"}
{"error":"","level":"warn","message":"OpenBao connection attempt 2/3 to http://localhost:18200 failed","service":"ehr-backend","timestamp":"2025-12-23 12:26:42"}
{"level":"info","message":"Retrying OpenBao connection in 2000ms","service":"ehr-backend","timestamp":"2025-12-23 12:26:42"}
{"error":"","level":"warn","message":"OpenBao connection attempt 3/3 to http://localhost:18200 failed","service":"ehr-backend","timestamp":"2025-12-23 12:26:44"}
{"level":"warn","message":"All connection attempts to http://localhost:18200 failed, trying next endpoint if available","service":"ehr-backend","timestamp":"2025-12-23 12:26:44"}
{"level":"info","message":"Attempting to connect to OpenBao at http://openbao:8200","service":"ehr-backend","timestamp":"2025-12-23 12:26:44"}
{"level":"info","message":"OpenBao connection established at http://openbao:8200","service":"ehr-backend","timestamp":"2025-12-23 12:26:44"}
{"level":"info","message":"OpenBao initialized successfully","service":"ehr-backend","timestamp":"2025-12-23 12:26:44"}
{"level":"info","message":"OpenBao endpoints configured: [\"http://localhost:18200\",\"http://openbao:8200\"]","service":"ehr-backend","timestamp":"2025-12-23 12:27:12"}
{"level":"info","message":"Attempting to connect to OpenBao at http://localhost:18200","service":"ehr-backend","timestamp":"2025-12-23 12:27:13"}
{"level":"info","message":"Server running on port 3001","service":"ehr-backend","timestamp":"2025-12-23 12:27:13"}
{"level":"info","message":"Environment: development","service":"ehr-backend","timestamp":"2025-12-23 12:27:13"}
{"level":"info","message":"API Documentation: http://localhost:3001/api/docs","service":"ehr-backend","timestamp":"2025-12-23 12:27:13"}
{"host":"mongodb","level":"info","message":"MongoDB connected","name":"ehr","service":"ehr-backend","timestamp":"2025-12-23 12:27:13"}
{"error":"","level":"warn","message":"OpenBao connection attempt 1/3 to http://localhost:18200 failed","service":"ehr-backend","timestamp":"2025-12-23 12:27:13"}
{"level":"info","message":"Retrying OpenBao connection in 1000ms","service":"ehr-backend","timestamp":"2025-12-23 12:27:13"}
{"error":"","level":"warn","message":"OpenBao connection attempt 2/3 to http://localhost:18200 failed","service":"ehr-backend","timestamp":"2025-12-23 12:27:14"}
{"level":"info","message":"Retrying OpenBao connection in 2000ms","service":"ehr-backend","timestamp":"2025-12-23 12:27:14"}
{"error":"","level":"warn","message":"OpenBao connection attempt 3/3 to http://localhost:18200 failed","service":"ehr-backend","timestamp":"2025-12-23 12:27:16"}
{"level":"warn","message":"All connection attempts to http://localhost:18200 failed, trying next endpoint if available","service":"ehr-backend","timestamp":"2025-12-23 12:27:16"}
{"level":"info","message":"Attempting to connect to OpenBao at http://openbao:8200","service":"ehr-backend","timestamp":"2025-12-23 12:27:16"}
{"level":"info","message":"OpenBao connection established at http://openbao:8200","service":"ehr-backend","timestamp":"2025-12-23 12:27:16"}
{"level":"info","message":"OpenBao initialized successfully","service":"ehr-backend","timestamp":"2025-12-23 12:27:16"}
{"level":"info","message":"OpenBao endpoints configured: [\"http://localhost:18200\",\"http://openbao:8200\"]","service":"ehr-backend","timestamp":"2025-12-23 12:27:28"}
{"level":"info","message":"Attempting to connect to OpenBao at http://localhost:18200","service":"ehr-backend","timestamp":"2025-12-23 12:27:28"}
{"level":"info","message":"Server running on port 3001","service":"ehr-backend","timestamp":"2025-12-23 12:27:28"}
{"level":"info","message":"Environment: development","service":"ehr-backend","timestamp":"2025-12-23 12:27:28"}
{"level":"info","message":"API Documentation: http://localhost:3001/api/docs","service":"ehr-backend","timestamp":"2025-12-23 12:27:28"}
{"host":"mongodb","level":"info","message":"MongoDB connected","name":"ehr","service":"ehr-backend","timestamp":"2025-12-23 12:27:28"}
{"error":"","level":"warn","message":"OpenBao connection attempt 1/3 to http://localhost:18200 failed","service":"ehr-backend","timestamp":"2025-12-23 12:27:28"}
{"level":"info","message":"Retrying OpenBao connection in 1000ms","service":"ehr-backend","timestamp":"2025-12-23 12:27:28"}
{"error":"","level":"warn","message":"OpenBao connection attempt 2/3 to http://localhost:18200 failed","service":"ehr-backend","timestamp":"2025-12-23 12:27:29"}
{"level":"info","message":"Retrying OpenBao connection in 2000ms","service":"ehr-backend","timestamp":"2025-12-23 12:27:29"}
{"error":"","level":"warn","message":"OpenBao connection attempt 3/3 to http://localhost:18200 failed","service":"ehr-backend","timestamp":"2025-12-23 12:27:31"}
{"level":"warn","message":"All connection attempts to http://localhost:18200 failed, trying next endpoint if available","service":"ehr-backend","timestamp":"2025-12-23 12:27:31"}
{"level":"info","message":"Attempting to connect to OpenBao at http://openbao:8200","service":"ehr-backend","timestamp":"2025-12-23 12:27:31"}
{"level":"info","message":"OpenBao connection established at http://openbao:8200","service":"ehr-backend","timestamp":"2025-12-23 12:27:31"}
{"level":"info","message":"OpenBao initialized successfully","service":"ehr-backend","timestamp":"2025-12-23 12:27:31"}
{"level":"info","message":"OpenBao endpoints configured: [\"http://localhost:18200\",\"http://openbao:8200\"]","service":"ehr-backend","timestamp":"2025-12-23 12:28:04"}
{"level":"info","message":"Attempting to connect to OpenBao at http://localhost:18200","service":"ehr-backend","timestamp":"2025-12-23 12:28:04"}
{"level":"info","message":"Server running on port 3001","service":"ehr-backend","timestamp":"2025-12-23 12:28:04"}
{"level":"info","message":"Environment: development","service":"ehr-backend","timestamp":"2025-12-23 12:28:04"}
{"level":"info","message":"API Documentation: http://localhost:3001/api/docs","service":"ehr-backend","timestamp":"2025-12-23 12:28:04"}
{"host":"mongodb","level":"info","message":"MongoDB connected","name":"ehr","service":"ehr-backend","timestamp":"2025-12-23 12:28:04"}
{"error":"","level":"warn","message":"OpenBao connection attempt 1/3 to http://localhost:18200 failed","service":"ehr-backend","timestamp":"2025-12-23 12:28:04"}
{"level":"info","message":"Retrying OpenBao connection in 1000ms","service":"ehr-backend","timestamp":"2025-12-23 12:28:04"}
{"error":"","level":"warn","message":"OpenBao connection attempt 2/3 to http://localhost:18200 failed","service":"ehr-backend","timestamp":"2025-12-23 12:28:05"}
{"level":"info","message":"Retrying OpenBao connection in 2000ms","service":"ehr-backend","timestamp":"2025-12-23 12:28:05"}
{"error":"","level":"warn","message":"OpenBao connection attempt 3/3 to http://localhost:18200 failed","service":"ehr-backend","timestamp":"2025-12-23 12:28:07"}
{"level":"warn","message":"All connection attempts to http://localhost:18200 failed, trying next endpoint if available","service":"ehr-backend","timestamp":"2025-12-23 12:28:07"}
{"level":"info","message":"Attempting to connect to OpenBao at http://openbao:8200","service":"ehr-backend","timestamp":"2025-12-23 12:28:07"}
{"level":"info","message":"OpenBao connection established at http://openbao:8200","service":"ehr-backend","timestamp":"2025-12-23 12:28:07"}
{"level":"info","message":"OpenBao initialized successfully","service":"ehr-backend","timestamp":"2025-12-23 12:28:07"}
{"level":"info","message":"OpenBao endpoints configured: [\"http://localhost:18200\",\"http://openbao:8200\"]","service":"ehr-backend","timestamp":"2025-12-23 12:28:21"}
{"level":"info","message":"Attempting to connect to OpenBao at http://localhost:18200","service":"ehr-backend","timestamp":"2025-12-23 12:28:21"}
{"level":"info","message":"Server running on port 3001","service":"ehr-backend","timestamp":"2025-12-23 12:28:21"}
{"level":"info","message":"Environment: development","service":"ehr-backend","timestamp":"2025-12-23 12:28:21"}
{"level":"info","message":"API Documentation: http://localhost:3001/api/docs","service":"ehr-backend","timestamp":"2025-12-23 12:28:21"}
{"host":"mongodb","level":"info","message":"MongoDB connected","name":"ehr","service":"ehr-backend","timestamp":"2025-12-23 12:28:22"}
{"error":"","level":"warn","message":"OpenBao connection attempt 1/3 to http://localhost:18200 failed","service":"ehr-backend","timestamp":"2025-12-23 12:28:22"}
{"level":"info","message":"Retrying OpenBao connection in 1000ms","service":"ehr-backend","timestamp":"2025-12-23 12:28:22"}
{"error":"","level":"warn","message":"OpenBao connection attempt 2/3 to http://localhost:18200 failed","service":"ehr-backend","timestamp":"2025-12-23 12:28:23"}
{"level":"info","message":"Retrying OpenBao connection in 2000ms","service":"ehr-backend","timestamp":"2025-12-23 12:28:23"}
{"error":"","level":"warn","message":"OpenBao connection attempt 3/3 to http://localhost:18200 failed","service":"ehr-backend","timestamp":"2025-12-23 12:28:25"}
{"level":"warn","message":"All connection attempts to http://localhost:18200 failed, trying next endpoint if available","service":"ehr-backend","timestamp":"2025-12-23 12:28:25"}
{"level":"info","message":"Attempting to connect to OpenBao at http://openbao:8200","service":"ehr-backend","timestamp":"2025-12-23 12:28:25"}
{"level":"info","message":"OpenBao connection established at http://openbao:8200","service":"ehr-backend","timestamp":"2025-12-23 12:28:25"}
{"level":"info","message":"OpenBao initialized successfully","service":"ehr-backend","timestamp":"2025-12-23 12:28:25"}
{"level":"info","message":"OpenBao endpoints configured: [\"http://localhost:18200\",\"http://openbao:8200\"]","service":"ehr-backend","timestamp":"2025-12-23 12:28:57"}
{"level":"info","message":"Attempting to connect to OpenBao at http://localhost:18200","service":"ehr-backend","timestamp":"2025-12-23 12:28:57"}
{"level":"info","message":"Server running on port 3001","service":"ehr-backend","timestamp":"2025-12-23 12:28:57"}
{"level":"info","message":"Environment: development","service":"ehr-backend","timestamp":"2025-12-23 12:28:57"}
{"level":"info","message":"API Documentation: http://localhost:3001/api/docs","service":"ehr-backend","timestamp":"2025-12-23 12:28:57"}
{"host":"mongodb","level":"info","message":"MongoDB connected","name":"ehr","service":"ehr-backend","timestamp":"2025-12-23 12:28:57"}
{"error":"","level":"warn","message":"OpenBao connection attempt 1/3 to http://localhost:18200 failed","service":"ehr-backend","timestamp":"2025-12-23 12:28:57"}
{"level":"info","message":"Retrying OpenBao connection in 1000ms","service":"ehr-backend","timestamp":"2025-12-23 12:28:57"}
{"error":"","level":"warn","message":"OpenBao connection attempt 2/3 to http://localhost:18200 failed","service":"ehr-backend","timestamp":"2025-12-23 12:28:58"}
{"level":"info","message":"Retrying OpenBao connection in 2000ms","service":"ehr-backend","timestamp":"2025-12-23 12:28:58"}
{"error":"","level":"warn","message":"OpenBao connection attempt 3/3 to http://localhost:18200 failed","service":"ehr-backend","timestamp":"2025-12-23 12:29:00"}
{"level":"warn","message":"All connection attempts to http://localhost:18200 failed, trying next endpoint if available","service":"ehr-backend","timestamp":"2025-12-23 12:29:00"}
{"level":"info","message":"Attempting to connect to OpenBao at http://openbao:8200","service":"ehr-backend","timestamp":"2025-12-23 12:29:00"}
{"level":"info","message":"OpenBao connection established at http://openbao:8200","service":"ehr-backend","timestamp":"2025-12-23 12:29:00"}
{"level":"info","message":"OpenBao initialized successfully","service":"ehr-backend","timestamp":"2025-12-23 12:29:00"}
{"level":"info","message":"OpenBao endpoints configured: [\"http://localhost:18200\",\"http://openbao:8200\"]","service":"ehr-backend","timestamp":"2025-12-23 12:29:14"}
{"level":"info","message":"Attempting to connect to OpenBao at http://localhost:18200","service":"ehr-backend","timestamp":"2025-12-23 12:29:14"}
{"level":"info","message":"Server running on port 3001","service":"ehr-backend","timestamp":"2025-12-23 12:29:14"}
{"level":"info","message":"Environment: development","service":"ehr-backend","timestamp":"2025-12-23 12:29:14"}
{"level":"info","message":"API Documentation: http://localhost:3001/api/docs","service":"ehr-backend","timestamp":"2025-12-23 12:29:14"}
{"host":"mongodb","level":"info","message":"MongoDB connected","name":"ehr","service":"ehr-backend","timestamp":"2025-12-23 12:29:14"}
{"error":"","level":"warn","message":"OpenBao connection attempt 1/3 to http://localhost:18200 failed","service":"ehr-backend","timestamp":"2025-12-23 12:29:14"}
{"level":"info","message":"Retrying OpenBao connection in 1000ms","service":"ehr-backend","timestamp":"2025-12-23 12:29:14"}
{"error":"","level":"warn","message":"OpenBao connection attempt 2/3 to http://localhost:18200 failed","service":"ehr-backend","timestamp":"2025-12-23 12:29:15"}
{"level":"info","message":"Retrying OpenBao connection in 2000ms","service":"ehr-backend","timestamp":"2025-12-23 12:29:15"}
{"error":"","level":"warn","message":"OpenBao connection attempt 3/3 to http://localhost:18200 failed","service":"ehr-backend","timestamp":"2025-12-23 12:29:17"}
{"level":"warn","message":"All connection attempts to http://localhost:18200 failed, trying next endpoint if available","service":"ehr-backend","timestamp":"2025-12-23 12:29:17"}
{"level":"info","message":"Attempting to connect to OpenBao at http://openbao:8200","service":"ehr-backend","timestamp":"2025-12-23 12:29:17"}
{"level":"info","message":"OpenBao connection established at http://openbao:8200","service":"ehr-backend","timestamp":"2025-12-23 12:29:17"}
{"level":"info","message":"OpenBao initialized successfully","service":"ehr-backend","timestamp":"2025-12-23 12:29:17"}
{"level":"info","message":"OpenBao endpoints configured: [\"http://localhost:18200\",\"http://openbao:8200\"]","service":"ehr-backend","timestamp":"2025-12-23 12:29:49"}
{"level":"info","message":"Attempting to connect to OpenBao at http://localhost:18200","service":"ehr-backend","timestamp":"2025-12-23 12:29:50"}
{"level":"info","message":"Server running on port 3001","service":"ehr-backend","timestamp":"2025-12-23 12:29:50"}
{"level":"info","message":"Environment: development","service":"ehr-backend","timestamp":"2025-12-23 12:29:50"}
{"level":"info","message":"API Documentation: http://localhost:3001/api/docs","service":"ehr-backend","timestamp":"2025-12-23 12:29:50"}
{"host":"mongodb","level":"info","message":"MongoDB connected","name":"ehr","service":"ehr-backend","timestamp":"2025-12-23 12:29:50"}
{"error":"","level":"warn","message":"OpenBao connection attempt 1/3 to http://localhost:18200 failed","service":"ehr-backend","timestamp":"2025-12-23 12:29:50"}
{"level":"info","message":"Retrying OpenBao connection in 1000ms","service":"ehr-backend","timestamp":"2025-12-23 12:29:50"}
{"error":"","level":"warn","message":"OpenBao connection attempt 2/3 to http://localhost:18200 failed","service":"ehr-backend","timestamp":"2025-12-23 12:29:51"}
{"level":"info","message":"Retrying OpenBao connection in 2000ms","service":"ehr-backend","timestamp":"2025-12-23 12:29:51"}
{"error":"","level":"warn","message":"OpenBao connection attempt 3/3 to http://localhost:18200 failed","service":"ehr-backend","timestamp":"2025-12-23 12:29:53"}
{"level":"warn","message":"All connection attempts to http://localhost:18200 failed, trying next endpoint if available","service":"ehr-backend","timestamp":"2025-12-23 12:29:53"}
{"level":"info","message":"Attempting to connect to OpenBao at http://openbao:8200","service":"ehr-backend","timestamp":"2025-12-23 12:29:53"}
{"level":"info","message":"OpenBao connection established at http://openbao:8200","service":"ehr-backend","timestamp":"2025-12-23 12:29:53"}
{"level":"info","message":"OpenBao initialized successfully","service":"ehr-backend","timestamp":"2025-12-23 12:29:53"}
{"level":"info","message":"OpenBao endpoints configured: [\"http://localhost:18200\",\"http://openbao:8200\"]","service":"ehr-backend","timestamp":"2025-12-23 12:30:08"}
{"level":"info","message":"Attempting to connect to OpenBao at http://localhost:18200","service":"ehr-backend","timestamp":"2025-12-23 12:30:08"}
{"level":"info","message":"Server running on port 3001","service":"ehr-backend","timestamp":"2025-12-23 12:30:08"}
{"level":"info","message":"Environment: development","service":"ehr-backend","timestamp":"2025-12-23 12:30:08"}
{"level":"info","message":"API Documentation: http://localhost:3001/api/docs","service":"ehr-backend","timestamp":"2025-12-23 12:30:08"}
{"host":"mongodb","level":"info","message":"MongoDB connected","name":"ehr","service":"ehr-backend","timestamp":"2025-12-23 12:30:08"}
{"error":"","level":"warn","message":"OpenBao connection attempt 1/3 to http://localhost:18200 failed","service":"ehr-backend","timestamp":"2025-12-23 12:30:08"}
{"level":"info","message":"Retrying OpenBao connection in 1000ms","service":"ehr-backend","timestamp":"2025-12-23 12:30:08"}
{"error":"","level":"warn","message":"OpenBao connection attempt 2/3 to http://localhost:18200 failed","service":"ehr-backend","timestamp":"2025-12-23 12:30:09"}
{"level":"info","message":"Retrying OpenBao connection in 2000ms","service":"ehr-backend","timestamp":"2025-12-23 12:30:09"}
{"error":"","level":"warn","message":"OpenBao connection attempt 3/3 to http://localhost:18200 failed","service":"ehr-backend","timestamp":"2025-12-23 12:30:11"}
{"level":"warn","message":"All connection attempts to http://localhost:18200 failed, trying next endpoint if available","service":"ehr-backend","timestamp":"2025-12-23 12:30:11"}
{"level":"info","message":"Attempting to connect to OpenBao at http://openbao:8200","service":"ehr-backend","timestamp":"2025-12-23 12:30:11"}
{"level":"info","message":"OpenBao connection established at http://openbao:8200","service":"ehr-backend","timestamp":"2025-12-23 12:30:11"}
{"level":"info","message":"OpenBao initialized successfully","service":"ehr-backend","timestamp":"2025-12-23 12:30:11"}
{"level":"info","message":"OpenBao endpoints configured: [\"http://localhost:18200\",\"http://openbao:8200\"]","service":"ehr-backend","timestamp":"2025-12-23 12:30:21"}
{"level":"info","message":"Attempting to connect to OpenBao at http://localhost:18200","service":"ehr-backend","timestamp":"2025-12-23 12:30:21"}
{"level":"info","message":"Server running on port 3001","service":"ehr-backend","timestamp":"2025-12-23 12:30:21"}
{"level":"info","message":"Environment: development","service":"ehr-backend","timestamp":"2025-12-23 12:30:21"}
{"level":"info","message":"API Documentation: http://localhost:3001/api/docs","service":"ehr-backend","timestamp":"2025-12-23 12:30:21"}
{"host":"mongodb","level":"info","message":"MongoDB connected","name":"ehr","service":"ehr-backend","timestamp":"2025-12-23 12:30:21"}
{"error":"","level":"warn","message":"OpenBao connection attempt 1/3 to http://localhost:18200 failed","service":"ehr-backend","timestamp":"2025-12-23 12:30:22"}
{"level":"info","message":"Retrying OpenBao connection in 1000ms","service":"ehr-backend","timestamp":"2025-12-23 12:30:22"}
{"error":"","level":"warn","message":"OpenBao connection attempt 2/3 to http://localhost:18200 failed","service":"ehr-backend","timestamp":"2025-12-23 12:30:23"}
{"level":"info","message":"Retrying OpenBao connection in 2000ms","service":"ehr-backend","timestamp":"2025-12-23 12:30:23"}
{"error":"","level":"warn","message":"OpenBao connection attempt 3/3 to http://localhost:18200 failed","service":"ehr-backend","timestamp":"2025-12-23 12:30:25"}
{"level":"warn","message":"All connection attempts to http://localhost:18200 failed, trying next endpoint if available","service":"ehr-backend","timestamp":"2025-12-23 12:30:25"}
{"level":"info","message":"Attempting to connect to OpenBao at http://openbao:8200","service":"ehr-backend","timestamp":"2025-12-23 12:30:25"}
{"level":"info","message":"OpenBao connection established at http://openbao:8200","service":"ehr-backend","timestamp":"2025-12-23 12:30:25"}
{"level":"info","message":"OpenBao initialized successfully","service":"ehr-backend","timestamp":"2025-12-23 12:30:25"}
{"level":"info","message":"OpenBao endpoints configured: [\"http://localhost:18200\",\"http://openbao:8200\"]","service":"ehr-backend","timestamp":"2025-12-23 12:31:28"}
{"level":"info","message":"Attempting to connect to OpenBao at http://localhost:18200","service":"ehr-backend","timestamp":"2025-12-23 12:31:29"}
{"level":"info","message":"Server running on port 3001","service":"ehr-backend","timestamp":"2025-12-23 12:31:29"}
{"level":"info","message":"Environment: development","service":"ehr-backend","timestamp":"2025-12-23 12:31:29"}
{"level":"info","message":"API Documentation: http://localhost:3001/api/docs","service":"ehr-backend","timestamp":"2025-12-23 12:31:29"}
{"host":"mongodb","level":"info","message":"MongoDB connected","name":"ehr","service":"ehr-backend","timestamp":"2025-12-23 12:31:29"}
{"error":"","level":"warn","message":"OpenBao connection attempt 1/3 to http://localhost:18200 failed","service":"ehr-backend","timestamp":"2025-12-23 12:31:29"}
{"level":"info","message":"Retrying OpenBao connection in 1000ms","service":"ehr-backend","timestamp":"2025-12-23 12:31:29"}
{"error":"","level":"warn","message":"OpenBao connection attempt 2/3 to http://localhost:18200 failed","service":"ehr-backend","timestamp":"2025-12-23 12:31:30"}
{"level":"info","message":"Retrying OpenBao connection in 2000ms","service":"ehr-backend","timestamp":"2025-12-23 12:31:30"}
{"error":"","level":"warn","message":"OpenBao connection attempt 3/3 to http://localhost:18200 failed","service":"ehr-backend","timestamp":"2025-12-23 12:31:32"}
{"level":"warn","message":"All connection attempts to http://localhost:18200 failed, trying next endpoint if available","service":"ehr-backend","timestamp":"2025-12-23 12:31:32"}
{"level":"info","message":"Attempting to connect to OpenBao at http://openbao:8200","service":"ehr-backend","timestamp":"2025-12-23 12:31:32"}
{"level":"info","message":"OpenBao connection established at http://openbao:8200","service":"ehr-backend","timestamp":"2025-12-23 12:31:32"}
{"level":"info","message":"OpenBao initialized successfully","service":"ehr-backend","timestamp":"2025-12-23 12:31:32"}
{"level":"info","message":"OpenBao endpoints configured: [\"http://localhost:18200\",\"http://openbao:8200\"]","service":"ehr-backend","timestamp":"2025-12-23 12:31:45"}
{"level":"info","message":"Attempting to connect to OpenBao at http://localhost:18200","service":"ehr-backend","timestamp":"2025-12-23 12:31:45"}
{"level":"info","message":"Server running on port 3001","service":"ehr-backend","timestamp":"2025-12-23 12:31:45"}
{"level":"info","message":"Environment: development","service":"ehr-backend","timestamp":"2025-12-23 12:31:45"}
{"level":"info","message":"API Documentation: http://localhost:3001/api/docs","service":"ehr-backend","timestamp":"2025-12-23 12:31:45"}
{"host":"mongodb","level":"info","message":"MongoDB connected","name":"ehr","service":"ehr-backend","timestamp":"2025-12-23 12:31:45"}
{"error":"","level":"warn","message":"OpenBao connection attempt 1/3 to http://localhost:18200 failed","service":"ehr-backend","timestamp":"2025-12-23 12:31:45"}
{"level":"info","message":"Retrying OpenBao connection in 1000ms","service":"ehr-backend","timestamp":"2025-12-23 12:31:45"}
{"error":"","level":"warn","message":"OpenBao connection attempt 2/3 to http://localhost:18200 failed","service":"ehr-backend","timestamp":"2025-12-23 12:31:46"}
{"level":"info","message":"Retrying OpenBao connection in 2000ms","service":"ehr-backend","timestamp":"2025-12-23 12:31:46"}
{"error":"","level":"warn","message":"OpenBao connection attempt 3/3 to http://localhost:18200 failed","service":"ehr-backend","timestamp":"2025-12-23 12:31:48"}
{"level":"warn","message":"All connection attempts to http://localhost:18200 failed, trying next endpoint if available","service":"ehr-backend","timestamp":"2025-12-23 12:31:48"}
{"level":"info","message":"Attempting to connect to OpenBao at http://openbao:8200","service":"ehr-backend","timestamp":"2025-12-23 12:31:48"}
{"level":"info","message":"OpenBao connection established at http://openbao:8200","service":"ehr-backend","timestamp":"2025-12-23 12:31:48"}
{"level":"info","message":"OpenBao initialized successfully","service":"ehr-backend","timestamp":"2025-12-23 12:31:48"}
{"level":"info","message":"OpenBao endpoints configured: [\"http://localhost:18200\",\"http://openbao:8200\"]","service":"ehr-backend","timestamp":"2025-12-23 12:32:34"}
{"level":"info","message":"Attempting to connect to OpenBao at http://localhost:18200","service":"ehr-backend","timestamp":"2025-12-23 12:32:35"}
{"level":"info","message":"Server running on port 3001","service":"ehr-backend","timestamp":"2025-12-23 12:32:35"}
{"level":"info","message":"Environment: development","service":"ehr-backend","timestamp":"2025-12-23 12:32:35"}
{"level":"info","message":"API Documentation: http://localhost:3001/api/docs","service":"ehr-backend","timestamp":"2025-12-23 12:32:35"}
{"host":"mongodb","level":"info","message":"MongoDB connected","name":"ehr","service":"ehr-backend","timestamp":"2025-12-23 12:32:35"}
{"error":"","level":"warn","message":"OpenBao connection attempt 1/3 to http://localhost:18200 failed","service":"ehr-backend","timestamp":"2025-12-23 12:32:35"}
{"level":"info","message":"Retrying OpenBao connection in 1000ms","service":"ehr-backend","timestamp":"2025-12-23 12:32:35"}
{"error":"","level":"warn","message":"OpenBao connection attempt 2/3 to http://localhost:18200 failed","service":"ehr-backend","timestamp":"2025-12-23 12:32:36"}
{"level":"info","message":"Retrying OpenBao connection in 2000ms","service":"ehr-backend","timestamp":"2025-12-23 12:32:36"}
{"error":"","level":"warn","message":"OpenBao connection attempt 3/3 to http://localhost:18200 failed","service":"ehr-backend","timestamp":"2025-12-23 12:32:38"}
{"level":"warn","message":"All connection attempts to http://localhost:18200 failed, trying next endpoint if available","service":"ehr-backend","timestamp":"2025-12-23 12:32:38"}
{"level":"info","message":"Attempting to connect to OpenBao at http://openbao:8200","service":"ehr-backend","timestamp":"2025-12-23 12:32:38"}
{"level":"info","message":"OpenBao connection established at http://openbao:8200","service":"ehr-backend","timestamp":"2025-12-23 12:32:38"}
{"level":"info","message":"OpenBao initialized successfully","service":"ehr-backend","timestamp":"2025-12-23 12:32:38"}
{"level":"info","message":"OpenBao endpoints configured: [\"http://localhost:18200\",\"http://openbao:8200\"]","service":"ehr-backend","timestamp":"2025-12-23 12:33:37"}
{"level":"info","message":"Attempting to connect to OpenBao at http://localhost:18200","service":"ehr-backend","timestamp":"2025-12-23 12:33:37"}
{"level":"info","message":"Server running on port 3001","service":"ehr-backend","timestamp":"2025-12-23 12:33:37"}
{"level":"info","message":"Environment: development","service":"ehr-backend","timestamp":"2025-12-23 12:33:37"}
{"level":"info","message":"API Documentation: http://localhost:3001/api/docs","service":"ehr-backend","timestamp":"2025-12-23 12:33:37"}
{"host":"mongodb","level":"info","message":"MongoDB connected","name":"ehr","service":"ehr-backend","timestamp":"2025-12-23 12:33:37"}
{"error":"","level":"warn","message":"OpenBao connection attempt 1/3 to http://localhost:18200 failed","service":"ehr-backend","timestamp":"2025-12-23 12:33:37"}
{"level":"info","message":"Retrying OpenBao connection in 1000ms","service":"ehr-backend","timestamp":"2025-12-23 12:33:37"}
{"error":"","level":"warn","message":"OpenBao connection attempt 2/3 to http://localhost:18200 failed","service":"ehr-backend","timestamp":"2025-12-23 12:33:38"}
{"level":"info","message":"Retrying OpenBao connection in 2000ms","service":"ehr-backend","timestamp":"2025-12-23 12:33:38"}
{"error":"","level":"warn","message":"OpenBao connection attempt 3/3 to http://localhost:18200 failed","service":"ehr-backend","timestamp":"2025-12-23 12:33:40"}
{"level":"warn","message":"All connection attempts to http://localhost:18200 failed, trying next endpoint if available","service":"ehr-backend","timestamp":"2025-12-23 12:33:40"}
{"level":"info","message":"Attempting to connect to OpenBao at http://openbao:8200","service":"ehr-backend","timestamp":"2025-12-23 12:33:40"}
{"level":"info","message":"OpenBao connection established at http://openbao:8200","service":"ehr-backend","timestamp":"2025-12-23 12:33:40"}
{"level":"info","message":"OpenBao initialized successfully","service":"ehr-backend","timestamp":"2025-12-23 12:33:40"}
{"level":"info","message":"OpenBao endpoints configured: [\"http://localhost:18200\",\"http://openbao:8200\"]","service":"ehr-backend","timestamp":"2025-12-23 12:55:12"}
{"level":"info","message":"Attempting to connect to OpenBao at http://localhost:18200","service":"ehr-backend","timestamp":"2025-12-23 12:55:13"}
{"level":"info","message":"Server running on port 3001","service":"ehr-backend","timestamp":"2025-12-23 12:55:13"}
{"level":"info","message":"Environment: development","service":"ehr-backend","timestamp":"2025-12-23 12:55:13"}
{"level":"info","message":"API Documentation: http://localhost:3001/api/docs","service":"ehr-backend","timestamp":"2025-12-23 12:55:13"}
{"host":"mongodb","level":"info","message":"MongoDB connected","name":"ehr","service":"ehr-backend","timestamp":"2025-12-23 12:55:13"}
{"error":"","level":"warn","message":"OpenBao connection attempt 1/3 to http://localhost:18200 failed","service":"ehr-backend","timestamp":"2025-12-23 12:55:13"}
{"level":"info","message":"Retrying OpenBao connection in 1000ms","service":"ehr-backend","timestamp":"2025-12-23 12:55:13"}
{"error":"","level":"warn","message":"OpenBao connection attempt 2/3 to http://localhost:18200 failed","service":"ehr-backend","timestamp":"2025-12-23 12:55:14"}
{"level":"info","message":"Retrying OpenBao connection in 2000ms","service":"ehr-backend","timestamp":"2025-12-23 12:55:14"}
{"error":"","level":"warn","message":"OpenBao connection attempt 3/3 to http://localhost:18200 failed","service":"ehr-backend","timestamp":"2025-12-23 12:55:16"}
{"level":"warn","message":"All connection attempts to http://localhost:18200 failed, trying next endpoint if available","service":"ehr-backend","timestamp":"2025-12-23 12:55:16"}
{"level":"info","message":"Attempting to connect to OpenBao at http://openbao:8200","service":"ehr-backend","timestamp":"2025-12-23 12:55:16"}
{"level":"info","message":"OpenBao connection established at http://openbao:8200","service":"ehr-backend","timestamp":"2025-12-23 12:55:16"}
{"level":"info","message":"OpenBao initialized successfully","service":"ehr-backend","timestamp":"2025-12-23 12:55:16"}
{"level":"info","message":"OpenBao endpoints configured: [\"http://localhost:18200\",\"http://openbao:8200\"]","service":"ehr-backend","timestamp":"2025-12-23 12:55:47"}
{"level":"info","message":"Attempting to connect to OpenBao at http://localhost:18200","service":"ehr-backend","timestamp":"2025-12-23 12:55:48"}
{"level":"info","message":"Server running on port 3001","service":"ehr-backend","timestamp":"2025-12-23 12:55:48"}
{"level":"info","message":"Environment: development","service":"ehr-backend","timestamp":"2025-12-23 12:55:48"}
{"level":"info","message":"API Documentation: http://localhost:3001/api/docs","service":"ehr-backend","timestamp":"2025-12-23 12:55:48"}
{"host":"mongodb","level":"info","message":"MongoDB connected","name":"ehr","service":"ehr-backend","timestamp":"2025-12-23 12:55:48"}
{"error":"","level":"warn","message":"OpenBao connection attempt 1/3 to http://localhost:18200 failed","service":"ehr-backend","timestamp":"2025-12-23 12:55:48"}
{"level":"info","message":"Retrying OpenBao connection in 1000ms","service":"ehr-backend","timestamp":"2025-12-23 12:55:48"}
{"error":"","level":"warn","message":"OpenBao connection attempt 2/3 to http://localhost:18200 failed","service":"ehr-backend","timestamp":"2025-12-23 12:55:49"}
{"level":"info","message":"Retrying OpenBao connection in 2000ms","service":"ehr-backend","timestamp":"2025-12-23 12:55:49"}
{"error":"","level":"warn","message":"OpenBao connection attempt 3/3 to http://localhost:18200 failed","service":"ehr-backend","timestamp":"2025-12-23 12:55:51"}
{"level":"warn","message":"All connection attempts to http://localhost:18200 failed, trying next endpoint if available","service":"ehr-backend","timestamp":"2025-12-23 12:55:51"}
{"level":"info","message":"Attempting to connect to OpenBao at http://openbao:8200","service":"ehr-backend","timestamp":"2025-12-23 12:55:51"}
{"level":"info","message":"OpenBao connection established at http://openbao:8200","service":"ehr-backend","timestamp":"2025-12-23 12:55:51"}
{"level":"info","message":"OpenBao initialized successfully","service":"ehr-backend","timestamp":"2025-12-23 12:55:51"}
{"level":"info","message":"OpenBao endpoints configured: [\"http://localhost:18200\",\"http://openbao:8200\"]","service":"ehr-backend","timestamp":"2025-12-23 12:56:26"}
{"level":"info","message":"Attempting to connect to OpenBao at http://localhost:18200","service":"ehr-backend","timestamp":"2025-12-23 12:56:26"}
{"level":"info","message":"Server running on port 3001","service":"ehr-backend","timestamp":"2025-12-23 12:56:26"}
{"level":"info","message":"Environment: development","service":"ehr-backend","timestamp":"2025-12-23 12:56:26"}
{"level":"info","message":"API Documentation: http://localhost:3001/api/docs","service":"ehr-backend","timestamp":"2025-12-23 12:56:26"}
{"host":"mongodb","level":"info","message":"MongoDB connected","name":"ehr","service":"ehr-backend","timestamp":"2025-12-23 12:56:26"}
{"error":"","level":"warn","message":"OpenBao connection attempt 1/3 to http://localhost:18200 failed","service":"ehr-backend","timestamp":"2025-12-23 12:56:26"}
{"level":"info","message":"Retrying OpenBao connection in 1000ms","service":"ehr-backend","timestamp":"2025-12-23 12:56:26"}
{"error":"","level":"warn","message":"OpenBao connection attempt 2/3 to http://localhost:18200 failed","service":"ehr-backend","timestamp":"2025-12-23 12:56:27"}
{"level":"info","message":"Retrying OpenBao connection in 2000ms","service":"ehr-backend","timestamp":"2025-12-23 12:56:27"}
{"error":"","level":"warn","message":"OpenBao connection attempt 3/3 to http://localhost:18200 failed","service":"ehr-backend","timestamp":"2025-12-23 12:56:29"}
{"level":"warn","message":"All connection attempts to http://localhost:18200 failed, trying next endpoint if available","service":"ehr-backend","timestamp":"2025-12-23 12:56:29"}
{"level":"info","message":"Attempting to connect to OpenBao at http://openbao:8200","service":"ehr-backend","timestamp":"2025-12-23 12:56:29"}
{"level":"info","message":"OpenBao connection established at http://openbao:8200","service":"ehr-backend","timestamp":"2025-12-23 12:56:29"}
{"level":"info","message":"OpenBao initialized successfully","service":"ehr-backend","timestamp":"2025-12-23 12:56:29"}
{"level":"info","message":"OpenBao endpoints configured: [\"http://localhost:18200\",\"http://openbao:8200\"]","service":"ehr-backend","timestamp":"2025-12-23 12:57:01"}
{"level":"info","message":"Attempting to connect to OpenBao at http://localhost:18200","service":"ehr-backend","timestamp":"2025-12-23 12:57:01"}
{"level":"info","message":"Server running on port 3001","service":"ehr-backend","timestamp":"2025-12-23 12:57:01"}
{"level":"info","message":"Environment: development","service":"ehr-backend","timestamp":"2025-12-23 12:57:01"}
{"level":"info","message":"API Documentation: http://localhost:3001/api/docs","service":"ehr-backend","timestamp":"2025-12-23 12:57:01"}
{"host":"mongodb","level":"info","message":"MongoDB connected","name":"ehr","service":"ehr-backend","timestamp":"2025-12-23 12:57:01"}
{"error":"","level":"warn","message":"OpenBao connection attempt 1/3 to http://localhost:18200 failed","service":"ehr-backend","timestamp":"2025-12-23 12:57:01"}
{"level":"info","message":"Retrying OpenBao connection in 1000ms","service":"ehr-backend","timestamp":"2025-12-23 12:57:01"}
{"error":"","level":"warn","message":"OpenBao connection attempt 2/3 to http://localhost:18200 failed","service":"ehr-backend","timestamp":"2025-12-23 12:57:02"}
{"level":"info","message":"Retrying OpenBao connection in 2000ms","service":"ehr-backend","timestamp":"2025-12-23 12:57:02"}
{"error":"","level":"warn","message":"OpenBao connection attempt 3/3 to http://localhost:18200 failed","service":"ehr-backend","timestamp":"2025-12-23 12:57:04"}
{"level":"warn","message":"All connection attempts to http://localhost:18200 failed, trying next endpoint if available","service":"ehr-backend","timestamp":"2025-12-23 12:57:04"}
{"level":"info","message":"Attempting to connect to OpenBao at http://openbao:8200","service":"ehr-backend","timestamp":"2025-12-23 12:57:04"}
{"level":"info","message":"OpenBao connection established at http://openbao:8200","service":"ehr-backend","timestamp":"2025-12-23 12:57:04"}
{"level":"info","message":"OpenBao initialized successfully","service":"ehr-backend","timestamp":"2025-12-23 12:57:04"}
{"level":"info","message":"OpenBao endpoints configured: [\"http://localhost:18200\",\"http://openbao:8200\"]","service":"ehr-backend","timestamp":"2025-12-23 12:57:15"}
{"level":"info","message":"Attempting to connect to OpenBao at http://localhost:18200","service":"ehr-backend","timestamp":"2025-12-23 12:57:16"}
{"level":"info","message":"Server running on port 3001","service":"ehr-backend","timestamp":"2025-12-23 12:57:16"}
{"level":"info","message":"Environment: development","service":"ehr-backend","timestamp":"2025-12-23 12:57:16"}
{"level":"info","message":"API Documentation: http://localhost:3001/api/docs","service":"ehr-backend","timestamp":"2025-12-23 12:57:16"}
{"host":"mongodb","level":"info","message":"MongoDB connected","name":"ehr","service":"ehr-backend","timestamp":"2025-12-23 12:57:16"}
{"error":"","level":"warn","message":"OpenBao connection attempt 1/3 to http://localhost:18200 failed","service":"ehr-backend","timestamp":"2025-12-23 12:57:16"}
{"level":"info","message":"Retrying OpenBao connection in 1000ms","service":"ehr-backend","timestamp":"2025-12-23 12:57:16"}
{"error":"","level":"warn","message":"OpenBao connection attempt 2/3 to http://localhost:18200 failed","service":"ehr-backend","timestamp":"2025-12-23 12:57:17"}
{"level":"info","message":"Retrying OpenBao connection in 2000ms","service":"ehr-backend","timestamp":"2025-12-23 12:57:17"}
{"error":"","level":"warn","message":"OpenBao connection attempt 3/3 to http://localhost:18200 failed","service":"ehr-backend","timestamp":"2025-12-23 12:57:19"}
{"level":"warn","message":"All connection attempts to http://localhost:18200 failed, trying next endpoint if available","service":"ehr-backend","timestamp":"2025-12-23 12:57:19"}
{"level":"info","message":"Attempting to connect to OpenBao at http://openbao:8200","service":"ehr-backend","timestamp":"2025-12-23 12:57:19"}
{"level":"info","message":"OpenBao connection established at http://openbao:8200","service":"ehr-backend","timestamp":"2025-12-23 12:57:19"}
{"level":"info","message":"OpenBao initialized successfully","service":"ehr-backend","timestamp":"2025-12-23 12:57:19"}
{"level":"info","message":"OpenBao endpoints configured: [\"http://localhost:18200\",\"http://openbao:8200\"]","service":"ehr-backend","timestamp":"2025-12-23 12:57:51"}
{"level":"info","message":"Attempting to connect to OpenBao at http://localhost:18200","service":"ehr-backend","timestamp":"2025-12-23 12:57:51"}
{"level":"info","message":"Server running on port 3001","service":"ehr-backend","timestamp":"2025-12-23 12:57:51"}
{"level":"info","message":"Environment: development","service":"ehr-backend","timestamp":"2025-12-23 12:57:51"}
{"level":"info","message":"API Documentation: http://localhost:3001/api/docs","service":"ehr-backend","timestamp":"2025-12-23 12:57:51"}
{"host":"mongodb","level":"info","message":"MongoDB connected","name":"ehr","service":"ehr-backend","timestamp":"2025-12-23 12:57:51"}
{"error":"","level":"warn","message":"OpenBao connection attempt 1/3 to http://localhost:18200 failed","service":"ehr-backend","timestamp":"2025-12-23 12:57:51"}
{"level":"info","message":"Retrying OpenBao connection in 1000ms","service":"ehr-backend","timestamp":"2025-12-23 12:57:51"}
{"error":"","level":"warn","message":"OpenBao connection attempt 2/3 to http://localhost:18200 failed","service":"ehr-backend","timestamp":"2025-12-23 12:57:52"}
{"level":"info","message":"Retrying OpenBao connection in 2000ms","service":"ehr-backend","timestamp":"2025-12-23 12:57:52"}
{"error":"","level":"warn","message":"OpenBao connection attempt 3/3 to http://localhost:18200 failed","service":"ehr-backend","timestamp":"2025-12-23 12:57:54"}
{"level":"warn","message":"All connection attempts to http://localhost:18200 failed, trying next endpoint if available","service":"ehr-backend","timestamp":"2025-12-23 12:57:54"}
{"level":"info","message":"Attempting to connect to OpenBao at http://openbao:8200","service":"ehr-backend","timestamp":"2025-12-23 12:57:54"}
{"level":"info","message":"OpenBao connection established at http://openbao:8200","service":"ehr-backend","timestamp":"2025-12-23 12:57:54"}
{"level":"info","message":"OpenBao initialized successfully","service":"ehr-backend","timestamp":"2025-12-23 12:57:54"}
{"level":"info","message":"OpenBao endpoints configured: [\"http://localhost:18200\",\"http://openbao:8200\"]","service":"ehr-backend","timestamp":"2025-12-23 12:58:05"}
{"level":"info","message":"Attempting to connect to OpenBao at http://localhost:18200","service":"ehr-backend","timestamp":"2025-12-23 12:58:06"}
{"level":"info","message":"Server running on port 3001","service":"ehr-backend","timestamp":"2025-12-23 12:58:06"}
{"level":"info","message":"Environment: development","service":"ehr-backend","timestamp":"2025-12-23 12:58:06"}
{"level":"info","message":"API Documentation: http://localhost:3001/api/docs","service":"ehr-backend","timestamp":"2025-12-23 12:58:06"}
{"host":"mongodb","level":"info","message":"MongoDB connected","name":"ehr","service":"ehr-backend","timestamp":"2025-12-23 12:58:06"}
{"error":"","level":"warn","message":"OpenBao connection attempt 1/3 to http://localhost:18200 failed","service":"ehr-backend","timestamp":"2025-12-23 12:58:06"}
{"level":"info","message":"Retrying OpenBao connection in 1000ms","service":"ehr-backend","timestamp":"2025-12-23 12:58:06"}
{"error":"","level":"warn","message":"OpenBao connection attempt 2/3 to http://localhost:18200 failed","service":"ehr-backend","timestamp":"2025-12-23 12:58:07"}
{"level":"info","message":"Retrying OpenBao connection in 2000ms","service":"ehr-backend","timestamp":"2025-12-23 12:58:07"}
{"error":"","level":"warn","message":"OpenBao connection attempt 3/3 to http://localhost:18200 failed","service":"ehr-backend","timestamp":"2025-12-23 12:58:09"}
{"level":"warn","message":"All connection attempts to http://localhost:18200 failed, trying next endpoint if available","service":"ehr-backend","timestamp":"2025-12-23 12:58:09"}
{"level":"info","message":"Attempting to connect to OpenBao at http://openbao:8200","service":"ehr-backend","timestamp":"2025-12-23 12:58:09"}
{"level":"info","message":"OpenBao connection established at http://openbao:8200","service":"ehr-backend","timestamp":"2025-12-23 12:58:09"}
{"level":"info","message":"OpenBao initialized successfully","service":"ehr-backend","timestamp":"2025-12-23 12:58:09"}
{"level":"info","message":"OpenBao endpoints configured: [\"http://localhost:18200\",\"http://openbao:8200\"]","service":"ehr-backend","timestamp":"2025-12-23 12:58:39"}
{"level":"info","message":"Attempting to connect to OpenBao at http://localhost:18200","service":"ehr-backend","timestamp":"2025-12-23 12:58:39"}
{"level":"info","message":"Server running on port 3001","service":"ehr-backend","timestamp":"2025-12-23 12:58:39"}
{"level":"info","message":"Environment: development","service":"ehr-backend","timestamp":"2025-12-23 12:58:39"}
{"level":"info","message":"API Documentation: http://localhost:3001/api/docs","service":"ehr-backend","timestamp":"2025-12-23 12:58:39"}
{"host":"mongodb","level":"info","message":"MongoDB connected","name":"ehr","service":"ehr-backend","timestamp":"2025-12-23 12:58:39"}
{"error":"","level":"warn","message":"OpenBao connection attempt 1/3 to http://localhost:18200 failed","service":"ehr-backend","timestamp":"2025-12-23 12:58:39"}
{"level":"info","message":"Retrying OpenBao connection in 1000ms","service":"ehr-backend","timestamp":"2025-12-23 12:58:39"}
{"error":"","level":"warn","message":"OpenBao connection attempt 2/3 to http://localhost:18200 failed","service":"ehr-backend","timestamp":"2025-12-23 12:58:40"}
{"level":"info","message":"Retrying OpenBao connection in 2000ms","service":"ehr-backend","timestamp":"2025-12-23 12:58:40"}
{"error":"","level":"warn","message":"OpenBao connection attempt 3/3 to http://localhost:18200 failed","service":"ehr-backend","timestamp":"2025-12-23 12:58:42"}
{"level":"warn","message":"All connection attempts to http://localhost:18200 failed, trying next endpoint if available","service":"ehr-backend","timestamp":"2025-12-23 12:58:42"}
{"level":"info","message":"Attempting to connect to OpenBao at http://openbao:8200","service":"ehr-backend","timestamp":"2025-12-23 12:58:42"}
{"level":"info","message":"OpenBao connection established at http://openbao:8200","service":"ehr-backend","timestamp":"2025-12-23 12:58:42"}
{"level":"info","message":"OpenBao initialized successfully","service":"ehr-backend","timestamp":"2025-12-23 12:58:42"}
{"level":"info","message":"OpenBao endpoints configured: [\"http://localhost:18200\",\"http://openbao:8200\"]","service":"ehr-backend","timestamp":"2025-12-23 12:58:54"}
{"level":"info","message":"Attempting to connect to OpenBao at http://localhost:18200","service":"ehr-backend","timestamp":"2025-12-23 12:58:54"}
{"level":"info","message":"Server running on port 3001","service":"ehr-backend","timestamp":"2025-12-23 12:58:54"}
{"level":"info","message":"Environment: development","service":"ehr-backend","timestamp":"2025-12-23 12:58:54"}
{"level":"info","message":"API Documentation: http://localhost:3001/api/docs","service":"ehr-backend","timestamp":"2025-12-23 12:58:54"}
{"host":"mongodb","level":"info","message":"MongoDB connected","name":"ehr","service":"ehr-backend","timestamp":"2025-12-23 12:58:54"}
{"error":"","level":"warn","message":"OpenBao connection attempt 1/3 to http://localhost:18200 failed","service":"ehr-backend","timestamp":"2025-12-23 12:58:54"}
{"level":"info","message":"Retrying OpenBao connection in 1000ms","service":"ehr-backend","timestamp":"2025-12-23 12:58:54"}
{"error":"","level":"warn","message":"OpenBao connection attempt 2/3 to http://localhost:18200 failed","service":"ehr-backend","timestamp":"2025-12-23 12:58:55"}
{"level":"info","message":"Retrying OpenBao connection in 2000ms","service":"ehr-backend","timestamp":"2025-12-23 12:58:55"}
{"error":"","level":"warn","message":"OpenBao connection attempt 3/3 to http://localhost:18200 failed","service":"ehr-backend","timestamp":"2025-12-23 12:58:57"}
{"level":"warn","message":"All connection attempts to http://localhost:18200 failed, trying next endpoint if available","service":"ehr-backend","timestamp":"2025-12-23 12:58:57"}
{"level":"info","message":"Attempting to connect to OpenBao at http://openbao:8200","service":"ehr-backend","timestamp":"2025-12-23 12:58:57"}
{"level":"info","message":"OpenBao connection established at http://openbao:8200","service":"ehr-backend","timestamp":"2025-12-23 12:58:57"}
{"level":"info","message":"OpenBao initialized successfully","service":"ehr-backend","timestamp":"2025-12-23 12:58:57"}
{"level":"info","message":"OpenBao endpoints configured: [\"http://localhost:18200\",\"http://openbao:8200\"]","service":"ehr-backend","timestamp":"2025-12-23 12:59:56"}
{"level":"info","message":"Attempting to connect to OpenBao at http://localhost:18200","service":"ehr-backend","timestamp":"2025-12-23 12:59:56"}
{"level":"info","message":"Server running on port 3001","service":"ehr-backend","timestamp":"2025-12-23 12:59:56"}
{"level":"info","message":"Environment: development","service":"ehr-backend","timestamp":"2025-12-23 12:59:56"}
{"level":"info","message":"API Documentation: http://localhost:3001/api/docs","service":"ehr-backend","timestamp":"2025-12-23 12:59:56"}
{"host":"mongodb","level":"info","message":"MongoDB connected","name":"ehr","service":"ehr-backend","timestamp":"2025-12-23 12:59:56"}
{"error":"","level":"warn","message":"OpenBao connection attempt 1/3 to http://localhost:18200 failed","service":"ehr-backend","timestamp":"2025-12-23 12:59:56"}
{"level":"info","message":"Retrying OpenBao connection in 1000ms","service":"ehr-backend","timestamp":"2025-12-23 12:59:56"}
{"error":"","level":"warn","message":"OpenBao connection attempt 2/3 to http://localhost:18200 failed","service":"ehr-backend","timestamp":"2025-12-23 12:59:57"}
{"level":"info","message":"Retrying OpenBao connection in 2000ms","service":"ehr-backend","timestamp":"2025-12-23 12:59:57"}
{"error":"","level":"warn","message":"OpenBao connection attempt 3/3 to http://localhost:18200 failed","service":"ehr-backend","timestamp":"2025-12-23 12:59:59"}
{"level":"warn","message":"All connection attempts to http://localhost:18200 failed, trying next endpoint if available","service":"ehr-backend","timestamp":"2025-12-23 12:59:59"}
{"level":"info","message":"Attempting to connect to OpenBao at http://openbao:8200","service":"ehr-backend","timestamp":"2025-12-23 12:59:59"}
{"level":"info","message":"OpenBao connection established at http://openbao:8200","service":"ehr-backend","timestamp":"2025-12-23 12:59:59"}
{"level":"info","message":"OpenBao initialized successfully","service":"ehr-backend","timestamp":"2025-12-23 12:59:59"}
{"level":"info","message":"OpenBao endpoints configured: [\"http://localhost:18200\",\"http://openbao:8200\"]","service":"ehr-backend","timestamp":"2025-12-23 13:00:11"}
{"level":"info","message":"Attempting to connect to OpenBao at http://localhost:18200","service":"ehr-backend","timestamp":"2025-12-23 13:00:11"}
{"level":"info","message":"Server running on port 3001","service":"ehr-backend","timestamp":"2025-12-23 13:00:11"}
{"level":"info","message":"Environment: development","service":"ehr-backend","timestamp":"2025-12-23 13:00:11"}
{"level":"info","message":"API Documentation: http://localhost:3001/api/docs","service":"ehr-backend","timestamp":"2025-12-23 13:00:11"}
{"host":"mongodb","level":"info","message":"MongoDB connected","name":"ehr","service":"ehr-backend","timestamp":"2025-12-23 13:00:11"}
{"error":"","level":"warn","message":"OpenBao connection attempt 1/3 to http://localhost:18200 failed","service":"ehr-backend","timestamp":"2025-12-23 13:00:11"}
{"level":"info","message":"Retrying OpenBao connection in 1000ms","service":"ehr-backend","timestamp":"2025-12-23 13:00:11"}
{"error":"","level":"warn","message":"OpenBao connection attempt 2/3 to http://localhost:18200 failed","service":"ehr-backend","timestamp":"2025-12-23 13:00:12"}
{"level":"info","message":"Retrying OpenBao connection in 2000ms","service":"ehr-backend","timestamp":"2025-12-23 13:00:12"}
{"error":"","level":"warn","message":"OpenBao connection attempt 3/3 to http://localhost:18200 failed","service":"ehr-backend","timestamp":"2025-12-23 13:00:14"}
{"level":"warn","message":"All connection attempts to http://localhost:18200 failed, trying next endpoint if available","service":"ehr-backend","timestamp":"2025-12-23 13:00:14"}
{"level":"info","message":"Attempting to connect to OpenBao at http://openbao:8200","service":"ehr-backend","timestamp":"2025-12-23 13:00:14"}
{"level":"info","message":"OpenBao connection established at http://openbao:8200","service":"ehr-backend","timestamp":"2025-12-23 13:00:14"}
{"level":"info","message":"OpenBao initialized successfully","service":"ehr-backend","timestamp":"2025-12-23 13:00:14"}
{"level":"info","message":"OpenBao endpoints configured: [\"http://localhost:18200\",\"http://openbao:8200\"]","service":"ehr-backend","timestamp":"2025-12-23 13:01:07"}
{"level":"info","message":"Attempting to connect to OpenBao at http://localhost:18200","service":"ehr-backend","timestamp":"2025-12-23 13:01:07"}
{"level":"info","message":"Server running on port 3001","service":"ehr-backend","timestamp":"2025-12-23 13:01:07"}
{"level":"info","message":"Environment: development","service":"ehr-backend","timestamp":"2025-12-23 13:01:07"}
{"level":"info","message":"API Documentation: http://localhost:3001/api/docs","service":"ehr-backend","timestamp":"2025-12-23 13:01:07"}
{"host":"mongodb","level":"info","message":"MongoDB connected","name":"ehr","service":"ehr-backend","timestamp":"2025-12-23 13:01:07"}
{"error":"","level":"warn","message":"OpenBao connection attempt 1/3 to http://localhost:18200 failed","service":"ehr-backend","timestamp":"2025-12-23 13:01:07"}
{"level":"info","message":"Retrying OpenBao connection in 1000ms","service":"ehr-backend","timestamp":"2025-12-23 13:01:07"}
{"error":"","level":"warn","message":"OpenBao connection attempt 2/3 to http://localhost:18200 failed","service":"ehr-backend","timestamp":"2025-12-23 13:01:08"}
{"level":"info","message":"Retrying OpenBao connection in 2000ms","service":"ehr-backend","timestamp":"2025-12-23 13:01:08"}
{"error":"","level":"warn","message":"OpenBao connection attempt 3/3 to http://localhost:18200 failed","service":"ehr-backend","timestamp":"2025-12-23 13:01:10"}
{"level":"warn","message":"All connection attempts to http://localhost:18200 failed, trying next endpoint if available","service":"ehr-backend","timestamp":"2025-12-23 13:01:10"}
{"level":"info","message":"Attempting to connect to OpenBao at http://openbao:8200","service":"ehr-backend","timestamp":"2025-12-23 13:01:10"}
{"level":"info","message":"OpenBao connection established at http://openbao:8200","service":"ehr-backend","timestamp":"2025-12-23 13:01:10"}
{"level":"info","message":"OpenBao initialized successfully","service":"ehr-backend","timestamp":"2025-12-23 13:01:10"}
