{"error":"Cannot read properties of undefined (reading 'ciphertext')","fields":["diagnosis","notes"],"level":"error","message":"transitEncryptMiddleware error","service":"ehr-backend","timestamp":"2025-12-17 18:04:13"}
{"error":"Encryption service down","fields":["diagnosis"],"level":"error","message":"transitEncryptMiddleware error","service":"ehr-backend","timestamp":"2025-12-17 18:04:13"}
{"error":"Second field failed","fields":["diagnosis","notes"],"level":"error","message":"transitEncryptMiddleware error","service":"ehr-backend","timestamp":"2025-12-17 18:04:14"}
{"error":"Decryption service down","fields":["diagnosis"],"level":"error","message":"transitDecryptMiddleware error","service":"ehr-backend","timestamp":"2025-12-17 18:04:22"}
{"error":"Second field failed","fields":["diagnosis","notes"],"level":"error","message":"transitDecryptMiddleware error","service":"ehr-backend","timestamp":"2025-12-17 18:04:22"}
{"level":"warn","message":"Authentication failed: Token missing","service":"ehr-backend","timestamp":"2025-12-17 18:04:27"}
{"error":"Invalid token","level":"warn","message":"Authentication failed: JWT verification failed","service":"ehr-backend","timestamp":"2025-12-17 18:04:27"}
{"error":"Token expired","level":"warn","message":"Authentication failed: JWT verification failed","service":"ehr-backend","timestamp":"2025-12-17 18:04:27"}
{"level":"info","message":"Authorization check","requiredRoles":["Patient"],"service":"ehr-backend","timestamp":"2025-12-17 18:04:27","userId":"user123","userRole":"Patient"}
{"level":"info","message":"Authorization check","requiredRoles":["Admin","Patient","Provider"],"service":"ehr-backend","timestamp":"2025-12-17 18:04:28","userId":"user123","userRole":"Patient"}
{"level":"info","message":"Authorization check","requiredRoles":["Admin"],"service":"ehr-backend","timestamp":"2025-12-17 18:04:28","userId":"user123","userRole":"Patient"}
{"level":"warn","message":"Authorization denied: Insufficient permissions","requiredRoles":["Admin"],"service":"ehr-backend","timestamp":"2025-12-17 18:04:28","userId":"user123","userRole":"Patient"}
{"level":"info","message":"Authorization check","requiredRoles":["Admin","Manager","Provider"],"service":"ehr-backend","timestamp":"2025-12-17 18:04:28","userId":"user123","userRole":"Patient"}
{"level":"warn","message":"Authorization denied: Insufficient permissions","requiredRoles":["Admin","Manager","Provider"],"service":"ehr-backend","timestamp":"2025-12-17 18:04:28","userId":"user123","userRole":"Patient"}
{"level":"info","message":"Authorization check","requiredRoles":["Patient"],"service":"ehr-backend","timestamp":"2025-12-17 18:04:28"}
{"level":"warn","message":"Authorization denied: Insufficient permissions","requiredRoles":["Patient"],"service":"ehr-backend","timestamp":"2025-12-17 18:04:28"}
{"level":"info","message":"Authorization check","requiredRoles":["Patient"],"service":"ehr-backend","timestamp":"2025-12-17 18:04:28","userId":"user123"}
{"level":"warn","message":"Authorization denied: Insufficient permissions","requiredRoles":["Patient"],"service":"ehr-backend","timestamp":"2025-12-17 18:04:28","userId":"user123"}
{"level":"info","message":"Authorization check","requiredRoles":["Admin"],"service":"ehr-backend","timestamp":"2025-12-17 18:04:28","userId":"user123","userRole":"Admin"}
{"level":"info","message":"Authorization check","requiredRoles":["Provider"],"service":"ehr-backend","timestamp":"2025-12-17 18:04:28","userId":"user123","userRole":"Provider"}
{"level":"info","message":"Authorization check","requiredRoles":["Manager"],"service":"ehr-backend","timestamp":"2025-12-17 18:04:28","userId":"user123","userRole":"Manager"}
{"level":"info","message":"Authorization check","requiredRoles":["Employee"],"service":"ehr-backend","timestamp":"2025-12-17 18:04:28","userId":"user123","userRole":"Employee"}
{"error":"Cannot read properties of undefined (reading 'ciphertext')","fields":["diagnosis","notes"],"level":"error","message":"transitEncryptMiddleware error","service":"ehr-backend","timestamp":"2025-12-17 20:58:15"}
{"error":"Encryption service down","fields":["diagnosis"],"level":"error","message":"transitEncryptMiddleware error","service":"ehr-backend","timestamp":"2025-12-17 20:58:15"}
{"error":"Second field failed","fields":["diagnosis","notes"],"level":"error","message":"transitEncryptMiddleware error","service":"ehr-backend","timestamp":"2025-12-17 20:58:15"}
{"error":"Decryption service down","fields":["diagnosis"],"level":"error","message":"transitDecryptMiddleware error","service":"ehr-backend","timestamp":"2025-12-17 20:58:16"}
{"error":"Second field failed","fields":["diagnosis","notes"],"level":"error","message":"transitDecryptMiddleware error","service":"ehr-backend","timestamp":"2025-12-17 20:58:16"}
{"level":"warn","message":"Authentication failed: Token missing","service":"ehr-backend","timestamp":"2025-12-17 20:58:17"}
{"error":"Invalid token","level":"warn","message":"Authentication failed: JWT verification failed","service":"ehr-backend","timestamp":"2025-12-17 20:58:17"}
{"error":"Token expired","level":"warn","message":"Authentication failed: JWT verification failed","service":"ehr-backend","timestamp":"2025-12-17 20:58:17"}
{"level":"info","message":"Authorization check","requiredRoles":["Patient"],"service":"ehr-backend","timestamp":"2025-12-17 20:58:17","userId":"user123","userRole":"Patient"}
{"level":"info","message":"Authorization check","requiredRoles":["Admin","Patient","Provider"],"service":"ehr-backend","timestamp":"2025-12-17 20:58:17","userId":"user123","userRole":"Patient"}
{"level":"info","message":"Authorization check","requiredRoles":["Admin"],"service":"ehr-backend","timestamp":"2025-12-17 20:58:17","userId":"user123","userRole":"Patient"}
{"level":"warn","message":"Authorization denied: Insufficient permissions","requiredRoles":["Admin"],"service":"ehr-backend","timestamp":"2025-12-17 20:58:17","userId":"user123","userRole":"Patient"}
{"level":"info","message":"Authorization check","requiredRoles":["Admin","Manager","Provider"],"service":"ehr-backend","timestamp":"2025-12-17 20:58:17","userId":"user123","userRole":"Patient"}
{"level":"warn","message":"Authorization denied: Insufficient permissions","requiredRoles":["Admin","Manager","Provider"],"service":"ehr-backend","timestamp":"2025-12-17 20:58:17","userId":"user123","userRole":"Patient"}
{"level":"info","message":"Authorization check","requiredRoles":["Patient"],"service":"ehr-backend","timestamp":"2025-12-17 20:58:17"}
{"level":"warn","message":"Authorization denied: Insufficient permissions","requiredRoles":["Patient"],"service":"ehr-backend","timestamp":"2025-12-17 20:58:17"}
{"level":"info","message":"Authorization check","requiredRoles":["Patient"],"service":"ehr-backend","timestamp":"2025-12-17 20:58:17","userId":"user123"}
{"level":"warn","message":"Authorization denied: Insufficient permissions","requiredRoles":["Patient"],"service":"ehr-backend","timestamp":"2025-12-17 20:58:17","userId":"user123"}
{"level":"info","message":"Authorization check","requiredRoles":["Admin"],"service":"ehr-backend","timestamp":"2025-12-17 20:58:17","userId":"user123","userRole":"Admin"}
{"level":"info","message":"Authorization check","requiredRoles":["Provider"],"service":"ehr-backend","timestamp":"2025-12-17 20:58:17","userId":"user123","userRole":"Provider"}
{"level":"info","message":"Authorization check","requiredRoles":["Manager"],"service":"ehr-backend","timestamp":"2025-12-17 20:58:17","userId":"user123","userRole":"Manager"}
{"level":"info","message":"Authorization check","requiredRoles":["Employee"],"service":"ehr-backend","timestamp":"2025-12-17 20:58:17","userId":"user123","userRole":"Employee"}
{"email":"patient@test.com","level":"info","message":"User login successful","role":"Patient","service":"ehr-backend","timestamp":"2025-12-17 21:11:37","userId":"694281d8409c8e1d7e5840d0"}
{"email":"admin@test.com","level":"info","message":"User login successful","role":"Admin","service":"ehr-backend","timestamp":"2025-12-17 21:11:37","userId":"694281d9409c8e1d7e5840dc"}
{"email":"nonexistent@test.com","ip":"::ffff:127.0.0.1","level":"warn","message":"Login attempt failed: User not found","service":"ehr-backend","timestamp":"2025-12-17 21:11:37"}
{"email":"patient@test.com","ip":"::ffff:127.0.0.1","level":"warn","message":"Login attempt failed: Invalid password","service":"ehr-backend","timestamp":"2025-12-17 21:11:38","userId":"694281da409c8e1d7e5840eb"}
{"ip":"::ffff:127.0.0.1","level":"warn","message":"Login attempt failed: User not found","service":"ehr-backend","timestamp":"2025-12-17 21:11:38"}
{"email":"patient@test.com","error":"data and hash arguments required","level":"error","message":"Login error","service":"ehr-backend","timestamp":"2025-12-17 21:11:38"}
{"email":"admin@test.com","level":"info","message":"User login successful","role":"Admin","service":"ehr-backend","timestamp":"2025-12-17 21:11:38","userId":"694281da409c8e1d7e5840fb"}
{"email":"provider@test.com","level":"info","message":"User login successful","role":"Provider","service":"ehr-backend","timestamp":"2025-12-17 21:11:38","userId":"694281da409c8e1d7e584103"}
{"email":"patient@test.com","level":"info","message":"User login successful","role":"Patient","service":"ehr-backend","timestamp":"2025-12-17 21:11:38","userId":"694281da409c8e1d7e58410b"}
{"ip":"::ffff:127.0.0.1","level":"warn","message":"Authentication failed: Token missing","method":"GET","path":"/me","service":"ehr-backend","timestamp":"2025-12-17 21:11:38"}
{"error":"jwt malformed","ip":"::ffff:127.0.0.1","level":"warn","message":"Authentication failed: JWT verification failed","method":"GET","path":"/me","service":"ehr-backend","timestamp":"2025-12-17 21:11:38"}
{"email":"patient@test.com","level":"info","message":"User login successful","role":"Patient","service":"ehr-backend","timestamp":"2025-12-17 21:11:38","userId":"694281da409c8e1d7e58411b"}
{"level":"info","message":"User logout","service":"ehr-backend","timestamp":"2025-12-17 21:11:38"}
{"level":"info","message":"User logout","service":"ehr-backend","timestamp":"2025-12-17 21:11:38"}
{"email":"admin@test.com","level":"info","message":"User login successful","role":"Admin","service":"ehr-backend","timestamp":"2025-12-17 21:11:39","userId":"694281db409c8e1d7e58412a"}
{"level":"info","message":"User logout","service":"ehr-backend","timestamp":"2025-12-17 21:11:39"}
{"ip":"::ffff:127.0.0.1","level":"warn","message":"Authentication failed: Token missing","method":"GET","path":"/me","service":"ehr-backend","timestamp":"2025-12-17 21:11:39"}
{"email":"admin@test.com","level":"info","message":"User login successful","role":"Admin","service":"ehr-backend","timestamp":"2025-12-17 21:38:34","userId":"694288297d2a31cb18bd71c3"}
{"email":"manager@test.com","level":"info","message":"User login successful","role":"Manager","service":"ehr-backend","timestamp":"2025-12-17 21:38:34","userId":"6942882a7d2a31cb18bd71c6"}
{"email":"provider@test.com","level":"info","message":"User login successful","role":"Provider","service":"ehr-backend","timestamp":"2025-12-17 21:38:34","userId":"6942882a7d2a31cb18bd71c8"}
{"email":"employee@test.com","level":"info","message":"User login successful","role":"Employee","service":"ehr-backend","timestamp":"2025-12-17 21:38:34","userId":"6942882a7d2a31cb18bd71ca"}
{"email":"patient@test.com","level":"info","message":"User login successful","role":"Patient","service":"ehr-backend","timestamp":"2025-12-17 21:38:34","userId":"6942882a7d2a31cb18bd71cc"}
{"level":"info","message":"Authorization check","method":"POST","path":"/register","requiredRoles":["Employee","Manager","Admin"],"service":"ehr-backend","timestamp":"2025-12-17 21:38:34","userId":"694288297d2a31cb18bd71c3","userRole":"Admin"}
{"creatorId":"694288297d2a31cb18bd71c3","creatorRole":"Admin","level":"info","message":"User registered successfully","newUserId":"6942882b7d2a31cb18bd71de","newUserRole":"Patient","service":"ehr-backend","timestamp":"2025-12-17 21:38:35"}
{"level":"info","message":"Authorization check","method":"POST","path":"/register","requiredRoles":["Employee","Manager","Admin"],"service":"ehr-backend","timestamp":"2025-12-17 21:38:35","userId":"694288297d2a31cb18bd71c3","userRole":"Admin"}
{"creatorId":"694288297d2a31cb18bd71c3","creatorRole":"Admin","level":"info","message":"User registered successfully","newUserId":"6942882b7d2a31cb18bd71e3","newUserRole":"Provider","service":"ehr-backend","timestamp":"2025-12-17 21:38:35"}
{"level":"info","message":"Authorization check","method":"POST","path":"/register","requiredRoles":["Employee","Manager","Admin"],"service":"ehr-backend","timestamp":"2025-12-17 21:38:35","userId":"694288297d2a31cb18bd71c3","userRole":"Admin"}
{"creatorId":"694288297d2a31cb18bd71c3","creatorRole":"Admin","level":"info","message":"User registered successfully","newUserId":"6942882b7d2a31cb18bd71e8","newUserRole":"Employee","service":"ehr-backend","timestamp":"2025-12-17 21:38:35"}
{"level":"info","message":"Authorization check","method":"POST","path":"/register","requiredRoles":["Employee","Manager","Admin"],"service":"ehr-backend","timestamp":"2025-12-17 21:38:35","userId":"694288297d2a31cb18bd71c3","userRole":"Admin"}
{"creatorId":"694288297d2a31cb18bd71c3","creatorRole":"Admin","level":"info","message":"User registered successfully","newUserId":"6942882b7d2a31cb18bd71ed","newUserRole":"Manager","service":"ehr-backend","timestamp":"2025-12-17 21:38:35"}
{"email":"admin@test.com","level":"info","message":"User login successful","role":"Admin","service":"ehr-backend","timestamp":"2025-12-17 21:38:36","userId":"6942882b7d2a31cb18bd71f1"}
{"email":"manager@test.com","level":"info","message":"User login successful","role":"Manager","service":"ehr-backend","timestamp":"2025-12-17 21:38:36","userId":"6942882b7d2a31cb18bd71f3"}
{"email":"provider@test.com","level":"info","message":"User login successful","role":"Provider","service":"ehr-backend","timestamp":"2025-12-17 21:38:36","userId":"6942882b7d2a31cb18bd71f5"}
{"email":"employee@test.com","level":"info","message":"User login successful","role":"Employee","service":"ehr-backend","timestamp":"2025-12-17 21:38:36","userId":"6942882b7d2a31cb18bd71f7"}
{"email":"patient@test.com","level":"info","message":"User login successful","role":"Patient","service":"ehr-backend","timestamp":"2025-12-17 21:38:36","userId":"6942882b7d2a31cb18bd71f9"}
{"level":"info","message":"Authorization check","method":"POST","path":"/register","requiredRoles":["Employee","Manager","Admin"],"service":"ehr-backend","timestamp":"2025-12-17 21:38:36","userId":"6942882b7d2a31cb18bd71f3","userRole":"Manager"}
{"creatorId":"6942882b7d2a31cb18bd71f3","creatorRole":"Manager","level":"info","message":"User registered successfully","newUserId":"6942882c7d2a31cb18bd720b","newUserRole":"Employee","service":"ehr-backend","timestamp":"2025-12-17 21:38:36"}
{"level":"info","message":"Authorization check","method":"POST","path":"/register","requiredRoles":["Employee","Manager","Admin"],"service":"ehr-backend","timestamp":"2025-12-17 21:38:36","userId":"6942882b7d2a31cb18bd71f3","userRole":"Manager"}
{"creatorId":"6942882b7d2a31cb18bd71f3","creatorRole":"Manager","level":"info","message":"User registered successfully","newUserId":"6942882c7d2a31cb18bd7210","newUserRole":"Provider","service":"ehr-backend","timestamp":"2025-12-17 21:38:36"}
{"level":"info","message":"Authorization check","method":"POST","path":"/register","requiredRoles":["Employee","Manager","Admin"],"service":"ehr-backend","timestamp":"2025-12-17 21:38:36","userId":"6942882b7d2a31cb18bd71f3","userRole":"Manager"}
{"creatorId":"6942882b7d2a31cb18bd71f3","creatorRole":"Manager","level":"info","message":"User registered successfully","newUserId":"6942882c7d2a31cb18bd7215","newUserRole":"Patient","service":"ehr-backend","timestamp":"2025-12-17 21:38:36"}
{"email":"admin@test.com","level":"info","message":"User login successful","role":"Admin","service":"ehr-backend","timestamp":"2025-12-17 21:38:37","userId":"6942882c7d2a31cb18bd7219"}
{"email":"manager@test.com","level":"info","message":"User login successful","role":"Manager","service":"ehr-backend","timestamp":"2025-12-17 21:38:37","userId":"6942882c7d2a31cb18bd721b"}
{"email":"provider@test.com","level":"info","message":"User login successful","role":"Provider","service":"ehr-backend","timestamp":"2025-12-17 21:38:37","userId":"6942882c7d2a31cb18bd721d"}
{"email":"employee@test.com","level":"info","message":"User login successful","role":"Employee","service":"ehr-backend","timestamp":"2025-12-17 21:38:37","userId":"6942882c7d2a31cb18bd721f"}
{"email":"patient@test.com","level":"info","message":"User login successful","role":"Patient","service":"ehr-backend","timestamp":"2025-12-17 21:38:37","userId":"6942882d7d2a31cb18bd7221"}
{"level":"info","message":"Authorization check","method":"POST","path":"/register","requiredRoles":["Employee","Manager","Admin"],"service":"ehr-backend","timestamp":"2025-12-17 21:38:37","userId":"6942882c7d2a31cb18bd721b","userRole":"Manager"}
{"creatorId":"6942882c7d2a31cb18bd721b","creatorRole":"Manager","level":"warn","message":"Registration denied: Insufficient permissions","service":"ehr-backend","targetRole":"Manager","timestamp":"2025-12-17 21:38:37"}
{"email":"admin@test.com","level":"info","message":"User login successful","role":"Admin","service":"ehr-backend","timestamp":"2025-12-17 21:38:38","userId":"6942882d7d2a31cb18bd7232"}
{"email":"manager@test.com","level":"info","message":"User login successful","role":"Manager","service":"ehr-backend","timestamp":"2025-12-17 21:38:38","userId":"6942882d7d2a31cb18bd7234"}
{"email":"provider@test.com","level":"info","message":"User login successful","role":"Provider","service":"ehr-backend","timestamp":"2025-12-17 21:38:38","userId":"6942882d7d2a31cb18bd7236"}
{"email":"employee@test.com","level":"info","message":"User login successful","role":"Employee","service":"ehr-backend","timestamp":"2025-12-17 21:38:38","userId":"6942882d7d2a31cb18bd7238"}
{"email":"patient@test.com","level":"info","message":"User login successful","role":"Patient","service":"ehr-backend","timestamp":"2025-12-17 21:38:38","userId":"6942882e7d2a31cb18bd723a"}
{"level":"info","message":"Authorization check","method":"POST","path":"/register","requiredRoles":["Employee","Manager","Admin"],"service":"ehr-backend","timestamp":"2025-12-17 21:38:38","userId":"6942882d7d2a31cb18bd7238","userRole":"Employee"}
{"creatorId":"6942882d7d2a31cb18bd7238","creatorRole":"Employee","level":"info","message":"User registered successfully","newUserId":"6942882e7d2a31cb18bd724c","newUserRole":"Patient","service":"ehr-backend","timestamp":"2025-12-17 21:38:38"}
{"email":"admin@test.com","level":"info","message":"User login successful","role":"Admin","service":"ehr-backend","timestamp":"2025-12-17 21:38:39","userId":"6942882e7d2a31cb18bd7250"}
{"email":"manager@test.com","level":"info","message":"User login successful","role":"Manager","service":"ehr-backend","timestamp":"2025-12-17 21:38:39","userId":"6942882e7d2a31cb18bd7252"}
{"email":"provider@test.com","level":"info","message":"User login successful","role":"Provider","service":"ehr-backend","timestamp":"2025-12-17 21:38:39","userId":"6942882f7d2a31cb18bd7254"}
{"email":"employee@test.com","level":"info","message":"User login successful","role":"Employee","service":"ehr-backend","timestamp":"2025-12-17 21:38:39","userId":"6942882f7d2a31cb18bd7256"}
{"email":"patient@test.com","level":"info","message":"User login successful","role":"Patient","service":"ehr-backend","timestamp":"2025-12-17 21:38:39","userId":"6942882f7d2a31cb18bd7258"}
{"level":"info","message":"Authorization check","method":"POST","path":"/register","requiredRoles":["Employee","Manager","Admin"],"service":"ehr-backend","timestamp":"2025-12-17 21:38:39","userId":"6942882f7d2a31cb18bd7256","userRole":"Employee"}
{"creatorId":"6942882f7d2a31cb18bd7256","creatorRole":"Employee","level":"warn","message":"Registration denied: Insufficient permissions","service":"ehr-backend","targetRole":"Provider","timestamp":"2025-12-17 21:38:39"}
{"email":"admin@test.com","level":"info","message":"User login successful","role":"Admin","service":"ehr-backend","timestamp":"2025-12-17 21:38:40","userId":"6942882f7d2a31cb18bd7269"}
{"email":"manager@test.com","level":"info","message":"User login successful","role":"Manager","service":"ehr-backend","timestamp":"2025-12-17 21:38:40","userId":"694288307d2a31cb18bd726b"}
{"email":"provider@test.com","level":"info","message":"User login successful","role":"Provider","service":"ehr-backend","timestamp":"2025-12-17 21:38:40","userId":"694288307d2a31cb18bd726d"}
{"email":"employee@test.com","level":"info","message":"User login successful","role":"Employee","service":"ehr-backend","timestamp":"2025-12-17 21:38:40","userId":"694288307d2a31cb18bd726f"}
{"email":"patient@test.com","level":"info","message":"User login successful","role":"Patient","service":"ehr-backend","timestamp":"2025-12-17 21:38:40","userId":"694288307d2a31cb18bd7271"}
{"level":"info","message":"Authorization check","method":"POST","path":"/register","requiredRoles":["Employee","Manager","Admin"],"service":"ehr-backend","timestamp":"2025-12-17 21:38:40","userId":"694288307d2a31cb18bd726f","userRole":"Employee"}
{"creatorId":"694288307d2a31cb18bd726f","creatorRole":"Employee","level":"warn","message":"Registration denied: Insufficient permissions","service":"ehr-backend","targetRole":"Employee","timestamp":"2025-12-17 21:38:40"}
{"email":"admin@test.com","level":"info","message":"User login successful","role":"Admin","service":"ehr-backend","timestamp":"2025-12-17 21:38:41","userId":"694288307d2a31cb18bd7282"}
{"email":"manager@test.com","level":"info","message":"User login successful","role":"Manager","service":"ehr-backend","timestamp":"2025-12-17 21:38:41","userId":"694288317d2a31cb18bd7284"}
{"email":"provider@test.com","level":"info","message":"User login successful","role":"Provider","service":"ehr-backend","timestamp":"2025-12-17 21:38:41","userId":"694288317d2a31cb18bd7286"}
{"email":"employee@test.com","level":"info","message":"User login successful","role":"Employee","service":"ehr-backend","timestamp":"2025-12-17 21:38:41","userId":"694288317d2a31cb18bd7288"}
{"email":"patient@test.com","level":"info","message":"User login successful","role":"Patient","service":"ehr-backend","timestamp":"2025-12-17 21:38:41","userId":"694288317d2a31cb18bd728a"}
{"level":"info","message":"Authorization check","method":"POST","path":"/register","requiredRoles":["Employee","Manager","Admin"],"service":"ehr-backend","timestamp":"2025-12-17 21:38:41","userId":"694288317d2a31cb18bd7286","userRole":"Provider"}
{"level":"warn","message":"Authorization denied: Insufficient permissions","method":"POST","path":"/register","requiredRoles":["Employee","Manager","Admin"],"service":"ehr-backend","timestamp":"2025-12-17 21:38:41","userId":"694288317d2a31cb18bd7286","userRole":"Provider"}
{"email":"admin@test.com","level":"info","message":"User login successful","role":"Admin","service":"ehr-backend","timestamp":"2025-12-17 21:38:42","userId":"694288317d2a31cb18bd729d"}
{"email":"manager@test.com","level":"info","message":"User login successful","role":"Manager","service":"ehr-backend","timestamp":"2025-12-17 21:38:42","userId":"694288327d2a31cb18bd729f"}
{"email":"provider@test.com","level":"info","message":"User login successful","role":"Provider","service":"ehr-backend","timestamp":"2025-12-17 21:38:42","userId":"694288327d2a31cb18bd72a1"}
{"email":"employee@test.com","level":"info","message":"User login successful","role":"Employee","service":"ehr-backend","timestamp":"2025-12-17 21:38:42","userId":"694288327d2a31cb18bd72a3"}
{"email":"patient@test.com","level":"info","message":"User login successful","role":"Patient","service":"ehr-backend","timestamp":"2025-12-17 21:38:42","userId":"694288327d2a31cb18bd72a5"}
{"level":"info","message":"Authorization check","method":"POST","path":"/register","requiredRoles":["Employee","Manager","Admin"],"service":"ehr-backend","timestamp":"2025-12-17 21:38:42","userId":"694288327d2a31cb18bd72a5","userRole":"Patient"}
{"level":"warn","message":"Authorization denied: Insufficient permissions","method":"POST","path":"/register","requiredRoles":["Employee","Manager","Admin"],"service":"ehr-backend","timestamp":"2025-12-17 21:38:42","userId":"694288327d2a31cb18bd72a5","userRole":"Patient"}
{"email":"admin@test.com","level":"info","message":"User login successful","role":"Admin","service":"ehr-backend","timestamp":"2025-12-17 21:38:43","userId":"694288327d2a31cb18bd72b8"}
{"email":"manager@test.com","level":"info","message":"User login successful","role":"Manager","service":"ehr-backend","timestamp":"2025-12-17 21:38:43","userId":"694288337d2a31cb18bd72ba"}
{"email":"provider@test.com","level":"info","message":"User login successful","role":"Provider","service":"ehr-backend","timestamp":"2025-12-17 21:38:43","userId":"694288337d2a31cb18bd72bc"}
{"email":"employee@test.com","level":"info","message":"User login successful","role":"Employee","service":"ehr-backend","timestamp":"2025-12-17 21:38:43","userId":"694288337d2a31cb18bd72be"}
{"email":"patient@test.com","level":"info","message":"User login successful","role":"Patient","service":"ehr-backend","timestamp":"2025-12-17 21:38:43","userId":"694288337d2a31cb18bd72c0"}
{"level":"info","message":"Authorization check","method":"GET","path":"/audit-logs","requiredRoles":["Admin"],"service":"ehr-backend","timestamp":"2025-12-17 21:38:43","userId":"694288327d2a31cb18bd72b8","userRole":"Admin"}
{"level":"info","message":"Admin 694288327d2a31cb18bd72b8 retrieved 5 audit logs","service":"ehr-backend","timestamp":"2025-12-17 21:38:43"}
{"email":"admin@test.com","level":"info","message":"User login successful","role":"Admin","service":"ehr-backend","timestamp":"2025-12-17 21:38:44","userId":"694288337d2a31cb18bd72d2"}
{"email":"manager@test.com","level":"info","message":"User login successful","role":"Manager","service":"ehr-backend","timestamp":"2025-12-17 21:38:44","userId":"694288347d2a31cb18bd72d4"}
{"email":"provider@test.com","level":"info","message":"User login successful","role":"Provider","service":"ehr-backend","timestamp":"2025-12-17 21:38:44","userId":"694288347d2a31cb18bd72d6"}
{"email":"employee@test.com","level":"info","message":"User login successful","role":"Employee","service":"ehr-backend","timestamp":"2025-12-17 21:38:44","userId":"694288347d2a31cb18bd72d8"}
{"email":"patient@test.com","level":"info","message":"User login successful","role":"Patient","service":"ehr-backend","timestamp":"2025-12-17 21:38:44","userId":"694288347d2a31cb18bd72da"}
{"level":"info","message":"Authorization check","method":"GET","path":"/audit-logs","requiredRoles":["Admin"],"service":"ehr-backend","timestamp":"2025-12-17 21:38:44","userId":"694288347d2a31cb18bd72d4","userRole":"Manager"}
{"level":"warn","message":"Authorization denied: Insufficient permissions","method":"GET","path":"/audit-logs","requiredRoles":["Admin"],"service":"ehr-backend","timestamp":"2025-12-17 21:38:44","userId":"694288347d2a31cb18bd72d4","userRole":"Manager"}
{"email":"admin@test.com","level":"info","message":"User login successful","role":"Admin","service":"ehr-backend","timestamp":"2025-12-17 21:38:45","userId":"694288347d2a31cb18bd72ed"}
{"email":"manager@test.com","level":"info","message":"User login successful","role":"Manager","service":"ehr-backend","timestamp":"2025-12-17 21:38:45","userId":"694288357d2a31cb18bd72ef"}
{"email":"provider@test.com","level":"info","message":"User login successful","role":"Provider","service":"ehr-backend","timestamp":"2025-12-17 21:38:45","userId":"694288357d2a31cb18bd72f1"}
{"email":"employee@test.com","level":"info","message":"User login successful","role":"Employee","service":"ehr-backend","timestamp":"2025-12-17 21:38:45","userId":"694288357d2a31cb18bd72f3"}
{"email":"patient@test.com","level":"info","message":"User login successful","role":"Patient","service":"ehr-backend","timestamp":"2025-12-17 21:38:46","userId":"694288357d2a31cb18bd72f5"}
{"level":"info","message":"Authorization check","method":"GET","path":"/audit-logs","requiredRoles":["Admin"],"service":"ehr-backend","timestamp":"2025-12-17 21:38:46","userId":"694288357d2a31cb18bd72f1","userRole":"Provider"}
{"level":"warn","message":"Authorization denied: Insufficient permissions","method":"GET","path":"/audit-logs","requiredRoles":["Admin"],"service":"ehr-backend","timestamp":"2025-12-17 21:38:46","userId":"694288357d2a31cb18bd72f1","userRole":"Provider"}
{"email":"admin@test.com","level":"info","message":"User login successful","role":"Admin","service":"ehr-backend","timestamp":"2025-12-17 21:38:46","userId":"694288367d2a31cb18bd7308"}
{"email":"manager@test.com","level":"info","message":"User login successful","role":"Manager","service":"ehr-backend","timestamp":"2025-12-17 21:38:46","userId":"694288367d2a31cb18bd730a"}
{"email":"provider@test.com","level":"info","message":"User login successful","role":"Provider","service":"ehr-backend","timestamp":"2025-12-17 21:38:46","userId":"694288367d2a31cb18bd730c"}
{"email":"employee@test.com","level":"info","message":"User login successful","role":"Employee","service":"ehr-backend","timestamp":"2025-12-17 21:38:46","userId":"694288367d2a31cb18bd730e"}
{"email":"patient@test.com","level":"info","message":"User login successful","role":"Patient","service":"ehr-backend","timestamp":"2025-12-17 21:38:47","userId":"694288367d2a31cb18bd7310"}
{"level":"info","message":"Authorization check","method":"GET","path":"/audit-logs","requiredRoles":["Admin"],"service":"ehr-backend","timestamp":"2025-12-17 21:38:47","userId":"694288367d2a31cb18bd730e","userRole":"Employee"}
{"level":"warn","message":"Authorization denied: Insufficient permissions","method":"GET","path":"/audit-logs","requiredRoles":["Admin"],"service":"ehr-backend","timestamp":"2025-12-17 21:38:47","userId":"694288367d2a31cb18bd730e","userRole":"Employee"}
{"email":"admin@test.com","level":"info","message":"User login successful","role":"Admin","service":"ehr-backend","timestamp":"2025-12-17 21:38:47","userId":"694288377d2a31cb18bd7323"}
{"email":"manager@test.com","level":"info","message":"User login successful","role":"Manager","service":"ehr-backend","timestamp":"2025-12-17 21:38:47","userId":"694288377d2a31cb18bd7325"}
{"email":"provider@test.com","level":"info","message":"User login successful","role":"Provider","service":"ehr-backend","timestamp":"2025-12-17 21:38:47","userId":"694288377d2a31cb18bd7327"}
{"email":"employee@test.com","level":"info","message":"User login successful","role":"Employee","service":"ehr-backend","timestamp":"2025-12-17 21:38:48","userId":"694288377d2a31cb18bd7329"}
{"email":"patient@test.com","level":"info","message":"User login successful","role":"Patient","service":"ehr-backend","timestamp":"2025-12-17 21:38:48","userId":"694288377d2a31cb18bd732b"}
{"level":"info","message":"Authorization check","method":"GET","path":"/audit-logs","requiredRoles":["Admin"],"service":"ehr-backend","timestamp":"2025-12-17 21:38:48","userId":"694288377d2a31cb18bd732b","userRole":"Patient"}
{"level":"warn","message":"Authorization denied: Insufficient permissions","method":"GET","path":"/audit-logs","requiredRoles":["Admin"],"service":"ehr-backend","timestamp":"2025-12-17 21:38:48","userId":"694288377d2a31cb18bd732b","userRole":"Patient"}
{"email":"admin@test.com","level":"info","message":"User login successful","role":"Admin","service":"ehr-backend","timestamp":"2025-12-17 21:38:48","userId":"694288387d2a31cb18bd733e"}
{"email":"manager@test.com","level":"info","message":"User login successful","role":"Manager","service":"ehr-backend","timestamp":"2025-12-17 21:38:48","userId":"694288387d2a31cb18bd7340"}
{"email":"provider@test.com","level":"info","message":"User login successful","role":"Provider","service":"ehr-backend","timestamp":"2025-12-17 21:38:48","userId":"694288387d2a31cb18bd7342"}
{"email":"employee@test.com","level":"info","message":"User login successful","role":"Employee","service":"ehr-backend","timestamp":"2025-12-17 21:38:49","userId":"694288387d2a31cb18bd7344"}
{"email":"patient@test.com","level":"info","message":"User login successful","role":"Patient","service":"ehr-backend","timestamp":"2025-12-17 21:38:49","userId":"694288387d2a31cb18bd7346"}
{"level":"info","message":"Authorization check","method":"POST","path":"/assign-patient","requiredRoles":["Admin"],"service":"ehr-backend","timestamp":"2025-12-17 21:38:49","userId":"694288387d2a31cb18bd733e","userRole":"Admin"}
{"level":"info","message":"Patient 694288387d2a31cb18bd7346 assigned to Provider 694288387d2a31cb18bd7342 by Admin 694288387d2a31cb18bd733e","service":"ehr-backend","timestamp":"2025-12-17 21:38:49"}
{"email":"admin@test.com","level":"info","message":"User login successful","role":"Admin","service":"ehr-backend","timestamp":"2025-12-17 21:38:49","userId":"694288397d2a31cb18bd735b"}
{"email":"manager@test.com","level":"info","message":"User login successful","role":"Manager","service":"ehr-backend","timestamp":"2025-12-17 21:38:49","userId":"694288397d2a31cb18bd735d"}
{"email":"provider@test.com","level":"info","message":"User login successful","role":"Provider","service":"ehr-backend","timestamp":"2025-12-17 21:38:49","userId":"694288397d2a31cb18bd735f"}
{"email":"employee@test.com","level":"info","message":"User login successful","role":"Employee","service":"ehr-backend","timestamp":"2025-12-17 21:38:50","userId":"694288397d2a31cb18bd7361"}
{"email":"patient@test.com","level":"info","message":"User login successful","role":"Patient","service":"ehr-backend","timestamp":"2025-12-17 21:38:50","userId":"694288397d2a31cb18bd7363"}
{"level":"info","message":"Authorization check","method":"POST","path":"/assign-patient","requiredRoles":["Admin"],"service":"ehr-backend","timestamp":"2025-12-17 21:38:50","userId":"694288397d2a31cb18bd735d","userRole":"Manager"}
{"level":"warn","message":"Authorization denied: Insufficient permissions","method":"POST","path":"/assign-patient","requiredRoles":["Admin"],"service":"ehr-backend","timestamp":"2025-12-17 21:38:50","userId":"694288397d2a31cb18bd735d","userRole":"Manager"}
{"email":"admin@test.com","level":"info","message":"User login successful","role":"Admin","service":"ehr-backend","timestamp":"2025-12-17 21:38:50","userId":"6942883a7d2a31cb18bd7376"}
{"email":"manager@test.com","level":"info","message":"User login successful","role":"Manager","service":"ehr-backend","timestamp":"2025-12-17 21:38:50","userId":"6942883a7d2a31cb18bd7378"}
{"email":"provider@test.com","level":"info","message":"User login successful","role":"Provider","service":"ehr-backend","timestamp":"2025-12-17 21:38:51","userId":"6942883a7d2a31cb18bd737a"}
{"email":"employee@test.com","level":"info","message":"User login successful","role":"Employee","service":"ehr-backend","timestamp":"2025-12-17 21:38:51","userId":"6942883a7d2a31cb18bd737c"}
{"email":"patient@test.com","level":"info","message":"User login successful","role":"Patient","service":"ehr-backend","timestamp":"2025-12-17 21:38:51","userId":"6942883a7d2a31cb18bd737e"}
{"level":"info","message":"Authorization check","method":"GET","path":"/audit-logs","requiredRoles":["Admin"],"service":"ehr-backend","timestamp":"2025-12-17 21:38:51","userId":"6942883a7d2a31cb18bd737e","userRole":"Patient"}
{"level":"warn","message":"Authorization denied: Insufficient permissions","method":"GET","path":"/audit-logs","requiredRoles":["Admin"],"service":"ehr-backend","timestamp":"2025-12-17 21:38:51","userId":"6942883a7d2a31cb18bd737e","userRole":"Patient"}
{"email":"admin@test.com","level":"info","message":"User login successful","role":"Admin","service":"ehr-backend","timestamp":"2025-12-17 21:38:51","userId":"6942883b7d2a31cb18bd7391"}
{"email":"manager@test.com","level":"info","message":"User login successful","role":"Manager","service":"ehr-backend","timestamp":"2025-12-17 21:38:51","userId":"6942883b7d2a31cb18bd7393"}
{"email":"provider@test.com","level":"info","message":"User login successful","role":"Provider","service":"ehr-backend","timestamp":"2025-12-17 21:38:52","userId":"6942883b7d2a31cb18bd7395"}
{"email":"employee@test.com","level":"info","message":"User login successful","role":"Employee","service":"ehr-backend","timestamp":"2025-12-17 21:38:52","userId":"6942883b7d2a31cb18bd7397"}
{"email":"patient@test.com","level":"info","message":"User login successful","role":"Patient","service":"ehr-backend","timestamp":"2025-12-17 21:38:52","userId":"6942883b7d2a31cb18bd7399"}
{"level":"info","message":"Authorization check","method":"GET","path":"/audit-logs","requiredRoles":["Admin"],"service":"ehr-backend","timestamp":"2025-12-17 21:38:52","userId":"6942883b7d2a31cb18bd7397","userRole":"Employee"}
{"level":"warn","message":"Authorization denied: Insufficient permissions","method":"GET","path":"/audit-logs","requiredRoles":["Admin"],"service":"ehr-backend","timestamp":"2025-12-17 21:38:52","userId":"6942883b7d2a31cb18bd7397","userRole":"Employee"}
{"email":"admin@test.com","level":"info","message":"User login successful","role":"Admin","service":"ehr-backend","timestamp":"2025-12-17 21:38:52","userId":"6942883c7d2a31cb18bd73ac"}
{"email":"manager@test.com","level":"info","message":"User login successful","role":"Manager","service":"ehr-backend","timestamp":"2025-12-17 21:38:53","userId":"6942883c7d2a31cb18bd73ae"}
{"email":"provider@test.com","level":"info","message":"User login successful","role":"Provider","service":"ehr-backend","timestamp":"2025-12-17 21:38:53","userId":"6942883c7d2a31cb18bd73b0"}
{"email":"employee@test.com","level":"info","message":"User login successful","role":"Employee","service":"ehr-backend","timestamp":"2025-12-17 21:38:53","userId":"6942883c7d2a31cb18bd73b2"}
{"email":"patient@test.com","level":"info","message":"User login successful","role":"Patient","service":"ehr-backend","timestamp":"2025-12-17 21:38:53","userId":"6942883c7d2a31cb18bd73b4"}
{"level":"info","message":"Authorization check","method":"GET","path":"/audit-logs","requiredRoles":["Admin"],"service":"ehr-backend","timestamp":"2025-12-17 21:38:53","userId":"6942883c7d2a31cb18bd73b0","userRole":"Provider"}
{"level":"warn","message":"Authorization denied: Insufficient permissions","method":"GET","path":"/audit-logs","requiredRoles":["Admin"],"service":"ehr-backend","timestamp":"2025-12-17 21:38:53","userId":"6942883c7d2a31cb18bd73b0","userRole":"Provider"}
{"email":"admin@test.com","level":"info","message":"User login successful","role":"Admin","service":"ehr-backend","timestamp":"2025-12-17 21:38:54","userId":"6942883d7d2a31cb18bd73c7"}
{"email":"manager@test.com","level":"info","message":"User login successful","role":"Manager","service":"ehr-backend","timestamp":"2025-12-17 21:38:54","userId":"6942883d7d2a31cb18bd73c9"}
{"email":"provider@test.com","level":"info","message":"User login successful","role":"Provider","service":"ehr-backend","timestamp":"2025-12-17 21:38:54","userId":"6942883d7d2a31cb18bd73cb"}
{"email":"employee@test.com","level":"info","message":"User login successful","role":"Employee","service":"ehr-backend","timestamp":"2025-12-17 21:38:54","userId":"6942883d7d2a31cb18bd73cd"}
{"email":"patient@test.com","level":"info","message":"User login successful","role":"Patient","service":"ehr-backend","timestamp":"2025-12-17 21:38:54","userId":"6942883d7d2a31cb18bd73cf"}
{"level":"info","message":"Authorization check","method":"POST","path":"/assign-patient","requiredRoles":["Admin"],"service":"ehr-backend","timestamp":"2025-12-17 21:38:54","userId":"6942883d7d2a31cb18bd73c9","userRole":"Manager"}
{"level":"warn","message":"Authorization denied: Insufficient permissions","method":"POST","path":"/assign-patient","requiredRoles":["Admin"],"service":"ehr-backend","timestamp":"2025-12-17 21:38:54","userId":"6942883d7d2a31cb18bd73c9","userRole":"Manager"}
{"email":"admin@test.com","level":"info","message":"User login successful","role":"Admin","service":"ehr-backend","timestamp":"2025-12-17 21:38:55","userId":"6942883e7d2a31cb18bd73e2"}
{"email":"manager@test.com","level":"info","message":"User login successful","role":"Manager","service":"ehr-backend","timestamp":"2025-12-17 21:38:55","userId":"6942883e7d2a31cb18bd73e4"}
{"email":"provider@test.com","level":"info","message":"User login successful","role":"Provider","service":"ehr-backend","timestamp":"2025-12-17 21:38:55","userId":"6942883e7d2a31cb18bd73e6"}
{"email":"employee@test.com","level":"info","message":"User login successful","role":"Employee","service":"ehr-backend","timestamp":"2025-12-17 21:38:55","userId":"6942883e7d2a31cb18bd73e8"}
{"email":"patient@test.com","level":"info","message":"User login successful","role":"Patient","service":"ehr-backend","timestamp":"2025-12-17 21:38:55","userId":"6942883e7d2a31cb18bd73ea"}
{"level":"info","message":"Authorization check","method":"PUT","path":"/6942883e7d2a31cb18bd73ea","requiredRoles":["Patient","Employee","Manager","Admin"],"service":"ehr-backend","timestamp":"2025-12-17 21:38:55","userId":"6942883e7d2a31cb18bd73e2","userRole":"Admin"}
{"level":"info","message":"Patient updated by staff","service":"ehr-backend","timestamp":"2025-12-17 21:38:55","updatedBy":"6942883e7d2a31cb18bd73e2","updaterRole":"Admin","userId":"6942883e7d2a31cb18bd73ea"}
{"level":"info","message":"User updated successfully","role":"Patient","service":"ehr-backend","timestamp":"2025-12-17 21:38:55","updatedBy":"6942883e7d2a31cb18bd73e2","userId":"6942883e7d2a31cb18bd73ea"}
{"email":"admin@test.com","level":"info","message":"User login successful","role":"Admin","service":"ehr-backend","timestamp":"2025-12-17 21:38:56","userId":"6942883f7d2a31cb18bd73ff"}
{"email":"manager@test.com","level":"info","message":"User login successful","role":"Manager","service":"ehr-backend","timestamp":"2025-12-17 21:38:56","userId":"6942883f7d2a31cb18bd7401"}
{"email":"provider@test.com","level":"info","message":"User login successful","role":"Provider","service":"ehr-backend","timestamp":"2025-12-17 21:38:56","userId":"6942883f7d2a31cb18bd7403"}
{"email":"employee@test.com","level":"info","message":"User login successful","role":"Employee","service":"ehr-backend","timestamp":"2025-12-17 21:38:56","userId":"6942883f7d2a31cb18bd7405"}
{"email":"patient@test.com","level":"info","message":"User login successful","role":"Patient","service":"ehr-backend","timestamp":"2025-12-17 21:38:56","userId":"6942883f7d2a31cb18bd7407"}
{"level":"info","message":"Authorization check","method":"PUT","path":"/6942883f7d2a31cb18bd7407","requiredRoles":["Patient","Employee","Manager","Admin"],"service":"ehr-backend","timestamp":"2025-12-17 21:38:56","userId":"6942883f7d2a31cb18bd7401","userRole":"Manager"}
{"level":"info","message":"Patient updated by staff","service":"ehr-backend","timestamp":"2025-12-17 21:38:56","updatedBy":"6942883f7d2a31cb18bd7401","updaterRole":"Manager","userId":"6942883f7d2a31cb18bd7407"}
{"level":"info","message":"User updated successfully","role":"Patient","service":"ehr-backend","timestamp":"2025-12-17 21:38:56","updatedBy":"6942883f7d2a31cb18bd7401","userId":"6942883f7d2a31cb18bd7407"}
{"email":"admin@test.com","level":"info","message":"User login successful","role":"Admin","service":"ehr-backend","timestamp":"2025-12-17 21:38:57","userId":"694288407d2a31cb18bd741c"}
{"email":"manager@test.com","level":"info","message":"User login successful","role":"Manager","service":"ehr-backend","timestamp":"2025-12-17 21:38:57","userId":"694288407d2a31cb18bd741e"}
{"email":"provider@test.com","level":"info","message":"User login successful","role":"Provider","service":"ehr-backend","timestamp":"2025-12-17 21:38:57","userId":"694288407d2a31cb18bd7420"}
{"email":"employee@test.com","level":"info","message":"User login successful","role":"Employee","service":"ehr-backend","timestamp":"2025-12-17 21:38:57","userId":"694288407d2a31cb18bd7422"}
{"email":"patient@test.com","level":"info","message":"User login successful","role":"Patient","service":"ehr-backend","timestamp":"2025-12-17 21:38:57","userId":"694288407d2a31cb18bd7424"}
{"level":"info","message":"Authorization check","method":"PUT","path":"/694288407d2a31cb18bd7424","requiredRoles":["Patient","Employee","Manager","Admin"],"service":"ehr-backend","timestamp":"2025-12-17 21:38:57","userId":"694288407d2a31cb18bd7424","userRole":"Patient"}
{"fields":["phone","address"],"level":"info","message":"Patient self-update","service":"ehr-backend","timestamp":"2025-12-17 21:38:57","userId":"694288407d2a31cb18bd7424"}
{"level":"info","message":"User updated successfully","role":"Patient","service":"ehr-backend","timestamp":"2025-12-17 21:38:57","updatedBy":"694288407d2a31cb18bd7424","userId":"694288407d2a31cb18bd7424"}
{"email":"admin@test.com","level":"info","message":"User login successful","role":"Admin","service":"ehr-backend","timestamp":"2025-12-17 21:38:58","userId":"694288417d2a31cb18bd7439"}
{"email":"manager@test.com","level":"info","message":"User login successful","role":"Manager","service":"ehr-backend","timestamp":"2025-12-17 21:38:58","userId":"694288417d2a31cb18bd743b"}
{"email":"provider@test.com","level":"info","message":"User login successful","role":"Provider","service":"ehr-backend","timestamp":"2025-12-17 21:38:58","userId":"694288417d2a31cb18bd743d"}
{"email":"employee@test.com","level":"info","message":"User login successful","role":"Employee","service":"ehr-backend","timestamp":"2025-12-17 21:38:58","userId":"694288417d2a31cb18bd743f"}
{"email":"patient@test.com","level":"info","message":"User login successful","role":"Patient","service":"ehr-backend","timestamp":"2025-12-17 21:38:58","userId":"694288417d2a31cb18bd7441"}
{"level":"info","message":"Authorization check","method":"PUT","path":"/694288427d2a31cb18bd7452","requiredRoles":["Patient","Employee","Manager","Admin"],"service":"ehr-backend","timestamp":"2025-12-17 21:38:58","userId":"694288417d2a31cb18bd7441","userRole":"Patient"}
{"level":"warn","message":"Update denied: Not authorized to update patient","requesterId":"694288417d2a31cb18bd7441","requesterRole":"Patient","service":"ehr-backend","targetUserId":"694288427d2a31cb18bd7452","timestamp":"2025-12-17 21:38:58"}
{"email":"admin@test.com","level":"info","message":"User login successful","role":"Admin","service":"ehr-backend","timestamp":"2025-12-17 21:38:59","userId":"694288427d2a31cb18bd7455"}
{"email":"manager@test.com","level":"info","message":"User login successful","role":"Manager","service":"ehr-backend","timestamp":"2025-12-17 21:38:59","userId":"694288437d2a31cb18bd7457"}
{"email":"provider@test.com","level":"info","message":"User login successful","role":"Provider","service":"ehr-backend","timestamp":"2025-12-17 21:38:59","userId":"694288437d2a31cb18bd7459"}
{"email":"employee@test.com","level":"info","message":"User login successful","role":"Employee","service":"ehr-backend","timestamp":"2025-12-17 21:38:59","userId":"694288437d2a31cb18bd745b"}
{"email":"patient@test.com","level":"info","message":"User login successful","role":"Patient","service":"ehr-backend","timestamp":"2025-12-17 21:38:59","userId":"694288437d2a31cb18bd745d"}
{"email":"admin@test.com","level":"info","message":"User login successful","role":"Admin","service":"ehr-backend","timestamp":"2025-12-17 21:39:00","userId":"694288437d2a31cb18bd7471"}
{"email":"manager@test.com","level":"info","message":"User login successful","role":"Manager","service":"ehr-backend","timestamp":"2025-12-17 21:39:00","userId":"694288447d2a31cb18bd7473"}
{"email":"provider@test.com","level":"info","message":"User login successful","role":"Provider","service":"ehr-backend","timestamp":"2025-12-17 21:39:00","userId":"694288447d2a31cb18bd7475"}
{"email":"employee@test.com","level":"info","message":"User login successful","role":"Employee","service":"ehr-backend","timestamp":"2025-12-17 21:39:00","userId":"694288447d2a31cb18bd7477"}
{"email":"patient@test.com","level":"info","message":"User login successful","role":"Patient","service":"ehr-backend","timestamp":"2025-12-17 21:39:00","userId":"694288447d2a31cb18bd7479"}
{"level":"info","message":"Authorization check","method":"GET","path":"/audit-logs","requiredRoles":["Admin"],"service":"ehr-backend","timestamp":"2025-12-17 21:39:00","userId":"694288447d2a31cb18bd7475","userRole":"Provider"}
{"level":"warn","message":"Authorization denied: Insufficient permissions","method":"GET","path":"/audit-logs","requiredRoles":["Admin"],"service":"ehr-backend","timestamp":"2025-12-17 21:39:00","userId":"694288447d2a31cb18bd7475","userRole":"Provider"}
{"email":"admin@test.com","level":"info","message":"User login successful","role":"Admin","service":"ehr-backend","timestamp":"2025-12-17 21:39:07","userId":"6942884ac0054f8c21ee2ca8"}
{"email":"manager@test.com","level":"info","message":"User login successful","role":"Manager","service":"ehr-backend","timestamp":"2025-12-17 21:39:07","userId":"6942884ac0054f8c21ee2cab"}
{"email":"provider@test.com","level":"info","message":"User login successful","role":"Provider","service":"ehr-backend","timestamp":"2025-12-17 21:39:07","userId":"6942884ac0054f8c21ee2cad"}
{"email":"assigned@test.com","level":"info","message":"User login successful","role":"Patient","service":"ehr-backend","timestamp":"2025-12-17 21:39:07","userId":"6942884bc0054f8c21ee2cb1"}
{"creatorId":"6942884ac0054f8c21ee2cad","level":"info","message":"Record created successfully","patientId":"6942884bc0054f8c21ee2cb1","recordId":"6942884bc0054f8c21ee2cc1","service":"ehr-backend","timestamp":"2025-12-17 21:39:07"}
{"email":"admin@test.com","level":"info","message":"User login successful","role":"Admin","service":"ehr-backend","timestamp":"2025-12-17 21:39:08","userId":"6942884bc0054f8c21ee2cc5"}
{"email":"manager@test.com","level":"info","message":"User login successful","role":"Manager","service":"ehr-backend","timestamp":"2025-12-17 21:39:08","userId":"6942884bc0054f8c21ee2cc7"}
{"email":"provider@test.com","level":"info","message":"User login successful","role":"Provider","service":"ehr-backend","timestamp":"2025-12-17 21:39:08","userId":"6942884cc0054f8c21ee2cc9"}
{"email":"assigned@test.com","level":"info","message":"User login successful","role":"Patient","service":"ehr-backend","timestamp":"2025-12-17 21:39:08","userId":"6942884cc0054f8c21ee2ccd"}
{"email":"admin@test.com","level":"info","message":"User login successful","role":"Admin","service":"ehr-backend","timestamp":"2025-12-17 21:39:09","userId":"6942884cc0054f8c21ee2cdd"}
{"email":"manager@test.com","level":"info","message":"User login successful","role":"Manager","service":"ehr-backend","timestamp":"2025-12-17 21:39:09","userId":"6942884cc0054f8c21ee2cdf"}
{"email":"provider@test.com","level":"info","message":"User login successful","role":"Provider","service":"ehr-backend","timestamp":"2025-12-17 21:39:09","userId":"6942884cc0054f8c21ee2ce1"}
{"email":"assigned@test.com","level":"info","message":"User login successful","role":"Patient","service":"ehr-backend","timestamp":"2025-12-17 21:39:09","userId":"6942884dc0054f8c21ee2ce5"}
{"creatorId":"6942884cc0054f8c21ee2cdf","level":"info","message":"Record created successfully","patientId":"6942884dc0054f8c21ee2ce3","recordId":"6942884dc0054f8c21ee2cf4","service":"ehr-backend","timestamp":"2025-12-17 21:39:09"}
{"email":"admin@test.com","level":"info","message":"User login successful","role":"Admin","service":"ehr-backend","timestamp":"2025-12-17 21:39:10","userId":"6942884dc0054f8c21ee2cf8"}
{"email":"manager@test.com","level":"info","message":"User login successful","role":"Manager","service":"ehr-backend","timestamp":"2025-12-17 21:39:10","userId":"6942884ec0054f8c21ee2cfa"}
{"email":"provider@test.com","level":"info","message":"User login successful","role":"Provider","service":"ehr-backend","timestamp":"2025-12-17 21:39:10","userId":"6942884ec0054f8c21ee2cfc"}
{"email":"assigned@test.com","level":"info","message":"User login successful","role":"Patient","service":"ehr-backend","timestamp":"2025-12-17 21:39:10","userId":"6942884ec0054f8c21ee2d00"}
{"email":"admin@test.com","level":"info","message":"User login successful","role":"Admin","service":"ehr-backend","timestamp":"2025-12-17 21:39:11","userId":"6942884ec0054f8c21ee2d0f"}
{"email":"manager@test.com","level":"info","message":"User login successful","role":"Manager","service":"ehr-backend","timestamp":"2025-12-17 21:39:11","userId":"6942884ec0054f8c21ee2d11"}
{"email":"provider@test.com","level":"info","message":"User login successful","role":"Provider","service":"ehr-backend","timestamp":"2025-12-17 21:39:11","userId":"6942884ec0054f8c21ee2d13"}
{"email":"assigned@test.com","level":"info","message":"User login successful","role":"Patient","service":"ehr-backend","timestamp":"2025-12-17 21:39:11","userId":"6942884fc0054f8c21ee2d17"}
{"email":"admin@test.com","level":"info","message":"User login successful","role":"Admin","service":"ehr-backend","timestamp":"2025-12-17 21:39:12","userId":"6942884fc0054f8c21ee2d26"}
{"email":"manager@test.com","level":"info","message":"User login successful","role":"Manager","service":"ehr-backend","timestamp":"2025-12-17 21:39:12","userId":"6942884fc0054f8c21ee2d28"}
{"email":"provider@test.com","level":"info","message":"User login successful","role":"Provider","service":"ehr-backend","timestamp":"2025-12-17 21:39:12","userId":"6942884fc0054f8c21ee2d2a"}
{"email":"assigned@test.com","level":"info","message":"User login successful","role":"Patient","service":"ehr-backend","timestamp":"2025-12-17 21:39:12","userId":"69428850c0054f8c21ee2d2e"}
{"email":"admin@test.com","level":"info","message":"User login successful","role":"Admin","service":"ehr-backend","timestamp":"2025-12-17 21:39:13","userId":"69428850c0054f8c21ee2d3d"}
{"email":"manager@test.com","level":"info","message":"User login successful","role":"Manager","service":"ehr-backend","timestamp":"2025-12-17 21:39:13","userId":"69428850c0054f8c21ee2d3f"}
{"email":"provider@test.com","level":"info","message":"User login successful","role":"Provider","service":"ehr-backend","timestamp":"2025-12-17 21:39:13","userId":"69428850c0054f8c21ee2d41"}
{"email":"assigned@test.com","level":"info","message":"User login successful","role":"Patient","service":"ehr-backend","timestamp":"2025-12-17 21:39:13","userId":"69428850c0054f8c21ee2d45"}
{"creatorId":"69428850c0054f8c21ee2d41","level":"info","message":"Record created successfully","patientId":"69428850c0054f8c21ee2d45","recordId":"69428851c0054f8c21ee2d55","service":"ehr-backend","timestamp":"2025-12-17 21:39:13"}
{"email":"admin@test.com","level":"info","message":"User login successful","role":"Admin","service":"ehr-backend","timestamp":"2025-12-17 21:39:14","userId":"69428851c0054f8c21ee2d59"}
{"email":"manager@test.com","level":"info","message":"User login successful","role":"Manager","service":"ehr-backend","timestamp":"2025-12-17 21:39:14","userId":"69428851c0054f8c21ee2d5b"}
{"email":"provider@test.com","level":"info","message":"User login successful","role":"Provider","service":"ehr-backend","timestamp":"2025-12-17 21:39:14","userId":"69428851c0054f8c21ee2d5d"}
{"email":"assigned@test.com","level":"info","message":"User login successful","role":"Patient","service":"ehr-backend","timestamp":"2025-12-17 21:39:14","userId":"69428852c0054f8c21ee2d61"}
{"level":"info","message":"Records retrieved","recordCount":1,"role":"Manager","service":"ehr-backend","timestamp":"2025-12-17 21:39:14","userId":"69428851c0054f8c21ee2d5b"}
{"email":"admin@test.com","level":"info","message":"User login successful","role":"Admin","service":"ehr-backend","timestamp":"2025-12-17 21:39:15","userId":"69428852c0054f8c21ee2d76"}
{"email":"manager@test.com","level":"info","message":"User login successful","role":"Manager","service":"ehr-backend","timestamp":"2025-12-17 21:39:15","userId":"69428852c0054f8c21ee2d78"}
{"email":"provider@test.com","level":"info","message":"User login successful","role":"Provider","service":"ehr-backend","timestamp":"2025-12-17 21:39:15","userId":"69428852c0054f8c21ee2d7a"}
{"email":"assigned@test.com","level":"info","message":"User login successful","role":"Patient","service":"ehr-backend","timestamp":"2025-12-17 21:39:15","userId":"69428853c0054f8c21ee2d7e"}
{"email":"admin@test.com","level":"info","message":"User login successful","role":"Admin","service":"ehr-backend","timestamp":"2025-12-17 21:39:16","userId":"69428853c0054f8c21ee2d91"}
{"email":"manager@test.com","level":"info","message":"User login successful","role":"Manager","service":"ehr-backend","timestamp":"2025-12-17 21:39:16","userId":"69428853c0054f8c21ee2d93"}
{"email":"provider@test.com","level":"info","message":"User login successful","role":"Provider","service":"ehr-backend","timestamp":"2025-12-17 21:39:16","userId":"69428853c0054f8c21ee2d95"}
{"email":"assigned@test.com","level":"info","message":"User login successful","role":"Patient","service":"ehr-backend","timestamp":"2025-12-17 21:39:16","userId":"69428854c0054f8c21ee2d99"}
{"email":"admin@test.com","level":"info","message":"User login successful","role":"Admin","service":"ehr-backend","timestamp":"2025-12-17 21:39:17","userId":"69428854c0054f8c21ee2dab"}
{"email":"manager@test.com","level":"info","message":"User login successful","role":"Manager","service":"ehr-backend","timestamp":"2025-12-17 21:39:17","userId":"69428854c0054f8c21ee2dad"}
{"email":"provider@test.com","level":"info","message":"User login successful","role":"Provider","service":"ehr-backend","timestamp":"2025-12-17 21:39:17","userId":"69428854c0054f8c21ee2daf"}
{"email":"assigned@test.com","level":"info","message":"User login successful","role":"Patient","service":"ehr-backend","timestamp":"2025-12-17 21:39:17","userId":"69428855c0054f8c21ee2db3"}
{"level":"info","message":"Patient records retrieved","patientId":"69428855c0054f8c21ee2db3","recordCount":1,"service":"ehr-backend","timestamp":"2025-12-17 21:39:17"}
{"email":"admin@test.com","level":"info","message":"User login successful","role":"Admin","service":"ehr-backend","timestamp":"2025-12-17 21:39:18","userId":"69428855c0054f8c21ee2dc8"}
{"email":"manager@test.com","level":"info","message":"User login successful","role":"Manager","service":"ehr-backend","timestamp":"2025-12-17 21:39:18","userId":"69428855c0054f8c21ee2dca"}
{"email":"provider@test.com","level":"info","message":"User login successful","role":"Provider","service":"ehr-backend","timestamp":"2025-12-17 21:39:18","userId":"69428855c0054f8c21ee2dcc"}
{"email":"assigned@test.com","level":"info","message":"User login successful","role":"Patient","service":"ehr-backend","timestamp":"2025-12-17 21:39:18","userId":"69428856c0054f8c21ee2dd0"}
{"level":"info","message":"Patient records retrieved","patientId":"69428856c0054f8c21ee2dd0","recordCount":1,"service":"ehr-backend","timestamp":"2025-12-17 21:39:18"}
{"email":"admin@test.com","level":"info","message":"User login successful","role":"Admin","service":"ehr-backend","timestamp":"2025-12-17 21:39:19","userId":"69428856c0054f8c21ee2de7"}
{"email":"manager@test.com","level":"info","message":"User login successful","role":"Manager","service":"ehr-backend","timestamp":"2025-12-17 21:39:19","userId":"69428856c0054f8c21ee2de9"}
{"email":"provider@test.com","level":"info","message":"User login successful","role":"Provider","service":"ehr-backend","timestamp":"2025-12-17 21:39:19","userId":"69428857c0054f8c21ee2deb"}
{"email":"assigned@test.com","level":"info","message":"User login successful","role":"Patient","service":"ehr-backend","timestamp":"2025-12-17 21:39:19","userId":"69428857c0054f8c21ee2def"}
{"email":"admin@test.com","level":"info","message":"User login successful","role":"Admin","service":"ehr-backend","timestamp":"2025-12-17 21:39:20","userId":"69428857c0054f8c21ee2e00"}
{"email":"manager@test.com","level":"info","message":"User login successful","role":"Manager","service":"ehr-backend","timestamp":"2025-12-17 21:39:20","userId":"69428858c0054f8c21ee2e02"}
{"email":"provider@test.com","level":"info","message":"User login successful","role":"Provider","service":"ehr-backend","timestamp":"2025-12-17 21:39:20","userId":"69428858c0054f8c21ee2e04"}
{"email":"assigned@test.com","level":"info","message":"User login successful","role":"Patient","service":"ehr-backend","timestamp":"2025-12-17 21:39:20","userId":"69428858c0054f8c21ee2e08"}
{"level":"info","message":"Record retrieved by ID","recordId":"69428858c0054f8c21ee2e17","service":"ehr-backend","timestamp":"2025-12-17 21:39:20","userId":"69428858c0054f8c21ee2e04"}
{"email":"admin@test.com","level":"info","message":"User login successful","role":"Admin","service":"ehr-backend","timestamp":"2025-12-17 21:39:21","userId":"69428858c0054f8c21ee2e1d"}
{"email":"manager@test.com","level":"info","message":"User login successful","role":"Manager","service":"ehr-backend","timestamp":"2025-12-17 21:39:21","userId":"69428859c0054f8c21ee2e1f"}
{"email":"provider@test.com","level":"info","message":"User login successful","role":"Provider","service":"ehr-backend","timestamp":"2025-12-17 21:39:21","userId":"69428859c0054f8c21ee2e21"}
{"email":"assigned@test.com","level":"info","message":"User login successful","role":"Patient","service":"ehr-backend","timestamp":"2025-12-17 21:39:21","userId":"69428859c0054f8c21ee2e25"}
{"level":"info","message":"Record retrieved by ID","recordId":"69428859c0054f8c21ee2e34","service":"ehr-backend","timestamp":"2025-12-17 21:39:22","userId":"69428859c0054f8c21ee2e25"}
{"email":"admin@test.com","level":"info","message":"User login successful","role":"Admin","service":"ehr-backend","timestamp":"2025-12-17 21:39:22","userId":"6942885ac0054f8c21ee2e3a"}
{"email":"manager@test.com","level":"info","message":"User login successful","role":"Manager","service":"ehr-backend","timestamp":"2025-12-17 21:39:22","userId":"6942885ac0054f8c21ee2e3c"}
{"email":"provider@test.com","level":"info","message":"User login successful","role":"Provider","service":"ehr-backend","timestamp":"2025-12-17 21:39:22","userId":"6942885ac0054f8c21ee2e3e"}
{"email":"assigned@test.com","level":"info","message":"User login successful","role":"Patient","service":"ehr-backend","timestamp":"2025-12-17 21:39:23","userId":"6942885ac0054f8c21ee2e42"}
{"level":"info","message":"Record retrieved by ID","recordId":"6942885bc0054f8c21ee2e51","service":"ehr-backend","timestamp":"2025-12-17 21:39:23","userId":"6942885ac0054f8c21ee2e3c"}
{"email":"admin@test.com","level":"info","message":"User login successful","role":"Admin","service":"ehr-backend","timestamp":"2025-12-17 21:39:23","userId":"6942885bc0054f8c21ee2e57"}
{"email":"manager@test.com","level":"info","message":"User login successful","role":"Manager","service":"ehr-backend","timestamp":"2025-12-17 21:39:23","userId":"6942885bc0054f8c21ee2e59"}
{"email":"provider@test.com","level":"info","message":"User login successful","role":"Provider","service":"ehr-backend","timestamp":"2025-12-17 21:39:23","userId":"6942885bc0054f8c21ee2e5b"}
{"email":"assigned@test.com","level":"info","message":"User login successful","role":"Patient","service":"ehr-backend","timestamp":"2025-12-17 21:39:24","userId":"6942885bc0054f8c21ee2e5f"}
{"email":"admin@test.com","level":"info","message":"User login successful","role":"Admin","service":"ehr-backend","timestamp":"2025-12-17 21:39:24","userId":"6942885cc0054f8c21ee2e74"}
{"email":"manager@test.com","level":"info","message":"User login successful","role":"Manager","service":"ehr-backend","timestamp":"2025-12-17 21:39:24","userId":"6942885cc0054f8c21ee2e76"}
{"email":"provider@test.com","level":"info","message":"User login successful","role":"Provider","service":"ehr-backend","timestamp":"2025-12-17 21:39:25","userId":"6942885cc0054f8c21ee2e78"}
{"email":"assigned@test.com","level":"info","message":"User login successful","role":"Patient","service":"ehr-backend","timestamp":"2025-12-17 21:39:25","userId":"6942885cc0054f8c21ee2e7c"}
{"email":"admin@test.com","level":"info","message":"User login successful","role":"Admin","service":"ehr-backend","timestamp":"2025-12-17 21:39:25","userId":"6942885dc0054f8c21ee2e8e"}
{"email":"manager@test.com","level":"info","message":"User login successful","role":"Manager","service":"ehr-backend","timestamp":"2025-12-17 21:39:26","userId":"6942885dc0054f8c21ee2e90"}
{"email":"provider@test.com","level":"info","message":"User login successful","role":"Provider","service":"ehr-backend","timestamp":"2025-12-17 21:39:26","userId":"6942885dc0054f8c21ee2e92"}
{"email":"assigned@test.com","level":"info","message":"User login successful","role":"Patient","service":"ehr-backend","timestamp":"2025-12-17 21:39:26","userId":"6942885dc0054f8c21ee2e96"}
{"creatorId":"6942885dc0054f8c21ee2e92","level":"info","message":"Record created successfully","patientId":"6942885dc0054f8c21ee2e96","recordId":"6942885ec0054f8c21ee2ea6","service":"ehr-backend","timestamp":"2025-12-17 21:39:26"}
{"email":"admin@test.com","level":"info","message":"User login successful","role":"Admin","service":"ehr-backend","timestamp":"2025-12-17 21:39:27","userId":"6942885ec0054f8c21ee2eaa"}
{"email":"manager@test.com","level":"info","message":"User login successful","role":"Manager","service":"ehr-backend","timestamp":"2025-12-17 21:39:27","userId":"6942885ec0054f8c21ee2eac"}
{"email":"provider@test.com","level":"info","message":"User login successful","role":"Provider","service":"ehr-backend","timestamp":"2025-12-17 21:39:27","userId":"6942885ec0054f8c21ee2eae"}
{"email":"assigned@test.com","level":"info","message":"User login successful","role":"Patient","service":"ehr-backend","timestamp":"2025-12-17 21:39:27","userId":"6942885ec0054f8c21ee2eb2"}
{"email":"admin@test.com","level":"info","message":"User login successful","role":"Admin","service":"ehr-backend","timestamp":"2025-12-17 21:39:28","userId":"6942885fc0054f8c21ee2ec3"}
{"email":"manager@test.com","level":"info","message":"User login successful","role":"Manager","service":"ehr-backend","timestamp":"2025-12-17 21:39:28","userId":"6942885fc0054f8c21ee2ec5"}
{"email":"provider@test.com","level":"info","message":"User login successful","role":"Provider","service":"ehr-backend","timestamp":"2025-12-17 21:39:28","userId":"6942885fc0054f8c21ee2ec7"}
{"email":"assigned@test.com","level":"info","message":"User login successful","role":"Patient","service":"ehr-backend","timestamp":"2025-12-17 21:39:28","userId":"6942885fc0054f8c21ee2ecb"}
{"creatorId":"6942885fc0054f8c21ee2ec7","level":"info","message":"Record created successfully","patientId":"6942885fc0054f8c21ee2ecb","recordId":"69428860c0054f8c21ee2edb","service":"ehr-backend","timestamp":"2025-12-17 21:39:28"}
{"email":"admin@test.com","level":"info","message":"User login successful","role":"Admin","service":"ehr-backend","timestamp":"2025-12-17 21:39:29","userId":"69428860c0054f8c21ee2ee0"}
{"email":"manager@test.com","level":"info","message":"User login successful","role":"Manager","service":"ehr-backend","timestamp":"2025-12-17 21:39:29","userId":"69428860c0054f8c21ee2ee2"}
{"email":"provider@test.com","level":"info","message":"User login successful","role":"Provider","service":"ehr-backend","timestamp":"2025-12-17 21:39:29","userId":"69428860c0054f8c21ee2ee4"}
{"email":"assigned@test.com","level":"info","message":"User login successful","role":"Patient","service":"ehr-backend","timestamp":"2025-12-17 21:39:29","userId":"69428861c0054f8c21ee2ee8"}
{"level":"info","message":"Record retrieved by ID","recordId":"69428861c0054f8c21ee2ef7","service":"ehr-backend","timestamp":"2025-12-17 21:39:29","userId":"69428860c0054f8c21ee2ee4"}
{"email":"admin@test.com","level":"info","message":"User login successful","role":"Admin","service":"ehr-backend","timestamp":"2025-12-17 21:39:36","userId":"694288678b37dce8fed3061f"}
{"email":"manager@test.com","level":"info","message":"User login successful","role":"Manager","service":"ehr-backend","timestamp":"2025-12-17 21:39:36","userId":"694288688b37dce8fed30627"}
{"email":"provider@test.com","level":"info","message":"User login successful","role":"Provider","service":"ehr-backend","timestamp":"2025-12-17 21:39:37","userId":"694288688b37dce8fed3062c"}
{"email":"employee@test.com","level":"info","message":"User login successful","role":"Employee","service":"ehr-backend","timestamp":"2025-12-17 21:39:37","userId":"694288698b37dce8fed30631"}
{"email":"patient@test.com","level":"info","message":"User login successful","role":"Patient","service":"ehr-backend","timestamp":"2025-12-17 21:39:37","userId":"694288698b37dce8fed30636"}
{"email":"admin@test.com","level":"info","message":"User login successful","role":"Admin","service":"ehr-backend","timestamp":"2025-12-17 21:39:38","userId":"694288698b37dce8fed3063b"}
{"email":"patient@test.com","ip":"::ffff:127.0.0.1","level":"warn","message":"Login attempt failed: Invalid password","service":"ehr-backend","timestamp":"2025-12-17 21:39:38","userId":"6942886a8b37dce8fed30640"}
{"email":"nonexistent@example.com","ip":"::ffff:127.0.0.1","level":"warn","message":"Login attempt failed: User not found","service":"ehr-backend","timestamp":"2025-12-17 21:39:38"}
{"ip":"::ffff:127.0.0.1","level":"warn","message":"Login attempt failed: User not found","service":"ehr-backend","timestamp":"2025-12-17 21:39:38"}
{"email":"patient@test.com","error":"data and hash arguments required","level":"error","message":"Login error","service":"ehr-backend","timestamp":"2025-12-17 21:39:38"}
{"email":"admin@test.com","level":"info","message":"User login successful","role":"Admin","service":"ehr-backend","timestamp":"2025-12-17 21:39:39","userId":"6942886a8b37dce8fed30648"}
{"ip":"::ffff:127.0.0.1","level":"warn","message":"Authentication failed: Token missing","method":"GET","path":"/me","service":"ehr-backend","timestamp":"2025-12-17 21:39:39"}
{"error":"jwt malformed","ip":"::ffff:127.0.0.1","level":"warn","message":"Authentication failed: JWT verification failed","method":"GET","path":"/me","service":"ehr-backend","timestamp":"2025-12-17 21:39:39"}
{"error":"jwt expired","ip":"::ffff:127.0.0.1","level":"warn","message":"Authentication failed: JWT verification failed","method":"GET","path":"/me","service":"ehr-backend","timestamp":"2025-12-17 21:39:39"}
{"error":"invalid token","ip":"::ffff:127.0.0.1","level":"warn","message":"Authentication failed: JWT verification failed","method":"GET","path":"/me","service":"ehr-backend","timestamp":"2025-12-17 21:39:39"}
{"email":"admin@test.com","level":"info","message":"User login successful","role":"Admin","service":"ehr-backend","timestamp":"2025-12-17 21:39:40","userId":"6942886b8b37dce8fed30657"}
{"level":"info","message":"User logout","service":"ehr-backend","timestamp":"2025-12-17 21:39:40"}
{"level":"info","message":"User logout","service":"ehr-backend","timestamp":"2025-12-17 21:39:40"}
{"email":"admin@test.com","level":"info","message":"User login successful","role":"Admin","service":"ehr-backend","timestamp":"2025-12-17 21:39:40","userId":"6942886c8b37dce8fed30660"}
{"email":"admin@test.com","level":"info","message":"User login successful","role":"Admin","service":"ehr-backend","timestamp":"2025-12-17 21:39:41","userId":"6942886c8b37dce8fed30665"}
{"level":"info","message":"User logout","service":"ehr-backend","timestamp":"2025-12-17 21:39:41"}
{"ip":"::ffff:127.0.0.1","level":"warn","message":"Authentication failed: Token missing","method":"GET","path":"/me","service":"ehr-backend","timestamp":"2025-12-17 21:39:41"}
{"email":"admin@test.com","level":"info","message":"User login successful","role":"Admin","service":"ehr-backend","timestamp":"2025-12-17 21:39:41","userId":"6942886d8b37dce8fed3066c"}
{"level":"info","message":"Authorization check","method":"GET","path":"/audit-logs","requiredRoles":["Admin"],"service":"ehr-backend","timestamp":"2025-12-17 21:39:41","userId":"6942886d8b37dce8fed3066c","userRole":"Admin"}
{"level":"info","message":"Admin 6942886d8b37dce8fed3066c retrieved 1 audit logs","service":"ehr-backend","timestamp":"2025-12-17 21:39:41"}
{"ip":"::ffff:127.0.0.1","level":"warn","message":"Authentication failed: Token missing","method":"GET","path":"/audit-logs","service":"ehr-backend","timestamp":"2025-12-17 21:39:41"}
{"error":"jwt expired","ip":"::ffff:127.0.0.1","level":"warn","message":"Authentication failed: JWT verification failed","method":"GET","path":"/audit-logs","service":"ehr-backend","timestamp":"2025-12-17 21:39:42"}
{"keyVersion":1,"level":"info","message":"Public key retrieved successfully","service":"ehr-backend","timestamp":"2025-12-17 21:39:46"}
{"keyVersion":1,"level":"info","message":"Public key retrieved successfully","service":"ehr-backend","timestamp":"2025-12-17 21:39:46"}
{"keyVersion":1,"level":"info","message":"Public key retrieved successfully","service":"ehr-backend","timestamp":"2025-12-17 21:39:47"}
{"keyVersion":1,"level":"info","message":"Public key retrieved successfully","service":"ehr-backend","timestamp":"2025-12-17 21:39:47"}
{"keyVersion":1,"level":"info","message":"Public key retrieved successfully","service":"ehr-backend","timestamp":"2025-12-17 21:39:47"}
{"error":"Service unavailable","level":"error","message":"Failed to retrieve public key","service":"ehr-backend","timestamp":"2025-12-17 21:39:47"}
{"keyVersion":1,"level":"info","message":"Public key retrieved successfully","service":"ehr-backend","timestamp":"2025-12-17 21:39:47"}
{"keyVersion":1,"level":"info","message":"Public key retrieved successfully","service":"ehr-backend","timestamp":"2025-12-17 21:39:47"}
{"keyVersion":1,"level":"info","message":"Public key retrieved successfully","service":"ehr-backend","timestamp":"2025-12-17 21:39:47"}
{"level":"info","message":"Health check performed","service":"ehr-backend","services":{"api":"operational","mongodb":"connected","openbao":"healthy"},"status":"healthy","timestamp":"2025-12-17 21:39:50"}
{"level":"info","message":"Health check performed","service":"ehr-backend","services":{"api":"operational","mongodb":"connected","openbao":"healthy"},"status":"healthy","timestamp":"2025-12-17 21:39:50"}
{"level":"info","message":"Health check performed","service":"ehr-backend","services":{"api":"operational","mongodb":"connected","openbao":"healthy"},"status":"healthy","timestamp":"2025-12-17 21:39:50"}
{"level":"info","message":"Health check performed","service":"ehr-backend","services":{"api":"operational","mongodb":"connected","openbao":"healthy"},"status":"healthy","timestamp":"2025-12-17 21:39:50"}
{"level":"info","message":"Health check performed","service":"ehr-backend","services":{"api":"operational","mongodb":"connected","openbao":"healthy"},"status":"healthy","timestamp":"2025-12-17 21:39:50"}
{"level":"info","message":"Health check performed","service":"ehr-backend","services":{"api":"operational","mongodb":"connected","openbao":"unhealthy"},"status":"unhealthy","timestamp":"2025-12-17 21:39:50"}
{"level":"info","message":"Health check performed","service":"ehr-backend","services":{"api":"operational","mongodb":"connected","openbao":"healthy"},"status":"healthy","timestamp":"2025-12-17 21:39:50"}
{"level":"info","message":"Health check performed","service":"ehr-backend","services":{"api":"operational","mongodb":"connected","openbao":"healthy"},"status":"healthy","timestamp":"2025-12-17 21:39:50"}
{"level":"info","message":"Health check performed","service":"ehr-backend","services":{"api":"operational","mongodb":"connected","openbao":"healthy"},"status":"healthy","timestamp":"2025-12-17 21:39:50"}
{"level":"error","message":"Health check failed: Health check failed","service":"ehr-backend","stack":"Error: Health check failed\n    at Object.<anonymous> (/Users/user/Documents/Monash/CyberSecurity/Assesment2/Final Submission/TP6 25/EHR_draft/ehr-backend/test/integration/health.integration.test.js:254:55)\n    at Promise.finally.completed (/Users/user/Documents/Monash/CyberSecurity/Assesment2/Final Submission/TP6 25/EHR_draft/ehr-backend/node_modules/jest-circus/build/jestAdapterInit.js:1557:28)\n    at new Promise (<anonymous>)\n    at callAsyncCircusFn (/Users/user/Documents/Monash/CyberSecurity/Assesment2/Final Submission/TP6 25/EHR_draft/ehr-backend/node_modules/jest-circus/build/jestAdapterInit.js:1497:10)\n    at _callCircusTest (/Users/user/Documents/Monash/CyberSecurity/Assesment2/Final Submission/TP6 25/EHR_draft/ehr-backend/node_modules/jest-circus/build/jestAdapterInit.js:1007:40)\n    at processTicksAndRejections (node:internal/process/task_queues:103:5)\n    at _runTest (/Users/user/Documents/Monash/CyberSecurity/Assesment2/Final Submission/TP6 25/EHR_draft/ehr-backend/node_modules/jest-circus/build/jestAdapterInit.js:947:3)\n    at /Users/user/Documents/Monash/CyberSecurity/Assesment2/Final Submission/TP6 25/EHR_draft/ehr-backend/node_modules/jest-circus/build/jestAdapterInit.js:849:7\n    at _runTestsForDescribeBlock (/Users/user/Documents/Monash/CyberSecurity/Assesment2/Final Submission/TP6 25/EHR_draft/ehr-backend/node_modules/jest-circus/build/jestAdapterInit.js:862:11)\n    at _runTestsForDescribeBlock (/Users/user/Documents/Monash/CyberSecurity/Assesment2/Final Submission/TP6 25/EHR_draft/ehr-backend/node_modules/jest-circus/build/jestAdapterInit.js:857:11)\n    at _runTestsForDescribeBlock (/Users/user/Documents/Monash/CyberSecurity/Assesment2/Final Submission/TP6 25/EHR_draft/ehr-backend/node_modules/jest-circus/build/jestAdapterInit.js:857:11)\n    at run (/Users/user/Documents/Monash/CyberSecurity/Assesment2/Final Submission/TP6 25/EHR_draft/ehr-backend/node_modules/jest-circus/build/jestAdapterInit.js:761:3)\n    at runAndTransformResultsToJestFormat (/Users/user/Documents/Monash/CyberSecurity/Assesment2/Final Submission/TP6 25/EHR_draft/ehr-backend/node_modules/jest-circus/build/jestAdapterInit.js:1918:21)\n    at jestAdapter (/Users/user/Documents/Monash/CyberSecurity/Assesment2/Final Submission/TP6 25/EHR_draft/ehr-backend/node_modules/jest-circus/build/runner.js:101:19)\n    at runTestInternal (/Users/user/Documents/Monash/CyberSecurity/Assesment2/Final Submission/TP6 25/EHR_draft/ehr-backend/node_modules/jest-runner/build/index.js:275:16)\n    at runTest (/Users/user/Documents/Monash/CyberSecurity/Assesment2/Final Submission/TP6 25/EHR_draft/ehr-backend/node_modules/jest-runner/build/index.js:343:7)","timestamp":"2025-12-17 21:39:50"}
{"level":"info","message":"Health check performed","service":"ehr-backend","services":{"api":"operational","mongodb":"connected","openbao":"unhealthy"},"status":"unhealthy","timestamp":"2025-12-17 21:39:50"}
{"level":"info","message":"Health check performed","service":"ehr-backend","services":{"api":"operational","mongodb":"connected","openbao":"healthy"},"status":"healthy","timestamp":"2025-12-17 21:39:50"}
{"email":"patient@test.com","level":"info","message":"User login successful","role":"Patient","service":"ehr-backend","timestamp":"2025-12-17 21:39:54","userId":"6942887addb8ce134a6dcb73"}
{"email":"admin@test.com","level":"info","message":"User login successful","role":"Admin","service":"ehr-backend","timestamp":"2025-12-17 21:39:55","userId":"6942887addb8ce134a6dcb7b"}
{"email":"nonexistent@test.com","ip":"::ffff:127.0.0.1","level":"warn","message":"Login attempt failed: User not found","service":"ehr-backend","timestamp":"2025-12-17 21:39:55"}
{"email":"patient@test.com","ip":"::ffff:127.0.0.1","level":"warn","message":"Login attempt failed: Invalid password","service":"ehr-backend","timestamp":"2025-12-17 21:39:55","userId":"6942887bddb8ce134a6dcb84"}
{"ip":"::ffff:127.0.0.1","level":"warn","message":"Login attempt failed: User not found","service":"ehr-backend","timestamp":"2025-12-17 21:39:55"}
{"email":"patient@test.com","error":"data and hash arguments required","level":"error","message":"Login error","service":"ehr-backend","timestamp":"2025-12-17 21:39:55"}
{"email":"admin@test.com","level":"info","message":"User login successful","role":"Admin","service":"ehr-backend","timestamp":"2025-12-17 21:39:56","userId":"6942887bddb8ce134a6dcb8b"}
{"email":"provider@test.com","level":"info","message":"User login successful","role":"Provider","service":"ehr-backend","timestamp":"2025-12-17 21:39:56","userId":"6942887cddb8ce134a6dcb90"}
{"email":"patient@test.com","level":"info","message":"User login successful","role":"Patient","service":"ehr-backend","timestamp":"2025-12-17 21:39:57","userId":"6942887cddb8ce134a6dcb95"}
{"ip":"::ffff:127.0.0.1","level":"warn","message":"Authentication failed: Token missing","method":"GET","path":"/me","service":"ehr-backend","timestamp":"2025-12-17 21:39:57"}
{"error":"jwt malformed","ip":"::ffff:127.0.0.1","level":"warn","message":"Authentication failed: JWT verification failed","method":"GET","path":"/me","service":"ehr-backend","timestamp":"2025-12-17 21:39:57"}
{"email":"patient@test.com","level":"info","message":"User login successful","role":"Patient","service":"ehr-backend","timestamp":"2025-12-17 21:39:57","userId":"6942887dddb8ce134a6dcb9c"}
{"level":"info","message":"User logout","service":"ehr-backend","timestamp":"2025-12-17 21:39:57"}
{"level":"info","message":"User logout","service":"ehr-backend","timestamp":"2025-12-17 21:39:57"}
{"email":"admin@test.com","level":"info","message":"User login successful","role":"Admin","service":"ehr-backend","timestamp":"2025-12-17 21:39:58","userId":"6942887dddb8ce134a6dcba5"}
{"level":"info","message":"User logout","service":"ehr-backend","timestamp":"2025-12-17 21:39:58"}
{"ip":"::ffff:127.0.0.1","level":"warn","message":"Authentication failed: Token missing","method":"GET","path":"/me","service":"ehr-backend","timestamp":"2025-12-17 21:39:58"}
{"email":"admin@test.com","level":"info","message":"User login successful","role":"Admin","service":"ehr-backend","timestamp":"2025-12-17 21:40:37","userId":"694288a477a1613977246a30"}
{"email":"manager@test.com","level":"info","message":"User login successful","role":"Manager","service":"ehr-backend","timestamp":"2025-12-17 21:40:37","userId":"694288a577a1613977246a38"}
{"email":"provider@test.com","level":"info","message":"User login successful","role":"Provider","service":"ehr-backend","timestamp":"2025-12-17 21:40:38","userId":"694288a577a1613977246a3d"}
{"email":"employee@test.com","level":"info","message":"User login successful","role":"Employee","service":"ehr-backend","timestamp":"2025-12-17 21:40:38","userId":"694288a677a1613977246a42"}
{"email":"patient@test.com","level":"info","message":"User login successful","role":"Patient","service":"ehr-backend","timestamp":"2025-12-17 21:40:38","userId":"694288a677a1613977246a47"}
{"email":"admin@test.com","level":"info","message":"User login successful","role":"Admin","service":"ehr-backend","timestamp":"2025-12-17 21:40:39","userId":"694288a677a1613977246a4c"}
{"email":"patient@test.com","ip":"::ffff:127.0.0.1","level":"warn","message":"Login attempt failed: Invalid password","service":"ehr-backend","timestamp":"2025-12-17 21:40:39","userId":"694288a777a1613977246a51"}
{"email":"nonexistent@example.com","ip":"::ffff:127.0.0.1","level":"warn","message":"Login attempt failed: User not found","service":"ehr-backend","timestamp":"2025-12-17 21:40:39"}
{"ip":"::ffff:127.0.0.1","level":"warn","message":"Login attempt failed: User not found","service":"ehr-backend","timestamp":"2025-12-17 21:40:39"}
{"email":"patient@test.com","error":"data and hash arguments required","level":"error","message":"Login error","service":"ehr-backend","timestamp":"2025-12-17 21:40:39"}
{"email":"admin@test.com","level":"info","message":"User login successful","role":"Admin","service":"ehr-backend","timestamp":"2025-12-17 21:40:40","userId":"694288a777a1613977246a59"}
{"ip":"::ffff:127.0.0.1","level":"warn","message":"Authentication failed: Token missing","method":"GET","path":"/me","service":"ehr-backend","timestamp":"2025-12-17 21:40:40"}
{"error":"jwt malformed","ip":"::ffff:127.0.0.1","level":"warn","message":"Authentication failed: JWT verification failed","method":"GET","path":"/me","service":"ehr-backend","timestamp":"2025-12-17 21:40:40"}
{"error":"jwt expired","ip":"::ffff:127.0.0.1","level":"warn","message":"Authentication failed: JWT verification failed","method":"GET","path":"/me","service":"ehr-backend","timestamp":"2025-12-17 21:40:40"}
{"error":"invalid token","ip":"::ffff:127.0.0.1","level":"warn","message":"Authentication failed: JWT verification failed","method":"GET","path":"/me","service":"ehr-backend","timestamp":"2025-12-17 21:40:40"}
{"email":"admin@test.com","level":"info","message":"User login successful","role":"Admin","service":"ehr-backend","timestamp":"2025-12-17 21:40:41","userId":"694288a977a1613977246a68"}
{"level":"info","message":"User logout","service":"ehr-backend","timestamp":"2025-12-17 21:40:41"}
{"level":"info","message":"User logout","service":"ehr-backend","timestamp":"2025-12-17 21:40:41"}
{"email":"admin@test.com","level":"info","message":"User login successful","role":"Admin","service":"ehr-backend","timestamp":"2025-12-17 21:40:41","userId":"694288a977a1613977246a71"}
{"email":"admin@test.com","level":"info","message":"User login successful","role":"Admin","service":"ehr-backend","timestamp":"2025-12-17 21:40:42","userId":"694288aa77a1613977246a76"}
{"level":"info","message":"User logout","service":"ehr-backend","timestamp":"2025-12-17 21:40:42"}
{"ip":"::ffff:127.0.0.1","level":"warn","message":"Authentication failed: Token missing","method":"GET","path":"/me","service":"ehr-backend","timestamp":"2025-12-17 21:40:42"}
{"email":"admin@test.com","level":"info","message":"User login successful","role":"Admin","service":"ehr-backend","timestamp":"2025-12-17 21:40:42","userId":"694288aa77a1613977246a7d"}
{"level":"info","message":"Authorization check","method":"GET","path":"/audit-logs","requiredRoles":["Admin"],"service":"ehr-backend","timestamp":"2025-12-17 21:40:42","userId":"694288aa77a1613977246a7d","userRole":"Admin"}
{"level":"info","message":"Admin 694288aa77a1613977246a7d retrieved 1 audit logs","service":"ehr-backend","timestamp":"2025-12-17 21:40:42"}
{"ip":"::ffff:127.0.0.1","level":"warn","message":"Authentication failed: Token missing","method":"GET","path":"/audit-logs","service":"ehr-backend","timestamp":"2025-12-17 21:40:42"}
{"error":"jwt expired","ip":"::ffff:127.0.0.1","level":"warn","message":"Authentication failed: JWT verification failed","method":"GET","path":"/audit-logs","service":"ehr-backend","timestamp":"2025-12-17 21:40:43"}
{"email":"admin@test.com","level":"info","message":"User login successful","role":"Admin","service":"ehr-backend","timestamp":"2025-12-17 21:41:00","userId":"694288bb0ad392882352596d"}
{"email":"manager@test.com","level":"info","message":"User login successful","role":"Manager","service":"ehr-backend","timestamp":"2025-12-17 21:41:00","userId":"694288bb0ad3928823525970"}
{"email":"provider@test.com","level":"info","message":"User login successful","role":"Provider","service":"ehr-backend","timestamp":"2025-12-17 21:41:00","userId":"694288bb0ad3928823525972"}
{"email":"employee@test.com","level":"info","message":"User login successful","role":"Employee","service":"ehr-backend","timestamp":"2025-12-17 21:41:00","userId":"694288bb0ad3928823525974"}
{"email":"patient@test.com","level":"info","message":"User login successful","role":"Patient","service":"ehr-backend","timestamp":"2025-12-17 21:41:00","userId":"694288bb0ad3928823525976"}
{"level":"info","message":"Authorization check","method":"POST","path":"/register","requiredRoles":["Employee","Manager","Admin"],"service":"ehr-backend","timestamp":"2025-12-17 21:41:00","userId":"694288bb0ad392882352596d","userRole":"Admin"}
{"creatorId":"694288bb0ad392882352596d","creatorRole":"Admin","level":"info","message":"User registered successfully","newUserId":"694288bc0ad3928823525988","newUserRole":"Patient","service":"ehr-backend","timestamp":"2025-12-17 21:41:00"}
{"level":"info","message":"Authorization check","method":"POST","path":"/register","requiredRoles":["Employee","Manager","Admin"],"service":"ehr-backend","timestamp":"2025-12-17 21:41:00","userId":"694288bb0ad392882352596d","userRole":"Admin"}
{"creatorId":"694288bb0ad392882352596d","creatorRole":"Admin","level":"info","message":"User registered successfully","newUserId":"694288bc0ad392882352598d","newUserRole":"Provider","service":"ehr-backend","timestamp":"2025-12-17 21:41:00"}
{"level":"info","message":"Authorization check","method":"POST","path":"/register","requiredRoles":["Employee","Manager","Admin"],"service":"ehr-backend","timestamp":"2025-12-17 21:41:00","userId":"694288bb0ad392882352596d","userRole":"Admin"}
{"creatorId":"694288bb0ad392882352596d","creatorRole":"Admin","level":"info","message":"User registered successfully","newUserId":"694288bc0ad3928823525992","newUserRole":"Employee","service":"ehr-backend","timestamp":"2025-12-17 21:41:00"}
{"level":"info","message":"Authorization check","method":"POST","path":"/register","requiredRoles":["Employee","Manager","Admin"],"service":"ehr-backend","timestamp":"2025-12-17 21:41:00","userId":"694288bb0ad392882352596d","userRole":"Admin"}
{"creatorId":"694288bb0ad392882352596d","creatorRole":"Admin","level":"info","message":"User registered successfully","newUserId":"694288bc0ad3928823525997","newUserRole":"Manager","service":"ehr-backend","timestamp":"2025-12-17 21:41:00"}
{"email":"admin@test.com","level":"info","message":"User login successful","role":"Admin","service":"ehr-backend","timestamp":"2025-12-17 21:41:01","userId":"694288bd0ad392882352599b"}
{"email":"manager@test.com","level":"info","message":"User login successful","role":"Manager","service":"ehr-backend","timestamp":"2025-12-17 21:41:01","userId":"694288bd0ad392882352599d"}
{"email":"provider@test.com","level":"info","message":"User login successful","role":"Provider","service":"ehr-backend","timestamp":"2025-12-17 21:41:01","userId":"694288bd0ad392882352599f"}
{"email":"employee@test.com","level":"info","message":"User login successful","role":"Employee","service":"ehr-backend","timestamp":"2025-12-17 21:41:01","userId":"694288bd0ad39288235259a1"}
{"email":"patient@test.com","level":"info","message":"User login successful","role":"Patient","service":"ehr-backend","timestamp":"2025-12-17 21:41:01","userId":"694288bd0ad39288235259a3"}
{"level":"info","message":"Authorization check","method":"POST","path":"/register","requiredRoles":["Employee","Manager","Admin"],"service":"ehr-backend","timestamp":"2025-12-17 21:41:01","userId":"694288bd0ad392882352599d","userRole":"Manager"}
{"creatorId":"694288bd0ad392882352599d","creatorRole":"Manager","level":"info","message":"User registered successfully","newUserId":"694288bd0ad39288235259b5","newUserRole":"Employee","service":"ehr-backend","timestamp":"2025-12-17 21:41:02"}
{"level":"info","message":"Authorization check","method":"POST","path":"/register","requiredRoles":["Employee","Manager","Admin"],"service":"ehr-backend","timestamp":"2025-12-17 21:41:02","userId":"694288bd0ad392882352599d","userRole":"Manager"}
{"creatorId":"694288bd0ad392882352599d","creatorRole":"Manager","level":"info","message":"User registered successfully","newUserId":"694288be0ad39288235259ba","newUserRole":"Provider","service":"ehr-backend","timestamp":"2025-12-17 21:41:02"}
{"level":"info","message":"Authorization check","method":"POST","path":"/register","requiredRoles":["Employee","Manager","Admin"],"service":"ehr-backend","timestamp":"2025-12-17 21:41:02","userId":"694288bd0ad392882352599d","userRole":"Manager"}
{"creatorId":"694288bd0ad392882352599d","creatorRole":"Manager","level":"info","message":"User registered successfully","newUserId":"694288be0ad39288235259bf","newUserRole":"Patient","service":"ehr-backend","timestamp":"2025-12-17 21:41:02"}
{"email":"admin@test.com","level":"info","message":"User login successful","role":"Admin","service":"ehr-backend","timestamp":"2025-12-17 21:41:02","userId":"694288be0ad39288235259c3"}
{"email":"manager@test.com","level":"info","message":"User login successful","role":"Manager","service":"ehr-backend","timestamp":"2025-12-17 21:41:03","userId":"694288be0ad39288235259c5"}
{"email":"provider@test.com","level":"info","message":"User login successful","role":"Provider","service":"ehr-backend","timestamp":"2025-12-17 21:41:03","userId":"694288be0ad39288235259c7"}
{"email":"employee@test.com","level":"info","message":"User login successful","role":"Employee","service":"ehr-backend","timestamp":"2025-12-17 21:41:03","userId":"694288be0ad39288235259c9"}
{"email":"patient@test.com","level":"info","message":"User login successful","role":"Patient","service":"ehr-backend","timestamp":"2025-12-17 21:41:03","userId":"694288be0ad39288235259cb"}
{"level":"info","message":"Authorization check","method":"POST","path":"/register","requiredRoles":["Employee","Manager","Admin"],"service":"ehr-backend","timestamp":"2025-12-17 21:41:03","userId":"694288be0ad39288235259c5","userRole":"Manager"}
{"creatorId":"694288be0ad39288235259c5","creatorRole":"Manager","level":"warn","message":"Registration denied: Insufficient permissions","service":"ehr-backend","targetRole":"Manager","timestamp":"2025-12-17 21:41:03"}
{"email":"admin@test.com","level":"info","message":"User login successful","role":"Admin","service":"ehr-backend","timestamp":"2025-12-17 21:41:03","userId":"694288bf0ad39288235259dc"}
{"email":"manager@test.com","level":"info","message":"User login successful","role":"Manager","service":"ehr-backend","timestamp":"2025-12-17 21:41:04","userId":"694288bf0ad39288235259de"}
{"email":"provider@test.com","level":"info","message":"User login successful","role":"Provider","service":"ehr-backend","timestamp":"2025-12-17 21:41:04","userId":"694288bf0ad39288235259e0"}
{"email":"employee@test.com","level":"info","message":"User login successful","role":"Employee","service":"ehr-backend","timestamp":"2025-12-17 21:41:04","userId":"694288bf0ad39288235259e2"}
{"email":"patient@test.com","level":"info","message":"User login successful","role":"Patient","service":"ehr-backend","timestamp":"2025-12-17 21:41:04","userId":"694288bf0ad39288235259e4"}
{"level":"info","message":"Authorization check","method":"POST","path":"/register","requiredRoles":["Employee","Manager","Admin"],"service":"ehr-backend","timestamp":"2025-12-17 21:41:04","userId":"694288bf0ad39288235259e2","userRole":"Employee"}
{"creatorId":"694288bf0ad39288235259e2","creatorRole":"Employee","level":"info","message":"User registered successfully","newUserId":"694288c00ad39288235259f6","newUserRole":"Patient","service":"ehr-backend","timestamp":"2025-12-17 21:41:04"}
{"email":"admin@test.com","level":"info","message":"User login successful","role":"Admin","service":"ehr-backend","timestamp":"2025-12-17 21:41:05","userId":"694288c00ad39288235259fa"}
{"email":"manager@test.com","level":"info","message":"User login successful","role":"Manager","service":"ehr-backend","timestamp":"2025-12-17 21:41:05","userId":"694288c00ad39288235259fc"}
{"email":"provider@test.com","level":"info","message":"User login successful","role":"Provider","service":"ehr-backend","timestamp":"2025-12-17 21:41:05","userId":"694288c00ad39288235259fe"}
{"email":"employee@test.com","level":"info","message":"User login successful","role":"Employee","service":"ehr-backend","timestamp":"2025-12-17 21:41:05","userId":"694288c00ad3928823525a00"}
{"email":"patient@test.com","level":"info","message":"User login successful","role":"Patient","service":"ehr-backend","timestamp":"2025-12-17 21:41:05","userId":"694288c00ad3928823525a02"}
{"level":"info","message":"Authorization check","method":"POST","path":"/register","requiredRoles":["Employee","Manager","Admin"],"service":"ehr-backend","timestamp":"2025-12-17 21:41:05","userId":"694288c00ad3928823525a00","userRole":"Employee"}
{"creatorId":"694288c00ad3928823525a00","creatorRole":"Employee","level":"warn","message":"Registration denied: Insufficient permissions","service":"ehr-backend","targetRole":"Provider","timestamp":"2025-12-17 21:41:05"}
{"email":"admin@test.com","level":"info","message":"User login successful","role":"Admin","service":"ehr-backend","timestamp":"2025-12-17 21:41:06","userId":"694288c10ad3928823525a13"}
{"email":"manager@test.com","level":"info","message":"User login successful","role":"Manager","service":"ehr-backend","timestamp":"2025-12-17 21:41:06","userId":"694288c10ad3928823525a15"}
{"email":"provider@test.com","level":"info","message":"User login successful","role":"Provider","service":"ehr-backend","timestamp":"2025-12-17 21:41:06","userId":"694288c10ad3928823525a17"}
{"email":"employee@test.com","level":"info","message":"User login successful","role":"Employee","service":"ehr-backend","timestamp":"2025-12-17 21:41:06","userId":"694288c10ad3928823525a19"}
{"email":"patient@test.com","level":"info","message":"User login successful","role":"Patient","service":"ehr-backend","timestamp":"2025-12-17 21:41:06","userId":"694288c10ad3928823525a1b"}
{"level":"info","message":"Authorization check","method":"POST","path":"/register","requiredRoles":["Employee","Manager","Admin"],"service":"ehr-backend","timestamp":"2025-12-17 21:41:06","userId":"694288c10ad3928823525a19","userRole":"Employee"}
{"creatorId":"694288c10ad3928823525a19","creatorRole":"Employee","level":"warn","message":"Registration denied: Insufficient permissions","service":"ehr-backend","targetRole":"Employee","timestamp":"2025-12-17 21:41:06"}
{"email":"admin@test.com","level":"info","message":"User login successful","role":"Admin","service":"ehr-backend","timestamp":"2025-12-17 21:41:07","userId":"694288c20ad3928823525a2c"}
{"email":"manager@test.com","level":"info","message":"User login successful","role":"Manager","service":"ehr-backend","timestamp":"2025-12-17 21:41:07","userId":"694288c20ad3928823525a2e"}
{"email":"provider@test.com","level":"info","message":"User login successful","role":"Provider","service":"ehr-backend","timestamp":"2025-12-17 21:41:07","userId":"694288c20ad3928823525a30"}
{"email":"employee@test.com","level":"info","message":"User login successful","role":"Employee","service":"ehr-backend","timestamp":"2025-12-17 21:41:07","userId":"694288c20ad3928823525a32"}
{"email":"patient@test.com","level":"info","message":"User login successful","role":"Patient","service":"ehr-backend","timestamp":"2025-12-17 21:41:07","userId":"694288c20ad3928823525a34"}
{"level":"info","message":"Authorization check","method":"POST","path":"/register","requiredRoles":["Employee","Manager","Admin"],"service":"ehr-backend","timestamp":"2025-12-17 21:41:07","userId":"694288c20ad3928823525a30","userRole":"Provider"}
{"level":"warn","message":"Authorization denied: Insufficient permissions","method":"POST","path":"/register","requiredRoles":["Employee","Manager","Admin"],"service":"ehr-backend","timestamp":"2025-12-17 21:41:07","userId":"694288c20ad3928823525a30","userRole":"Provider"}
{"email":"admin@test.com","level":"info","message":"User login successful","role":"Admin","service":"ehr-backend","timestamp":"2025-12-17 21:41:08","userId":"694288c30ad3928823525a47"}
{"email":"manager@test.com","level":"info","message":"User login successful","role":"Manager","service":"ehr-backend","timestamp":"2025-12-17 21:41:08","userId":"694288c30ad3928823525a49"}
{"email":"provider@test.com","level":"info","message":"User login successful","role":"Provider","service":"ehr-backend","timestamp":"2025-12-17 21:41:08","userId":"694288c30ad3928823525a4b"}
{"email":"employee@test.com","level":"info","message":"User login successful","role":"Employee","service":"ehr-backend","timestamp":"2025-12-17 21:41:08","userId":"694288c30ad3928823525a4d"}
{"email":"patient@test.com","level":"info","message":"User login successful","role":"Patient","service":"ehr-backend","timestamp":"2025-12-17 21:41:08","userId":"694288c30ad3928823525a4f"}
{"level":"info","message":"Authorization check","method":"POST","path":"/register","requiredRoles":["Employee","Manager","Admin"],"service":"ehr-backend","timestamp":"2025-12-17 21:41:08","userId":"694288c30ad3928823525a4f","userRole":"Patient"}
{"level":"warn","message":"Authorization denied: Insufficient permissions","method":"POST","path":"/register","requiredRoles":["Employee","Manager","Admin"],"service":"ehr-backend","timestamp":"2025-12-17 21:41:08","userId":"694288c30ad3928823525a4f","userRole":"Patient"}
{"email":"admin@test.com","level":"info","message":"User login successful","role":"Admin","service":"ehr-backend","timestamp":"2025-12-17 21:41:09","userId":"694288c40ad3928823525a62"}
{"email":"manager@test.com","level":"info","message":"User login successful","role":"Manager","service":"ehr-backend","timestamp":"2025-12-17 21:41:09","userId":"694288c40ad3928823525a64"}
{"email":"provider@test.com","level":"info","message":"User login successful","role":"Provider","service":"ehr-backend","timestamp":"2025-12-17 21:41:09","userId":"694288c40ad3928823525a66"}
{"email":"employee@test.com","level":"info","message":"User login successful","role":"Employee","service":"ehr-backend","timestamp":"2025-12-17 21:41:09","userId":"694288c40ad3928823525a68"}
{"email":"patient@test.com","level":"info","message":"User login successful","role":"Patient","service":"ehr-backend","timestamp":"2025-12-17 21:41:09","userId":"694288c40ad3928823525a6a"}
{"level":"info","message":"Authorization check","method":"GET","path":"/audit-logs","requiredRoles":["Admin"],"service":"ehr-backend","timestamp":"2025-12-17 21:41:09","userId":"694288c40ad3928823525a62","userRole":"Admin"}
{"level":"info","message":"Admin 694288c40ad3928823525a62 retrieved 5 audit logs","service":"ehr-backend","timestamp":"2025-12-17 21:41:09"}
{"email":"admin@test.com","level":"info","message":"User login successful","role":"Admin","service":"ehr-backend","timestamp":"2025-12-17 21:41:10","userId":"694288c50ad3928823525a7c"}
{"email":"manager@test.com","level":"info","message":"User login successful","role":"Manager","service":"ehr-backend","timestamp":"2025-12-17 21:41:10","userId":"694288c50ad3928823525a7e"}
{"email":"provider@test.com","level":"info","message":"User login successful","role":"Provider","service":"ehr-backend","timestamp":"2025-12-17 21:41:10","userId":"694288c50ad3928823525a80"}
{"email":"employee@test.com","level":"info","message":"User login successful","role":"Employee","service":"ehr-backend","timestamp":"2025-12-17 21:41:10","userId":"694288c50ad3928823525a82"}
{"email":"patient@test.com","level":"info","message":"User login successful","role":"Patient","service":"ehr-backend","timestamp":"2025-12-17 21:41:10","userId":"694288c50ad3928823525a84"}
{"level":"info","message":"Authorization check","method":"GET","path":"/audit-logs","requiredRoles":["Admin"],"service":"ehr-backend","timestamp":"2025-12-17 21:41:10","userId":"694288c50ad3928823525a7e","userRole":"Manager"}
{"level":"warn","message":"Authorization denied: Insufficient permissions","method":"GET","path":"/audit-logs","requiredRoles":["Admin"],"service":"ehr-backend","timestamp":"2025-12-17 21:41:10","userId":"694288c50ad3928823525a7e","userRole":"Manager"}
{"email":"admin@test.com","level":"info","message":"User login successful","role":"Admin","service":"ehr-backend","timestamp":"2025-12-17 21:41:11","userId":"694288c60ad3928823525a97"}
{"email":"manager@test.com","level":"info","message":"User login successful","role":"Manager","service":"ehr-backend","timestamp":"2025-12-17 21:41:11","userId":"694288c60ad3928823525a99"}
{"email":"provider@test.com","level":"info","message":"User login successful","role":"Provider","service":"ehr-backend","timestamp":"2025-12-17 21:41:11","userId":"694288c60ad3928823525a9b"}
{"email":"employee@test.com","level":"info","message":"User login successful","role":"Employee","service":"ehr-backend","timestamp":"2025-12-17 21:41:11","userId":"694288c60ad3928823525a9d"}
{"email":"patient@test.com","level":"info","message":"User login successful","role":"Patient","service":"ehr-backend","timestamp":"2025-12-17 21:41:11","userId":"694288c60ad3928823525a9f"}
{"level":"info","message":"Authorization check","method":"GET","path":"/audit-logs","requiredRoles":["Admin"],"service":"ehr-backend","timestamp":"2025-12-17 21:41:11","userId":"694288c60ad3928823525a9b","userRole":"Provider"}
{"level":"warn","message":"Authorization denied: Insufficient permissions","method":"GET","path":"/audit-logs","requiredRoles":["Admin"],"service":"ehr-backend","timestamp":"2025-12-17 21:41:11","userId":"694288c60ad3928823525a9b","userRole":"Provider"}
{"email":"admin@test.com","level":"info","message":"User login successful","role":"Admin","service":"ehr-backend","timestamp":"2025-12-17 21:41:12","userId":"694288c70ad3928823525ab2"}
{"email":"manager@test.com","level":"info","message":"User login successful","role":"Manager","service":"ehr-backend","timestamp":"2025-12-17 21:41:12","userId":"694288c70ad3928823525ab4"}
{"email":"provider@test.com","level":"info","message":"User login successful","role":"Provider","service":"ehr-backend","timestamp":"2025-12-17 21:41:12","userId":"694288c70ad3928823525ab6"}
{"email":"employee@test.com","level":"info","message":"User login successful","role":"Employee","service":"ehr-backend","timestamp":"2025-12-17 21:41:12","userId":"694288c70ad3928823525ab8"}
{"email":"patient@test.com","level":"info","message":"User login successful","role":"Patient","service":"ehr-backend","timestamp":"2025-12-17 21:41:12","userId":"694288c70ad3928823525aba"}
{"level":"info","message":"Authorization check","method":"GET","path":"/audit-logs","requiredRoles":["Admin"],"service":"ehr-backend","timestamp":"2025-12-17 21:41:12","userId":"694288c70ad3928823525ab8","userRole":"Employee"}
{"level":"warn","message":"Authorization denied: Insufficient permissions","method":"GET","path":"/audit-logs","requiredRoles":["Admin"],"service":"ehr-backend","timestamp":"2025-12-17 21:41:12","userId":"694288c70ad3928823525ab8","userRole":"Employee"}
{"email":"admin@test.com","level":"info","message":"User login successful","role":"Admin","service":"ehr-backend","timestamp":"2025-12-17 21:41:13","userId":"694288c80ad3928823525acd"}
{"email":"manager@test.com","level":"info","message":"User login successful","role":"Manager","service":"ehr-backend","timestamp":"2025-12-17 21:41:13","userId":"694288c80ad3928823525acf"}
{"email":"provider@test.com","level":"info","message":"User login successful","role":"Provider","service":"ehr-backend","timestamp":"2025-12-17 21:41:13","userId":"694288c80ad3928823525ad1"}
{"email":"employee@test.com","level":"info","message":"User login successful","role":"Employee","service":"ehr-backend","timestamp":"2025-12-17 21:41:13","userId":"694288c80ad3928823525ad3"}
{"email":"patient@test.com","level":"info","message":"User login successful","role":"Patient","service":"ehr-backend","timestamp":"2025-12-17 21:41:13","userId":"694288c80ad3928823525ad5"}
{"level":"info","message":"Authorization check","method":"GET","path":"/audit-logs","requiredRoles":["Admin"],"service":"ehr-backend","timestamp":"2025-12-17 21:41:13","userId":"694288c80ad3928823525ad5","userRole":"Patient"}
{"level":"warn","message":"Authorization denied: Insufficient permissions","method":"GET","path":"/audit-logs","requiredRoles":["Admin"],"service":"ehr-backend","timestamp":"2025-12-17 21:41:13","userId":"694288c80ad3928823525ad5","userRole":"Patient"}
{"email":"admin@test.com","level":"info","message":"User login successful","role":"Admin","service":"ehr-backend","timestamp":"2025-12-17 21:41:14","userId":"694288c90ad3928823525ae8"}
{"email":"manager@test.com","level":"info","message":"User login successful","role":"Manager","service":"ehr-backend","timestamp":"2025-12-17 21:41:14","userId":"694288c90ad3928823525aea"}
{"email":"provider@test.com","level":"info","message":"User login successful","role":"Provider","service":"ehr-backend","timestamp":"2025-12-17 21:41:14","userId":"694288c90ad3928823525aec"}
{"email":"employee@test.com","level":"info","message":"User login successful","role":"Employee","service":"ehr-backend","timestamp":"2025-12-17 21:41:14","userId":"694288c90ad3928823525aee"}
{"email":"patient@test.com","level":"info","message":"User login successful","role":"Patient","service":"ehr-backend","timestamp":"2025-12-17 21:41:14","userId":"694288c90ad3928823525af0"}
{"level":"info","message":"Authorization check","method":"POST","path":"/assign-patient","requiredRoles":["Admin"],"service":"ehr-backend","timestamp":"2025-12-17 21:41:14","userId":"694288c90ad3928823525ae8","userRole":"Admin"}
{"level":"info","message":"Patient 694288c90ad3928823525af0 assigned to Provider 694288c90ad3928823525aec by Admin 694288c90ad3928823525ae8","service":"ehr-backend","timestamp":"2025-12-17 21:41:14"}
{"email":"admin@test.com","level":"info","message":"User login successful","role":"Admin","service":"ehr-backend","timestamp":"2025-12-17 21:41:15","userId":"694288ca0ad3928823525b05"}
{"email":"manager@test.com","level":"info","message":"User login successful","role":"Manager","service":"ehr-backend","timestamp":"2025-12-17 21:41:15","userId":"694288ca0ad3928823525b07"}
{"email":"provider@test.com","level":"info","message":"User login successful","role":"Provider","service":"ehr-backend","timestamp":"2025-12-17 21:41:15","userId":"694288ca0ad3928823525b09"}
{"email":"employee@test.com","level":"info","message":"User login successful","role":"Employee","service":"ehr-backend","timestamp":"2025-12-17 21:41:15","userId":"694288ca0ad3928823525b0b"}
{"email":"patient@test.com","level":"info","message":"User login successful","role":"Patient","service":"ehr-backend","timestamp":"2025-12-17 21:41:15","userId":"694288cb0ad3928823525b0d"}
{"level":"info","message":"Authorization check","method":"POST","path":"/assign-patient","requiredRoles":["Admin"],"service":"ehr-backend","timestamp":"2025-12-17 21:41:15","userId":"694288ca0ad3928823525b07","userRole":"Manager"}
{"level":"warn","message":"Authorization denied: Insufficient permissions","method":"POST","path":"/assign-patient","requiredRoles":["Admin"],"service":"ehr-backend","timestamp":"2025-12-17 21:41:15","userId":"694288ca0ad3928823525b07","userRole":"Manager"}
{"email":"admin@test.com","level":"info","message":"User login successful","role":"Admin","service":"ehr-backend","timestamp":"2025-12-17 21:41:16","userId":"694288cb0ad3928823525b20"}
{"email":"manager@test.com","level":"info","message":"User login successful","role":"Manager","service":"ehr-backend","timestamp":"2025-12-17 21:41:16","userId":"694288cb0ad3928823525b22"}
{"email":"provider@test.com","level":"info","message":"User login successful","role":"Provider","service":"ehr-backend","timestamp":"2025-12-17 21:41:16","userId":"694288cb0ad3928823525b24"}
{"email":"employee@test.com","level":"info","message":"User login successful","role":"Employee","service":"ehr-backend","timestamp":"2025-12-17 21:41:16","userId":"694288cb0ad3928823525b26"}
{"email":"patient@test.com","level":"info","message":"User login successful","role":"Patient","service":"ehr-backend","timestamp":"2025-12-17 21:41:16","userId":"694288cc0ad3928823525b28"}
{"level":"info","message":"Authorization check","method":"GET","path":"/audit-logs","requiredRoles":["Admin"],"service":"ehr-backend","timestamp":"2025-12-17 21:41:16","userId":"694288cc0ad3928823525b28","userRole":"Patient"}
{"level":"warn","message":"Authorization denied: Insufficient permissions","method":"GET","path":"/audit-logs","requiredRoles":["Admin"],"service":"ehr-backend","timestamp":"2025-12-17 21:41:16","userId":"694288cc0ad3928823525b28","userRole":"Patient"}
{"email":"admin@test.com","level":"info","message":"User login successful","role":"Admin","service":"ehr-backend","timestamp":"2025-12-17 21:41:17","userId":"694288cc0ad3928823525b3b"}
{"email":"manager@test.com","level":"info","message":"User login successful","role":"Manager","service":"ehr-backend","timestamp":"2025-12-17 21:41:17","userId":"694288cc0ad3928823525b3d"}
{"email":"provider@test.com","level":"info","message":"User login successful","role":"Provider","service":"ehr-backend","timestamp":"2025-12-17 21:41:17","userId":"694288cc0ad3928823525b3f"}
{"email":"employee@test.com","level":"info","message":"User login successful","role":"Employee","service":"ehr-backend","timestamp":"2025-12-17 21:41:17","userId":"694288cc0ad3928823525b41"}
{"email":"patient@test.com","level":"info","message":"User login successful","role":"Patient","service":"ehr-backend","timestamp":"2025-12-17 21:41:17","userId":"694288cd0ad3928823525b43"}
{"level":"info","message":"Authorization check","method":"GET","path":"/audit-logs","requiredRoles":["Admin"],"service":"ehr-backend","timestamp":"2025-12-17 21:41:17","userId":"694288cc0ad3928823525b41","userRole":"Employee"}
{"level":"warn","message":"Authorization denied: Insufficient permissions","method":"GET","path":"/audit-logs","requiredRoles":["Admin"],"service":"ehr-backend","timestamp":"2025-12-17 21:41:17","userId":"694288cc0ad3928823525b41","userRole":"Employee"}
{"email":"admin@test.com","level":"info","message":"User login successful","role":"Admin","service":"ehr-backend","timestamp":"2025-12-17 21:41:18","userId":"694288cd0ad3928823525b56"}
{"email":"manager@test.com","level":"info","message":"User login successful","role":"Manager","service":"ehr-backend","timestamp":"2025-12-17 21:41:18","userId":"694288cd0ad3928823525b58"}
{"email":"provider@test.com","level":"info","message":"User login successful","role":"Provider","service":"ehr-backend","timestamp":"2025-12-17 21:41:18","userId":"694288ce0ad3928823525b5a"}
{"email":"employee@test.com","level":"info","message":"User login successful","role":"Employee","service":"ehr-backend","timestamp":"2025-12-17 21:41:18","userId":"694288ce0ad3928823525b5c"}
{"email":"patient@test.com","level":"info","message":"User login successful","role":"Patient","service":"ehr-backend","timestamp":"2025-12-17 21:41:18","userId":"694288ce0ad3928823525b5e"}
{"level":"info","message":"Authorization check","method":"GET","path":"/audit-logs","requiredRoles":["Admin"],"service":"ehr-backend","timestamp":"2025-12-17 21:41:18","userId":"694288ce0ad3928823525b5a","userRole":"Provider"}
{"level":"warn","message":"Authorization denied: Insufficient permissions","method":"GET","path":"/audit-logs","requiredRoles":["Admin"],"service":"ehr-backend","timestamp":"2025-12-17 21:41:18","userId":"694288ce0ad3928823525b5a","userRole":"Provider"}
{"email":"admin@test.com","level":"info","message":"User login successful","role":"Admin","service":"ehr-backend","timestamp":"2025-12-17 21:41:19","userId":"694288ce0ad3928823525b71"}
{"email":"manager@test.com","level":"info","message":"User login successful","role":"Manager","service":"ehr-backend","timestamp":"2025-12-17 21:41:19","userId":"694288cf0ad3928823525b73"}
{"email":"provider@test.com","level":"info","message":"User login successful","role":"Provider","service":"ehr-backend","timestamp":"2025-12-17 21:41:19","userId":"694288cf0ad3928823525b75"}
{"email":"employee@test.com","level":"info","message":"User login successful","role":"Employee","service":"ehr-backend","timestamp":"2025-12-17 21:41:19","userId":"694288cf0ad3928823525b77"}
{"email":"patient@test.com","level":"info","message":"User login successful","role":"Patient","service":"ehr-backend","timestamp":"2025-12-17 21:41:19","userId":"694288cf0ad3928823525b79"}
{"level":"info","message":"Authorization check","method":"POST","path":"/assign-patient","requiredRoles":["Admin"],"service":"ehr-backend","timestamp":"2025-12-17 21:41:19","userId":"694288cf0ad3928823525b73","userRole":"Manager"}
{"level":"warn","message":"Authorization denied: Insufficient permissions","method":"POST","path":"/assign-patient","requiredRoles":["Admin"],"service":"ehr-backend","timestamp":"2025-12-17 21:41:19","userId":"694288cf0ad3928823525b73","userRole":"Manager"}
{"email":"admin@test.com","level":"info","message":"User login successful","role":"Admin","service":"ehr-backend","timestamp":"2025-12-17 21:41:20","userId":"694288cf0ad3928823525b8c"}
{"email":"manager@test.com","level":"info","message":"User login successful","role":"Manager","service":"ehr-backend","timestamp":"2025-12-17 21:41:20","userId":"694288d00ad3928823525b8e"}
{"email":"provider@test.com","level":"info","message":"User login successful","role":"Provider","service":"ehr-backend","timestamp":"2025-12-17 21:41:20","userId":"694288d00ad3928823525b90"}
{"email":"employee@test.com","level":"info","message":"User login successful","role":"Employee","service":"ehr-backend","timestamp":"2025-12-17 21:41:20","userId":"694288d00ad3928823525b92"}
{"email":"patient@test.com","level":"info","message":"User login successful","role":"Patient","service":"ehr-backend","timestamp":"2025-12-17 21:41:20","userId":"694288d00ad3928823525b94"}
{"level":"info","message":"Authorization check","method":"PUT","path":"/694288d00ad3928823525b94","requiredRoles":["Patient","Employee","Manager","Admin"],"service":"ehr-backend","timestamp":"2025-12-17 21:41:20","userId":"694288cf0ad3928823525b8c","userRole":"Admin"}
{"level":"info","message":"Patient updated by staff","service":"ehr-backend","timestamp":"2025-12-17 21:41:20","updatedBy":"694288cf0ad3928823525b8c","updaterRole":"Admin","userId":"694288d00ad3928823525b94"}
{"level":"info","message":"User updated successfully","role":"Patient","service":"ehr-backend","timestamp":"2025-12-17 21:41:20","updatedBy":"694288cf0ad3928823525b8c","userId":"694288d00ad3928823525b94"}
{"email":"admin@test.com","level":"info","message":"User login successful","role":"Admin","service":"ehr-backend","timestamp":"2025-12-17 21:41:21","userId":"694288d00ad3928823525ba9"}
{"email":"manager@test.com","level":"info","message":"User login successful","role":"Manager","service":"ehr-backend","timestamp":"2025-12-17 21:41:21","userId":"694288d10ad3928823525bab"}
{"email":"provider@test.com","level":"info","message":"User login successful","role":"Provider","service":"ehr-backend","timestamp":"2025-12-17 21:41:21","userId":"694288d10ad3928823525bad"}
{"email":"employee@test.com","level":"info","message":"User login successful","role":"Employee","service":"ehr-backend","timestamp":"2025-12-17 21:41:21","userId":"694288d10ad3928823525baf"}
{"email":"patient@test.com","level":"info","message":"User login successful","role":"Patient","service":"ehr-backend","timestamp":"2025-12-17 21:41:21","userId":"694288d10ad3928823525bb1"}
{"level":"info","message":"Authorization check","method":"PUT","path":"/694288d10ad3928823525bb1","requiredRoles":["Patient","Employee","Manager","Admin"],"service":"ehr-backend","timestamp":"2025-12-17 21:41:21","userId":"694288d10ad3928823525bab","userRole":"Manager"}
{"level":"info","message":"Patient updated by staff","service":"ehr-backend","timestamp":"2025-12-17 21:41:21","updatedBy":"694288d10ad3928823525bab","updaterRole":"Manager","userId":"694288d10ad3928823525bb1"}
{"level":"info","message":"User updated successfully","role":"Patient","service":"ehr-backend","timestamp":"2025-12-17 21:41:21","updatedBy":"694288d10ad3928823525bab","userId":"694288d10ad3928823525bb1"}
{"email":"admin@test.com","level":"info","message":"User login successful","role":"Admin","service":"ehr-backend","timestamp":"2025-12-17 21:41:22","userId":"694288d10ad3928823525bc6"}
{"email":"manager@test.com","level":"info","message":"User login successful","role":"Manager","service":"ehr-backend","timestamp":"2025-12-17 21:41:22","userId":"694288d20ad3928823525bc8"}
{"email":"provider@test.com","level":"info","message":"User login successful","role":"Provider","service":"ehr-backend","timestamp":"2025-12-17 21:41:22","userId":"694288d20ad3928823525bca"}
{"email":"employee@test.com","level":"info","message":"User login successful","role":"Employee","service":"ehr-backend","timestamp":"2025-12-17 21:41:22","userId":"694288d20ad3928823525bcc"}
{"email":"patient@test.com","level":"info","message":"User login successful","role":"Patient","service":"ehr-backend","timestamp":"2025-12-17 21:41:22","userId":"694288d20ad3928823525bce"}
{"level":"info","message":"Authorization check","method":"PUT","path":"/694288d20ad3928823525bce","requiredRoles":["Patient","Employee","Manager","Admin"],"service":"ehr-backend","timestamp":"2025-12-17 21:41:22","userId":"694288d20ad3928823525bce","userRole":"Patient"}
{"fields":["phone","address"],"level":"info","message":"Patient self-update","service":"ehr-backend","timestamp":"2025-12-17 21:41:22","userId":"694288d20ad3928823525bce"}
{"level":"info","message":"User updated successfully","role":"Patient","service":"ehr-backend","timestamp":"2025-12-17 21:41:22","updatedBy":"694288d20ad3928823525bce","userId":"694288d20ad3928823525bce"}
{"email":"admin@test.com","level":"info","message":"User login successful","role":"Admin","service":"ehr-backend","timestamp":"2025-12-17 21:41:23","userId":"694288d20ad3928823525be3"}
{"email":"manager@test.com","level":"info","message":"User login successful","role":"Manager","service":"ehr-backend","timestamp":"2025-12-17 21:41:23","userId":"694288d30ad3928823525be5"}
{"email":"provider@test.com","level":"info","message":"User login successful","role":"Provider","service":"ehr-backend","timestamp":"2025-12-17 21:41:23","userId":"694288d30ad3928823525be7"}
{"email":"employee@test.com","level":"info","message":"User login successful","role":"Employee","service":"ehr-backend","timestamp":"2025-12-17 21:41:23","userId":"694288d30ad3928823525be9"}
{"email":"patient@test.com","level":"info","message":"User login successful","role":"Patient","service":"ehr-backend","timestamp":"2025-12-17 21:41:23","userId":"694288d30ad3928823525beb"}
{"level":"info","message":"Authorization check","method":"PUT","path":"/694288d30ad3928823525bfc","requiredRoles":["Patient","Employee","Manager","Admin"],"service":"ehr-backend","timestamp":"2025-12-17 21:41:24","userId":"694288d30ad3928823525beb","userRole":"Patient"}
{"level":"warn","message":"Update denied: Not authorized to update patient","requesterId":"694288d30ad3928823525beb","requesterRole":"Patient","service":"ehr-backend","targetUserId":"694288d30ad3928823525bfc","timestamp":"2025-12-17 21:41:24"}
{"email":"admin@test.com","level":"info","message":"User login successful","role":"Admin","service":"ehr-backend","timestamp":"2025-12-17 21:41:24","userId":"694288d40ad3928823525bff"}
{"email":"manager@test.com","level":"info","message":"User login successful","role":"Manager","service":"ehr-backend","timestamp":"2025-12-17 21:41:24","userId":"694288d40ad3928823525c01"}
{"email":"provider@test.com","level":"info","message":"User login successful","role":"Provider","service":"ehr-backend","timestamp":"2025-12-17 21:41:25","userId":"694288d40ad3928823525c03"}
{"email":"employee@test.com","level":"info","message":"User login successful","role":"Employee","service":"ehr-backend","timestamp":"2025-12-17 21:41:25","userId":"694288d40ad3928823525c05"}
{"email":"patient@test.com","level":"info","message":"User login successful","role":"Patient","service":"ehr-backend","timestamp":"2025-12-17 21:41:25","userId":"694288d40ad3928823525c07"}
{"email":"admin@test.com","level":"info","message":"User login successful","role":"Admin","service":"ehr-backend","timestamp":"2025-12-17 21:41:25","userId":"694288d50ad3928823525c1b"}
{"email":"manager@test.com","level":"info","message":"User login successful","role":"Manager","service":"ehr-backend","timestamp":"2025-12-17 21:41:25","userId":"694288d50ad3928823525c1d"}
{"email":"provider@test.com","level":"info","message":"User login successful","role":"Provider","service":"ehr-backend","timestamp":"2025-12-17 21:41:26","userId":"694288d50ad3928823525c1f"}
{"email":"employee@test.com","level":"info","message":"User login successful","role":"Employee","service":"ehr-backend","timestamp":"2025-12-17 21:41:26","userId":"694288d50ad3928823525c21"}
{"email":"patient@test.com","level":"info","message":"User login successful","role":"Patient","service":"ehr-backend","timestamp":"2025-12-17 21:41:26","userId":"694288d50ad3928823525c23"}
{"level":"info","message":"Authorization check","method":"GET","path":"/audit-logs","requiredRoles":["Admin"],"service":"ehr-backend","timestamp":"2025-12-17 21:41:26","userId":"694288d50ad3928823525c1f","userRole":"Provider"}
{"level":"warn","message":"Authorization denied: Insufficient permissions","method":"GET","path":"/audit-logs","requiredRoles":["Admin"],"service":"ehr-backend","timestamp":"2025-12-17 21:41:26","userId":"694288d50ad3928823525c1f","userRole":"Provider"}
{"email":"admin@test.com","level":"info","message":"User login successful","role":"Admin","service":"ehr-backend","timestamp":"2025-12-17 21:41:51","userId":"694288ee45d125ce819e0b11"}
{"email":"manager@test.com","level":"info","message":"User login successful","role":"Manager","service":"ehr-backend","timestamp":"2025-12-17 21:41:51","userId":"694288ee45d125ce819e0b14"}
{"email":"provider@test.com","level":"info","message":"User login successful","role":"Provider","service":"ehr-backend","timestamp":"2025-12-17 21:41:51","userId":"694288ee45d125ce819e0b16"}
{"email":"assigned@test.com","level":"info","message":"User login successful","role":"Patient","service":"ehr-backend","timestamp":"2025-12-17 21:41:51","userId":"694288ee45d125ce819e0b1a"}
{"creatorId":"694288ee45d125ce819e0b16","level":"info","message":"Record created successfully","patientId":"694288ee45d125ce819e0b1a","recordId":"694288ef45d125ce819e0b2a","service":"ehr-backend","timestamp":"2025-12-17 21:41:51"}
{"email":"admin@test.com","level":"info","message":"User login successful","role":"Admin","service":"ehr-backend","timestamp":"2025-12-17 21:41:52","userId":"694288ef45d125ce819e0b2e"}
{"email":"manager@test.com","level":"info","message":"User login successful","role":"Manager","service":"ehr-backend","timestamp":"2025-12-17 21:41:52","userId":"694288ef45d125ce819e0b30"}
{"email":"provider@test.com","level":"info","message":"User login successful","role":"Provider","service":"ehr-backend","timestamp":"2025-12-17 21:41:52","userId":"694288ef45d125ce819e0b32"}
{"email":"assigned@test.com","level":"info","message":"User login successful","role":"Patient","service":"ehr-backend","timestamp":"2025-12-17 21:41:52","userId":"694288f045d125ce819e0b36"}
{"email":"admin@test.com","level":"info","message":"User login successful","role":"Admin","service":"ehr-backend","timestamp":"2025-12-17 21:41:53","userId":"694288f045d125ce819e0b46"}
{"email":"manager@test.com","level":"info","message":"User login successful","role":"Manager","service":"ehr-backend","timestamp":"2025-12-17 21:41:53","userId":"694288f045d125ce819e0b48"}
{"email":"provider@test.com","level":"info","message":"User login successful","role":"Provider","service":"ehr-backend","timestamp":"2025-12-17 21:41:53","userId":"694288f045d125ce819e0b4a"}
{"email":"assigned@test.com","level":"info","message":"User login successful","role":"Patient","service":"ehr-backend","timestamp":"2025-12-17 21:41:53","userId":"694288f145d125ce819e0b4e"}
{"creatorId":"694288f045d125ce819e0b48","level":"info","message":"Record created successfully","patientId":"694288f045d125ce819e0b4c","recordId":"694288f145d125ce819e0b5d","service":"ehr-backend","timestamp":"2025-12-17 21:41:53"}
{"email":"admin@test.com","level":"info","message":"User login successful","role":"Admin","service":"ehr-backend","timestamp":"2025-12-17 21:41:54","userId":"694288f145d125ce819e0b61"}
{"email":"manager@test.com","level":"info","message":"User login successful","role":"Manager","service":"ehr-backend","timestamp":"2025-12-17 21:41:54","userId":"694288f145d125ce819e0b63"}
{"email":"provider@test.com","level":"info","message":"User login successful","role":"Provider","service":"ehr-backend","timestamp":"2025-12-17 21:41:54","userId":"694288f145d125ce819e0b65"}
{"email":"assigned@test.com","level":"info","message":"User login successful","role":"Patient","service":"ehr-backend","timestamp":"2025-12-17 21:41:54","userId":"694288f245d125ce819e0b69"}
{"email":"admin@test.com","level":"info","message":"User login successful","role":"Admin","service":"ehr-backend","timestamp":"2025-12-17 21:41:55","userId":"694288f245d125ce819e0b78"}
{"email":"manager@test.com","level":"info","message":"User login successful","role":"Manager","service":"ehr-backend","timestamp":"2025-12-17 21:41:55","userId":"694288f245d125ce819e0b7a"}
{"email":"provider@test.com","level":"info","message":"User login successful","role":"Provider","service":"ehr-backend","timestamp":"2025-12-17 21:41:55","userId":"694288f245d125ce819e0b7c"}
{"email":"assigned@test.com","level":"info","message":"User login successful","role":"Patient","service":"ehr-backend","timestamp":"2025-12-17 21:41:55","userId":"694288f245d125ce819e0b80"}
{"email":"admin@test.com","level":"info","message":"User login successful","role":"Admin","service":"ehr-backend","timestamp":"2025-12-17 21:41:56","userId":"694288f345d125ce819e0b8f"}
{"email":"manager@test.com","level":"info","message":"User login successful","role":"Manager","service":"ehr-backend","timestamp":"2025-12-17 21:41:56","userId":"694288f345d125ce819e0b91"}
{"email":"provider@test.com","level":"info","message":"User login successful","role":"Provider","service":"ehr-backend","timestamp":"2025-12-17 21:41:56","userId":"694288f345d125ce819e0b93"}
{"email":"assigned@test.com","level":"info","message":"User login successful","role":"Patient","service":"ehr-backend","timestamp":"2025-12-17 21:41:56","userId":"694288f345d125ce819e0b97"}
{"email":"admin@test.com","level":"info","message":"User login successful","role":"Admin","service":"ehr-backend","timestamp":"2025-12-17 21:41:57","userId":"694288f445d125ce819e0ba6"}
{"email":"manager@test.com","level":"info","message":"User login successful","role":"Manager","service":"ehr-backend","timestamp":"2025-12-17 21:41:57","userId":"694288f445d125ce819e0ba8"}
{"email":"provider@test.com","level":"info","message":"User login successful","role":"Provider","service":"ehr-backend","timestamp":"2025-12-17 21:41:57","userId":"694288f445d125ce819e0baa"}
{"email":"assigned@test.com","level":"info","message":"User login successful","role":"Patient","service":"ehr-backend","timestamp":"2025-12-17 21:41:57","userId":"694288f445d125ce819e0bae"}
{"creatorId":"694288f445d125ce819e0baa","level":"info","message":"Record created successfully","patientId":"694288f445d125ce819e0bae","recordId":"694288f545d125ce819e0bbe","service":"ehr-backend","timestamp":"2025-12-17 21:41:57"}
{"email":"admin@test.com","level":"info","message":"User login successful","role":"Admin","service":"ehr-backend","timestamp":"2025-12-17 21:41:58","userId":"694288f545d125ce819e0bc2"}
{"email":"manager@test.com","level":"info","message":"User login successful","role":"Manager","service":"ehr-backend","timestamp":"2025-12-17 21:41:58","userId":"694288f545d125ce819e0bc4"}
{"email":"provider@test.com","level":"info","message":"User login successful","role":"Provider","service":"ehr-backend","timestamp":"2025-12-17 21:41:58","userId":"694288f545d125ce819e0bc6"}
{"email":"assigned@test.com","level":"info","message":"User login successful","role":"Patient","service":"ehr-backend","timestamp":"2025-12-17 21:41:58","userId":"694288f545d125ce819e0bca"}
{"level":"info","message":"Records retrieved","recordCount":1,"role":"Manager","service":"ehr-backend","timestamp":"2025-12-17 21:41:58","userId":"694288f545d125ce819e0bc4"}
{"email":"admin@test.com","level":"info","message":"User login successful","role":"Admin","service":"ehr-backend","timestamp":"2025-12-17 21:41:59","userId":"694288f645d125ce819e0bdf"}
{"email":"manager@test.com","level":"info","message":"User login successful","role":"Manager","service":"ehr-backend","timestamp":"2025-12-17 21:41:59","userId":"694288f645d125ce819e0be1"}
{"email":"provider@test.com","level":"info","message":"User login successful","role":"Provider","service":"ehr-backend","timestamp":"2025-12-17 21:41:59","userId":"694288f645d125ce819e0be3"}
{"email":"assigned@test.com","level":"info","message":"User login successful","role":"Patient","service":"ehr-backend","timestamp":"2025-12-17 21:41:59","userId":"694288f745d125ce819e0be7"}
{"email":"admin@test.com","level":"info","message":"User login successful","role":"Admin","service":"ehr-backend","timestamp":"2025-12-17 21:42:00","userId":"694288f745d125ce819e0bfa"}
{"email":"manager@test.com","level":"info","message":"User login successful","role":"Manager","service":"ehr-backend","timestamp":"2025-12-17 21:42:00","userId":"694288f745d125ce819e0bfc"}
{"email":"provider@test.com","level":"info","message":"User login successful","role":"Provider","service":"ehr-backend","timestamp":"2025-12-17 21:42:00","userId":"694288f745d125ce819e0bfe"}
{"email":"assigned@test.com","level":"info","message":"User login successful","role":"Patient","service":"ehr-backend","timestamp":"2025-12-17 21:42:00","userId":"694288f745d125ce819e0c02"}
{"email":"admin@test.com","level":"info","message":"User login successful","role":"Admin","service":"ehr-backend","timestamp":"2025-12-17 21:42:01","userId":"694288f845d125ce819e0c14"}
{"email":"manager@test.com","level":"info","message":"User login successful","role":"Manager","service":"ehr-backend","timestamp":"2025-12-17 21:42:01","userId":"694288f845d125ce819e0c16"}
{"email":"provider@test.com","level":"info","message":"User login successful","role":"Provider","service":"ehr-backend","timestamp":"2025-12-17 21:42:01","userId":"694288f845d125ce819e0c18"}
{"email":"assigned@test.com","level":"info","message":"User login successful","role":"Patient","service":"ehr-backend","timestamp":"2025-12-17 21:42:01","userId":"694288f845d125ce819e0c1c"}
{"level":"info","message":"Patient records retrieved","patientId":"694288f845d125ce819e0c1c","recordCount":1,"service":"ehr-backend","timestamp":"2025-12-17 21:42:01"}
{"email":"admin@test.com","level":"info","message":"User login successful","role":"Admin","service":"ehr-backend","timestamp":"2025-12-17 21:42:02","userId":"694288f945d125ce819e0c31"}
{"email":"manager@test.com","level":"info","message":"User login successful","role":"Manager","service":"ehr-backend","timestamp":"2025-12-17 21:42:02","userId":"694288f945d125ce819e0c33"}
{"email":"provider@test.com","level":"info","message":"User login successful","role":"Provider","service":"ehr-backend","timestamp":"2025-12-17 21:42:02","userId":"694288f945d125ce819e0c35"}
{"email":"assigned@test.com","level":"info","message":"User login successful","role":"Patient","service":"ehr-backend","timestamp":"2025-12-17 21:42:02","userId":"694288f945d125ce819e0c39"}
{"level":"info","message":"Patient records retrieved","patientId":"694288f945d125ce819e0c39","recordCount":1,"service":"ehr-backend","timestamp":"2025-12-17 21:42:02"}
{"email":"admin@test.com","level":"info","message":"User login successful","role":"Admin","service":"ehr-backend","timestamp":"2025-12-17 21:42:03","userId":"694288fa45d125ce819e0c50"}
{"email":"manager@test.com","level":"info","message":"User login successful","role":"Manager","service":"ehr-backend","timestamp":"2025-12-17 21:42:03","userId":"694288fa45d125ce819e0c52"}
{"email":"provider@test.com","level":"info","message":"User login successful","role":"Provider","service":"ehr-backend","timestamp":"2025-12-17 21:42:03","userId":"694288fa45d125ce819e0c54"}
{"email":"assigned@test.com","level":"info","message":"User login successful","role":"Patient","service":"ehr-backend","timestamp":"2025-12-17 21:42:03","userId":"694288fb45d125ce819e0c58"}
{"email":"admin@test.com","level":"info","message":"User login successful","role":"Admin","service":"ehr-backend","timestamp":"2025-12-17 21:42:04","userId":"694288fb45d125ce819e0c69"}
{"email":"manager@test.com","level":"info","message":"User login successful","role":"Manager","service":"ehr-backend","timestamp":"2025-12-17 21:42:04","userId":"694288fb45d125ce819e0c6b"}
{"email":"provider@test.com","level":"info","message":"User login successful","role":"Provider","service":"ehr-backend","timestamp":"2025-12-17 21:42:04","userId":"694288fb45d125ce819e0c6d"}
{"email":"assigned@test.com","level":"info","message":"User login successful","role":"Patient","service":"ehr-backend","timestamp":"2025-12-17 21:42:04","userId":"694288fb45d125ce819e0c71"}
{"level":"info","message":"Record retrieved by ID","recordId":"694288fc45d125ce819e0c80","service":"ehr-backend","timestamp":"2025-12-17 21:42:04","userId":"694288fb45d125ce819e0c6d"}
{"email":"admin@test.com","level":"info","message":"User login successful","role":"Admin","service":"ehr-backend","timestamp":"2025-12-17 21:42:05","userId":"694288fc45d125ce819e0c86"}
{"email":"manager@test.com","level":"info","message":"User login successful","role":"Manager","service":"ehr-backend","timestamp":"2025-12-17 21:42:05","userId":"694288fc45d125ce819e0c88"}
{"email":"provider@test.com","level":"info","message":"User login successful","role":"Provider","service":"ehr-backend","timestamp":"2025-12-17 21:42:05","userId":"694288fc45d125ce819e0c8a"}
{"email":"assigned@test.com","level":"info","message":"User login successful","role":"Patient","service":"ehr-backend","timestamp":"2025-12-17 21:42:05","userId":"694288fc45d125ce819e0c8e"}
{"level":"info","message":"Record retrieved by ID","recordId":"694288fd45d125ce819e0c9d","service":"ehr-backend","timestamp":"2025-12-17 21:42:05","userId":"694288fc45d125ce819e0c8e"}
{"email":"admin@test.com","level":"info","message":"User login successful","role":"Admin","service":"ehr-backend","timestamp":"2025-12-17 21:42:06","userId":"694288fd45d125ce819e0ca3"}
{"email":"manager@test.com","level":"info","message":"User login successful","role":"Manager","service":"ehr-backend","timestamp":"2025-12-17 21:42:06","userId":"694288fd45d125ce819e0ca5"}
{"email":"provider@test.com","level":"info","message":"User login successful","role":"Provider","service":"ehr-backend","timestamp":"2025-12-17 21:42:06","userId":"694288fd45d125ce819e0ca7"}
{"email":"assigned@test.com","level":"info","message":"User login successful","role":"Patient","service":"ehr-backend","timestamp":"2025-12-17 21:42:06","userId":"694288fe45d125ce819e0cab"}
{"level":"info","message":"Record retrieved by ID","recordId":"694288fe45d125ce819e0cba","service":"ehr-backend","timestamp":"2025-12-17 21:42:06","userId":"694288fd45d125ce819e0ca5"}
{"email":"admin@test.com","level":"info","message":"User login successful","role":"Admin","service":"ehr-backend","timestamp":"2025-12-17 21:42:07","userId":"694288fe45d125ce819e0cc0"}
{"email":"manager@test.com","level":"info","message":"User login successful","role":"Manager","service":"ehr-backend","timestamp":"2025-12-17 21:42:07","userId":"694288fe45d125ce819e0cc2"}
{"email":"provider@test.com","level":"info","message":"User login successful","role":"Provider","service":"ehr-backend","timestamp":"2025-12-17 21:42:07","userId":"694288fe45d125ce819e0cc4"}
{"email":"assigned@test.com","level":"info","message":"User login successful","role":"Patient","service":"ehr-backend","timestamp":"2025-12-17 21:42:07","userId":"694288ff45d125ce819e0cc8"}
{"email":"admin@test.com","level":"info","message":"User login successful","role":"Admin","service":"ehr-backend","timestamp":"2025-12-17 21:42:08","userId":"694288ff45d125ce819e0cdd"}
{"email":"manager@test.com","level":"info","message":"User login successful","role":"Manager","service":"ehr-backend","timestamp":"2025-12-17 21:42:08","userId":"694288ff45d125ce819e0cdf"}
{"email":"provider@test.com","level":"info","message":"User login successful","role":"Provider","service":"ehr-backend","timestamp":"2025-12-17 21:42:08","userId":"694288ff45d125ce819e0ce1"}
{"email":"assigned@test.com","level":"info","message":"User login successful","role":"Patient","service":"ehr-backend","timestamp":"2025-12-17 21:42:08","userId":"6942890045d125ce819e0ce5"}
{"email":"admin@test.com","level":"info","message":"User login successful","role":"Admin","service":"ehr-backend","timestamp":"2025-12-17 21:42:09","userId":"6942890045d125ce819e0cf7"}
{"email":"manager@test.com","level":"info","message":"User login successful","role":"Manager","service":"ehr-backend","timestamp":"2025-12-17 21:42:09","userId":"6942890045d125ce819e0cf9"}
{"email":"provider@test.com","level":"info","message":"User login successful","role":"Provider","service":"ehr-backend","timestamp":"2025-12-17 21:42:09","userId":"6942890145d125ce819e0cfb"}
{"email":"assigned@test.com","level":"info","message":"User login successful","role":"Patient","service":"ehr-backend","timestamp":"2025-12-17 21:42:09","userId":"6942890145d125ce819e0cff"}
{"creatorId":"6942890145d125ce819e0cfb","level":"info","message":"Record created successfully","patientId":"6942890145d125ce819e0cff","recordId":"6942890145d125ce819e0d0f","service":"ehr-backend","timestamp":"2025-12-17 21:42:09"}
{"email":"admin@test.com","level":"info","message":"User login successful","role":"Admin","service":"ehr-backend","timestamp":"2025-12-17 21:42:10","userId":"6942890145d125ce819e0d13"}
{"email":"manager@test.com","level":"info","message":"User login successful","role":"Manager","service":"ehr-backend","timestamp":"2025-12-17 21:42:10","userId":"6942890145d125ce819e0d15"}
{"email":"provider@test.com","level":"info","message":"User login successful","role":"Provider","service":"ehr-backend","timestamp":"2025-12-17 21:42:10","userId":"6942890245d125ce819e0d17"}
{"email":"assigned@test.com","level":"info","message":"User login successful","role":"Patient","service":"ehr-backend","timestamp":"2025-12-17 21:42:10","userId":"6942890245d125ce819e0d1b"}
{"email":"admin@test.com","level":"info","message":"User login successful","role":"Admin","service":"ehr-backend","timestamp":"2025-12-17 21:42:11","userId":"6942890245d125ce819e0d2c"}
{"email":"manager@test.com","level":"info","message":"User login successful","role":"Manager","service":"ehr-backend","timestamp":"2025-12-17 21:42:11","userId":"6942890345d125ce819e0d2e"}
{"email":"provider@test.com","level":"info","message":"User login successful","role":"Provider","service":"ehr-backend","timestamp":"2025-12-17 21:42:11","userId":"6942890345d125ce819e0d30"}
{"email":"assigned@test.com","level":"info","message":"User login successful","role":"Patient","service":"ehr-backend","timestamp":"2025-12-17 21:42:11","userId":"6942890345d125ce819e0d34"}
{"creatorId":"6942890345d125ce819e0d30","level":"info","message":"Record created successfully","patientId":"6942890345d125ce819e0d34","recordId":"6942890345d125ce819e0d44","service":"ehr-backend","timestamp":"2025-12-17 21:42:11"}
{"email":"admin@test.com","level":"info","message":"User login successful","role":"Admin","service":"ehr-backend","timestamp":"2025-12-17 21:42:12","userId":"6942890345d125ce819e0d49"}
{"email":"manager@test.com","level":"info","message":"User login successful","role":"Manager","service":"ehr-backend","timestamp":"2025-12-17 21:42:12","userId":"6942890445d125ce819e0d4b"}
{"email":"provider@test.com","level":"info","message":"User login successful","role":"Provider","service":"ehr-backend","timestamp":"2025-12-17 21:42:12","userId":"6942890445d125ce819e0d4d"}
{"email":"assigned@test.com","level":"info","message":"User login successful","role":"Patient","service":"ehr-backend","timestamp":"2025-12-17 21:42:12","userId":"6942890445d125ce819e0d51"}
{"level":"info","message":"Record retrieved by ID","recordId":"6942890445d125ce819e0d60","service":"ehr-backend","timestamp":"2025-12-17 21:42:12","userId":"6942890445d125ce819e0d4d"}
{"email":"admin@test.com","level":"info","message":"User login successful","role":"Admin","service":"ehr-backend","timestamp":"2025-12-17 21:44:29","userId":"6942898ccc65550c883ee068"}
{"email":"manager@test.com","level":"info","message":"User login successful","role":"Manager","service":"ehr-backend","timestamp":"2025-12-17 21:44:29","userId":"6942898ccc65550c883ee06b"}
{"email":"provider@test.com","level":"info","message":"User login successful","role":"Provider","service":"ehr-backend","timestamp":"2025-12-17 21:44:29","userId":"6942898ccc65550c883ee06d"}
{"email":"assigned@test.com","level":"info","message":"User login successful","role":"Patient","service":"ehr-backend","timestamp":"2025-12-17 21:44:29","userId":"6942898ccc65550c883ee071"}
{"creatorId":"6942898ccc65550c883ee06d","level":"info","message":"Record created successfully","patientId":"6942898ccc65550c883ee071","recordId":"6942898dcc65550c883ee081","service":"ehr-backend","timestamp":"2025-12-17 21:44:29"}
{"email":"admin@test.com","level":"info","message":"User login successful","role":"Admin","service":"ehr-backend","timestamp":"2025-12-17 21:44:30","userId":"6942898dcc65550c883ee085"}
{"email":"manager@test.com","level":"info","message":"User login successful","role":"Manager","service":"ehr-backend","timestamp":"2025-12-17 21:44:30","userId":"6942898dcc65550c883ee087"}
{"email":"provider@test.com","level":"info","message":"User login successful","role":"Provider","service":"ehr-backend","timestamp":"2025-12-17 21:44:30","userId":"6942898dcc65550c883ee089"}
{"email":"assigned@test.com","level":"info","message":"User login successful","role":"Patient","service":"ehr-backend","timestamp":"2025-12-17 21:44:30","userId":"6942898ecc65550c883ee08d"}
{"email":"admin@test.com","level":"info","message":"User login successful","role":"Admin","service":"ehr-backend","timestamp":"2025-12-17 21:44:31","userId":"6942898ecc65550c883ee09d"}
{"email":"manager@test.com","level":"info","message":"User login successful","role":"Manager","service":"ehr-backend","timestamp":"2025-12-17 21:44:31","userId":"6942898ecc65550c883ee09f"}
{"email":"provider@test.com","level":"info","message":"User login successful","role":"Provider","service":"ehr-backend","timestamp":"2025-12-17 21:44:31","userId":"6942898ecc65550c883ee0a1"}
{"email":"assigned@test.com","level":"info","message":"User login successful","role":"Patient","service":"ehr-backend","timestamp":"2025-12-17 21:44:31","userId":"6942898ecc65550c883ee0a5"}
{"creatorId":"6942898ecc65550c883ee09f","level":"info","message":"Record created successfully","patientId":"6942898ecc65550c883ee0a3","recordId":"6942898fcc65550c883ee0b4","service":"ehr-backend","timestamp":"2025-12-17 21:44:31"}
{"email":"admin@test.com","level":"info","message":"User login successful","role":"Admin","service":"ehr-backend","timestamp":"2025-12-17 21:44:32","userId":"6942898fcc65550c883ee0b8"}
{"email":"manager@test.com","level":"info","message":"User login successful","role":"Manager","service":"ehr-backend","timestamp":"2025-12-17 21:44:32","userId":"6942898fcc65550c883ee0ba"}
{"email":"provider@test.com","level":"info","message":"User login successful","role":"Provider","service":"ehr-backend","timestamp":"2025-12-17 21:44:32","userId":"6942898fcc65550c883ee0bc"}
{"email":"assigned@test.com","level":"info","message":"User login successful","role":"Patient","service":"ehr-backend","timestamp":"2025-12-17 21:44:32","userId":"6942898fcc65550c883ee0c0"}
{"email":"admin@test.com","level":"info","message":"User login successful","role":"Admin","service":"ehr-backend","timestamp":"2025-12-17 21:44:33","userId":"69428990cc65550c883ee0cf"}
{"email":"manager@test.com","level":"info","message":"User login successful","role":"Manager","service":"ehr-backend","timestamp":"2025-12-17 21:44:33","userId":"69428990cc65550c883ee0d1"}
{"email":"provider@test.com","level":"info","message":"User login successful","role":"Provider","service":"ehr-backend","timestamp":"2025-12-17 21:44:33","userId":"69428990cc65550c883ee0d3"}
{"email":"assigned@test.com","level":"info","message":"User login successful","role":"Patient","service":"ehr-backend","timestamp":"2025-12-17 21:44:33","userId":"69428990cc65550c883ee0d7"}
{"email":"admin@test.com","level":"info","message":"User login successful","role":"Admin","service":"ehr-backend","timestamp":"2025-12-17 21:44:33","userId":"69428991cc65550c883ee0e6"}
{"email":"manager@test.com","level":"info","message":"User login successful","role":"Manager","service":"ehr-backend","timestamp":"2025-12-17 21:44:34","userId":"69428991cc65550c883ee0e8"}
{"email":"provider@test.com","level":"info","message":"User login successful","role":"Provider","service":"ehr-backend","timestamp":"2025-12-17 21:44:34","userId":"69428991cc65550c883ee0ea"}
{"email":"assigned@test.com","level":"info","message":"User login successful","role":"Patient","service":"ehr-backend","timestamp":"2025-12-17 21:44:34","userId":"69428991cc65550c883ee0ee"}
{"email":"admin@test.com","level":"info","message":"User login successful","role":"Admin","service":"ehr-backend","timestamp":"2025-12-17 21:44:34","userId":"69428992cc65550c883ee0fd"}
{"email":"manager@test.com","level":"info","message":"User login successful","role":"Manager","service":"ehr-backend","timestamp":"2025-12-17 21:44:34","userId":"69428992cc65550c883ee0ff"}
{"email":"provider@test.com","level":"info","message":"User login successful","role":"Provider","service":"ehr-backend","timestamp":"2025-12-17 21:44:35","userId":"69428992cc65550c883ee101"}
{"email":"assigned@test.com","level":"info","message":"User login successful","role":"Patient","service":"ehr-backend","timestamp":"2025-12-17 21:44:35","userId":"69428992cc65550c883ee105"}
{"creatorId":"69428992cc65550c883ee101","level":"info","message":"Record created successfully","patientId":"69428992cc65550c883ee105","recordId":"69428993cc65550c883ee115","service":"ehr-backend","timestamp":"2025-12-17 21:44:35"}
{"email":"admin@test.com","level":"info","message":"User login successful","role":"Admin","service":"ehr-backend","timestamp":"2025-12-17 21:44:35","userId":"69428993cc65550c883ee119"}
{"email":"manager@test.com","level":"info","message":"User login successful","role":"Manager","service":"ehr-backend","timestamp":"2025-12-17 21:44:36","userId":"69428993cc65550c883ee11b"}
{"email":"provider@test.com","level":"info","message":"User login successful","role":"Provider","service":"ehr-backend","timestamp":"2025-12-17 21:44:36","userId":"69428993cc65550c883ee11d"}
{"email":"assigned@test.com","level":"info","message":"User login successful","role":"Patient","service":"ehr-backend","timestamp":"2025-12-17 21:44:36","userId":"69428993cc65550c883ee121"}
{"level":"info","message":"Records retrieved","recordCount":1,"role":"Manager","service":"ehr-backend","timestamp":"2025-12-17 21:44:36","userId":"69428993cc65550c883ee11b"}
{"email":"admin@test.com","level":"info","message":"User login successful","role":"Admin","service":"ehr-backend","timestamp":"2025-12-17 21:44:37","userId":"69428994cc65550c883ee136"}
{"email":"manager@test.com","level":"info","message":"User login successful","role":"Manager","service":"ehr-backend","timestamp":"2025-12-17 21:44:37","userId":"69428994cc65550c883ee138"}
{"email":"provider@test.com","level":"info","message":"User login successful","role":"Provider","service":"ehr-backend","timestamp":"2025-12-17 21:44:37","userId":"69428994cc65550c883ee13a"}
{"email":"assigned@test.com","level":"info","message":"User login successful","role":"Patient","service":"ehr-backend","timestamp":"2025-12-17 21:44:37","userId":"69428994cc65550c883ee13e"}
{"level":"info","message":"Records retrieved","recordCount":0,"role":"Provider","service":"ehr-backend","timestamp":"2025-12-17 21:44:37","userId":"69428994cc65550c883ee13a"}
{"email":"admin@test.com","level":"info","message":"User login successful","role":"Admin","service":"ehr-backend","timestamp":"2025-12-17 21:44:37","userId":"69428995cc65550c883ee151"}
{"email":"manager@test.com","level":"info","message":"User login successful","role":"Manager","service":"ehr-backend","timestamp":"2025-12-17 21:44:37","userId":"69428995cc65550c883ee153"}
{"email":"provider@test.com","level":"info","message":"User login successful","role":"Provider","service":"ehr-backend","timestamp":"2025-12-17 21:44:38","userId":"69428995cc65550c883ee155"}
{"email":"assigned@test.com","level":"info","message":"User login successful","role":"Patient","service":"ehr-backend","timestamp":"2025-12-17 21:44:38","userId":"69428995cc65550c883ee159"}
{"level":"info","message":"Records retrieved","recordCount":0,"role":"Patient","service":"ehr-backend","timestamp":"2025-12-17 21:44:38","userId":"69428995cc65550c883ee159"}
{"email":"admin@test.com","level":"info","message":"User login successful","role":"Admin","service":"ehr-backend","timestamp":"2025-12-17 21:44:38","userId":"69428996cc65550c883ee16b"}
{"email":"manager@test.com","level":"info","message":"User login successful","role":"Manager","service":"ehr-backend","timestamp":"2025-12-17 21:44:38","userId":"69428996cc65550c883ee16d"}
{"email":"provider@test.com","level":"info","message":"User login successful","role":"Provider","service":"ehr-backend","timestamp":"2025-12-17 21:44:38","userId":"69428996cc65550c883ee16f"}
{"email":"assigned@test.com","level":"info","message":"User login successful","role":"Patient","service":"ehr-backend","timestamp":"2025-12-17 21:44:39","userId":"69428996cc65550c883ee173"}
{"level":"info","message":"Patient records retrieved","patientId":"69428996cc65550c883ee173","recordCount":1,"service":"ehr-backend","timestamp":"2025-12-17 21:44:39"}
{"email":"admin@test.com","level":"info","message":"User login successful","role":"Admin","service":"ehr-backend","timestamp":"2025-12-17 21:44:39","userId":"69428997cc65550c883ee188"}
{"email":"manager@test.com","level":"info","message":"User login successful","role":"Manager","service":"ehr-backend","timestamp":"2025-12-17 21:44:39","userId":"69428997cc65550c883ee18a"}
{"email":"provider@test.com","level":"info","message":"User login successful","role":"Provider","service":"ehr-backend","timestamp":"2025-12-17 21:44:39","userId":"69428997cc65550c883ee18c"}
{"email":"assigned@test.com","level":"info","message":"User login successful","role":"Patient","service":"ehr-backend","timestamp":"2025-12-17 21:44:40","userId":"69428997cc65550c883ee190"}
{"level":"info","message":"Patient records retrieved","patientId":"69428997cc65550c883ee190","recordCount":1,"service":"ehr-backend","timestamp":"2025-12-17 21:44:40"}
{"email":"admin@test.com","level":"info","message":"User login successful","role":"Admin","service":"ehr-backend","timestamp":"2025-12-17 21:44:40","userId":"69428998cc65550c883ee1a7"}
{"email":"manager@test.com","level":"info","message":"User login successful","role":"Manager","service":"ehr-backend","timestamp":"2025-12-17 21:44:40","userId":"69428998cc65550c883ee1a9"}
{"email":"provider@test.com","level":"info","message":"User login successful","role":"Provider","service":"ehr-backend","timestamp":"2025-12-17 21:44:40","userId":"69428998cc65550c883ee1ab"}
{"email":"assigned@test.com","level":"info","message":"User login successful","role":"Patient","service":"ehr-backend","timestamp":"2025-12-17 21:44:41","userId":"69428998cc65550c883ee1af"}
{"email":"admin@test.com","level":"info","message":"User login successful","role":"Admin","service":"ehr-backend","timestamp":"2025-12-17 21:44:41","userId":"69428999cc65550c883ee1c0"}
{"email":"manager@test.com","level":"info","message":"User login successful","role":"Manager","service":"ehr-backend","timestamp":"2025-12-17 21:44:41","userId":"69428999cc65550c883ee1c2"}
{"email":"provider@test.com","level":"info","message":"User login successful","role":"Provider","service":"ehr-backend","timestamp":"2025-12-17 21:44:42","userId":"69428999cc65550c883ee1c4"}
{"email":"assigned@test.com","level":"info","message":"User login successful","role":"Patient","service":"ehr-backend","timestamp":"2025-12-17 21:44:42","userId":"69428999cc65550c883ee1c8"}
{"level":"info","message":"Record retrieved by ID","recordId":"6942899acc65550c883ee1d7","service":"ehr-backend","timestamp":"2025-12-17 21:44:42","userId":"69428999cc65550c883ee1c4"}
{"email":"admin@test.com","level":"info","message":"User login successful","role":"Admin","service":"ehr-backend","timestamp":"2025-12-17 21:44:42","userId":"6942899acc65550c883ee1dd"}
{"email":"manager@test.com","level":"info","message":"User login successful","role":"Manager","service":"ehr-backend","timestamp":"2025-12-17 21:44:42","userId":"6942899acc65550c883ee1df"}
{"email":"provider@test.com","level":"info","message":"User login successful","role":"Provider","service":"ehr-backend","timestamp":"2025-12-17 21:44:43","userId":"6942899acc65550c883ee1e1"}
{"email":"assigned@test.com","level":"info","message":"User login successful","role":"Patient","service":"ehr-backend","timestamp":"2025-12-17 21:44:43","userId":"6942899acc65550c883ee1e5"}
{"level":"info","message":"Record retrieved by ID","recordId":"6942899bcc65550c883ee1f4","service":"ehr-backend","timestamp":"2025-12-17 21:44:43","userId":"6942899acc65550c883ee1e5"}
{"email":"admin@test.com","level":"info","message":"User login successful","role":"Admin","service":"ehr-backend","timestamp":"2025-12-17 21:44:43","userId":"6942899bcc65550c883ee1fa"}
{"email":"manager@test.com","level":"info","message":"User login successful","role":"Manager","service":"ehr-backend","timestamp":"2025-12-17 21:44:43","userId":"6942899bcc65550c883ee1fc"}
{"email":"provider@test.com","level":"info","message":"User login successful","role":"Provider","service":"ehr-backend","timestamp":"2025-12-17 21:44:44","userId":"6942899bcc65550c883ee1fe"}
{"email":"assigned@test.com","level":"info","message":"User login successful","role":"Patient","service":"ehr-backend","timestamp":"2025-12-17 21:44:44","userId":"6942899bcc65550c883ee202"}
{"level":"info","message":"Record retrieved by ID","recordId":"6942899ccc65550c883ee211","service":"ehr-backend","timestamp":"2025-12-17 21:44:44","userId":"6942899bcc65550c883ee1fc"}
{"email":"admin@test.com","level":"info","message":"User login successful","role":"Admin","service":"ehr-backend","timestamp":"2025-12-17 21:44:44","userId":"6942899ccc65550c883ee217"}
{"email":"manager@test.com","level":"info","message":"User login successful","role":"Manager","service":"ehr-backend","timestamp":"2025-12-17 21:44:44","userId":"6942899ccc65550c883ee219"}
{"email":"provider@test.com","level":"info","message":"User login successful","role":"Provider","service":"ehr-backend","timestamp":"2025-12-17 21:44:45","userId":"6942899ccc65550c883ee21b"}
{"email":"assigned@test.com","level":"info","message":"User login successful","role":"Patient","service":"ehr-backend","timestamp":"2025-12-17 21:44:45","userId":"6942899ccc65550c883ee21f"}
{"email":"admin@test.com","level":"info","message":"User login successful","role":"Admin","service":"ehr-backend","timestamp":"2025-12-17 21:44:45","userId":"6942899dcc65550c883ee234"}
{"email":"manager@test.com","level":"info","message":"User login successful","role":"Manager","service":"ehr-backend","timestamp":"2025-12-17 21:44:45","userId":"6942899dcc65550c883ee236"}
{"email":"provider@test.com","level":"info","message":"User login successful","role":"Provider","service":"ehr-backend","timestamp":"2025-12-17 21:44:46","userId":"6942899dcc65550c883ee238"}
{"email":"assigned@test.com","level":"info","message":"User login successful","role":"Patient","service":"ehr-backend","timestamp":"2025-12-17 21:44:46","userId":"6942899dcc65550c883ee23c"}
{"email":"admin@test.com","level":"info","message":"User login successful","role":"Admin","service":"ehr-backend","timestamp":"2025-12-17 21:44:46","userId":"6942899ecc65550c883ee24e"}
{"email":"manager@test.com","level":"info","message":"User login successful","role":"Manager","service":"ehr-backend","timestamp":"2025-12-17 21:44:47","userId":"6942899ecc65550c883ee250"}
{"email":"provider@test.com","level":"info","message":"User login successful","role":"Provider","service":"ehr-backend","timestamp":"2025-12-17 21:44:47","userId":"6942899ecc65550c883ee252"}
{"email":"assigned@test.com","level":"info","message":"User login successful","role":"Patient","service":"ehr-backend","timestamp":"2025-12-17 21:44:47","userId":"6942899ecc65550c883ee256"}
{"creatorId":"6942899ecc65550c883ee252","level":"info","message":"Record created successfully","patientId":"6942899ecc65550c883ee256","recordId":"6942899fcc65550c883ee266","service":"ehr-backend","timestamp":"2025-12-17 21:44:47"}
{"email":"admin@test.com","level":"info","message":"User login successful","role":"Admin","service":"ehr-backend","timestamp":"2025-12-17 21:44:47","userId":"6942899fcc65550c883ee26a"}
{"email":"manager@test.com","level":"info","message":"User login successful","role":"Manager","service":"ehr-backend","timestamp":"2025-12-17 21:44:48","userId":"6942899fcc65550c883ee26c"}
{"email":"provider@test.com","level":"info","message":"User login successful","role":"Provider","service":"ehr-backend","timestamp":"2025-12-17 21:44:48","userId":"6942899fcc65550c883ee26e"}
{"email":"assigned@test.com","level":"info","message":"User login successful","role":"Patient","service":"ehr-backend","timestamp":"2025-12-17 21:44:48","userId":"6942899fcc65550c883ee272"}
{"email":"admin@test.com","level":"info","message":"User login successful","role":"Admin","service":"ehr-backend","timestamp":"2025-12-17 21:44:49","userId":"694289a0cc65550c883ee283"}
{"email":"manager@test.com","level":"info","message":"User login successful","role":"Manager","service":"ehr-backend","timestamp":"2025-12-17 21:44:49","userId":"694289a0cc65550c883ee285"}
{"email":"provider@test.com","level":"info","message":"User login successful","role":"Provider","service":"ehr-backend","timestamp":"2025-12-17 21:44:49","userId":"694289a0cc65550c883ee287"}
{"email":"assigned@test.com","level":"info","message":"User login successful","role":"Patient","service":"ehr-backend","timestamp":"2025-12-17 21:44:49","userId":"694289a0cc65550c883ee28b"}
{"creatorId":"694289a0cc65550c883ee287","level":"info","message":"Record created successfully","patientId":"694289a0cc65550c883ee28b","recordId":"694289a1cc65550c883ee29b","service":"ehr-backend","timestamp":"2025-12-17 21:44:49"}
{"email":"admin@test.com","level":"info","message":"User login successful","role":"Admin","service":"ehr-backend","timestamp":"2025-12-17 21:44:50","userId":"694289a1cc65550c883ee2a0"}
{"email":"manager@test.com","level":"info","message":"User login successful","role":"Manager","service":"ehr-backend","timestamp":"2025-12-17 21:44:50","userId":"694289a1cc65550c883ee2a2"}
{"email":"provider@test.com","level":"info","message":"User login successful","role":"Provider","service":"ehr-backend","timestamp":"2025-12-17 21:44:50","userId":"694289a1cc65550c883ee2a4"}
{"email":"assigned@test.com","level":"info","message":"User login successful","role":"Patient","service":"ehr-backend","timestamp":"2025-12-17 21:44:50","userId":"694289a1cc65550c883ee2a8"}
{"level":"info","message":"Record retrieved by ID","recordId":"694289a2cc65550c883ee2b7","service":"ehr-backend","timestamp":"2025-12-17 21:44:50","userId":"694289a1cc65550c883ee2a4"}
{"email":"admin@test.com","level":"info","message":"User login successful","role":"Admin","service":"ehr-backend","timestamp":"2025-12-17 21:45:50","userId":"694289dd43314aead1c51294"}
{"email":"manager@test.com","level":"info","message":"User login successful","role":"Manager","service":"ehr-backend","timestamp":"2025-12-17 21:45:50","userId":"694289dd43314aead1c51297"}
{"email":"provider@test.com","level":"info","message":"User login successful","role":"Provider","service":"ehr-backend","timestamp":"2025-12-17 21:45:50","userId":"694289dd43314aead1c51299"}
{"email":"assigned@test.com","level":"info","message":"User login successful","role":"Patient","service":"ehr-backend","timestamp":"2025-12-17 21:45:50","userId":"694289de43314aead1c5129d"}
{"creatorId":"694289dd43314aead1c51299","level":"info","message":"Record created successfully","patientId":"694289de43314aead1c5129d","recordId":"694289de43314aead1c512ad","service":"ehr-backend","timestamp":"2025-12-17 21:45:50"}
{"email":"admin@test.com","level":"info","message":"User login successful","role":"Admin","service":"ehr-backend","timestamp":"2025-12-17 21:45:51","userId":"694289de43314aead1c512b1"}
{"email":"manager@test.com","level":"info","message":"User login successful","role":"Manager","service":"ehr-backend","timestamp":"2025-12-17 21:45:51","userId":"694289de43314aead1c512b3"}
{"email":"provider@test.com","level":"info","message":"User login successful","role":"Provider","service":"ehr-backend","timestamp":"2025-12-17 21:45:51","userId":"694289de43314aead1c512b5"}
{"email":"assigned@test.com","level":"info","message":"User login successful","role":"Patient","service":"ehr-backend","timestamp":"2025-12-17 21:45:51","userId":"694289df43314aead1c512b9"}
{"email":"admin@test.com","level":"info","message":"User login successful","role":"Admin","service":"ehr-backend","timestamp":"2025-12-17 21:45:52","userId":"694289df43314aead1c512c9"}
{"email":"manager@test.com","level":"info","message":"User login successful","role":"Manager","service":"ehr-backend","timestamp":"2025-12-17 21:45:52","userId":"694289df43314aead1c512cb"}
{"email":"provider@test.com","level":"info","message":"User login successful","role":"Provider","service":"ehr-backend","timestamp":"2025-12-17 21:45:52","userId":"694289df43314aead1c512cd"}
{"email":"assigned@test.com","level":"info","message":"User login successful","role":"Patient","service":"ehr-backend","timestamp":"2025-12-17 21:45:52","userId":"694289e043314aead1c512d1"}
{"creatorId":"694289df43314aead1c512cb","level":"info","message":"Record created successfully","patientId":"694289df43314aead1c512cf","recordId":"694289e043314aead1c512e0","service":"ehr-backend","timestamp":"2025-12-17 21:45:52"}
{"email":"admin@test.com","level":"info","message":"User login successful","role":"Admin","service":"ehr-backend","timestamp":"2025-12-17 21:45:53","userId":"694289e043314aead1c512e4"}
{"email":"manager@test.com","level":"info","message":"User login successful","role":"Manager","service":"ehr-backend","timestamp":"2025-12-17 21:45:53","userId":"694289e043314aead1c512e6"}
{"email":"provider@test.com","level":"info","message":"User login successful","role":"Provider","service":"ehr-backend","timestamp":"2025-12-17 21:45:53","userId":"694289e043314aead1c512e8"}
{"email":"assigned@test.com","level":"info","message":"User login successful","role":"Patient","service":"ehr-backend","timestamp":"2025-12-17 21:45:53","userId":"694289e143314aead1c512ec"}
{"email":"admin@test.com","level":"info","message":"User login successful","role":"Admin","service":"ehr-backend","timestamp":"2025-12-17 21:45:54","userId":"694289e143314aead1c512fb"}
{"email":"manager@test.com","level":"info","message":"User login successful","role":"Manager","service":"ehr-backend","timestamp":"2025-12-17 21:45:54","userId":"694289e143314aead1c512fd"}
{"email":"provider@test.com","level":"info","message":"User login successful","role":"Provider","service":"ehr-backend","timestamp":"2025-12-17 21:45:54","userId":"694289e143314aead1c512ff"}
{"email":"assigned@test.com","level":"info","message":"User login successful","role":"Patient","service":"ehr-backend","timestamp":"2025-12-17 21:45:54","userId":"694289e143314aead1c51303"}
{"email":"admin@test.com","level":"info","message":"User login successful","role":"Admin","service":"ehr-backend","timestamp":"2025-12-17 21:45:55","userId":"694289e243314aead1c51312"}
{"email":"manager@test.com","level":"info","message":"User login successful","role":"Manager","service":"ehr-backend","timestamp":"2025-12-17 21:45:55","userId":"694289e243314aead1c51314"}
{"email":"provider@test.com","level":"info","message":"User login successful","role":"Provider","service":"ehr-backend","timestamp":"2025-12-17 21:45:55","userId":"694289e243314aead1c51316"}
{"email":"assigned@test.com","level":"info","message":"User login successful","role":"Patient","service":"ehr-backend","timestamp":"2025-12-17 21:45:55","userId":"694289e243314aead1c5131a"}
{"email":"admin@test.com","level":"info","message":"User login successful","role":"Admin","service":"ehr-backend","timestamp":"2025-12-17 21:45:56","userId":"694289e343314aead1c51329"}
{"email":"manager@test.com","level":"info","message":"User login successful","role":"Manager","service":"ehr-backend","timestamp":"2025-12-17 21:45:56","userId":"694289e343314aead1c5132b"}
{"email":"provider@test.com","level":"info","message":"User login successful","role":"Provider","service":"ehr-backend","timestamp":"2025-12-17 21:45:56","userId":"694289e343314aead1c5132d"}
{"email":"assigned@test.com","level":"info","message":"User login successful","role":"Patient","service":"ehr-backend","timestamp":"2025-12-17 21:45:56","userId":"694289e343314aead1c51331"}
{"creatorId":"694289e343314aead1c5132d","level":"info","message":"Record created successfully","patientId":"694289e343314aead1c51331","recordId":"694289e443314aead1c51341","service":"ehr-backend","timestamp":"2025-12-17 21:45:56"}
{"email":"admin@test.com","level":"info","message":"User login successful","role":"Admin","service":"ehr-backend","timestamp":"2025-12-17 21:45:57","userId":"694289e443314aead1c51345"}
{"email":"manager@test.com","level":"info","message":"User login successful","role":"Manager","service":"ehr-backend","timestamp":"2025-12-17 21:45:57","userId":"694289e443314aead1c51347"}
{"email":"provider@test.com","level":"info","message":"User login successful","role":"Provider","service":"ehr-backend","timestamp":"2025-12-17 21:45:57","userId":"694289e443314aead1c51349"}
{"email":"assigned@test.com","level":"info","message":"User login successful","role":"Patient","service":"ehr-backend","timestamp":"2025-12-17 21:45:57","userId":"694289e443314aead1c5134d"}
{"level":"info","message":"Records retrieved","recordCount":1,"role":"Manager","service":"ehr-backend","timestamp":"2025-12-17 21:45:57","userId":"694289e443314aead1c51347"}
{"email":"admin@test.com","level":"info","message":"User login successful","role":"Admin","service":"ehr-backend","timestamp":"2025-12-17 21:45:58","userId":"694289e543314aead1c51362"}
{"email":"manager@test.com","level":"info","message":"User login successful","role":"Manager","service":"ehr-backend","timestamp":"2025-12-17 21:45:58","userId":"694289e543314aead1c51364"}
{"email":"provider@test.com","level":"info","message":"User login successful","role":"Provider","service":"ehr-backend","timestamp":"2025-12-17 21:45:58","userId":"694289e543314aead1c51366"}
{"email":"assigned@test.com","level":"info","message":"User login successful","role":"Patient","service":"ehr-backend","timestamp":"2025-12-17 21:45:58","userId":"694289e543314aead1c5136a"}
{"email":"admin@test.com","level":"info","message":"User login successful","role":"Admin","service":"ehr-backend","timestamp":"2025-12-17 21:45:59","userId":"694289e643314aead1c51379"}
{"email":"manager@test.com","level":"info","message":"User login successful","role":"Manager","service":"ehr-backend","timestamp":"2025-12-17 21:45:59","userId":"694289e643314aead1c5137b"}
{"email":"provider@test.com","level":"info","message":"User login successful","role":"Provider","service":"ehr-backend","timestamp":"2025-12-17 21:45:59","userId":"694289e643314aead1c5137d"}
{"email":"assigned@test.com","level":"info","message":"User login successful","role":"Patient","service":"ehr-backend","timestamp":"2025-12-17 21:45:59","userId":"694289e643314aead1c51381"}
{"email":"admin@test.com","level":"info","message":"User login successful","role":"Admin","service":"ehr-backend","timestamp":"2025-12-17 21:45:59","userId":"694289e743314aead1c51390"}
{"email":"manager@test.com","level":"info","message":"User login successful","role":"Manager","service":"ehr-backend","timestamp":"2025-12-17 21:46:00","userId":"694289e743314aead1c51392"}
{"email":"provider@test.com","level":"info","message":"User login successful","role":"Provider","service":"ehr-backend","timestamp":"2025-12-17 21:46:00","userId":"694289e743314aead1c51394"}
{"email":"assigned@test.com","level":"info","message":"User login successful","role":"Patient","service":"ehr-backend","timestamp":"2025-12-17 21:46:00","userId":"694289e743314aead1c51398"}
{"level":"info","message":"Patient records retrieved","patientId":"694289e743314aead1c51398","recordCount":1,"service":"ehr-backend","timestamp":"2025-12-17 21:46:00"}
{"email":"admin@test.com","level":"info","message":"User login successful","role":"Admin","service":"ehr-backend","timestamp":"2025-12-17 21:46:00","userId":"694289e843314aead1c513ad"}
{"email":"manager@test.com","level":"info","message":"User login successful","role":"Manager","service":"ehr-backend","timestamp":"2025-12-17 21:46:01","userId":"694289e843314aead1c513af"}
{"email":"provider@test.com","level":"info","message":"User login successful","role":"Provider","service":"ehr-backend","timestamp":"2025-12-17 21:46:01","userId":"694289e843314aead1c513b1"}
{"email":"assigned@test.com","level":"info","message":"User login successful","role":"Patient","service":"ehr-backend","timestamp":"2025-12-17 21:46:01","userId":"694289e843314aead1c513b5"}
{"level":"info","message":"Patient records retrieved","patientId":"694289e843314aead1c513b5","recordCount":1,"service":"ehr-backend","timestamp":"2025-12-17 21:46:01"}
{"email":"admin@test.com","level":"info","message":"User login successful","role":"Admin","service":"ehr-backend","timestamp":"2025-12-17 21:46:02","userId":"694289e943314aead1c513cc"}
{"email":"manager@test.com","level":"info","message":"User login successful","role":"Manager","service":"ehr-backend","timestamp":"2025-12-17 21:46:02","userId":"694289e943314aead1c513ce"}
{"email":"provider@test.com","level":"info","message":"User login successful","role":"Provider","service":"ehr-backend","timestamp":"2025-12-17 21:46:02","userId":"694289e943314aead1c513d0"}
{"email":"assigned@test.com","level":"info","message":"User login successful","role":"Patient","service":"ehr-backend","timestamp":"2025-12-17 21:46:02","userId":"694289e943314aead1c513d4"}
{"email":"admin@test.com","level":"info","message":"User login successful","role":"Admin","service":"ehr-backend","timestamp":"2025-12-17 21:46:03","userId":"694289ea43314aead1c513e5"}
{"email":"manager@test.com","level":"info","message":"User login successful","role":"Manager","service":"ehr-backend","timestamp":"2025-12-17 21:46:03","userId":"694289ea43314aead1c513e7"}
{"email":"provider@test.com","level":"info","message":"User login successful","role":"Provider","service":"ehr-backend","timestamp":"2025-12-17 21:46:03","userId":"694289ea43314aead1c513e9"}
{"email":"assigned@test.com","level":"info","message":"User login successful","role":"Patient","service":"ehr-backend","timestamp":"2025-12-17 21:46:03","userId":"694289ea43314aead1c513ed"}
{"level":"info","message":"Record retrieved by ID","recordId":"694289eb43314aead1c513fc","service":"ehr-backend","timestamp":"2025-12-17 21:46:03","userId":"694289ea43314aead1c513e9"}
{"email":"admin@test.com","level":"info","message":"User login successful","role":"Admin","service":"ehr-backend","timestamp":"2025-12-17 21:46:04","userId":"694289eb43314aead1c51402"}
{"email":"manager@test.com","level":"info","message":"User login successful","role":"Manager","service":"ehr-backend","timestamp":"2025-12-17 21:46:04","userId":"694289eb43314aead1c51404"}
{"email":"provider@test.com","level":"info","message":"User login successful","role":"Provider","service":"ehr-backend","timestamp":"2025-12-17 21:46:04","userId":"694289eb43314aead1c51406"}
{"email":"assigned@test.com","level":"info","message":"User login successful","role":"Patient","service":"ehr-backend","timestamp":"2025-12-17 21:46:04","userId":"694289eb43314aead1c5140a"}
{"level":"info","message":"Record retrieved by ID","recordId":"694289ec43314aead1c51419","service":"ehr-backend","timestamp":"2025-12-17 21:46:04","userId":"694289eb43314aead1c5140a"}
{"email":"admin@test.com","level":"info","message":"User login successful","role":"Admin","service":"ehr-backend","timestamp":"2025-12-17 21:46:05","userId":"694289ec43314aead1c5141f"}
{"email":"manager@test.com","level":"info","message":"User login successful","role":"Manager","service":"ehr-backend","timestamp":"2025-12-17 21:46:05","userId":"694289ec43314aead1c51421"}
{"email":"provider@test.com","level":"info","message":"User login successful","role":"Provider","service":"ehr-backend","timestamp":"2025-12-17 21:46:05","userId":"694289ec43314aead1c51423"}
{"email":"assigned@test.com","level":"info","message":"User login successful","role":"Patient","service":"ehr-backend","timestamp":"2025-12-17 21:46:05","userId":"694289ec43314aead1c51427"}
{"level":"info","message":"Record retrieved by ID","recordId":"694289ed43314aead1c51436","service":"ehr-backend","timestamp":"2025-12-17 21:46:05","userId":"694289ec43314aead1c51421"}
{"email":"admin@test.com","level":"info","message":"User login successful","role":"Admin","service":"ehr-backend","timestamp":"2025-12-17 21:46:06","userId":"694289ed43314aead1c5143c"}
{"email":"manager@test.com","level":"info","message":"User login successful","role":"Manager","service":"ehr-backend","timestamp":"2025-12-17 21:46:06","userId":"694289ed43314aead1c5143e"}
{"email":"provider@test.com","level":"info","message":"User login successful","role":"Provider","service":"ehr-backend","timestamp":"2025-12-17 21:46:06","userId":"694289ed43314aead1c51440"}
{"email":"assigned@test.com","level":"info","message":"User login successful","role":"Patient","service":"ehr-backend","timestamp":"2025-12-17 21:46:06","userId":"694289ed43314aead1c51444"}
{"email":"admin@test.com","level":"info","message":"User login successful","role":"Admin","service":"ehr-backend","timestamp":"2025-12-17 21:46:07","userId":"694289ee43314aead1c51459"}
{"email":"manager@test.com","level":"info","message":"User login successful","role":"Manager","service":"ehr-backend","timestamp":"2025-12-17 21:46:07","userId":"694289ee43314aead1c5145b"}
{"email":"provider@test.com","level":"info","message":"User login successful","role":"Provider","service":"ehr-backend","timestamp":"2025-12-17 21:46:07","userId":"694289ee43314aead1c5145d"}
{"email":"assigned@test.com","level":"info","message":"User login successful","role":"Patient","service":"ehr-backend","timestamp":"2025-12-17 21:46:07","userId":"694289ee43314aead1c51461"}
{"email":"admin@test.com","level":"info","message":"User login successful","role":"Admin","service":"ehr-backend","timestamp":"2025-12-17 21:46:08","userId":"694289ef43314aead1c51473"}
{"email":"manager@test.com","level":"info","message":"User login successful","role":"Manager","service":"ehr-backend","timestamp":"2025-12-17 21:46:08","userId":"694289ef43314aead1c51475"}
{"email":"provider@test.com","level":"info","message":"User login successful","role":"Provider","service":"ehr-backend","timestamp":"2025-12-17 21:46:08","userId":"694289ef43314aead1c51477"}
{"email":"assigned@test.com","level":"info","message":"User login successful","role":"Patient","service":"ehr-backend","timestamp":"2025-12-17 21:46:08","userId":"694289ef43314aead1c5147b"}
{"creatorId":"694289ef43314aead1c51477","level":"info","message":"Record created successfully","patientId":"694289ef43314aead1c5147b","recordId":"694289f043314aead1c5148b","service":"ehr-backend","timestamp":"2025-12-17 21:46:08"}
{"email":"admin@test.com","level":"info","message":"User login successful","role":"Admin","service":"ehr-backend","timestamp":"2025-12-17 21:46:09","userId":"694289f043314aead1c5148f"}
{"email":"manager@test.com","level":"info","message":"User login successful","role":"Manager","service":"ehr-backend","timestamp":"2025-12-17 21:46:09","userId":"694289f043314aead1c51491"}
{"email":"provider@test.com","level":"info","message":"User login successful","role":"Provider","service":"ehr-backend","timestamp":"2025-12-17 21:46:09","userId":"694289f043314aead1c51493"}
{"email":"assigned@test.com","level":"info","message":"User login successful","role":"Patient","service":"ehr-backend","timestamp":"2025-12-17 21:46:09","userId":"694289f043314aead1c51497"}
{"email":"admin@test.com","level":"info","message":"User login successful","role":"Admin","service":"ehr-backend","timestamp":"2025-12-17 21:46:10","userId":"694289f143314aead1c514a8"}
{"email":"manager@test.com","level":"info","message":"User login successful","role":"Manager","service":"ehr-backend","timestamp":"2025-12-17 21:46:10","userId":"694289f143314aead1c514aa"}
{"email":"provider@test.com","level":"info","message":"User login successful","role":"Provider","service":"ehr-backend","timestamp":"2025-12-17 21:46:10","userId":"694289f143314aead1c514ac"}
{"email":"assigned@test.com","level":"info","message":"User login successful","role":"Patient","service":"ehr-backend","timestamp":"2025-12-17 21:46:10","userId":"694289f143314aead1c514b0"}
{"creatorId":"694289f143314aead1c514ac","level":"info","message":"Record created successfully","patientId":"694289f143314aead1c514b0","recordId":"694289f243314aead1c514c0","service":"ehr-backend","timestamp":"2025-12-17 21:46:10"}
{"email":"admin@test.com","level":"info","message":"User login successful","role":"Admin","service":"ehr-backend","timestamp":"2025-12-17 21:46:11","userId":"694289f243314aead1c514c5"}
{"email":"manager@test.com","level":"info","message":"User login successful","role":"Manager","service":"ehr-backend","timestamp":"2025-12-17 21:46:11","userId":"694289f243314aead1c514c7"}
{"email":"provider@test.com","level":"info","message":"User login successful","role":"Provider","service":"ehr-backend","timestamp":"2025-12-17 21:46:11","userId":"694289f243314aead1c514c9"}
{"email":"assigned@test.com","level":"info","message":"User login successful","role":"Patient","service":"ehr-backend","timestamp":"2025-12-17 21:46:11","userId":"694289f343314aead1c514cd"}
{"level":"info","message":"Record retrieved by ID","recordId":"694289f343314aead1c514dc","service":"ehr-backend","timestamp":"2025-12-17 21:46:11","userId":"694289f243314aead1c514c9"}
{"email":"admin@test.com","level":"info","message":"User login successful","role":"Admin","service":"ehr-backend","timestamp":"2025-12-17 21:46:37","userId":"69428a0c618ec3c130a548a1"}
{"email":"manager@test.com","level":"info","message":"User login successful","role":"Manager","service":"ehr-backend","timestamp":"2025-12-17 21:46:37","userId":"69428a0c618ec3c130a548a4"}
{"email":"provider@test.com","level":"info","message":"User login successful","role":"Provider","service":"ehr-backend","timestamp":"2025-12-17 21:46:37","userId":"69428a0d618ec3c130a548a6"}
{"email":"employee@test.com","level":"info","message":"User login successful","role":"Employee","service":"ehr-backend","timestamp":"2025-12-17 21:46:37","userId":"69428a0d618ec3c130a548a8"}
{"email":"patient@test.com","level":"info","message":"User login successful","role":"Patient","service":"ehr-backend","timestamp":"2025-12-17 21:46:37","userId":"69428a0d618ec3c130a548aa"}
{"level":"info","message":"Authorization check","method":"POST","path":"/register","requiredRoles":["Employee","Manager","Admin"],"service":"ehr-backend","timestamp":"2025-12-17 21:46:37","userId":"69428a0c618ec3c130a548a1","userRole":"Admin"}
{"creatorId":"69428a0c618ec3c130a548a1","creatorRole":"Admin","level":"info","message":"User registered successfully","newUserId":"69428a0d618ec3c130a548bc","newUserRole":"Patient","service":"ehr-backend","timestamp":"2025-12-17 21:46:37"}
{"level":"info","message":"Authorization check","method":"POST","path":"/register","requiredRoles":["Employee","Manager","Admin"],"service":"ehr-backend","timestamp":"2025-12-17 21:46:37","userId":"69428a0c618ec3c130a548a1","userRole":"Admin"}
{"creatorId":"69428a0c618ec3c130a548a1","creatorRole":"Admin","level":"info","message":"User registered successfully","newUserId":"69428a0d618ec3c130a548c1","newUserRole":"Provider","service":"ehr-backend","timestamp":"2025-12-17 21:46:38"}
{"level":"info","message":"Authorization check","method":"POST","path":"/register","requiredRoles":["Employee","Manager","Admin"],"service":"ehr-backend","timestamp":"2025-12-17 21:46:38","userId":"69428a0c618ec3c130a548a1","userRole":"Admin"}
{"creatorId":"69428a0c618ec3c130a548a1","creatorRole":"Admin","level":"info","message":"User registered successfully","newUserId":"69428a0e618ec3c130a548c6","newUserRole":"Employee","service":"ehr-backend","timestamp":"2025-12-17 21:46:38"}
{"level":"info","message":"Authorization check","method":"POST","path":"/register","requiredRoles":["Employee","Manager","Admin"],"service":"ehr-backend","timestamp":"2025-12-17 21:46:38","userId":"69428a0c618ec3c130a548a1","userRole":"Admin"}
{"creatorId":"69428a0c618ec3c130a548a1","creatorRole":"Admin","level":"info","message":"User registered successfully","newUserId":"69428a0e618ec3c130a548cb","newUserRole":"Manager","service":"ehr-backend","timestamp":"2025-12-17 21:46:38"}
{"email":"admin@test.com","level":"info","message":"User login successful","role":"Admin","service":"ehr-backend","timestamp":"2025-12-17 21:46:38","userId":"69428a0e618ec3c130a548cf"}
{"email":"manager@test.com","level":"info","message":"User login successful","role":"Manager","service":"ehr-backend","timestamp":"2025-12-17 21:46:39","userId":"69428a0e618ec3c130a548d1"}
{"email":"provider@test.com","level":"info","message":"User login successful","role":"Provider","service":"ehr-backend","timestamp":"2025-12-17 21:46:39","userId":"69428a0e618ec3c130a548d3"}
{"email":"employee@test.com","level":"info","message":"User login successful","role":"Employee","service":"ehr-backend","timestamp":"2025-12-17 21:46:39","userId":"69428a0e618ec3c130a548d5"}
{"email":"patient@test.com","level":"info","message":"User login successful","role":"Patient","service":"ehr-backend","timestamp":"2025-12-17 21:46:39","userId":"69428a0e618ec3c130a548d7"}
{"level":"info","message":"Authorization check","method":"POST","path":"/register","requiredRoles":["Employee","Manager","Admin"],"service":"ehr-backend","timestamp":"2025-12-17 21:46:39","userId":"69428a0e618ec3c130a548d1","userRole":"Manager"}
{"creatorId":"69428a0e618ec3c130a548d1","creatorRole":"Manager","level":"info","message":"User registered successfully","newUserId":"69428a0f618ec3c130a548e9","newUserRole":"Employee","service":"ehr-backend","timestamp":"2025-12-17 21:46:39"}
{"level":"info","message":"Authorization check","method":"POST","path":"/register","requiredRoles":["Employee","Manager","Admin"],"service":"ehr-backend","timestamp":"2025-12-17 21:46:39","userId":"69428a0e618ec3c130a548d1","userRole":"Manager"}
{"creatorId":"69428a0e618ec3c130a548d1","creatorRole":"Manager","level":"info","message":"User registered successfully","newUserId":"69428a0f618ec3c130a548ee","newUserRole":"Provider","service":"ehr-backend","timestamp":"2025-12-17 21:46:39"}
{"level":"info","message":"Authorization check","method":"POST","path":"/register","requiredRoles":["Employee","Manager","Admin"],"service":"ehr-backend","timestamp":"2025-12-17 21:46:39","userId":"69428a0e618ec3c130a548d1","userRole":"Manager"}
{"creatorId":"69428a0e618ec3c130a548d1","creatorRole":"Manager","level":"info","message":"User registered successfully","newUserId":"69428a0f618ec3c130a548f3","newUserRole":"Patient","service":"ehr-backend","timestamp":"2025-12-17 21:46:39"}
{"email":"admin@test.com","level":"info","message":"User login successful","role":"Admin","service":"ehr-backend","timestamp":"2025-12-17 21:46:40","userId":"69428a0f618ec3c130a548f7"}
{"email":"manager@test.com","level":"info","message":"User login successful","role":"Manager","service":"ehr-backend","timestamp":"2025-12-17 21:46:40","userId":"69428a0f618ec3c130a548f9"}
{"email":"provider@test.com","level":"info","message":"User login successful","role":"Provider","service":"ehr-backend","timestamp":"2025-12-17 21:46:40","userId":"69428a0f618ec3c130a548fb"}
{"email":"employee@test.com","level":"info","message":"User login successful","role":"Employee","service":"ehr-backend","timestamp":"2025-12-17 21:46:40","userId":"69428a0f618ec3c130a548fd"}
{"email":"patient@test.com","level":"info","message":"User login successful","role":"Patient","service":"ehr-backend","timestamp":"2025-12-17 21:46:40","userId":"69428a0f618ec3c130a548ff"}
{"level":"info","message":"Authorization check","method":"POST","path":"/register","requiredRoles":["Employee","Manager","Admin"],"service":"ehr-backend","timestamp":"2025-12-17 21:46:40","userId":"69428a0f618ec3c130a548f9","userRole":"Manager"}
{"creatorId":"69428a0f618ec3c130a548f9","creatorRole":"Manager","level":"warn","message":"Registration denied: Insufficient permissions","service":"ehr-backend","targetRole":"Manager","timestamp":"2025-12-17 21:46:40"}
{"email":"admin@test.com","level":"info","message":"User login successful","role":"Admin","service":"ehr-backend","timestamp":"2025-12-17 21:46:41","userId":"69428a10618ec3c130a54910"}
{"email":"manager@test.com","level":"info","message":"User login successful","role":"Manager","service":"ehr-backend","timestamp":"2025-12-17 21:46:41","userId":"69428a10618ec3c130a54912"}
{"email":"provider@test.com","level":"info","message":"User login successful","role":"Provider","service":"ehr-backend","timestamp":"2025-12-17 21:46:41","userId":"69428a10618ec3c130a54914"}
{"email":"employee@test.com","level":"info","message":"User login successful","role":"Employee","service":"ehr-backend","timestamp":"2025-12-17 21:46:41","userId":"69428a10618ec3c130a54916"}
{"email":"patient@test.com","level":"info","message":"User login successful","role":"Patient","service":"ehr-backend","timestamp":"2025-12-17 21:46:41","userId":"69428a10618ec3c130a54918"}
{"level":"info","message":"Authorization check","method":"POST","path":"/register","requiredRoles":["Employee","Manager","Admin"],"service":"ehr-backend","timestamp":"2025-12-17 21:46:41","userId":"69428a10618ec3c130a54916","userRole":"Employee"}
{"creatorId":"69428a10618ec3c130a54916","creatorRole":"Employee","level":"info","message":"User registered successfully","newUserId":"69428a11618ec3c130a5492a","newUserRole":"Patient","service":"ehr-backend","timestamp":"2025-12-17 21:46:41"}
{"email":"admin@test.com","level":"info","message":"User login successful","role":"Admin","service":"ehr-backend","timestamp":"2025-12-17 21:46:42","userId":"69428a11618ec3c130a5492e"}
{"email":"manager@test.com","level":"info","message":"User login successful","role":"Manager","service":"ehr-backend","timestamp":"2025-12-17 21:46:42","userId":"69428a11618ec3c130a54930"}
{"email":"provider@test.com","level":"info","message":"User login successful","role":"Provider","service":"ehr-backend","timestamp":"2025-12-17 21:46:42","userId":"69428a11618ec3c130a54932"}
{"email":"employee@test.com","level":"info","message":"User login successful","role":"Employee","service":"ehr-backend","timestamp":"2025-12-17 21:46:42","userId":"69428a11618ec3c130a54934"}
{"email":"patient@test.com","level":"info","message":"User login successful","role":"Patient","service":"ehr-backend","timestamp":"2025-12-17 21:46:42","userId":"69428a11618ec3c130a54936"}
{"level":"info","message":"Authorization check","method":"POST","path":"/register","requiredRoles":["Employee","Manager","Admin"],"service":"ehr-backend","timestamp":"2025-12-17 21:46:42","userId":"69428a11618ec3c130a54934","userRole":"Employee"}
{"creatorId":"69428a11618ec3c130a54934","creatorRole":"Employee","level":"warn","message":"Registration denied: Insufficient permissions","service":"ehr-backend","targetRole":"Provider","timestamp":"2025-12-17 21:46:42"}
{"email":"admin@test.com","level":"info","message":"User login successful","role":"Admin","service":"ehr-backend","timestamp":"2025-12-17 21:46:43","userId":"69428a12618ec3c130a54947"}
{"email":"manager@test.com","level":"info","message":"User login successful","role":"Manager","service":"ehr-backend","timestamp":"2025-12-17 21:46:43","userId":"69428a12618ec3c130a54949"}
{"email":"provider@test.com","level":"info","message":"User login successful","role":"Provider","service":"ehr-backend","timestamp":"2025-12-17 21:46:43","userId":"69428a12618ec3c130a5494b"}
{"email":"employee@test.com","level":"info","message":"User login successful","role":"Employee","service":"ehr-backend","timestamp":"2025-12-17 21:46:43","userId":"69428a12618ec3c130a5494d"}
{"email":"patient@test.com","level":"info","message":"User login successful","role":"Patient","service":"ehr-backend","timestamp":"2025-12-17 21:46:43","userId":"69428a12618ec3c130a5494f"}
{"level":"info","message":"Authorization check","method":"POST","path":"/register","requiredRoles":["Employee","Manager","Admin"],"service":"ehr-backend","timestamp":"2025-12-17 21:46:43","userId":"69428a12618ec3c130a5494d","userRole":"Employee"}
{"creatorId":"69428a12618ec3c130a5494d","creatorRole":"Employee","level":"warn","message":"Registration denied: Insufficient permissions","service":"ehr-backend","targetRole":"Employee","timestamp":"2025-12-17 21:46:43"}
{"email":"admin@test.com","level":"info","message":"User login successful","role":"Admin","service":"ehr-backend","timestamp":"2025-12-17 21:46:44","userId":"69428a13618ec3c130a54960"}
{"email":"manager@test.com","level":"info","message":"User login successful","role":"Manager","service":"ehr-backend","timestamp":"2025-12-17 21:46:44","userId":"69428a13618ec3c130a54962"}
{"email":"provider@test.com","level":"info","message":"User login successful","role":"Provider","service":"ehr-backend","timestamp":"2025-12-17 21:46:44","userId":"69428a13618ec3c130a54964"}
{"email":"employee@test.com","level":"info","message":"User login successful","role":"Employee","service":"ehr-backend","timestamp":"2025-12-17 21:46:44","userId":"69428a13618ec3c130a54966"}
{"email":"patient@test.com","level":"info","message":"User login successful","role":"Patient","service":"ehr-backend","timestamp":"2025-12-17 21:46:44","userId":"69428a13618ec3c130a54968"}
{"level":"info","message":"Authorization check","method":"POST","path":"/register","requiredRoles":["Employee","Manager","Admin"],"service":"ehr-backend","timestamp":"2025-12-17 21:46:44","userId":"69428a13618ec3c130a54964","userRole":"Provider"}
{"level":"warn","message":"Authorization denied: Insufficient permissions","method":"POST","path":"/register","requiredRoles":["Employee","Manager","Admin"],"service":"ehr-backend","timestamp":"2025-12-17 21:46:44","userId":"69428a13618ec3c130a54964","userRole":"Provider"}
{"email":"admin@test.com","level":"info","message":"User login successful","role":"Admin","service":"ehr-backend","timestamp":"2025-12-17 21:46:45","userId":"69428a14618ec3c130a5497b"}
{"email":"manager@test.com","level":"info","message":"User login successful","role":"Manager","service":"ehr-backend","timestamp":"2025-12-17 21:46:45","userId":"69428a14618ec3c130a5497d"}
{"email":"provider@test.com","level":"info","message":"User login successful","role":"Provider","service":"ehr-backend","timestamp":"2025-12-17 21:46:45","userId":"69428a14618ec3c130a5497f"}
{"email":"employee@test.com","level":"info","message":"User login successful","role":"Employee","service":"ehr-backend","timestamp":"2025-12-17 21:46:45","userId":"69428a14618ec3c130a54981"}
{"email":"patient@test.com","level":"info","message":"User login successful","role":"Patient","service":"ehr-backend","timestamp":"2025-12-17 21:46:45","userId":"69428a14618ec3c130a54983"}
{"level":"info","message":"Authorization check","method":"POST","path":"/register","requiredRoles":["Employee","Manager","Admin"],"service":"ehr-backend","timestamp":"2025-12-17 21:46:45","userId":"69428a14618ec3c130a54983","userRole":"Patient"}
{"level":"warn","message":"Authorization denied: Insufficient permissions","method":"POST","path":"/register","requiredRoles":["Employee","Manager","Admin"],"service":"ehr-backend","timestamp":"2025-12-17 21:46:45","userId":"69428a14618ec3c130a54983","userRole":"Patient"}
{"email":"admin@test.com","level":"info","message":"User login successful","role":"Admin","service":"ehr-backend","timestamp":"2025-12-17 21:46:46","userId":"69428a15618ec3c130a54996"}
{"email":"manager@test.com","level":"info","message":"User login successful","role":"Manager","service":"ehr-backend","timestamp":"2025-12-17 21:46:46","userId":"69428a15618ec3c130a54998"}
{"email":"provider@test.com","level":"info","message":"User login successful","role":"Provider","service":"ehr-backend","timestamp":"2025-12-17 21:46:46","userId":"69428a15618ec3c130a5499a"}
{"email":"employee@test.com","level":"info","message":"User login successful","role":"Employee","service":"ehr-backend","timestamp":"2025-12-17 21:46:46","userId":"69428a15618ec3c130a5499c"}
{"email":"patient@test.com","level":"info","message":"User login successful","role":"Patient","service":"ehr-backend","timestamp":"2025-12-17 21:46:46","userId":"69428a15618ec3c130a5499e"}
{"level":"info","message":"Authorization check","method":"GET","path":"/audit-logs","requiredRoles":["Admin"],"service":"ehr-backend","timestamp":"2025-12-17 21:46:46","userId":"69428a15618ec3c130a54996","userRole":"Admin"}
{"level":"info","message":"Admin 69428a15618ec3c130a54996 retrieved 5 audit logs","service":"ehr-backend","timestamp":"2025-12-17 21:46:46"}
{"email":"admin@test.com","level":"info","message":"User login successful","role":"Admin","service":"ehr-backend","timestamp":"2025-12-17 21:46:46","userId":"69428a16618ec3c130a549b0"}
{"email":"manager@test.com","level":"info","message":"User login successful","role":"Manager","service":"ehr-backend","timestamp":"2025-12-17 21:46:47","userId":"69428a16618ec3c130a549b2"}
{"email":"provider@test.com","level":"info","message":"User login successful","role":"Provider","service":"ehr-backend","timestamp":"2025-12-17 21:46:47","userId":"69428a16618ec3c130a549b4"}
{"email":"employee@test.com","level":"info","message":"User login successful","role":"Employee","service":"ehr-backend","timestamp":"2025-12-17 21:46:47","userId":"69428a16618ec3c130a549b6"}
{"email":"patient@test.com","level":"info","message":"User login successful","role":"Patient","service":"ehr-backend","timestamp":"2025-12-17 21:46:47","userId":"69428a16618ec3c130a549b8"}
{"level":"info","message":"Authorization check","method":"GET","path":"/audit-logs","requiredRoles":["Admin"],"service":"ehr-backend","timestamp":"2025-12-17 21:46:47","userId":"69428a16618ec3c130a549b2","userRole":"Manager"}
{"level":"warn","message":"Authorization denied: Insufficient permissions","method":"GET","path":"/audit-logs","requiredRoles":["Admin"],"service":"ehr-backend","timestamp":"2025-12-17 21:46:47","userId":"69428a16618ec3c130a549b2","userRole":"Manager"}
{"email":"admin@test.com","level":"info","message":"User login successful","role":"Admin","service":"ehr-backend","timestamp":"2025-12-17 21:46:47","userId":"69428a17618ec3c130a549cb"}
{"email":"manager@test.com","level":"info","message":"User login successful","role":"Manager","service":"ehr-backend","timestamp":"2025-12-17 21:46:48","userId":"69428a17618ec3c130a549cd"}
{"email":"provider@test.com","level":"info","message":"User login successful","role":"Provider","service":"ehr-backend","timestamp":"2025-12-17 21:46:48","userId":"69428a17618ec3c130a549cf"}
{"email":"employee@test.com","level":"info","message":"User login successful","role":"Employee","service":"ehr-backend","timestamp":"2025-12-17 21:46:48","userId":"69428a17618ec3c130a549d1"}
{"email":"patient@test.com","level":"info","message":"User login successful","role":"Patient","service":"ehr-backend","timestamp":"2025-12-17 21:46:48","userId":"69428a17618ec3c130a549d3"}
{"level":"info","message":"Authorization check","method":"GET","path":"/audit-logs","requiredRoles":["Admin"],"service":"ehr-backend","timestamp":"2025-12-17 21:46:48","userId":"69428a17618ec3c130a549cf","userRole":"Provider"}
{"level":"warn","message":"Authorization denied: Insufficient permissions","method":"GET","path":"/audit-logs","requiredRoles":["Admin"],"service":"ehr-backend","timestamp":"2025-12-17 21:46:48","userId":"69428a17618ec3c130a549cf","userRole":"Provider"}
{"email":"admin@test.com","level":"info","message":"User login successful","role":"Admin","service":"ehr-backend","timestamp":"2025-12-17 21:46:48","userId":"69428a18618ec3c130a549e6"}
{"email":"manager@test.com","level":"info","message":"User login successful","role":"Manager","service":"ehr-backend","timestamp":"2025-12-17 21:46:49","userId":"69428a18618ec3c130a549e8"}
{"email":"provider@test.com","level":"info","message":"User login successful","role":"Provider","service":"ehr-backend","timestamp":"2025-12-17 21:46:49","userId":"69428a18618ec3c130a549ea"}
{"email":"employee@test.com","level":"info","message":"User login successful","role":"Employee","service":"ehr-backend","timestamp":"2025-12-17 21:46:49","userId":"69428a18618ec3c130a549ec"}
{"email":"patient@test.com","level":"info","message":"User login successful","role":"Patient","service":"ehr-backend","timestamp":"2025-12-17 21:46:49","userId":"69428a18618ec3c130a549ee"}
{"level":"info","message":"Authorization check","method":"GET","path":"/audit-logs","requiredRoles":["Admin"],"service":"ehr-backend","timestamp":"2025-12-17 21:46:49","userId":"69428a18618ec3c130a549ec","userRole":"Employee"}
{"level":"warn","message":"Authorization denied: Insufficient permissions","method":"GET","path":"/audit-logs","requiredRoles":["Admin"],"service":"ehr-backend","timestamp":"2025-12-17 21:46:49","userId":"69428a18618ec3c130a549ec","userRole":"Employee"}
{"email":"admin@test.com","level":"info","message":"User login successful","role":"Admin","service":"ehr-backend","timestamp":"2025-12-17 21:46:49","userId":"69428a19618ec3c130a54a01"}
{"email":"manager@test.com","level":"info","message":"User login successful","role":"Manager","service":"ehr-backend","timestamp":"2025-12-17 21:46:50","userId":"69428a19618ec3c130a54a03"}
{"email":"provider@test.com","level":"info","message":"User login successful","role":"Provider","service":"ehr-backend","timestamp":"2025-12-17 21:46:50","userId":"69428a19618ec3c130a54a05"}
{"email":"employee@test.com","level":"info","message":"User login successful","role":"Employee","service":"ehr-backend","timestamp":"2025-12-17 21:46:50","userId":"69428a19618ec3c130a54a07"}
{"email":"patient@test.com","level":"info","message":"User login successful","role":"Patient","service":"ehr-backend","timestamp":"2025-12-17 21:46:50","userId":"69428a19618ec3c130a54a09"}
{"level":"info","message":"Authorization check","method":"GET","path":"/audit-logs","requiredRoles":["Admin"],"service":"ehr-backend","timestamp":"2025-12-17 21:46:50","userId":"69428a19618ec3c130a54a09","userRole":"Patient"}
{"level":"warn","message":"Authorization denied: Insufficient permissions","method":"GET","path":"/audit-logs","requiredRoles":["Admin"],"service":"ehr-backend","timestamp":"2025-12-17 21:46:50","userId":"69428a19618ec3c130a54a09","userRole":"Patient"}
{"email":"admin@test.com","level":"info","message":"User login successful","role":"Admin","service":"ehr-backend","timestamp":"2025-12-17 21:46:50","userId":"69428a1a618ec3c130a54a1c"}
{"email":"manager@test.com","level":"info","message":"User login successful","role":"Manager","service":"ehr-backend","timestamp":"2025-12-17 21:46:50","userId":"69428a1a618ec3c130a54a1e"}
{"email":"provider@test.com","level":"info","message":"User login successful","role":"Provider","service":"ehr-backend","timestamp":"2025-12-17 21:46:51","userId":"69428a1a618ec3c130a54a20"}
{"email":"employee@test.com","level":"info","message":"User login successful","role":"Employee","service":"ehr-backend","timestamp":"2025-12-17 21:46:51","userId":"69428a1a618ec3c130a54a22"}
{"email":"patient@test.com","level":"info","message":"User login successful","role":"Patient","service":"ehr-backend","timestamp":"2025-12-17 21:46:51","userId":"69428a1a618ec3c130a54a24"}
{"level":"info","message":"Authorization check","method":"POST","path":"/assign-patient","requiredRoles":["Admin"],"service":"ehr-backend","timestamp":"2025-12-17 21:46:51","userId":"69428a1a618ec3c130a54a1c","userRole":"Admin"}
{"level":"info","message":"Patient 69428a1a618ec3c130a54a24 assigned to Provider 69428a1a618ec3c130a54a20 by Admin 69428a1a618ec3c130a54a1c","service":"ehr-backend","timestamp":"2025-12-17 21:46:51"}
{"email":"admin@test.com","level":"info","message":"User login successful","role":"Admin","service":"ehr-backend","timestamp":"2025-12-17 21:46:51","userId":"69428a1b618ec3c130a54a39"}
{"email":"manager@test.com","level":"info","message":"User login successful","role":"Manager","service":"ehr-backend","timestamp":"2025-12-17 21:46:51","userId":"69428a1b618ec3c130a54a3b"}
{"email":"provider@test.com","level":"info","message":"User login successful","role":"Provider","service":"ehr-backend","timestamp":"2025-12-17 21:46:52","userId":"69428a1b618ec3c130a54a3d"}
{"email":"employee@test.com","level":"info","message":"User login successful","role":"Employee","service":"ehr-backend","timestamp":"2025-12-17 21:46:52","userId":"69428a1b618ec3c130a54a3f"}
{"email":"patient@test.com","level":"info","message":"User login successful","role":"Patient","service":"ehr-backend","timestamp":"2025-12-17 21:46:52","userId":"69428a1b618ec3c130a54a41"}
{"level":"info","message":"Authorization check","method":"POST","path":"/assign-patient","requiredRoles":["Admin"],"service":"ehr-backend","timestamp":"2025-12-17 21:46:52","userId":"69428a1b618ec3c130a54a3b","userRole":"Manager"}
{"level":"warn","message":"Authorization denied: Insufficient permissions","method":"POST","path":"/assign-patient","requiredRoles":["Admin"],"service":"ehr-backend","timestamp":"2025-12-17 21:46:52","userId":"69428a1b618ec3c130a54a3b","userRole":"Manager"}
{"email":"admin@test.com","level":"info","message":"User login successful","role":"Admin","service":"ehr-backend","timestamp":"2025-12-17 21:46:52","userId":"69428a1c618ec3c130a54a54"}
{"email":"manager@test.com","level":"info","message":"User login successful","role":"Manager","service":"ehr-backend","timestamp":"2025-12-17 21:46:52","userId":"69428a1c618ec3c130a54a56"}
{"email":"provider@test.com","level":"info","message":"User login successful","role":"Provider","service":"ehr-backend","timestamp":"2025-12-17 21:46:53","userId":"69428a1c618ec3c130a54a58"}
{"email":"employee@test.com","level":"info","message":"User login successful","role":"Employee","service":"ehr-backend","timestamp":"2025-12-17 21:46:53","userId":"69428a1c618ec3c130a54a5a"}
{"email":"patient@test.com","level":"info","message":"User login successful","role":"Patient","service":"ehr-backend","timestamp":"2025-12-17 21:46:53","userId":"69428a1c618ec3c130a54a5c"}
{"level":"info","message":"Authorization check","method":"GET","path":"/audit-logs","requiredRoles":["Admin"],"service":"ehr-backend","timestamp":"2025-12-17 21:46:53","userId":"69428a1c618ec3c130a54a5c","userRole":"Patient"}
{"level":"warn","message":"Authorization denied: Insufficient permissions","method":"GET","path":"/audit-logs","requiredRoles":["Admin"],"service":"ehr-backend","timestamp":"2025-12-17 21:46:53","userId":"69428a1c618ec3c130a54a5c","userRole":"Patient"}
{"email":"admin@test.com","level":"info","message":"User login successful","role":"Admin","service":"ehr-backend","timestamp":"2025-12-17 21:46:53","userId":"69428a1d618ec3c130a54a6f"}
{"email":"manager@test.com","level":"info","message":"User login successful","role":"Manager","service":"ehr-backend","timestamp":"2025-12-17 21:46:53","userId":"69428a1d618ec3c130a54a71"}
{"email":"provider@test.com","level":"info","message":"User login successful","role":"Provider","service":"ehr-backend","timestamp":"2025-12-17 21:46:53","userId":"69428a1d618ec3c130a54a73"}
{"email":"employee@test.com","level":"info","message":"User login successful","role":"Employee","service":"ehr-backend","timestamp":"2025-12-17 21:46:54","userId":"69428a1d618ec3c130a54a75"}
{"email":"patient@test.com","level":"info","message":"User login successful","role":"Patient","service":"ehr-backend","timestamp":"2025-12-17 21:46:54","userId":"69428a1d618ec3c130a54a77"}
{"level":"info","message":"Authorization check","method":"GET","path":"/audit-logs","requiredRoles":["Admin"],"service":"ehr-backend","timestamp":"2025-12-17 21:46:54","userId":"69428a1d618ec3c130a54a75","userRole":"Employee"}
{"level":"warn","message":"Authorization denied: Insufficient permissions","method":"GET","path":"/audit-logs","requiredRoles":["Admin"],"service":"ehr-backend","timestamp":"2025-12-17 21:46:54","userId":"69428a1d618ec3c130a54a75","userRole":"Employee"}
{"email":"admin@test.com","level":"info","message":"User login successful","role":"Admin","service":"ehr-backend","timestamp":"2025-12-17 21:46:54","userId":"69428a1e618ec3c130a54a8a"}
{"email":"manager@test.com","level":"info","message":"User login successful","role":"Manager","service":"ehr-backend","timestamp":"2025-12-17 21:46:54","userId":"69428a1e618ec3c130a54a8c"}
{"email":"provider@test.com","level":"info","message":"User login successful","role":"Provider","service":"ehr-backend","timestamp":"2025-12-17 21:46:54","userId":"69428a1e618ec3c130a54a8e"}
{"email":"employee@test.com","level":"info","message":"User login successful","role":"Employee","service":"ehr-backend","timestamp":"2025-12-17 21:46:55","userId":"69428a1e618ec3c130a54a90"}
{"email":"patient@test.com","level":"info","message":"User login successful","role":"Patient","service":"ehr-backend","timestamp":"2025-12-17 21:46:55","userId":"69428a1e618ec3c130a54a92"}
{"level":"info","message":"Authorization check","method":"GET","path":"/audit-logs","requiredRoles":["Admin"],"service":"ehr-backend","timestamp":"2025-12-17 21:46:55","userId":"69428a1e618ec3c130a54a8e","userRole":"Provider"}
{"level":"warn","message":"Authorization denied: Insufficient permissions","method":"GET","path":"/audit-logs","requiredRoles":["Admin"],"service":"ehr-backend","timestamp":"2025-12-17 21:46:55","userId":"69428a1e618ec3c130a54a8e","userRole":"Provider"}
{"email":"admin@test.com","level":"info","message":"User login successful","role":"Admin","service":"ehr-backend","timestamp":"2025-12-17 21:46:55","userId":"69428a1f618ec3c130a54aa5"}
{"email":"manager@test.com","level":"info","message":"User login successful","role":"Manager","service":"ehr-backend","timestamp":"2025-12-17 21:46:55","userId":"69428a1f618ec3c130a54aa7"}
{"email":"provider@test.com","level":"info","message":"User login successful","role":"Provider","service":"ehr-backend","timestamp":"2025-12-17 21:46:55","userId":"69428a1f618ec3c130a54aa9"}
{"email":"employee@test.com","level":"info","message":"User login successful","role":"Employee","service":"ehr-backend","timestamp":"2025-12-17 21:46:56","userId":"69428a1f618ec3c130a54aab"}
{"email":"patient@test.com","level":"info","message":"User login successful","role":"Patient","service":"ehr-backend","timestamp":"2025-12-17 21:46:56","userId":"69428a1f618ec3c130a54aad"}
{"level":"info","message":"Authorization check","method":"POST","path":"/assign-patient","requiredRoles":["Admin"],"service":"ehr-backend","timestamp":"2025-12-17 21:46:56","userId":"69428a1f618ec3c130a54aa7","userRole":"Manager"}
{"level":"warn","message":"Authorization denied: Insufficient permissions","method":"POST","path":"/assign-patient","requiredRoles":["Admin"],"service":"ehr-backend","timestamp":"2025-12-17 21:46:56","userId":"69428a1f618ec3c130a54aa7","userRole":"Manager"}
{"email":"admin@test.com","level":"info","message":"User login successful","role":"Admin","service":"ehr-backend","timestamp":"2025-12-17 21:46:56","userId":"69428a20618ec3c130a54ac0"}
{"email":"manager@test.com","level":"info","message":"User login successful","role":"Manager","service":"ehr-backend","timestamp":"2025-12-17 21:46:56","userId":"69428a20618ec3c130a54ac2"}
{"email":"provider@test.com","level":"info","message":"User login successful","role":"Provider","service":"ehr-backend","timestamp":"2025-12-17 21:46:56","userId":"69428a20618ec3c130a54ac4"}
{"email":"employee@test.com","level":"info","message":"User login successful","role":"Employee","service":"ehr-backend","timestamp":"2025-12-17 21:46:56","userId":"69428a20618ec3c130a54ac6"}
{"email":"patient@test.com","level":"info","message":"User login successful","role":"Patient","service":"ehr-backend","timestamp":"2025-12-17 21:46:57","userId":"69428a20618ec3c130a54ac8"}
{"level":"info","message":"Authorization check","method":"PUT","path":"/69428a20618ec3c130a54ac8","requiredRoles":["Patient","Employee","Manager","Admin"],"service":"ehr-backend","timestamp":"2025-12-17 21:46:57","userId":"69428a20618ec3c130a54ac0","userRole":"Admin"}
{"level":"info","message":"Patient updated by staff","service":"ehr-backend","timestamp":"2025-12-17 21:46:57","updatedBy":"69428a20618ec3c130a54ac0","updaterRole":"Admin","userId":"69428a20618ec3c130a54ac8"}
{"level":"info","message":"User updated successfully","role":"Patient","service":"ehr-backend","timestamp":"2025-12-17 21:46:57","updatedBy":"69428a20618ec3c130a54ac0","userId":"69428a20618ec3c130a54ac8"}
{"email":"admin@test.com","level":"info","message":"User login successful","role":"Admin","service":"ehr-backend","timestamp":"2025-12-17 21:46:57","userId":"69428a21618ec3c130a54add"}
{"email":"manager@test.com","level":"info","message":"User login successful","role":"Manager","service":"ehr-backend","timestamp":"2025-12-17 21:46:57","userId":"69428a21618ec3c130a54adf"}
{"email":"provider@test.com","level":"info","message":"User login successful","role":"Provider","service":"ehr-backend","timestamp":"2025-12-17 21:46:57","userId":"69428a21618ec3c130a54ae1"}
{"email":"employee@test.com","level":"info","message":"User login successful","role":"Employee","service":"ehr-backend","timestamp":"2025-12-17 21:46:57","userId":"69428a21618ec3c130a54ae3"}
{"email":"patient@test.com","level":"info","message":"User login successful","role":"Patient","service":"ehr-backend","timestamp":"2025-12-17 21:46:58","userId":"69428a21618ec3c130a54ae5"}
{"level":"info","message":"Authorization check","method":"PUT","path":"/69428a21618ec3c130a54ae5","requiredRoles":["Patient","Employee","Manager","Admin"],"service":"ehr-backend","timestamp":"2025-12-17 21:46:58","userId":"69428a21618ec3c130a54adf","userRole":"Manager"}
{"level":"info","message":"Patient updated by staff","service":"ehr-backend","timestamp":"2025-12-17 21:46:58","updatedBy":"69428a21618ec3c130a54adf","updaterRole":"Manager","userId":"69428a21618ec3c130a54ae5"}
{"level":"info","message":"User updated successfully","role":"Patient","service":"ehr-backend","timestamp":"2025-12-17 21:46:58","updatedBy":"69428a21618ec3c130a54adf","userId":"69428a21618ec3c130a54ae5"}
{"email":"admin@test.com","level":"info","message":"User login successful","role":"Admin","service":"ehr-backend","timestamp":"2025-12-17 21:46:58","userId":"69428a22618ec3c130a54afa"}
{"email":"manager@test.com","level":"info","message":"User login successful","role":"Manager","service":"ehr-backend","timestamp":"2025-12-17 21:46:58","userId":"69428a22618ec3c130a54afc"}
{"email":"provider@test.com","level":"info","message":"User login successful","role":"Provider","service":"ehr-backend","timestamp":"2025-12-17 21:46:58","userId":"69428a22618ec3c130a54afe"}
{"email":"employee@test.com","level":"info","message":"User login successful","role":"Employee","service":"ehr-backend","timestamp":"2025-12-17 21:46:58","userId":"69428a22618ec3c130a54b00"}
{"email":"patient@test.com","level":"info","message":"User login successful","role":"Patient","service":"ehr-backend","timestamp":"2025-12-17 21:46:58","userId":"69428a22618ec3c130a54b02"}
{"level":"info","message":"Authorization check","method":"PUT","path":"/69428a22618ec3c130a54b02","requiredRoles":["Patient","Employee","Manager","Admin"],"service":"ehr-backend","timestamp":"2025-12-17 21:46:59","userId":"69428a22618ec3c130a54b02","userRole":"Patient"}
{"fields":["phone","address"],"level":"info","message":"Patient self-update","service":"ehr-backend","timestamp":"2025-12-17 21:46:59","userId":"69428a22618ec3c130a54b02"}
{"level":"info","message":"User updated successfully","role":"Patient","service":"ehr-backend","timestamp":"2025-12-17 21:46:59","updatedBy":"69428a22618ec3c130a54b02","userId":"69428a22618ec3c130a54b02"}
{"email":"admin@test.com","level":"info","message":"User login successful","role":"Admin","service":"ehr-backend","timestamp":"2025-12-17 21:46:59","userId":"69428a23618ec3c130a54b17"}
{"email":"manager@test.com","level":"info","message":"User login successful","role":"Manager","service":"ehr-backend","timestamp":"2025-12-17 21:46:59","userId":"69428a23618ec3c130a54b19"}
{"email":"provider@test.com","level":"info","message":"User login successful","role":"Provider","service":"ehr-backend","timestamp":"2025-12-17 21:46:59","userId":"69428a23618ec3c130a54b1b"}
{"email":"employee@test.com","level":"info","message":"User login successful","role":"Employee","service":"ehr-backend","timestamp":"2025-12-17 21:46:59","userId":"69428a23618ec3c130a54b1d"}
{"email":"patient@test.com","level":"info","message":"User login successful","role":"Patient","service":"ehr-backend","timestamp":"2025-12-17 21:46:59","userId":"69428a23618ec3c130a54b1f"}
{"level":"info","message":"Authorization check","method":"PUT","path":"/69428a23618ec3c130a54b30","requiredRoles":["Patient","Employee","Manager","Admin"],"service":"ehr-backend","timestamp":"2025-12-17 21:47:00","userId":"69428a23618ec3c130a54b1f","userRole":"Patient"}
{"level":"warn","message":"Update denied: Not authorized to update patient","requesterId":"69428a23618ec3c130a54b1f","requesterRole":"Patient","service":"ehr-backend","targetUserId":"69428a23618ec3c130a54b30","timestamp":"2025-12-17 21:47:00"}
{"email":"admin@test.com","level":"info","message":"User login successful","role":"Admin","service":"ehr-backend","timestamp":"2025-12-17 21:47:00","userId":"69428a24618ec3c130a54b33"}
{"email":"manager@test.com","level":"info","message":"User login successful","role":"Manager","service":"ehr-backend","timestamp":"2025-12-17 21:47:00","userId":"69428a24618ec3c130a54b35"}
{"email":"provider@test.com","level":"info","message":"User login successful","role":"Provider","service":"ehr-backend","timestamp":"2025-12-17 21:47:00","userId":"69428a24618ec3c130a54b37"}
{"email":"employee@test.com","level":"info","message":"User login successful","role":"Employee","service":"ehr-backend","timestamp":"2025-12-17 21:47:00","userId":"69428a24618ec3c130a54b39"}
{"email":"patient@test.com","level":"info","message":"User login successful","role":"Patient","service":"ehr-backend","timestamp":"2025-12-17 21:47:00","userId":"69428a24618ec3c130a54b3b"}
{"email":"admin@test.com","level":"info","message":"User login successful","role":"Admin","service":"ehr-backend","timestamp":"2025-12-17 21:47:01","userId":"69428a25618ec3c130a54b4c"}
{"email":"manager@test.com","level":"info","message":"User login successful","role":"Manager","service":"ehr-backend","timestamp":"2025-12-17 21:47:01","userId":"69428a25618ec3c130a54b4e"}
{"email":"provider@test.com","level":"info","message":"User login successful","role":"Provider","service":"ehr-backend","timestamp":"2025-12-17 21:47:01","userId":"69428a25618ec3c130a54b50"}
{"email":"employee@test.com","level":"info","message":"User login successful","role":"Employee","service":"ehr-backend","timestamp":"2025-12-17 21:47:01","userId":"69428a25618ec3c130a54b52"}
{"email":"patient@test.com","level":"info","message":"User login successful","role":"Patient","service":"ehr-backend","timestamp":"2025-12-17 21:47:01","userId":"69428a25618ec3c130a54b54"}
{"level":"info","message":"Authorization check","method":"GET","path":"/audit-logs","requiredRoles":["Admin"],"service":"ehr-backend","timestamp":"2025-12-17 21:47:01","userId":"69428a25618ec3c130a54b50","userRole":"Provider"}
{"level":"warn","message":"Authorization denied: Insufficient permissions","method":"GET","path":"/audit-logs","requiredRoles":["Admin"],"service":"ehr-backend","timestamp":"2025-12-17 21:47:01","userId":"69428a25618ec3c130a54b50","userRole":"Provider"}
{"email":"admin@test.com","level":"info","message":"User login successful","role":"Admin","service":"ehr-backend","timestamp":"2025-12-17 21:47:08","userId":"69428a2bf28ed1f074b54050"}
{"email":"manager@test.com","level":"info","message":"User login successful","role":"Manager","service":"ehr-backend","timestamp":"2025-12-17 21:47:08","userId":"69428a2bf28ed1f074b54053"}
{"email":"provider@test.com","level":"info","message":"User login successful","role":"Provider","service":"ehr-backend","timestamp":"2025-12-17 21:47:08","userId":"69428a2bf28ed1f074b54055"}
{"email":"assigned@test.com","level":"info","message":"User login successful","role":"Patient","service":"ehr-backend","timestamp":"2025-12-17 21:47:08","userId":"69428a2cf28ed1f074b54059"}
{"creatorId":"69428a2bf28ed1f074b54055","level":"info","message":"Record created successfully","patientId":"69428a2cf28ed1f074b54059","recordId":"69428a2cf28ed1f074b54069","service":"ehr-backend","timestamp":"2025-12-17 21:47:08"}
{"email":"admin@test.com","level":"info","message":"User login successful","role":"Admin","service":"ehr-backend","timestamp":"2025-12-17 21:47:09","userId":"69428a2cf28ed1f074b5406d"}
{"email":"manager@test.com","level":"info","message":"User login successful","role":"Manager","service":"ehr-backend","timestamp":"2025-12-17 21:47:09","userId":"69428a2cf28ed1f074b5406f"}
{"email":"provider@test.com","level":"info","message":"User login successful","role":"Provider","service":"ehr-backend","timestamp":"2025-12-17 21:47:09","userId":"69428a2cf28ed1f074b54071"}
{"email":"assigned@test.com","level":"info","message":"User login successful","role":"Patient","service":"ehr-backend","timestamp":"2025-12-17 21:47:09","userId":"69428a2df28ed1f074b54075"}
{"email":"admin@test.com","level":"info","message":"User login successful","role":"Admin","service":"ehr-backend","timestamp":"2025-12-17 21:47:10","userId":"69428a2df28ed1f074b54085"}
{"email":"manager@test.com","level":"info","message":"User login successful","role":"Manager","service":"ehr-backend","timestamp":"2025-12-17 21:47:10","userId":"69428a2df28ed1f074b54087"}
{"email":"provider@test.com","level":"info","message":"User login successful","role":"Provider","service":"ehr-backend","timestamp":"2025-12-17 21:47:10","userId":"69428a2df28ed1f074b54089"}
{"email":"assigned@test.com","level":"info","message":"User login successful","role":"Patient","service":"ehr-backend","timestamp":"2025-12-17 21:47:10","userId":"69428a2ef28ed1f074b5408d"}
{"creatorId":"69428a2df28ed1f074b54087","level":"info","message":"Record created successfully","patientId":"69428a2df28ed1f074b5408b","recordId":"69428a2ef28ed1f074b5409c","service":"ehr-backend","timestamp":"2025-12-17 21:47:10"}
{"email":"admin@test.com","level":"info","message":"User login successful","role":"Admin","service":"ehr-backend","timestamp":"2025-12-17 21:47:11","userId":"69428a2ef28ed1f074b540a0"}
{"email":"manager@test.com","level":"info","message":"User login successful","role":"Manager","service":"ehr-backend","timestamp":"2025-12-17 21:47:11","userId":"69428a2ef28ed1f074b540a2"}
{"email":"provider@test.com","level":"info","message":"User login successful","role":"Provider","service":"ehr-backend","timestamp":"2025-12-17 21:47:11","userId":"69428a2ef28ed1f074b540a4"}
{"email":"assigned@test.com","level":"info","message":"User login successful","role":"Patient","service":"ehr-backend","timestamp":"2025-12-17 21:47:11","userId":"69428a2ef28ed1f074b540a8"}
{"email":"admin@test.com","level":"info","message":"User login successful","role":"Admin","service":"ehr-backend","timestamp":"2025-12-17 21:47:12","userId":"69428a2ff28ed1f074b540b7"}
{"email":"manager@test.com","level":"info","message":"User login successful","role":"Manager","service":"ehr-backend","timestamp":"2025-12-17 21:47:12","userId":"69428a2ff28ed1f074b540b9"}
{"email":"provider@test.com","level":"info","message":"User login successful","role":"Provider","service":"ehr-backend","timestamp":"2025-12-17 21:47:12","userId":"69428a2ff28ed1f074b540bb"}
{"email":"assigned@test.com","level":"info","message":"User login successful","role":"Patient","service":"ehr-backend","timestamp":"2025-12-17 21:47:12","userId":"69428a2ff28ed1f074b540bf"}
{"email":"admin@test.com","level":"info","message":"User login successful","role":"Admin","service":"ehr-backend","timestamp":"2025-12-17 21:47:13","userId":"69428a30f28ed1f074b540ce"}
{"email":"manager@test.com","level":"info","message":"User login successful","role":"Manager","service":"ehr-backend","timestamp":"2025-12-17 21:47:13","userId":"69428a30f28ed1f074b540d0"}
{"email":"provider@test.com","level":"info","message":"User login successful","role":"Provider","service":"ehr-backend","timestamp":"2025-12-17 21:47:13","userId":"69428a30f28ed1f074b540d2"}
{"email":"assigned@test.com","level":"info","message":"User login successful","role":"Patient","service":"ehr-backend","timestamp":"2025-12-17 21:47:13","userId":"69428a30f28ed1f074b540d6"}
{"email":"admin@test.com","level":"info","message":"User login successful","role":"Admin","service":"ehr-backend","timestamp":"2025-12-17 21:47:13","userId":"69428a31f28ed1f074b540e5"}
{"email":"manager@test.com","level":"info","message":"User login successful","role":"Manager","service":"ehr-backend","timestamp":"2025-12-17 21:47:13","userId":"69428a31f28ed1f074b540e7"}
{"email":"provider@test.com","level":"info","message":"User login successful","role":"Provider","service":"ehr-backend","timestamp":"2025-12-17 21:47:14","userId":"69428a31f28ed1f074b540e9"}
{"email":"assigned@test.com","level":"info","message":"User login successful","role":"Patient","service":"ehr-backend","timestamp":"2025-12-17 21:47:14","userId":"69428a31f28ed1f074b540ed"}
{"creatorId":"69428a31f28ed1f074b540e9","level":"info","message":"Record created successfully","patientId":"69428a31f28ed1f074b540ed","recordId":"69428a32f28ed1f074b540fd","service":"ehr-backend","timestamp":"2025-12-17 21:47:14"}
{"email":"admin@test.com","level":"info","message":"User login successful","role":"Admin","service":"ehr-backend","timestamp":"2025-12-17 21:47:14","userId":"69428a32f28ed1f074b54101"}
{"email":"manager@test.com","level":"info","message":"User login successful","role":"Manager","service":"ehr-backend","timestamp":"2025-12-17 21:47:15","userId":"69428a32f28ed1f074b54103"}
{"email":"provider@test.com","level":"info","message":"User login successful","role":"Provider","service":"ehr-backend","timestamp":"2025-12-17 21:47:15","userId":"69428a32f28ed1f074b54105"}
{"email":"assigned@test.com","level":"info","message":"User login successful","role":"Patient","service":"ehr-backend","timestamp":"2025-12-17 21:47:15","userId":"69428a32f28ed1f074b54109"}
{"level":"info","message":"Records retrieved","recordCount":1,"role":"Manager","service":"ehr-backend","timestamp":"2025-12-17 21:47:15","userId":"69428a32f28ed1f074b54103"}
{"email":"admin@test.com","level":"info","message":"User login successful","role":"Admin","service":"ehr-backend","timestamp":"2025-12-17 21:47:16","userId":"69428a33f28ed1f074b5411e"}
{"email":"manager@test.com","level":"info","message":"User login successful","role":"Manager","service":"ehr-backend","timestamp":"2025-12-17 21:47:16","userId":"69428a33f28ed1f074b54120"}
{"email":"provider@test.com","level":"info","message":"User login successful","role":"Provider","service":"ehr-backend","timestamp":"2025-12-17 21:47:16","userId":"69428a33f28ed1f074b54122"}
{"email":"assigned@test.com","level":"info","message":"User login successful","role":"Patient","service":"ehr-backend","timestamp":"2025-12-17 21:47:16","userId":"69428a33f28ed1f074b54126"}
{"email":"admin@test.com","level":"info","message":"User login successful","role":"Admin","service":"ehr-backend","timestamp":"2025-12-17 21:47:16","userId":"69428a34f28ed1f074b54135"}
{"email":"manager@test.com","level":"info","message":"User login successful","role":"Manager","service":"ehr-backend","timestamp":"2025-12-17 21:47:16","userId":"69428a34f28ed1f074b54137"}
{"email":"provider@test.com","level":"info","message":"User login successful","role":"Provider","service":"ehr-backend","timestamp":"2025-12-17 21:47:17","userId":"69428a34f28ed1f074b54139"}
{"email":"assigned@test.com","level":"info","message":"User login successful","role":"Patient","service":"ehr-backend","timestamp":"2025-12-17 21:47:17","userId":"69428a34f28ed1f074b5413d"}
{"email":"admin@test.com","level":"info","message":"User login successful","role":"Admin","service":"ehr-backend","timestamp":"2025-12-17 21:47:17","userId":"69428a35f28ed1f074b5414c"}
{"email":"manager@test.com","level":"info","message":"User login successful","role":"Manager","service":"ehr-backend","timestamp":"2025-12-17 21:47:17","userId":"69428a35f28ed1f074b5414e"}
{"email":"provider@test.com","level":"info","message":"User login successful","role":"Provider","service":"ehr-backend","timestamp":"2025-12-17 21:47:17","userId":"69428a35f28ed1f074b54150"}
{"email":"assigned@test.com","level":"info","message":"User login successful","role":"Patient","service":"ehr-backend","timestamp":"2025-12-17 21:47:18","userId":"69428a35f28ed1f074b54154"}
{"level":"info","message":"Patient records retrieved","patientId":"69428a35f28ed1f074b54154","recordCount":1,"service":"ehr-backend","timestamp":"2025-12-17 21:47:18"}
{"email":"admin@test.com","level":"info","message":"User login successful","role":"Admin","service":"ehr-backend","timestamp":"2025-12-17 21:47:18","userId":"69428a36f28ed1f074b54169"}
{"email":"manager@test.com","level":"info","message":"User login successful","role":"Manager","service":"ehr-backend","timestamp":"2025-12-17 21:47:18","userId":"69428a36f28ed1f074b5416b"}
{"email":"provider@test.com","level":"info","message":"User login successful","role":"Provider","service":"ehr-backend","timestamp":"2025-12-17 21:47:18","userId":"69428a36f28ed1f074b5416d"}
{"email":"assigned@test.com","level":"info","message":"User login successful","role":"Patient","service":"ehr-backend","timestamp":"2025-12-17 21:47:19","userId":"69428a36f28ed1f074b54171"}
{"level":"info","message":"Patient records retrieved","patientId":"69428a36f28ed1f074b54171","recordCount":1,"service":"ehr-backend","timestamp":"2025-12-17 21:47:19"}
{"email":"admin@test.com","level":"info","message":"User login successful","role":"Admin","service":"ehr-backend","timestamp":"2025-12-17 21:47:19","userId":"69428a37f28ed1f074b54188"}
{"email":"manager@test.com","level":"info","message":"User login successful","role":"Manager","service":"ehr-backend","timestamp":"2025-12-17 21:47:19","userId":"69428a37f28ed1f074b5418a"}
{"email":"provider@test.com","level":"info","message":"User login successful","role":"Provider","service":"ehr-backend","timestamp":"2025-12-17 21:47:19","userId":"69428a37f28ed1f074b5418c"}
{"email":"assigned@test.com","level":"info","message":"User login successful","role":"Patient","service":"ehr-backend","timestamp":"2025-12-17 21:47:20","userId":"69428a37f28ed1f074b54190"}
{"email":"admin@test.com","level":"info","message":"User login successful","role":"Admin","service":"ehr-backend","timestamp":"2025-12-17 21:47:20","userId":"69428a38f28ed1f074b541a1"}
{"email":"manager@test.com","level":"info","message":"User login successful","role":"Manager","service":"ehr-backend","timestamp":"2025-12-17 21:47:20","userId":"69428a38f28ed1f074b541a3"}
{"email":"provider@test.com","level":"info","message":"User login successful","role":"Provider","service":"ehr-backend","timestamp":"2025-12-17 21:47:20","userId":"69428a38f28ed1f074b541a5"}
{"email":"assigned@test.com","level":"info","message":"User login successful","role":"Patient","service":"ehr-backend","timestamp":"2025-12-17 21:47:21","userId":"69428a38f28ed1f074b541a9"}
{"level":"info","message":"Record retrieved by ID","recordId":"69428a39f28ed1f074b541b8","service":"ehr-backend","timestamp":"2025-12-17 21:47:21","userId":"69428a38f28ed1f074b541a5"}
{"email":"admin@test.com","level":"info","message":"User login successful","role":"Admin","service":"ehr-backend","timestamp":"2025-12-17 21:47:21","userId":"69428a39f28ed1f074b541be"}
{"email":"manager@test.com","level":"info","message":"User login successful","role":"Manager","service":"ehr-backend","timestamp":"2025-12-17 21:47:21","userId":"69428a39f28ed1f074b541c0"}
{"email":"provider@test.com","level":"info","message":"User login successful","role":"Provider","service":"ehr-backend","timestamp":"2025-12-17 21:47:21","userId":"69428a39f28ed1f074b541c2"}
{"email":"assigned@test.com","level":"info","message":"User login successful","role":"Patient","service":"ehr-backend","timestamp":"2025-12-17 21:47:22","userId":"69428a39f28ed1f074b541c6"}
{"level":"info","message":"Record retrieved by ID","recordId":"69428a3af28ed1f074b541d5","service":"ehr-backend","timestamp":"2025-12-17 21:47:22","userId":"69428a39f28ed1f074b541c6"}
{"email":"admin@test.com","level":"info","message":"User login successful","role":"Admin","service":"ehr-backend","timestamp":"2025-12-17 21:47:22","userId":"69428a3af28ed1f074b541db"}
{"email":"manager@test.com","level":"info","message":"User login successful","role":"Manager","service":"ehr-backend","timestamp":"2025-12-17 21:47:22","userId":"69428a3af28ed1f074b541dd"}
{"email":"provider@test.com","level":"info","message":"User login successful","role":"Provider","service":"ehr-backend","timestamp":"2025-12-17 21:47:22","userId":"69428a3af28ed1f074b541df"}
{"email":"assigned@test.com","level":"info","message":"User login successful","role":"Patient","service":"ehr-backend","timestamp":"2025-12-17 21:47:23","userId":"69428a3af28ed1f074b541e3"}
{"level":"info","message":"Record retrieved by ID","recordId":"69428a3bf28ed1f074b541f2","service":"ehr-backend","timestamp":"2025-12-17 21:47:23","userId":"69428a3af28ed1f074b541dd"}
{"email":"admin@test.com","level":"info","message":"User login successful","role":"Admin","service":"ehr-backend","timestamp":"2025-12-17 21:47:23","userId":"69428a3bf28ed1f074b541f8"}
{"email":"manager@test.com","level":"info","message":"User login successful","role":"Manager","service":"ehr-backend","timestamp":"2025-12-17 21:47:23","userId":"69428a3bf28ed1f074b541fa"}
{"email":"provider@test.com","level":"info","message":"User login successful","role":"Provider","service":"ehr-backend","timestamp":"2025-12-17 21:47:23","userId":"69428a3bf28ed1f074b541fc"}
{"email":"assigned@test.com","level":"info","message":"User login successful","role":"Patient","service":"ehr-backend","timestamp":"2025-12-17 21:47:24","userId":"69428a3bf28ed1f074b54200"}
{"email":"admin@test.com","level":"info","message":"User login successful","role":"Admin","service":"ehr-backend","timestamp":"2025-12-17 21:47:24","userId":"69428a3cf28ed1f074b54215"}
{"email":"manager@test.com","level":"info","message":"User login successful","role":"Manager","service":"ehr-backend","timestamp":"2025-12-17 21:47:24","userId":"69428a3cf28ed1f074b54217"}
{"email":"provider@test.com","level":"info","message":"User login successful","role":"Provider","service":"ehr-backend","timestamp":"2025-12-17 21:47:24","userId":"69428a3cf28ed1f074b54219"}
{"email":"assigned@test.com","level":"info","message":"User login successful","role":"Patient","service":"ehr-backend","timestamp":"2025-12-17 21:47:25","userId":"69428a3cf28ed1f074b5421d"}
{"email":"admin@test.com","level":"info","message":"User login successful","role":"Admin","service":"ehr-backend","timestamp":"2025-12-17 21:47:25","userId":"69428a3df28ed1f074b5422f"}
{"email":"manager@test.com","level":"info","message":"User login successful","role":"Manager","service":"ehr-backend","timestamp":"2025-12-17 21:47:25","userId":"69428a3df28ed1f074b54231"}
{"email":"provider@test.com","level":"info","message":"User login successful","role":"Provider","service":"ehr-backend","timestamp":"2025-12-17 21:47:25","userId":"69428a3df28ed1f074b54233"}
{"email":"assigned@test.com","level":"info","message":"User login successful","role":"Patient","service":"ehr-backend","timestamp":"2025-12-17 21:47:26","userId":"69428a3df28ed1f074b54237"}
{"creatorId":"69428a3df28ed1f074b54233","level":"info","message":"Record created successfully","patientId":"69428a3df28ed1f074b54237","recordId":"69428a3ef28ed1f074b54247","service":"ehr-backend","timestamp":"2025-12-17 21:47:26"}
{"email":"admin@test.com","level":"info","message":"User login successful","role":"Admin","service":"ehr-backend","timestamp":"2025-12-17 21:47:26","userId":"69428a3ef28ed1f074b5424b"}
{"email":"manager@test.com","level":"info","message":"User login successful","role":"Manager","service":"ehr-backend","timestamp":"2025-12-17 21:47:26","userId":"69428a3ef28ed1f074b5424d"}
{"email":"provider@test.com","level":"info","message":"User login successful","role":"Provider","service":"ehr-backend","timestamp":"2025-12-17 21:47:26","userId":"69428a3ef28ed1f074b5424f"}
{"email":"assigned@test.com","level":"info","message":"User login successful","role":"Patient","service":"ehr-backend","timestamp":"2025-12-17 21:47:27","userId":"69428a3ef28ed1f074b54253"}
{"email":"admin@test.com","level":"info","message":"User login successful","role":"Admin","service":"ehr-backend","timestamp":"2025-12-17 21:47:27","userId":"69428a3ff28ed1f074b54264"}
{"email":"manager@test.com","level":"info","message":"User login successful","role":"Manager","service":"ehr-backend","timestamp":"2025-12-17 21:47:27","userId":"69428a3ff28ed1f074b54266"}
{"email":"provider@test.com","level":"info","message":"User login successful","role":"Provider","service":"ehr-backend","timestamp":"2025-12-17 21:47:27","userId":"69428a3ff28ed1f074b54268"}
{"email":"assigned@test.com","level":"info","message":"User login successful","role":"Patient","service":"ehr-backend","timestamp":"2025-12-17 21:47:28","userId":"69428a3ff28ed1f074b5426c"}
{"creatorId":"69428a3ff28ed1f074b54268","level":"info","message":"Record created successfully","patientId":"69428a3ff28ed1f074b5426c","recordId":"69428a40f28ed1f074b5427c","service":"ehr-backend","timestamp":"2025-12-17 21:47:28"}
{"email":"admin@test.com","level":"info","message":"User login successful","role":"Admin","service":"ehr-backend","timestamp":"2025-12-17 21:47:28","userId":"69428a40f28ed1f074b54281"}
{"email":"manager@test.com","level":"info","message":"User login successful","role":"Manager","service":"ehr-backend","timestamp":"2025-12-17 21:47:28","userId":"69428a40f28ed1f074b54283"}
{"email":"provider@test.com","level":"info","message":"User login successful","role":"Provider","service":"ehr-backend","timestamp":"2025-12-17 21:47:28","userId":"69428a40f28ed1f074b54285"}
{"email":"assigned@test.com","level":"info","message":"User login successful","role":"Patient","service":"ehr-backend","timestamp":"2025-12-17 21:47:29","userId":"69428a40f28ed1f074b54289"}
{"level":"info","message":"Record retrieved by ID","recordId":"69428a41f28ed1f074b54298","service":"ehr-backend","timestamp":"2025-12-17 21:47:29","userId":"69428a40f28ed1f074b54285"}
{"email":"admin@test.com","level":"info","message":"User login successful","role":"Admin","service":"ehr-backend","timestamp":"2025-12-17 21:47:35","userId":"69428a4624baa0f4a4514d7c"}
{"email":"manager@test.com","level":"info","message":"User login successful","role":"Manager","service":"ehr-backend","timestamp":"2025-12-17 21:47:35","userId":"69428a4724baa0f4a4514d84"}
{"email":"provider@test.com","level":"info","message":"User login successful","role":"Provider","service":"ehr-backend","timestamp":"2025-12-17 21:47:36","userId":"69428a4724baa0f4a4514d89"}
{"email":"employee@test.com","level":"info","message":"User login successful","role":"Employee","service":"ehr-backend","timestamp":"2025-12-17 21:47:36","userId":"69428a4824baa0f4a4514d8e"}
{"email":"patient@test.com","level":"info","message":"User login successful","role":"Patient","service":"ehr-backend","timestamp":"2025-12-17 21:47:36","userId":"69428a4824baa0f4a4514d93"}
{"email":"admin@test.com","level":"info","message":"User login successful","role":"Admin","service":"ehr-backend","timestamp":"2025-12-17 21:47:37","userId":"69428a4824baa0f4a4514d98"}
{"email":"patient@test.com","ip":"::ffff:127.0.0.1","level":"warn","message":"Login attempt failed: Invalid password","service":"ehr-backend","timestamp":"2025-12-17 21:47:37","userId":"69428a4924baa0f4a4514d9d"}
{"email":"nonexistent@example.com","ip":"::ffff:127.0.0.1","level":"warn","message":"Login attempt failed: User not found","service":"ehr-backend","timestamp":"2025-12-17 21:47:37"}
{"ip":"::ffff:127.0.0.1","level":"warn","message":"Login attempt failed: User not found","service":"ehr-backend","timestamp":"2025-12-17 21:47:37"}
{"email":"patient@test.com","error":"data and hash arguments required","level":"error","message":"Login error","service":"ehr-backend","timestamp":"2025-12-17 21:47:37"}
{"email":"admin@test.com","level":"info","message":"User login successful","role":"Admin","service":"ehr-backend","timestamp":"2025-12-17 21:47:38","userId":"69428a4924baa0f4a4514da5"}
{"ip":"::ffff:127.0.0.1","level":"warn","message":"Authentication failed: Token missing","method":"GET","path":"/me","service":"ehr-backend","timestamp":"2025-12-17 21:47:38"}
{"error":"jwt malformed","ip":"::ffff:127.0.0.1","level":"warn","message":"Authentication failed: JWT verification failed","method":"GET","path":"/me","service":"ehr-backend","timestamp":"2025-12-17 21:47:38"}
{"error":"jwt expired","ip":"::ffff:127.0.0.1","level":"warn","message":"Authentication failed: JWT verification failed","method":"GET","path":"/me","service":"ehr-backend","timestamp":"2025-12-17 21:47:38"}
{"error":"invalid token","ip":"::ffff:127.0.0.1","level":"warn","message":"Authentication failed: JWT verification failed","method":"GET","path":"/me","service":"ehr-backend","timestamp":"2025-12-17 21:47:38"}
{"email":"admin@test.com","level":"info","message":"User login successful","role":"Admin","service":"ehr-backend","timestamp":"2025-12-17 21:47:39","userId":"69428a4b24baa0f4a4514db4"}
{"level":"info","message":"User logout","service":"ehr-backend","timestamp":"2025-12-17 21:47:39"}
{"level":"info","message":"User logout","service":"ehr-backend","timestamp":"2025-12-17 21:47:39"}
{"email":"admin@test.com","level":"info","message":"User login successful","role":"Admin","service":"ehr-backend","timestamp":"2025-12-17 21:47:40","userId":"69428a4b24baa0f4a4514dbd"}
{"email":"admin@test.com","level":"info","message":"User login successful","role":"Admin","service":"ehr-backend","timestamp":"2025-12-17 21:47:40","userId":"69428a4c24baa0f4a4514dc2"}
{"level":"info","message":"User logout","service":"ehr-backend","timestamp":"2025-12-17 21:47:40"}
{"ip":"::ffff:127.0.0.1","level":"warn","message":"Authentication failed: Token missing","method":"GET","path":"/me","service":"ehr-backend","timestamp":"2025-12-17 21:47:40"}
{"email":"admin@test.com","level":"info","message":"User login successful","role":"Admin","service":"ehr-backend","timestamp":"2025-12-17 21:47:40","userId":"69428a4c24baa0f4a4514dc9"}
{"level":"info","message":"Authorization check","method":"GET","path":"/audit-logs","requiredRoles":["Admin"],"service":"ehr-backend","timestamp":"2025-12-17 21:47:40","userId":"69428a4c24baa0f4a4514dc9","userRole":"Admin"}
{"level":"info","message":"Admin 69428a4c24baa0f4a4514dc9 retrieved 1 audit logs","service":"ehr-backend","timestamp":"2025-12-17 21:47:40"}
{"ip":"::ffff:127.0.0.1","level":"warn","message":"Authentication failed: Token missing","method":"GET","path":"/audit-logs","service":"ehr-backend","timestamp":"2025-12-17 21:47:40"}
{"error":"jwt expired","ip":"::ffff:127.0.0.1","level":"warn","message":"Authentication failed: JWT verification failed","method":"GET","path":"/audit-logs","service":"ehr-backend","timestamp":"2025-12-17 21:47:41"}
{"email":"patient@test.com","level":"info","message":"User login successful","role":"Patient","service":"ehr-backend","timestamp":"2025-12-17 21:47:46","userId":"69428a51f2f6453d5bb4a9e0"}
{"email":"admin@test.com","level":"info","message":"User login successful","role":"Admin","service":"ehr-backend","timestamp":"2025-12-17 21:47:46","userId":"69428a52f2f6453d5bb4a9e8"}
{"email":"nonexistent@test.com","ip":"::ffff:127.0.0.1","level":"warn","message":"Login attempt failed: User not found","service":"ehr-backend","timestamp":"2025-12-17 21:47:47"}
{"email":"patient@test.com","ip":"::ffff:127.0.0.1","level":"warn","message":"Login attempt failed: Invalid password","service":"ehr-backend","timestamp":"2025-12-17 21:47:47","userId":"69428a53f2f6453d5bb4a9f1"}
{"ip":"::ffff:127.0.0.1","level":"warn","message":"Login attempt failed: User not found","service":"ehr-backend","timestamp":"2025-12-17 21:47:47"}
{"email":"patient@test.com","error":"data and hash arguments required","level":"error","message":"Login error","service":"ehr-backend","timestamp":"2025-12-17 21:47:47"}
{"email":"admin@test.com","level":"info","message":"User login successful","role":"Admin","service":"ehr-backend","timestamp":"2025-12-17 21:47:47","userId":"69428a53f2f6453d5bb4a9f8"}
{"email":"provider@test.com","level":"info","message":"User login successful","role":"Provider","service":"ehr-backend","timestamp":"2025-12-17 21:47:48","userId":"69428a53f2f6453d5bb4a9fd"}
{"email":"patient@test.com","level":"info","message":"User login successful","role":"Patient","service":"ehr-backend","timestamp":"2025-12-17 21:47:48","userId":"69428a54f2f6453d5bb4aa02"}
{"ip":"::ffff:127.0.0.1","level":"warn","message":"Authentication failed: Token missing","method":"GET","path":"/me","service":"ehr-backend","timestamp":"2025-12-17 21:47:48"}
{"error":"jwt malformed","ip":"::ffff:127.0.0.1","level":"warn","message":"Authentication failed: JWT verification failed","method":"GET","path":"/me","service":"ehr-backend","timestamp":"2025-12-17 21:47:48"}
{"email":"patient@test.com","level":"info","message":"User login successful","role":"Patient","service":"ehr-backend","timestamp":"2025-12-17 21:47:49","userId":"69428a54f2f6453d5bb4aa09"}
{"level":"info","message":"User logout","service":"ehr-backend","timestamp":"2025-12-17 21:47:49"}
{"level":"info","message":"User logout","service":"ehr-backend","timestamp":"2025-12-17 21:47:49"}
{"email":"admin@test.com","level":"info","message":"User login successful","role":"Admin","service":"ehr-backend","timestamp":"2025-12-17 21:47:49","userId":"69428a55f2f6453d5bb4aa12"}
{"level":"info","message":"User logout","service":"ehr-backend","timestamp":"2025-12-17 21:47:49"}
{"ip":"::ffff:127.0.0.1","level":"warn","message":"Authentication failed: Token missing","method":"GET","path":"/me","service":"ehr-backend","timestamp":"2025-12-17 21:47:49"}
{"keyVersion":1,"level":"info","message":"Public key retrieved successfully","service":"ehr-backend","timestamp":"2025-12-17 21:47:53"}
{"keyVersion":1,"level":"info","message":"Public key retrieved successfully","service":"ehr-backend","timestamp":"2025-12-17 21:47:53"}
{"keyVersion":1,"level":"info","message":"Public key retrieved successfully","service":"ehr-backend","timestamp":"2025-12-17 21:47:54"}
{"keyVersion":1,"level":"info","message":"Public key retrieved successfully","service":"ehr-backend","timestamp":"2025-12-17 21:47:54"}
{"keyVersion":1,"level":"info","message":"Public key retrieved successfully","service":"ehr-backend","timestamp":"2025-12-17 21:47:54"}
{"error":"Service unavailable","level":"error","message":"Failed to retrieve public key","service":"ehr-backend","timestamp":"2025-12-17 21:47:54"}
{"keyVersion":1,"level":"info","message":"Public key retrieved successfully","service":"ehr-backend","timestamp":"2025-12-17 21:47:54"}
{"keyVersion":1,"level":"info","message":"Public key retrieved successfully","service":"ehr-backend","timestamp":"2025-12-17 21:47:54"}
{"keyVersion":1,"level":"info","message":"Public key retrieved successfully","service":"ehr-backend","timestamp":"2025-12-17 21:47:54"}
{"level":"info","message":"Health check performed","service":"ehr-backend","services":{"api":"operational","mongodb":"connected","openbao":"healthy"},"status":"healthy","timestamp":"2025-12-17 21:47:57"}
{"level":"info","message":"Health check performed","service":"ehr-backend","services":{"api":"operational","mongodb":"connected","openbao":"healthy"},"status":"healthy","timestamp":"2025-12-17 21:47:57"}
{"level":"info","message":"Health check performed","service":"ehr-backend","services":{"api":"operational","mongodb":"connected","openbao":"healthy"},"status":"healthy","timestamp":"2025-12-17 21:47:57"}
{"level":"info","message":"Health check performed","service":"ehr-backend","services":{"api":"operational","mongodb":"connected","openbao":"healthy"},"status":"healthy","timestamp":"2025-12-17 21:47:57"}
{"level":"info","message":"Health check performed","service":"ehr-backend","services":{"api":"operational","mongodb":"connected","openbao":"healthy"},"status":"healthy","timestamp":"2025-12-17 21:47:57"}
{"level":"info","message":"Health check performed","service":"ehr-backend","services":{"api":"operational","mongodb":"connected","openbao":"unhealthy"},"status":"unhealthy","timestamp":"2025-12-17 21:47:57"}
{"level":"info","message":"Health check performed","service":"ehr-backend","services":{"api":"operational","mongodb":"connected","openbao":"healthy"},"status":"healthy","timestamp":"2025-12-17 21:47:57"}
{"level":"info","message":"Health check performed","service":"ehr-backend","services":{"api":"operational","mongodb":"connected","openbao":"healthy"},"status":"healthy","timestamp":"2025-12-17 21:47:57"}
{"level":"info","message":"Health check performed","service":"ehr-backend","services":{"api":"operational","mongodb":"connected","openbao":"healthy"},"status":"healthy","timestamp":"2025-12-17 21:47:57"}
{"level":"error","message":"Health check failed: Health check failed","service":"ehr-backend","stack":"Error: Health check failed\n    at Object.<anonymous> (/Users/user/Documents/Monash/CyberSecurity/Assesment2/Final Submission/TP6 25/EHR_draft/ehr-backend/test/integration/health.integration.test.js:254:55)\n    at Promise.finally.completed (/Users/user/Documents/Monash/CyberSecurity/Assesment2/Final Submission/TP6 25/EHR_draft/ehr-backend/node_modules/jest-circus/build/jestAdapterInit.js:1557:28)\n    at new Promise (<anonymous>)\n    at callAsyncCircusFn (/Users/user/Documents/Monash/CyberSecurity/Assesment2/Final Submission/TP6 25/EHR_draft/ehr-backend/node_modules/jest-circus/build/jestAdapterInit.js:1497:10)\n    at _callCircusTest (/Users/user/Documents/Monash/CyberSecurity/Assesment2/Final Submission/TP6 25/EHR_draft/ehr-backend/node_modules/jest-circus/build/jestAdapterInit.js:1007:40)\n    at processTicksAndRejections (node:internal/process/task_queues:103:5)\n    at _runTest (/Users/user/Documents/Monash/CyberSecurity/Assesment2/Final Submission/TP6 25/EHR_draft/ehr-backend/node_modules/jest-circus/build/jestAdapterInit.js:947:3)\n    at /Users/user/Documents/Monash/CyberSecurity/Assesment2/Final Submission/TP6 25/EHR_draft/ehr-backend/node_modules/jest-circus/build/jestAdapterInit.js:849:7\n    at _runTestsForDescribeBlock (/Users/user/Documents/Monash/CyberSecurity/Assesment2/Final Submission/TP6 25/EHR_draft/ehr-backend/node_modules/jest-circus/build/jestAdapterInit.js:862:11)\n    at _runTestsForDescribeBlock (/Users/user/Documents/Monash/CyberSecurity/Assesment2/Final Submission/TP6 25/EHR_draft/ehr-backend/node_modules/jest-circus/build/jestAdapterInit.js:857:11)\n    at _runTestsForDescribeBlock (/Users/user/Documents/Monash/CyberSecurity/Assesment2/Final Submission/TP6 25/EHR_draft/ehr-backend/node_modules/jest-circus/build/jestAdapterInit.js:857:11)\n    at run (/Users/user/Documents/Monash/CyberSecurity/Assesment2/Final Submission/TP6 25/EHR_draft/ehr-backend/node_modules/jest-circus/build/jestAdapterInit.js:761:3)\n    at runAndTransformResultsToJestFormat (/Users/user/Documents/Monash/CyberSecurity/Assesment2/Final Submission/TP6 25/EHR_draft/ehr-backend/node_modules/jest-circus/build/jestAdapterInit.js:1918:21)\n    at jestAdapter (/Users/user/Documents/Monash/CyberSecurity/Assesment2/Final Submission/TP6 25/EHR_draft/ehr-backend/node_modules/jest-circus/build/runner.js:101:19)\n    at runTestInternal (/Users/user/Documents/Monash/CyberSecurity/Assesment2/Final Submission/TP6 25/EHR_draft/ehr-backend/node_modules/jest-runner/build/index.js:275:16)\n    at runTest (/Users/user/Documents/Monash/CyberSecurity/Assesment2/Final Submission/TP6 25/EHR_draft/ehr-backend/node_modules/jest-runner/build/index.js:343:7)","timestamp":"2025-12-17 21:47:57"}
{"level":"info","message":"Health check performed","service":"ehr-backend","services":{"api":"operational","mongodb":"connected","openbao":"unhealthy"},"status":"unhealthy","timestamp":"2025-12-17 21:47:57"}
{"level":"info","message":"Health check performed","service":"ehr-backend","services":{"api":"operational","mongodb":"connected","openbao":"healthy"},"status":"healthy","timestamp":"2025-12-17 21:47:57"}
{"email":"admin@test.com","level":"info","message":"User login successful","role":"Admin","service":"ehr-backend","timestamp":"2025-12-17 21:48:53","userId":"69428a944f3664a40a588f81"}
{"email":"manager@test.com","level":"info","message":"User login successful","role":"Manager","service":"ehr-backend","timestamp":"2025-12-17 21:48:53","userId":"69428a944f3664a40a588f84"}
{"email":"provider@test.com","level":"info","message":"User login successful","role":"Provider","service":"ehr-backend","timestamp":"2025-12-17 21:48:53","userId":"69428a944f3664a40a588f86"}
{"email":"employee@test.com","level":"info","message":"User login successful","role":"Employee","service":"ehr-backend","timestamp":"2025-12-17 21:48:53","userId":"69428a944f3664a40a588f88"}
{"email":"patient@test.com","level":"info","message":"User login successful","role":"Patient","service":"ehr-backend","timestamp":"2025-12-17 21:48:53","userId":"69428a944f3664a40a588f8a"}
{"level":"info","message":"Authorization check","method":"POST","path":"/register","requiredRoles":["Employee","Manager","Admin"],"service":"ehr-backend","timestamp":"2025-12-17 21:48:53","userId":"69428a944f3664a40a588f81","userRole":"Admin"}
{"creatorId":"69428a944f3664a40a588f81","creatorRole":"Admin","level":"info","message":"User registered successfully","newUserId":"69428a954f3664a40a588f9c","newUserRole":"Patient","service":"ehr-backend","timestamp":"2025-12-17 21:48:53"}
{"level":"info","message":"Authorization check","method":"POST","path":"/register","requiredRoles":["Employee","Manager","Admin"],"service":"ehr-backend","timestamp":"2025-12-17 21:48:53","userId":"69428a944f3664a40a588f81","userRole":"Admin"}
{"creatorId":"69428a944f3664a40a588f81","creatorRole":"Admin","level":"info","message":"User registered successfully","newUserId":"69428a954f3664a40a588fa1","newUserRole":"Provider","service":"ehr-backend","timestamp":"2025-12-17 21:48:53"}
{"level":"info","message":"Authorization check","method":"POST","path":"/register","requiredRoles":["Employee","Manager","Admin"],"service":"ehr-backend","timestamp":"2025-12-17 21:48:53","userId":"69428a944f3664a40a588f81","userRole":"Admin"}
{"creatorId":"69428a944f3664a40a588f81","creatorRole":"Admin","level":"info","message":"User registered successfully","newUserId":"69428a954f3664a40a588fa6","newUserRole":"Employee","service":"ehr-backend","timestamp":"2025-12-17 21:48:53"}
{"level":"info","message":"Authorization check","method":"POST","path":"/register","requiredRoles":["Employee","Manager","Admin"],"service":"ehr-backend","timestamp":"2025-12-17 21:48:53","userId":"69428a944f3664a40a588f81","userRole":"Admin"}
{"creatorId":"69428a944f3664a40a588f81","creatorRole":"Admin","level":"info","message":"User registered successfully","newUserId":"69428a954f3664a40a588fab","newUserRole":"Manager","service":"ehr-backend","timestamp":"2025-12-17 21:48:53"}
{"email":"admin@test.com","level":"info","message":"User login successful","role":"Admin","service":"ehr-backend","timestamp":"2025-12-17 21:48:54","userId":"69428a954f3664a40a588faf"}
{"email":"manager@test.com","level":"info","message":"User login successful","role":"Manager","service":"ehr-backend","timestamp":"2025-12-17 21:48:54","userId":"69428a954f3664a40a588fb1"}
{"email":"provider@test.com","level":"info","message":"User login successful","role":"Provider","service":"ehr-backend","timestamp":"2025-12-17 21:48:54","userId":"69428a964f3664a40a588fb3"}
{"email":"employee@test.com","level":"info","message":"User login successful","role":"Employee","service":"ehr-backend","timestamp":"2025-12-17 21:48:54","userId":"69428a964f3664a40a588fb5"}
{"email":"patient@test.com","level":"info","message":"User login successful","role":"Patient","service":"ehr-backend","timestamp":"2025-12-17 21:48:54","userId":"69428a964f3664a40a588fb7"}
{"level":"info","message":"Authorization check","method":"POST","path":"/register","requiredRoles":["Employee","Manager","Admin"],"service":"ehr-backend","timestamp":"2025-12-17 21:48:54","userId":"69428a954f3664a40a588fb1","userRole":"Manager"}
{"creatorId":"69428a954f3664a40a588fb1","creatorRole":"Manager","level":"info","message":"User registered successfully","newUserId":"69428a964f3664a40a588fc9","newUserRole":"Employee","service":"ehr-backend","timestamp":"2025-12-17 21:48:54"}
{"level":"info","message":"Authorization check","method":"POST","path":"/register","requiredRoles":["Employee","Manager","Admin"],"service":"ehr-backend","timestamp":"2025-12-17 21:48:54","userId":"69428a954f3664a40a588fb1","userRole":"Manager"}
{"creatorId":"69428a954f3664a40a588fb1","creatorRole":"Manager","level":"info","message":"User registered successfully","newUserId":"69428a964f3664a40a588fce","newUserRole":"Provider","service":"ehr-backend","timestamp":"2025-12-17 21:48:54"}
{"level":"info","message":"Authorization check","method":"POST","path":"/register","requiredRoles":["Employee","Manager","Admin"],"service":"ehr-backend","timestamp":"2025-12-17 21:48:54","userId":"69428a954f3664a40a588fb1","userRole":"Manager"}
{"creatorId":"69428a954f3664a40a588fb1","creatorRole":"Manager","level":"info","message":"User registered successfully","newUserId":"69428a964f3664a40a588fd3","newUserRole":"Patient","service":"ehr-backend","timestamp":"2025-12-17 21:48:54"}
{"email":"admin@test.com","level":"info","message":"User login successful","role":"Admin","service":"ehr-backend","timestamp":"2025-12-17 21:48:55","userId":"69428a974f3664a40a588fd7"}
{"email":"manager@test.com","level":"info","message":"User login successful","role":"Manager","service":"ehr-backend","timestamp":"2025-12-17 21:48:55","userId":"69428a974f3664a40a588fd9"}
{"email":"provider@test.com","level":"info","message":"User login successful","role":"Provider","service":"ehr-backend","timestamp":"2025-12-17 21:48:55","userId":"69428a974f3664a40a588fdb"}
{"email":"employee@test.com","level":"info","message":"User login successful","role":"Employee","service":"ehr-backend","timestamp":"2025-12-17 21:48:55","userId":"69428a974f3664a40a588fdd"}
{"email":"patient@test.com","level":"info","message":"User login successful","role":"Patient","service":"ehr-backend","timestamp":"2025-12-17 21:48:55","userId":"69428a974f3664a40a588fdf"}
{"level":"info","message":"Authorization check","method":"POST","path":"/register","requiredRoles":["Employee","Manager","Admin"],"service":"ehr-backend","timestamp":"2025-12-17 21:48:55","userId":"69428a974f3664a40a588fd9","userRole":"Manager"}
{"creatorId":"69428a974f3664a40a588fd9","creatorRole":"Manager","level":"warn","message":"Registration denied: Insufficient permissions","service":"ehr-backend","targetRole":"Manager","timestamp":"2025-12-17 21:48:55"}
{"email":"admin@test.com","level":"info","message":"User login successful","role":"Admin","service":"ehr-backend","timestamp":"2025-12-17 21:48:56","userId":"69428a974f3664a40a588ff0"}
{"email":"manager@test.com","level":"info","message":"User login successful","role":"Manager","service":"ehr-backend","timestamp":"2025-12-17 21:48:56","userId":"69428a984f3664a40a588ff2"}
{"email":"provider@test.com","level":"info","message":"User login successful","role":"Provider","service":"ehr-backend","timestamp":"2025-12-17 21:48:56","userId":"69428a984f3664a40a588ff4"}
{"email":"employee@test.com","level":"info","message":"User login successful","role":"Employee","service":"ehr-backend","timestamp":"2025-12-17 21:48:56","userId":"69428a984f3664a40a588ff6"}
{"email":"patient@test.com","level":"info","message":"User login successful","role":"Patient","service":"ehr-backend","timestamp":"2025-12-17 21:48:56","userId":"69428a984f3664a40a588ff8"}
{"level":"info","message":"Authorization check","method":"POST","path":"/register","requiredRoles":["Employee","Manager","Admin"],"service":"ehr-backend","timestamp":"2025-12-17 21:48:56","userId":"69428a984f3664a40a588ff6","userRole":"Employee"}
{"creatorId":"69428a984f3664a40a588ff6","creatorRole":"Employee","level":"info","message":"User registered successfully","newUserId":"69428a984f3664a40a58900a","newUserRole":"Patient","service":"ehr-backend","timestamp":"2025-12-17 21:48:57"}
{"email":"admin@test.com","level":"info","message":"User login successful","role":"Admin","service":"ehr-backend","timestamp":"2025-12-17 21:48:57","userId":"69428a994f3664a40a58900e"}
{"email":"manager@test.com","level":"info","message":"User login successful","role":"Manager","service":"ehr-backend","timestamp":"2025-12-17 21:48:57","userId":"69428a994f3664a40a589010"}
{"email":"provider@test.com","level":"info","message":"User login successful","role":"Provider","service":"ehr-backend","timestamp":"2025-12-17 21:48:57","userId":"69428a994f3664a40a589012"}
{"email":"employee@test.com","level":"info","message":"User login successful","role":"Employee","service":"ehr-backend","timestamp":"2025-12-17 21:48:57","userId":"69428a994f3664a40a589014"}
{"email":"patient@test.com","level":"info","message":"User login successful","role":"Patient","service":"ehr-backend","timestamp":"2025-12-17 21:48:57","userId":"69428a994f3664a40a589016"}
{"level":"info","message":"Authorization check","method":"POST","path":"/register","requiredRoles":["Employee","Manager","Admin"],"service":"ehr-backend","timestamp":"2025-12-17 21:48:57","userId":"69428a994f3664a40a589014","userRole":"Employee"}
{"creatorId":"69428a994f3664a40a589014","creatorRole":"Employee","level":"warn","message":"Registration denied: Insufficient permissions","service":"ehr-backend","targetRole":"Provider","timestamp":"2025-12-17 21:48:57"}
{"email":"admin@test.com","level":"info","message":"User login successful","role":"Admin","service":"ehr-backend","timestamp":"2025-12-17 21:48:58","userId":"69428a994f3664a40a589027"}
{"email":"manager@test.com","level":"info","message":"User login successful","role":"Manager","service":"ehr-backend","timestamp":"2025-12-17 21:48:58","userId":"69428a9a4f3664a40a589029"}
{"email":"provider@test.com","level":"info","message":"User login successful","role":"Provider","service":"ehr-backend","timestamp":"2025-12-17 21:48:58","userId":"69428a9a4f3664a40a58902b"}
{"email":"employee@test.com","level":"info","message":"User login successful","role":"Employee","service":"ehr-backend","timestamp":"2025-12-17 21:48:58","userId":"69428a9a4f3664a40a58902d"}
{"email":"patient@test.com","level":"info","message":"User login successful","role":"Patient","service":"ehr-backend","timestamp":"2025-12-17 21:48:58","userId":"69428a9a4f3664a40a58902f"}
{"level":"info","message":"Authorization check","method":"POST","path":"/register","requiredRoles":["Employee","Manager","Admin"],"service":"ehr-backend","timestamp":"2025-12-17 21:48:58","userId":"69428a9a4f3664a40a58902d","userRole":"Employee"}
{"creatorId":"69428a9a4f3664a40a58902d","creatorRole":"Employee","level":"warn","message":"Registration denied: Insufficient permissions","service":"ehr-backend","targetRole":"Employee","timestamp":"2025-12-17 21:48:58"}
{"email":"admin@test.com","level":"info","message":"User login successful","role":"Admin","service":"ehr-backend","timestamp":"2025-12-17 21:48:59","userId":"69428a9a4f3664a40a589040"}
{"email":"manager@test.com","level":"info","message":"User login successful","role":"Manager","service":"ehr-backend","timestamp":"2025-12-17 21:48:59","userId":"69428a9b4f3664a40a589042"}
{"email":"provider@test.com","level":"info","message":"User login successful","role":"Provider","service":"ehr-backend","timestamp":"2025-12-17 21:48:59","userId":"69428a9b4f3664a40a589044"}
{"email":"employee@test.com","level":"info","message":"User login successful","role":"Employee","service":"ehr-backend","timestamp":"2025-12-17 21:48:59","userId":"69428a9b4f3664a40a589046"}
{"email":"patient@test.com","level":"info","message":"User login successful","role":"Patient","service":"ehr-backend","timestamp":"2025-12-17 21:48:59","userId":"69428a9b4f3664a40a589048"}
{"level":"info","message":"Authorization check","method":"POST","path":"/register","requiredRoles":["Employee","Manager","Admin"],"service":"ehr-backend","timestamp":"2025-12-17 21:48:59","userId":"69428a9b4f3664a40a589044","userRole":"Provider"}
{"level":"warn","message":"Authorization denied: Insufficient permissions","method":"POST","path":"/register","requiredRoles":["Employee","Manager","Admin"],"service":"ehr-backend","timestamp":"2025-12-17 21:48:59","userId":"69428a9b4f3664a40a589044","userRole":"Provider"}
{"email":"admin@test.com","level":"info","message":"User login successful","role":"Admin","service":"ehr-backend","timestamp":"2025-12-17 21:49:00","userId":"69428a9b4f3664a40a58905b"}
{"email":"manager@test.com","level":"info","message":"User login successful","role":"Manager","service":"ehr-backend","timestamp":"2025-12-17 21:49:00","userId":"69428a9c4f3664a40a58905d"}
{"email":"provider@test.com","level":"info","message":"User login successful","role":"Provider","service":"ehr-backend","timestamp":"2025-12-17 21:49:00","userId":"69428a9c4f3664a40a58905f"}
{"email":"employee@test.com","level":"info","message":"User login successful","role":"Employee","service":"ehr-backend","timestamp":"2025-12-17 21:49:00","userId":"69428a9c4f3664a40a589061"}
{"email":"patient@test.com","level":"info","message":"User login successful","role":"Patient","service":"ehr-backend","timestamp":"2025-12-17 21:49:00","userId":"69428a9c4f3664a40a589063"}
{"level":"info","message":"Authorization check","method":"POST","path":"/register","requiredRoles":["Employee","Manager","Admin"],"service":"ehr-backend","timestamp":"2025-12-17 21:49:00","userId":"69428a9c4f3664a40a589063","userRole":"Patient"}
{"level":"warn","message":"Authorization denied: Insufficient permissions","method":"POST","path":"/register","requiredRoles":["Employee","Manager","Admin"],"service":"ehr-backend","timestamp":"2025-12-17 21:49:00","userId":"69428a9c4f3664a40a589063","userRole":"Patient"}
{"email":"admin@test.com","level":"info","message":"User login successful","role":"Admin","service":"ehr-backend","timestamp":"2025-12-17 21:49:01","userId":"69428a9c4f3664a40a589076"}
{"email":"manager@test.com","level":"info","message":"User login successful","role":"Manager","service":"ehr-backend","timestamp":"2025-12-17 21:49:01","userId":"69428a9d4f3664a40a589078"}
{"email":"provider@test.com","level":"info","message":"User login successful","role":"Provider","service":"ehr-backend","timestamp":"2025-12-17 21:49:01","userId":"69428a9d4f3664a40a58907a"}
{"email":"employee@test.com","level":"info","message":"User login successful","role":"Employee","service":"ehr-backend","timestamp":"2025-12-17 21:49:01","userId":"69428a9d4f3664a40a58907c"}
{"email":"patient@test.com","level":"info","message":"User login successful","role":"Patient","service":"ehr-backend","timestamp":"2025-12-17 21:49:01","userId":"69428a9d4f3664a40a58907e"}
{"level":"info","message":"Authorization check","method":"GET","path":"/audit-logs","requiredRoles":["Admin"],"service":"ehr-backend","timestamp":"2025-12-17 21:49:01","userId":"69428a9c4f3664a40a589076","userRole":"Admin"}
{"level":"info","message":"Admin 69428a9c4f3664a40a589076 retrieved 5 audit logs","service":"ehr-backend","timestamp":"2025-12-17 21:49:01"}
{"email":"admin@test.com","level":"info","message":"User login successful","role":"Admin","service":"ehr-backend","timestamp":"2025-12-17 21:49:02","userId":"69428a9d4f3664a40a589090"}
{"email":"manager@test.com","level":"info","message":"User login successful","role":"Manager","service":"ehr-backend","timestamp":"2025-12-17 21:49:02","userId":"69428a9e4f3664a40a589092"}
{"email":"provider@test.com","level":"info","message":"User login successful","role":"Provider","service":"ehr-backend","timestamp":"2025-12-17 21:49:02","userId":"69428a9e4f3664a40a589094"}
{"email":"employee@test.com","level":"info","message":"User login successful","role":"Employee","service":"ehr-backend","timestamp":"2025-12-17 21:49:02","userId":"69428a9e4f3664a40a589096"}
{"email":"patient@test.com","level":"info","message":"User login successful","role":"Patient","service":"ehr-backend","timestamp":"2025-12-17 21:49:02","userId":"69428a9e4f3664a40a589098"}
{"level":"info","message":"Authorization check","method":"GET","path":"/audit-logs","requiredRoles":["Admin"],"service":"ehr-backend","timestamp":"2025-12-17 21:49:02","userId":"69428a9e4f3664a40a589092","userRole":"Manager"}
{"level":"warn","message":"Authorization denied: Insufficient permissions","method":"GET","path":"/audit-logs","requiredRoles":["Admin"],"service":"ehr-backend","timestamp":"2025-12-17 21:49:02","userId":"69428a9e4f3664a40a589092","userRole":"Manager"}
{"email":"admin@test.com","level":"info","message":"User login successful","role":"Admin","service":"ehr-backend","timestamp":"2025-12-17 21:49:03","userId":"69428a9e4f3664a40a5890ab"}
{"email":"manager@test.com","level":"info","message":"User login successful","role":"Manager","service":"ehr-backend","timestamp":"2025-12-17 21:49:03","userId":"69428a9f4f3664a40a5890ad"}
{"email":"provider@test.com","level":"info","message":"User login successful","role":"Provider","service":"ehr-backend","timestamp":"2025-12-17 21:49:03","userId":"69428a9f4f3664a40a5890af"}
{"email":"employee@test.com","level":"info","message":"User login successful","role":"Employee","service":"ehr-backend","timestamp":"2025-12-17 21:49:03","userId":"69428a9f4f3664a40a5890b1"}
{"email":"patient@test.com","level":"info","message":"User login successful","role":"Patient","service":"ehr-backend","timestamp":"2025-12-17 21:49:03","userId":"69428a9f4f3664a40a5890b3"}
{"level":"info","message":"Authorization check","method":"GET","path":"/audit-logs","requiredRoles":["Admin"],"service":"ehr-backend","timestamp":"2025-12-17 21:49:03","userId":"69428a9f4f3664a40a5890af","userRole":"Provider"}
{"level":"warn","message":"Authorization denied: Insufficient permissions","method":"GET","path":"/audit-logs","requiredRoles":["Admin"],"service":"ehr-backend","timestamp":"2025-12-17 21:49:03","userId":"69428a9f4f3664a40a5890af","userRole":"Provider"}
{"email":"admin@test.com","level":"info","message":"User login successful","role":"Admin","service":"ehr-backend","timestamp":"2025-12-17 21:49:04","userId":"69428a9f4f3664a40a5890c6"}
{"email":"manager@test.com","level":"info","message":"User login successful","role":"Manager","service":"ehr-backend","timestamp":"2025-12-17 21:49:04","userId":"69428aa04f3664a40a5890c8"}
{"email":"provider@test.com","level":"info","message":"User login successful","role":"Provider","service":"ehr-backend","timestamp":"2025-12-17 21:49:04","userId":"69428aa04f3664a40a5890ca"}
{"email":"employee@test.com","level":"info","message":"User login successful","role":"Employee","service":"ehr-backend","timestamp":"2025-12-17 21:49:04","userId":"69428aa04f3664a40a5890cc"}
{"email":"patient@test.com","level":"info","message":"User login successful","role":"Patient","service":"ehr-backend","timestamp":"2025-12-17 21:49:04","userId":"69428aa04f3664a40a5890ce"}
{"level":"info","message":"Authorization check","method":"GET","path":"/audit-logs","requiredRoles":["Admin"],"service":"ehr-backend","timestamp":"2025-12-17 21:49:04","userId":"69428aa04f3664a40a5890cc","userRole":"Employee"}
{"level":"warn","message":"Authorization denied: Insufficient permissions","method":"GET","path":"/audit-logs","requiredRoles":["Admin"],"service":"ehr-backend","timestamp":"2025-12-17 21:49:04","userId":"69428aa04f3664a40a5890cc","userRole":"Employee"}
{"email":"admin@test.com","level":"info","message":"User login successful","role":"Admin","service":"ehr-backend","timestamp":"2025-12-17 21:49:05","userId":"69428aa04f3664a40a5890e1"}
{"email":"manager@test.com","level":"info","message":"User login successful","role":"Manager","service":"ehr-backend","timestamp":"2025-12-17 21:49:05","userId":"69428aa04f3664a40a5890e3"}
{"email":"provider@test.com","level":"info","message":"User login successful","role":"Provider","service":"ehr-backend","timestamp":"2025-12-17 21:49:05","userId":"69428aa14f3664a40a5890e5"}
{"email":"employee@test.com","level":"info","message":"User login successful","role":"Employee","service":"ehr-backend","timestamp":"2025-12-17 21:49:05","userId":"69428aa14f3664a40a5890e7"}
{"email":"patient@test.com","level":"info","message":"User login successful","role":"Patient","service":"ehr-backend","timestamp":"2025-12-17 21:49:05","userId":"69428aa14f3664a40a5890e9"}
{"level":"info","message":"Authorization check","method":"GET","path":"/audit-logs","requiredRoles":["Admin"],"service":"ehr-backend","timestamp":"2025-12-17 21:49:05","userId":"69428aa14f3664a40a5890e9","userRole":"Patient"}
{"level":"warn","message":"Authorization denied: Insufficient permissions","method":"GET","path":"/audit-logs","requiredRoles":["Admin"],"service":"ehr-backend","timestamp":"2025-12-17 21:49:05","userId":"69428aa14f3664a40a5890e9","userRole":"Patient"}
{"email":"admin@test.com","level":"info","message":"User login successful","role":"Admin","service":"ehr-backend","timestamp":"2025-12-17 21:49:06","userId":"69428aa14f3664a40a5890fc"}
{"email":"manager@test.com","level":"info","message":"User login successful","role":"Manager","service":"ehr-backend","timestamp":"2025-12-17 21:49:06","userId":"69428aa14f3664a40a5890fe"}
{"email":"provider@test.com","level":"info","message":"User login successful","role":"Provider","service":"ehr-backend","timestamp":"2025-12-17 21:49:06","userId":"69428aa14f3664a40a589100"}
{"email":"employee@test.com","level":"info","message":"User login successful","role":"Employee","service":"ehr-backend","timestamp":"2025-12-17 21:49:06","userId":"69428aa14f3664a40a589102"}
{"email":"patient@test.com","level":"info","message":"User login successful","role":"Patient","service":"ehr-backend","timestamp":"2025-12-17 21:49:06","userId":"69428aa24f3664a40a589104"}
{"level":"info","message":"Authorization check","method":"POST","path":"/assign-patient","requiredRoles":["Admin"],"service":"ehr-backend","timestamp":"2025-12-17 21:49:06","userId":"69428aa14f3664a40a5890fc","userRole":"Admin"}
{"level":"info","message":"Patient 69428aa24f3664a40a589104 assigned to Provider 69428aa14f3664a40a589100 by Admin 69428aa14f3664a40a5890fc","service":"ehr-backend","timestamp":"2025-12-17 21:49:06"}
{"email":"admin@test.com","level":"info","message":"User login successful","role":"Admin","service":"ehr-backend","timestamp":"2025-12-17 21:49:07","userId":"69428aa24f3664a40a589119"}
{"email":"manager@test.com","level":"info","message":"User login successful","role":"Manager","service":"ehr-backend","timestamp":"2025-12-17 21:49:07","userId":"69428aa24f3664a40a58911b"}
{"email":"provider@test.com","level":"info","message":"User login successful","role":"Provider","service":"ehr-backend","timestamp":"2025-12-17 21:49:07","userId":"69428aa24f3664a40a58911d"}
{"email":"employee@test.com","level":"info","message":"User login successful","role":"Employee","service":"ehr-backend","timestamp":"2025-12-17 21:49:07","userId":"69428aa24f3664a40a58911f"}
{"email":"patient@test.com","level":"info","message":"User login successful","role":"Patient","service":"ehr-backend","timestamp":"2025-12-17 21:49:07","userId":"69428aa24f3664a40a589121"}
{"level":"info","message":"Authorization check","method":"POST","path":"/assign-patient","requiredRoles":["Admin"],"service":"ehr-backend","timestamp":"2025-12-17 21:49:07","userId":"69428aa24f3664a40a58911b","userRole":"Manager"}
{"level":"warn","message":"Authorization denied: Insufficient permissions","method":"POST","path":"/assign-patient","requiredRoles":["Admin"],"service":"ehr-backend","timestamp":"2025-12-17 21:49:07","userId":"69428aa24f3664a40a58911b","userRole":"Manager"}
{"email":"admin@test.com","level":"info","message":"User login successful","role":"Admin","service":"ehr-backend","timestamp":"2025-12-17 21:49:08","userId":"69428aa34f3664a40a589134"}
{"email":"manager@test.com","level":"info","message":"User login successful","role":"Manager","service":"ehr-backend","timestamp":"2025-12-17 21:49:08","userId":"69428aa34f3664a40a589136"}
{"email":"provider@test.com","level":"info","message":"User login successful","role":"Provider","service":"ehr-backend","timestamp":"2025-12-17 21:49:08","userId":"69428aa34f3664a40a589138"}
{"email":"employee@test.com","level":"info","message":"User login successful","role":"Employee","service":"ehr-backend","timestamp":"2025-12-17 21:49:08","userId":"69428aa34f3664a40a58913a"}
{"email":"patient@test.com","level":"info","message":"User login successful","role":"Patient","service":"ehr-backend","timestamp":"2025-12-17 21:49:08","userId":"69428aa34f3664a40a58913c"}
{"level":"info","message":"Authorization check","method":"GET","path":"/audit-logs","requiredRoles":["Admin"],"service":"ehr-backend","timestamp":"2025-12-17 21:49:08","userId":"69428aa34f3664a40a58913c","userRole":"Patient"}
{"level":"warn","message":"Authorization denied: Insufficient permissions","method":"GET","path":"/audit-logs","requiredRoles":["Admin"],"service":"ehr-backend","timestamp":"2025-12-17 21:49:08","userId":"69428aa34f3664a40a58913c","userRole":"Patient"}
{"email":"admin@test.com","level":"info","message":"User login successful","role":"Admin","service":"ehr-backend","timestamp":"2025-12-17 21:49:09","userId":"69428aa44f3664a40a58914f"}
{"email":"manager@test.com","level":"info","message":"User login successful","role":"Manager","service":"ehr-backend","timestamp":"2025-12-17 21:49:09","userId":"69428aa44f3664a40a589151"}
{"email":"provider@test.com","level":"info","message":"User login successful","role":"Provider","service":"ehr-backend","timestamp":"2025-12-17 21:49:09","userId":"69428aa44f3664a40a589153"}
{"email":"employee@test.com","level":"info","message":"User login successful","role":"Employee","service":"ehr-backend","timestamp":"2025-12-17 21:49:09","userId":"69428aa44f3664a40a589155"}
{"email":"patient@test.com","level":"info","message":"User login successful","role":"Patient","service":"ehr-backend","timestamp":"2025-12-17 21:49:09","userId":"69428aa44f3664a40a589157"}
{"level":"info","message":"Authorization check","method":"GET","path":"/audit-logs","requiredRoles":["Admin"],"service":"ehr-backend","timestamp":"2025-12-17 21:49:09","userId":"69428aa44f3664a40a589155","userRole":"Employee"}
{"level":"warn","message":"Authorization denied: Insufficient permissions","method":"GET","path":"/audit-logs","requiredRoles":["Admin"],"service":"ehr-backend","timestamp":"2025-12-17 21:49:09","userId":"69428aa44f3664a40a589155","userRole":"Employee"}
{"email":"admin@test.com","level":"info","message":"User login successful","role":"Admin","service":"ehr-backend","timestamp":"2025-12-17 21:49:10","userId":"69428aa54f3664a40a58916a"}
{"email":"manager@test.com","level":"info","message":"User login successful","role":"Manager","service":"ehr-backend","timestamp":"2025-12-17 21:49:10","userId":"69428aa54f3664a40a58916c"}
{"email":"provider@test.com","level":"info","message":"User login successful","role":"Provider","service":"ehr-backend","timestamp":"2025-12-17 21:49:10","userId":"69428aa54f3664a40a58916e"}
{"email":"employee@test.com","level":"info","message":"User login successful","role":"Employee","service":"ehr-backend","timestamp":"2025-12-17 21:49:10","userId":"69428aa54f3664a40a589170"}
{"email":"patient@test.com","level":"info","message":"User login successful","role":"Patient","service":"ehr-backend","timestamp":"2025-12-17 21:49:10","userId":"69428aa54f3664a40a589172"}
{"level":"info","message":"Authorization check","method":"GET","path":"/audit-logs","requiredRoles":["Admin"],"service":"ehr-backend","timestamp":"2025-12-17 21:49:10","userId":"69428aa54f3664a40a58916e","userRole":"Provider"}
{"level":"warn","message":"Authorization denied: Insufficient permissions","method":"GET","path":"/audit-logs","requiredRoles":["Admin"],"service":"ehr-backend","timestamp":"2025-12-17 21:49:10","userId":"69428aa54f3664a40a58916e","userRole":"Provider"}
{"email":"admin@test.com","level":"info","message":"User login successful","role":"Admin","service":"ehr-backend","timestamp":"2025-12-17 21:49:10","userId":"69428aa64f3664a40a589185"}
{"email":"manager@test.com","level":"info","message":"User login successful","role":"Manager","service":"ehr-backend","timestamp":"2025-12-17 21:49:11","userId":"69428aa64f3664a40a589187"}
{"email":"provider@test.com","level":"info","message":"User login successful","role":"Provider","service":"ehr-backend","timestamp":"2025-12-17 21:49:11","userId":"69428aa64f3664a40a589189"}
{"email":"employee@test.com","level":"info","message":"User login successful","role":"Employee","service":"ehr-backend","timestamp":"2025-12-17 21:49:11","userId":"69428aa64f3664a40a58918b"}
{"email":"patient@test.com","level":"info","message":"User login successful","role":"Patient","service":"ehr-backend","timestamp":"2025-12-17 21:49:11","userId":"69428aa64f3664a40a58918d"}
{"level":"info","message":"Authorization check","method":"POST","path":"/assign-patient","requiredRoles":["Admin"],"service":"ehr-backend","timestamp":"2025-12-17 21:49:11","userId":"69428aa64f3664a40a589187","userRole":"Manager"}
{"level":"warn","message":"Authorization denied: Insufficient permissions","method":"POST","path":"/assign-patient","requiredRoles":["Admin"],"service":"ehr-backend","timestamp":"2025-12-17 21:49:11","userId":"69428aa64f3664a40a589187","userRole":"Manager"}
{"email":"admin@test.com","level":"info","message":"User login successful","role":"Admin","service":"ehr-backend","timestamp":"2025-12-17 21:49:11","userId":"69428aa74f3664a40a5891a0"}
{"email":"manager@test.com","level":"info","message":"User login successful","role":"Manager","service":"ehr-backend","timestamp":"2025-12-17 21:49:11","userId":"69428aa74f3664a40a5891a2"}
{"email":"provider@test.com","level":"info","message":"User login successful","role":"Provider","service":"ehr-backend","timestamp":"2025-12-17 21:49:12","userId":"69428aa74f3664a40a5891a4"}
{"email":"employee@test.com","level":"info","message":"User login successful","role":"Employee","service":"ehr-backend","timestamp":"2025-12-17 21:49:12","userId":"69428aa74f3664a40a5891a6"}
{"email":"patient@test.com","level":"info","message":"User login successful","role":"Patient","service":"ehr-backend","timestamp":"2025-12-17 21:49:12","userId":"69428aa74f3664a40a5891a8"}
{"level":"info","message":"Authorization check","method":"PUT","path":"/69428aa74f3664a40a5891a8","requiredRoles":["Patient","Employee","Manager","Admin"],"service":"ehr-backend","timestamp":"2025-12-17 21:49:12","userId":"69428aa74f3664a40a5891a0","userRole":"Admin"}
{"level":"info","message":"Patient updated by staff","service":"ehr-backend","timestamp":"2025-12-17 21:49:12","updatedBy":"69428aa74f3664a40a5891a0","updaterRole":"Admin","userId":"69428aa74f3664a40a5891a8"}
{"level":"info","message":"User updated successfully","role":"Patient","service":"ehr-backend","timestamp":"2025-12-17 21:49:12","updatedBy":"69428aa74f3664a40a5891a0","userId":"69428aa74f3664a40a5891a8"}
{"email":"admin@test.com","level":"info","message":"User login successful","role":"Admin","service":"ehr-backend","timestamp":"2025-12-17 21:49:12","userId":"69428aa84f3664a40a5891bd"}
{"email":"manager@test.com","level":"info","message":"User login successful","role":"Manager","service":"ehr-backend","timestamp":"2025-12-17 21:49:12","userId":"69428aa84f3664a40a5891bf"}
{"email":"provider@test.com","level":"info","message":"User login successful","role":"Provider","service":"ehr-backend","timestamp":"2025-12-17 21:49:12","userId":"69428aa84f3664a40a5891c1"}
{"email":"employee@test.com","level":"info","message":"User login successful","role":"Employee","service":"ehr-backend","timestamp":"2025-12-17 21:49:13","userId":"69428aa84f3664a40a5891c3"}
{"email":"patient@test.com","level":"info","message":"User login successful","role":"Patient","service":"ehr-backend","timestamp":"2025-12-17 21:49:13","userId":"69428aa84f3664a40a5891c5"}
{"level":"info","message":"Authorization check","method":"PUT","path":"/69428aa84f3664a40a5891c5","requiredRoles":["Patient","Employee","Manager","Admin"],"service":"ehr-backend","timestamp":"2025-12-17 21:49:13","userId":"69428aa84f3664a40a5891bf","userRole":"Manager"}
{"level":"info","message":"Patient updated by staff","service":"ehr-backend","timestamp":"2025-12-17 21:49:13","updatedBy":"69428aa84f3664a40a5891bf","updaterRole":"Manager","userId":"69428aa84f3664a40a5891c5"}
{"level":"info","message":"User updated successfully","role":"Patient","service":"ehr-backend","timestamp":"2025-12-17 21:49:13","updatedBy":"69428aa84f3664a40a5891bf","userId":"69428aa84f3664a40a5891c5"}
{"email":"admin@test.com","level":"info","message":"User login successful","role":"Admin","service":"ehr-backend","timestamp":"2025-12-17 21:49:13","userId":"69428aa94f3664a40a5891da"}
{"email":"manager@test.com","level":"info","message":"User login successful","role":"Manager","service":"ehr-backend","timestamp":"2025-12-17 21:49:13","userId":"69428aa94f3664a40a5891dc"}
{"email":"provider@test.com","level":"info","message":"User login successful","role":"Provider","service":"ehr-backend","timestamp":"2025-12-17 21:49:13","userId":"69428aa94f3664a40a5891de"}
{"email":"employee@test.com","level":"info","message":"User login successful","role":"Employee","service":"ehr-backend","timestamp":"2025-12-17 21:49:13","userId":"69428aa94f3664a40a5891e0"}
{"email":"patient@test.com","level":"info","message":"User login successful","role":"Patient","service":"ehr-backend","timestamp":"2025-12-17 21:49:14","userId":"69428aa94f3664a40a5891e2"}
{"level":"info","message":"Authorization check","method":"PUT","path":"/69428aa94f3664a40a5891e2","requiredRoles":["Patient","Employee","Manager","Admin"],"service":"ehr-backend","timestamp":"2025-12-17 21:49:14","userId":"69428aa94f3664a40a5891e2","userRole":"Patient"}
{"fields":["phone","address"],"level":"info","message":"Patient self-update","service":"ehr-backend","timestamp":"2025-12-17 21:49:14","userId":"69428aa94f3664a40a5891e2"}
{"level":"info","message":"User updated successfully","role":"Patient","service":"ehr-backend","timestamp":"2025-12-17 21:49:14","updatedBy":"69428aa94f3664a40a5891e2","userId":"69428aa94f3664a40a5891e2"}
{"email":"admin@test.com","level":"info","message":"User login successful","role":"Admin","service":"ehr-backend","timestamp":"2025-12-17 21:49:14","userId":"69428aaa4f3664a40a5891f7"}
{"email":"manager@test.com","level":"info","message":"User login successful","role":"Manager","service":"ehr-backend","timestamp":"2025-12-17 21:49:14","userId":"69428aaa4f3664a40a5891f9"}
{"email":"provider@test.com","level":"info","message":"User login successful","role":"Provider","service":"ehr-backend","timestamp":"2025-12-17 21:49:14","userId":"69428aaa4f3664a40a5891fb"}
{"email":"employee@test.com","level":"info","message":"User login successful","role":"Employee","service":"ehr-backend","timestamp":"2025-12-17 21:49:14","userId":"69428aaa4f3664a40a5891fd"}
{"email":"patient@test.com","level":"info","message":"User login successful","role":"Patient","service":"ehr-backend","timestamp":"2025-12-17 21:49:14","userId":"69428aaa4f3664a40a5891ff"}
{"level":"info","message":"Authorization check","method":"PUT","path":"/69428aaa4f3664a40a589210","requiredRoles":["Patient","Employee","Manager","Admin"],"service":"ehr-backend","timestamp":"2025-12-17 21:49:15","userId":"69428aaa4f3664a40a5891ff","userRole":"Patient"}
{"level":"warn","message":"Update denied: Not authorized to update patient","requesterId":"69428aaa4f3664a40a5891ff","requesterRole":"Patient","service":"ehr-backend","targetUserId":"69428aaa4f3664a40a589210","timestamp":"2025-12-17 21:49:15"}
{"email":"admin@test.com","level":"info","message":"User login successful","role":"Admin","service":"ehr-backend","timestamp":"2025-12-17 21:49:15","userId":"69428aab4f3664a40a589213"}
{"email":"manager@test.com","level":"info","message":"User login successful","role":"Manager","service":"ehr-backend","timestamp":"2025-12-17 21:49:15","userId":"69428aab4f3664a40a589215"}
{"email":"provider@test.com","level":"info","message":"User login successful","role":"Provider","service":"ehr-backend","timestamp":"2025-12-17 21:49:15","userId":"69428aab4f3664a40a589217"}
{"email":"employee@test.com","level":"info","message":"User login successful","role":"Employee","service":"ehr-backend","timestamp":"2025-12-17 21:49:15","userId":"69428aab4f3664a40a589219"}
{"email":"patient@test.com","level":"info","message":"User login successful","role":"Patient","service":"ehr-backend","timestamp":"2025-12-17 21:49:15","userId":"69428aab4f3664a40a58921b"}
{"email":"admin@test.com","level":"info","message":"User login successful","role":"Admin","service":"ehr-backend","timestamp":"2025-12-17 21:49:16","userId":"69428aab4f3664a40a58922c"}
{"email":"manager@test.com","level":"info","message":"User login successful","role":"Manager","service":"ehr-backend","timestamp":"2025-12-17 21:49:16","userId":"69428aac4f3664a40a58922e"}
{"email":"provider@test.com","level":"info","message":"User login successful","role":"Provider","service":"ehr-backend","timestamp":"2025-12-17 21:49:16","userId":"69428aac4f3664a40a589230"}
{"email":"employee@test.com","level":"info","message":"User login successful","role":"Employee","service":"ehr-backend","timestamp":"2025-12-17 21:49:16","userId":"69428aac4f3664a40a589232"}
{"email":"patient@test.com","level":"info","message":"User login successful","role":"Patient","service":"ehr-backend","timestamp":"2025-12-17 21:49:16","userId":"69428aac4f3664a40a589234"}
{"level":"info","message":"Authorization check","method":"GET","path":"/audit-logs","requiredRoles":["Admin"],"service":"ehr-backend","timestamp":"2025-12-17 21:49:16","userId":"69428aac4f3664a40a589230","userRole":"Provider"}
{"level":"warn","message":"Authorization denied: Insufficient permissions","method":"GET","path":"/audit-logs","requiredRoles":["Admin"],"service":"ehr-backend","timestamp":"2025-12-17 21:49:16","userId":"69428aac4f3664a40a589230","userRole":"Provider"}
{"email":"admin@test.com","level":"info","message":"User login successful","role":"Admin","service":"ehr-backend","timestamp":"2025-12-17 21:49:23","userId":"69428ab27b42bbc80888070e"}
{"email":"manager@test.com","level":"info","message":"User login successful","role":"Manager","service":"ehr-backend","timestamp":"2025-12-17 21:49:23","userId":"69428ab27b42bbc808880711"}
{"email":"provider@test.com","level":"info","message":"User login successful","role":"Provider","service":"ehr-backend","timestamp":"2025-12-17 21:49:23","userId":"69428ab27b42bbc808880713"}
{"email":"assigned@test.com","level":"info","message":"User login successful","role":"Patient","service":"ehr-backend","timestamp":"2025-12-17 21:49:23","userId":"69428ab37b42bbc808880717"}
{"creatorId":"69428ab27b42bbc808880713","level":"info","message":"Record created successfully","patientId":"69428ab37b42bbc808880717","recordId":"69428ab37b42bbc808880727","service":"ehr-backend","timestamp":"2025-12-17 21:49:23"}
{"email":"admin@test.com","level":"info","message":"User login successful","role":"Admin","service":"ehr-backend","timestamp":"2025-12-17 21:49:24","userId":"69428ab37b42bbc80888072b"}
{"email":"manager@test.com","level":"info","message":"User login successful","role":"Manager","service":"ehr-backend","timestamp":"2025-12-17 21:49:24","userId":"69428ab37b42bbc80888072d"}
{"email":"provider@test.com","level":"info","message":"User login successful","role":"Provider","service":"ehr-backend","timestamp":"2025-12-17 21:49:24","userId":"69428ab37b42bbc80888072f"}
{"email":"assigned@test.com","level":"info","message":"User login successful","role":"Patient","service":"ehr-backend","timestamp":"2025-12-17 21:49:24","userId":"69428ab37b42bbc808880733"}
{"email":"admin@test.com","level":"info","message":"User login successful","role":"Admin","service":"ehr-backend","timestamp":"2025-12-17 21:49:25","userId":"69428ab47b42bbc808880743"}
{"email":"manager@test.com","level":"info","message":"User login successful","role":"Manager","service":"ehr-backend","timestamp":"2025-12-17 21:49:25","userId":"69428ab47b42bbc808880745"}
{"email":"provider@test.com","level":"info","message":"User login successful","role":"Provider","service":"ehr-backend","timestamp":"2025-12-17 21:49:25","userId":"69428ab47b42bbc808880747"}
{"email":"assigned@test.com","level":"info","message":"User login successful","role":"Patient","service":"ehr-backend","timestamp":"2025-12-17 21:49:25","userId":"69428ab47b42bbc80888074b"}
{"creatorId":"69428ab47b42bbc808880745","level":"info","message":"Record created successfully","patientId":"69428ab47b42bbc808880749","recordId":"69428ab57b42bbc80888075a","service":"ehr-backend","timestamp":"2025-12-17 21:49:25"}
{"email":"admin@test.com","level":"info","message":"User login successful","role":"Admin","service":"ehr-backend","timestamp":"2025-12-17 21:49:26","userId":"69428ab57b42bbc80888075e"}
{"email":"manager@test.com","level":"info","message":"User login successful","role":"Manager","service":"ehr-backend","timestamp":"2025-12-17 21:49:26","userId":"69428ab57b42bbc808880760"}
{"email":"provider@test.com","level":"info","message":"User login successful","role":"Provider","service":"ehr-backend","timestamp":"2025-12-17 21:49:26","userId":"69428ab57b42bbc808880762"}
{"email":"assigned@test.com","level":"info","message":"User login successful","role":"Patient","service":"ehr-backend","timestamp":"2025-12-17 21:49:26","userId":"69428ab57b42bbc808880766"}
{"email":"admin@test.com","level":"info","message":"User login successful","role":"Admin","service":"ehr-backend","timestamp":"2025-12-17 21:49:26","userId":"69428ab67b42bbc808880775"}
{"email":"manager@test.com","level":"info","message":"User login successful","role":"Manager","service":"ehr-backend","timestamp":"2025-12-17 21:49:27","userId":"69428ab67b42bbc808880777"}
{"email":"provider@test.com","level":"info","message":"User login successful","role":"Provider","service":"ehr-backend","timestamp":"2025-12-17 21:49:27","userId":"69428ab67b42bbc808880779"}
{"email":"assigned@test.com","level":"info","message":"User login successful","role":"Patient","service":"ehr-backend","timestamp":"2025-12-17 21:49:27","userId":"69428ab67b42bbc80888077d"}
{"email":"admin@test.com","level":"info","message":"User login successful","role":"Admin","service":"ehr-backend","timestamp":"2025-12-17 21:49:27","userId":"69428ab77b42bbc80888078c"}
{"email":"manager@test.com","level":"info","message":"User login successful","role":"Manager","service":"ehr-backend","timestamp":"2025-12-17 21:49:27","userId":"69428ab77b42bbc80888078e"}
{"email":"provider@test.com","level":"info","message":"User login successful","role":"Provider","service":"ehr-backend","timestamp":"2025-12-17 21:49:28","userId":"69428ab77b42bbc808880790"}
{"email":"assigned@test.com","level":"info","message":"User login successful","role":"Patient","service":"ehr-backend","timestamp":"2025-12-17 21:49:28","userId":"69428ab77b42bbc808880794"}
{"email":"admin@test.com","level":"info","message":"User login successful","role":"Admin","service":"ehr-backend","timestamp":"2025-12-17 21:49:28","userId":"69428ab87b42bbc8088807a3"}
{"email":"manager@test.com","level":"info","message":"User login successful","role":"Manager","service":"ehr-backend","timestamp":"2025-12-17 21:49:28","userId":"69428ab87b42bbc8088807a5"}
{"email":"provider@test.com","level":"info","message":"User login successful","role":"Provider","service":"ehr-backend","timestamp":"2025-12-17 21:49:28","userId":"69428ab87b42bbc8088807a7"}
{"email":"assigned@test.com","level":"info","message":"User login successful","role":"Patient","service":"ehr-backend","timestamp":"2025-12-17 21:49:28","userId":"69428ab87b42bbc8088807ab"}
{"creatorId":"69428ab87b42bbc8088807a7","level":"info","message":"Record created successfully","patientId":"69428ab87b42bbc8088807ab","recordId":"69428ab87b42bbc8088807bb","service":"ehr-backend","timestamp":"2025-12-17 21:49:29"}
{"email":"admin@test.com","level":"info","message":"User login successful","role":"Admin","service":"ehr-backend","timestamp":"2025-12-17 21:49:29","userId":"69428ab97b42bbc8088807bf"}
{"email":"manager@test.com","level":"info","message":"User login successful","role":"Manager","service":"ehr-backend","timestamp":"2025-12-17 21:49:29","userId":"69428ab97b42bbc8088807c1"}
{"email":"provider@test.com","level":"info","message":"User login successful","role":"Provider","service":"ehr-backend","timestamp":"2025-12-17 21:49:29","userId":"69428ab97b42bbc8088807c3"}
{"email":"assigned@test.com","level":"info","message":"User login successful","role":"Patient","service":"ehr-backend","timestamp":"2025-12-17 21:49:29","userId":"69428ab97b42bbc8088807c7"}
{"level":"info","message":"Records retrieved","recordCount":1,"role":"Manager","service":"ehr-backend","timestamp":"2025-12-17 21:49:30","userId":"69428ab97b42bbc8088807c1"}
{"email":"admin@test.com","level":"info","message":"User login successful","role":"Admin","service":"ehr-backend","timestamp":"2025-12-17 21:49:30","userId":"69428aba7b42bbc8088807dc"}
{"email":"manager@test.com","level":"info","message":"User login successful","role":"Manager","service":"ehr-backend","timestamp":"2025-12-17 21:49:30","userId":"69428aba7b42bbc8088807de"}
{"email":"provider@test.com","level":"info","message":"User login successful","role":"Provider","service":"ehr-backend","timestamp":"2025-12-17 21:49:30","userId":"69428aba7b42bbc8088807e0"}
{"email":"assigned@test.com","level":"info","message":"User login successful","role":"Patient","service":"ehr-backend","timestamp":"2025-12-17 21:49:30","userId":"69428aba7b42bbc8088807e4"}
{"email":"admin@test.com","level":"info","message":"User login successful","role":"Admin","service":"ehr-backend","timestamp":"2025-12-17 21:49:31","userId":"69428aba7b42bbc8088807f3"}
{"email":"manager@test.com","level":"info","message":"User login successful","role":"Manager","service":"ehr-backend","timestamp":"2025-12-17 21:49:31","userId":"69428abb7b42bbc8088807f5"}
{"email":"provider@test.com","level":"info","message":"User login successful","role":"Provider","service":"ehr-backend","timestamp":"2025-12-17 21:49:31","userId":"69428abb7b42bbc8088807f7"}
{"email":"assigned@test.com","level":"info","message":"User login successful","role":"Patient","service":"ehr-backend","timestamp":"2025-12-17 21:49:31","userId":"69428abb7b42bbc8088807fb"}
{"email":"admin@test.com","level":"info","message":"User login successful","role":"Admin","service":"ehr-backend","timestamp":"2025-12-17 21:49:32","userId":"69428abb7b42bbc80888080a"}
{"email":"manager@test.com","level":"info","message":"User login successful","role":"Manager","service":"ehr-backend","timestamp":"2025-12-17 21:49:32","userId":"69428abb7b42bbc80888080c"}
{"email":"provider@test.com","level":"info","message":"User login successful","role":"Provider","service":"ehr-backend","timestamp":"2025-12-17 21:49:32","userId":"69428abc7b42bbc80888080e"}
{"email":"assigned@test.com","level":"info","message":"User login successful","role":"Patient","service":"ehr-backend","timestamp":"2025-12-17 21:49:32","userId":"69428abc7b42bbc808880812"}
{"level":"info","message":"Patient records retrieved","patientId":"69428abc7b42bbc808880812","recordCount":1,"service":"ehr-backend","timestamp":"2025-12-17 21:49:32"}
{"email":"admin@test.com","level":"info","message":"User login successful","role":"Admin","service":"ehr-backend","timestamp":"2025-12-17 21:49:33","userId":"69428abc7b42bbc808880827"}
{"email":"manager@test.com","level":"info","message":"User login successful","role":"Manager","service":"ehr-backend","timestamp":"2025-12-17 21:49:33","userId":"69428abc7b42bbc808880829"}
{"email":"provider@test.com","level":"info","message":"User login successful","role":"Provider","service":"ehr-backend","timestamp":"2025-12-17 21:49:33","userId":"69428abd7b42bbc80888082b"}
{"email":"assigned@test.com","level":"info","message":"User login successful","role":"Patient","service":"ehr-backend","timestamp":"2025-12-17 21:49:33","userId":"69428abd7b42bbc80888082f"}
{"level":"info","message":"Patient records retrieved","patientId":"69428abd7b42bbc80888082f","recordCount":1,"service":"ehr-backend","timestamp":"2025-12-17 21:49:33"}
{"email":"admin@test.com","level":"info","message":"User login successful","role":"Admin","service":"ehr-backend","timestamp":"2025-12-17 21:49:34","userId":"69428abd7b42bbc808880846"}
{"email":"manager@test.com","level":"info","message":"User login successful","role":"Manager","service":"ehr-backend","timestamp":"2025-12-17 21:49:34","userId":"69428abd7b42bbc808880848"}
{"email":"provider@test.com","level":"info","message":"User login successful","role":"Provider","service":"ehr-backend","timestamp":"2025-12-17 21:49:34","userId":"69428abe7b42bbc80888084a"}
{"email":"assigned@test.com","level":"info","message":"User login successful","role":"Patient","service":"ehr-backend","timestamp":"2025-12-17 21:49:34","userId":"69428abe7b42bbc80888084e"}
{"email":"admin@test.com","level":"info","message":"User login successful","role":"Admin","service":"ehr-backend","timestamp":"2025-12-17 21:49:35","userId":"69428abe7b42bbc80888085f"}
{"email":"manager@test.com","level":"info","message":"User login successful","role":"Manager","service":"ehr-backend","timestamp":"2025-12-17 21:49:35","userId":"69428abe7b42bbc808880861"}
{"email":"provider@test.com","level":"info","message":"User login successful","role":"Provider","service":"ehr-backend","timestamp":"2025-12-17 21:49:35","userId":"69428abf7b42bbc808880863"}
{"email":"assigned@test.com","level":"info","message":"User login successful","role":"Patient","service":"ehr-backend","timestamp":"2025-12-17 21:49:35","userId":"69428abf7b42bbc808880867"}
{"level":"info","message":"Record retrieved by ID","recordId":"69428abf7b42bbc808880876","service":"ehr-backend","timestamp":"2025-12-17 21:49:35","userId":"69428abf7b42bbc808880863"}
{"email":"admin@test.com","level":"info","message":"User login successful","role":"Admin","service":"ehr-backend","timestamp":"2025-12-17 21:49:36","userId":"69428abf7b42bbc80888087c"}
{"email":"manager@test.com","level":"info","message":"User login successful","role":"Manager","service":"ehr-backend","timestamp":"2025-12-17 21:49:36","userId":"69428abf7b42bbc80888087e"}
{"email":"provider@test.com","level":"info","message":"User login successful","role":"Provider","service":"ehr-backend","timestamp":"2025-12-17 21:49:36","userId":"69428abf7b42bbc808880880"}
{"email":"assigned@test.com","level":"info","message":"User login successful","role":"Patient","service":"ehr-backend","timestamp":"2025-12-17 21:49:36","userId":"69428ac07b42bbc808880884"}
{"level":"info","message":"Record retrieved by ID","recordId":"69428ac07b42bbc808880893","service":"ehr-backend","timestamp":"2025-12-17 21:49:36","userId":"69428ac07b42bbc808880884"}
{"email":"admin@test.com","level":"info","message":"User login successful","role":"Admin","service":"ehr-backend","timestamp":"2025-12-17 21:49:37","userId":"69428ac07b42bbc808880899"}
{"email":"manager@test.com","level":"info","message":"User login successful","role":"Manager","service":"ehr-backend","timestamp":"2025-12-17 21:49:37","userId":"69428ac07b42bbc80888089b"}
{"email":"provider@test.com","level":"info","message":"User login successful","role":"Provider","service":"ehr-backend","timestamp":"2025-12-17 21:49:37","userId":"69428ac07b42bbc80888089d"}
{"email":"assigned@test.com","level":"info","message":"User login successful","role":"Patient","service":"ehr-backend","timestamp":"2025-12-17 21:49:37","userId":"69428ac17b42bbc8088808a1"}
{"level":"info","message":"Record retrieved by ID","recordId":"69428ac17b42bbc8088808b0","service":"ehr-backend","timestamp":"2025-12-17 21:49:37","userId":"69428ac07b42bbc80888089b"}
{"email":"admin@test.com","level":"info","message":"User login successful","role":"Admin","service":"ehr-backend","timestamp":"2025-12-17 21:49:38","userId":"69428ac17b42bbc8088808b6"}
{"email":"manager@test.com","level":"info","message":"User login successful","role":"Manager","service":"ehr-backend","timestamp":"2025-12-17 21:49:38","userId":"69428ac17b42bbc8088808b8"}
{"email":"provider@test.com","level":"info","message":"User login successful","role":"Provider","service":"ehr-backend","timestamp":"2025-12-17 21:49:38","userId":"69428ac17b42bbc8088808ba"}
{"email":"assigned@test.com","level":"info","message":"User login successful","role":"Patient","service":"ehr-backend","timestamp":"2025-12-17 21:49:38","userId":"69428ac27b42bbc8088808be"}
{"email":"admin@test.com","level":"info","message":"User login successful","role":"Admin","service":"ehr-backend","timestamp":"2025-12-17 21:49:39","userId":"69428ac27b42bbc8088808d3"}
{"email":"manager@test.com","level":"info","message":"User login successful","role":"Manager","service":"ehr-backend","timestamp":"2025-12-17 21:49:39","userId":"69428ac27b42bbc8088808d5"}
{"email":"provider@test.com","level":"info","message":"User login successful","role":"Provider","service":"ehr-backend","timestamp":"2025-12-17 21:49:39","userId":"69428ac27b42bbc8088808d7"}
{"email":"assigned@test.com","level":"info","message":"User login successful","role":"Patient","service":"ehr-backend","timestamp":"2025-12-17 21:49:39","userId":"69428ac37b42bbc8088808db"}
{"email":"admin@test.com","level":"info","message":"User login successful","role":"Admin","service":"ehr-backend","timestamp":"2025-12-17 21:49:40","userId":"69428ac37b42bbc8088808ed"}
{"email":"manager@test.com","level":"info","message":"User login successful","role":"Manager","service":"ehr-backend","timestamp":"2025-12-17 21:49:40","userId":"69428ac37b42bbc8088808ef"}
{"email":"provider@test.com","level":"info","message":"User login successful","role":"Provider","service":"ehr-backend","timestamp":"2025-12-17 21:49:40","userId":"69428ac37b42bbc8088808f1"}
{"email":"assigned@test.com","level":"info","message":"User login successful","role":"Patient","service":"ehr-backend","timestamp":"2025-12-17 21:49:40","userId":"69428ac47b42bbc8088808f5"}
{"creatorId":"69428ac37b42bbc8088808f1","level":"info","message":"Record created successfully","patientId":"69428ac47b42bbc8088808f5","recordId":"69428ac47b42bbc808880905","service":"ehr-backend","timestamp":"2025-12-17 21:49:40"}
{"email":"admin@test.com","level":"info","message":"User login successful","role":"Admin","service":"ehr-backend","timestamp":"2025-12-17 21:49:41","userId":"69428ac47b42bbc808880909"}
{"email":"manager@test.com","level":"info","message":"User login successful","role":"Manager","service":"ehr-backend","timestamp":"2025-12-17 21:49:41","userId":"69428ac47b42bbc80888090b"}
{"email":"provider@test.com","level":"info","message":"User login successful","role":"Provider","service":"ehr-backend","timestamp":"2025-12-17 21:49:41","userId":"69428ac47b42bbc80888090d"}
{"email":"assigned@test.com","level":"info","message":"User login successful","role":"Patient","service":"ehr-backend","timestamp":"2025-12-17 21:49:41","userId":"69428ac57b42bbc808880911"}
{"email":"admin@test.com","level":"info","message":"User login successful","role":"Admin","service":"ehr-backend","timestamp":"2025-12-17 21:49:42","userId":"69428ac57b42bbc808880922"}
{"email":"manager@test.com","level":"info","message":"User login successful","role":"Manager","service":"ehr-backend","timestamp":"2025-12-17 21:49:42","userId":"69428ac57b42bbc808880924"}
{"email":"provider@test.com","level":"info","message":"User login successful","role":"Provider","service":"ehr-backend","timestamp":"2025-12-17 21:49:42","userId":"69428ac57b42bbc808880926"}
{"email":"assigned@test.com","level":"info","message":"User login successful","role":"Patient","service":"ehr-backend","timestamp":"2025-12-17 21:49:42","userId":"69428ac67b42bbc80888092a"}
{"creatorId":"69428ac57b42bbc808880926","level":"info","message":"Record created successfully","patientId":"69428ac67b42bbc80888092a","recordId":"69428ac67b42bbc80888093a","service":"ehr-backend","timestamp":"2025-12-17 21:49:42"}
{"email":"admin@test.com","level":"info","message":"User login successful","role":"Admin","service":"ehr-backend","timestamp":"2025-12-17 21:49:43","userId":"69428ac67b42bbc80888093f"}
{"email":"manager@test.com","level":"info","message":"User login successful","role":"Manager","service":"ehr-backend","timestamp":"2025-12-17 21:49:43","userId":"69428ac67b42bbc808880941"}
{"email":"provider@test.com","level":"info","message":"User login successful","role":"Provider","service":"ehr-backend","timestamp":"2025-12-17 21:49:43","userId":"69428ac67b42bbc808880943"}
{"email":"assigned@test.com","level":"info","message":"User login successful","role":"Patient","service":"ehr-backend","timestamp":"2025-12-17 21:49:43","userId":"69428ac67b42bbc808880947"}
{"level":"info","message":"Record retrieved by ID","recordId":"69428ac77b42bbc808880956","service":"ehr-backend","timestamp":"2025-12-17 21:49:43","userId":"69428ac67b42bbc808880943"}
{"email":"admin@test.com","level":"info","message":"User login successful","role":"Admin","service":"ehr-backend","timestamp":"2025-12-17 21:49:50","userId":"69428acdc2732d40fc2868c3"}
{"email":"manager@test.com","level":"info","message":"User login successful","role":"Manager","service":"ehr-backend","timestamp":"2025-12-17 21:49:50","userId":"69428acec2732d40fc2868cb"}
{"email":"provider@test.com","level":"info","message":"User login successful","role":"Provider","service":"ehr-backend","timestamp":"2025-12-17 21:49:50","userId":"69428acec2732d40fc2868d0"}
{"email":"employee@test.com","level":"info","message":"User login successful","role":"Employee","service":"ehr-backend","timestamp":"2025-12-17 21:49:51","userId":"69428acec2732d40fc2868d5"}
{"email":"patient@test.com","level":"info","message":"User login successful","role":"Patient","service":"ehr-backend","timestamp":"2025-12-17 21:49:51","userId":"69428acfc2732d40fc2868da"}
{"email":"admin@test.com","level":"info","message":"User login successful","role":"Admin","service":"ehr-backend","timestamp":"2025-12-17 21:49:51","userId":"69428acfc2732d40fc2868df"}
{"email":"patient@test.com","ip":"::ffff:127.0.0.1","level":"warn","message":"Login attempt failed: Invalid password","service":"ehr-backend","timestamp":"2025-12-17 21:49:52","userId":"69428acfc2732d40fc2868e4"}
{"email":"nonexistent@example.com","ip":"::ffff:127.0.0.1","level":"warn","message":"Login attempt failed: User not found","service":"ehr-backend","timestamp":"2025-12-17 21:49:52"}
{"ip":"::ffff:127.0.0.1","level":"warn","message":"Login attempt failed: User not found","service":"ehr-backend","timestamp":"2025-12-17 21:49:52"}
{"email":"patient@test.com","error":"data and hash arguments required","level":"error","message":"Login error","service":"ehr-backend","timestamp":"2025-12-17 21:49:52"}
{"email":"admin@test.com","level":"info","message":"User login successful","role":"Admin","service":"ehr-backend","timestamp":"2025-12-17 21:49:52","userId":"69428ad0c2732d40fc2868ec"}
{"ip":"::ffff:127.0.0.1","level":"warn","message":"Authentication failed: Token missing","method":"GET","path":"/me","service":"ehr-backend","timestamp":"2025-12-17 21:49:52"}
{"error":"jwt malformed","ip":"::ffff:127.0.0.1","level":"warn","message":"Authentication failed: JWT verification failed","method":"GET","path":"/me","service":"ehr-backend","timestamp":"2025-12-17 21:49:52"}
{"error":"jwt expired","ip":"::ffff:127.0.0.1","level":"warn","message":"Authentication failed: JWT verification failed","method":"GET","path":"/me","service":"ehr-backend","timestamp":"2025-12-17 21:49:53"}
{"error":"invalid token","ip":"::ffff:127.0.0.1","level":"warn","message":"Authentication failed: JWT verification failed","method":"GET","path":"/me","service":"ehr-backend","timestamp":"2025-12-17 21:49:53"}
{"email":"admin@test.com","level":"info","message":"User login successful","role":"Admin","service":"ehr-backend","timestamp":"2025-12-17 21:49:54","userId":"69428ad1c2732d40fc2868fb"}
{"level":"info","message":"User logout","service":"ehr-backend","timestamp":"2025-12-17 21:49:54"}
{"level":"info","message":"User logout","service":"ehr-backend","timestamp":"2025-12-17 21:49:54"}
{"email":"admin@test.com","level":"info","message":"User login successful","role":"Admin","service":"ehr-backend","timestamp":"2025-12-17 21:49:54","userId":"69428ad2c2732d40fc286904"}
{"email":"admin@test.com","level":"info","message":"User login successful","role":"Admin","service":"ehr-backend","timestamp":"2025-12-17 21:49:55","userId":"69428ad2c2732d40fc286909"}
{"level":"info","message":"User logout","service":"ehr-backend","timestamp":"2025-12-17 21:49:55"}
{"ip":"::ffff:127.0.0.1","level":"warn","message":"Authentication failed: Token missing","method":"GET","path":"/me","service":"ehr-backend","timestamp":"2025-12-17 21:49:55"}
{"email":"admin@test.com","level":"info","message":"User login successful","role":"Admin","service":"ehr-backend","timestamp":"2025-12-17 21:49:55","userId":"69428ad3c2732d40fc286910"}
{"level":"info","message":"Authorization check","method":"GET","path":"/audit-logs","requiredRoles":["Admin"],"service":"ehr-backend","timestamp":"2025-12-17 21:49:55","userId":"69428ad3c2732d40fc286910","userRole":"Admin"}
{"level":"info","message":"Admin 69428ad3c2732d40fc286910 retrieved 1 audit logs","service":"ehr-backend","timestamp":"2025-12-17 21:49:55"}
{"ip":"::ffff:127.0.0.1","level":"warn","message":"Authentication failed: Token missing","method":"GET","path":"/audit-logs","service":"ehr-backend","timestamp":"2025-12-17 21:49:55"}
{"error":"jwt expired","ip":"::ffff:127.0.0.1","level":"warn","message":"Authentication failed: JWT verification failed","method":"GET","path":"/audit-logs","service":"ehr-backend","timestamp":"2025-12-17 21:49:55"}
{"email":"patient@test.com","level":"info","message":"User login successful","role":"Patient","service":"ehr-backend","timestamp":"2025-12-17 21:50:00","userId":"69428ad73e82a00bf6f15432"}
{"email":"admin@test.com","level":"info","message":"User login successful","role":"Admin","service":"ehr-backend","timestamp":"2025-12-17 21:50:00","userId":"69428ad83e82a00bf6f1543a"}
{"email":"nonexistent@test.com","ip":"::ffff:127.0.0.1","level":"warn","message":"Login attempt failed: User not found","service":"ehr-backend","timestamp":"2025-12-17 21:50:01"}
{"email":"patient@test.com","ip":"::ffff:127.0.0.1","level":"warn","message":"Login attempt failed: Invalid password","service":"ehr-backend","timestamp":"2025-12-17 21:50:01","userId":"69428ad93e82a00bf6f15443"}
{"ip":"::ffff:127.0.0.1","level":"warn","message":"Login attempt failed: User not found","service":"ehr-backend","timestamp":"2025-12-17 21:50:01"}
{"email":"patient@test.com","error":"data and hash arguments required","level":"error","message":"Login error","service":"ehr-backend","timestamp":"2025-12-17 21:50:01"}
{"email":"admin@test.com","level":"info","message":"User login successful","role":"Admin","service":"ehr-backend","timestamp":"2025-12-17 21:50:01","userId":"69428ad93e82a00bf6f1544a"}
{"email":"provider@test.com","level":"info","message":"User login successful","role":"Provider","service":"ehr-backend","timestamp":"2025-12-17 21:50:02","userId":"69428ad93e82a00bf6f1544f"}
{"email":"patient@test.com","level":"info","message":"User login successful","role":"Patient","service":"ehr-backend","timestamp":"2025-12-17 21:50:02","userId":"69428ada3e82a00bf6f15454"}
{"ip":"::ffff:127.0.0.1","level":"warn","message":"Authentication failed: Token missing","method":"GET","path":"/me","service":"ehr-backend","timestamp":"2025-12-17 21:50:02"}
{"error":"jwt malformed","ip":"::ffff:127.0.0.1","level":"warn","message":"Authentication failed: JWT verification failed","method":"GET","path":"/me","service":"ehr-backend","timestamp":"2025-12-17 21:50:02"}
{"email":"patient@test.com","level":"info","message":"User login successful","role":"Patient","service":"ehr-backend","timestamp":"2025-12-17 21:50:03","userId":"69428ada3e82a00bf6f1545b"}
{"level":"info","message":"User logout","service":"ehr-backend","timestamp":"2025-12-17 21:50:03"}
{"level":"info","message":"User logout","service":"ehr-backend","timestamp":"2025-12-17 21:50:03"}
{"email":"admin@test.com","level":"info","message":"User login successful","role":"Admin","service":"ehr-backend","timestamp":"2025-12-17 21:50:03","userId":"69428adb3e82a00bf6f15464"}
{"level":"info","message":"User logout","service":"ehr-backend","timestamp":"2025-12-17 21:50:03"}
{"ip":"::ffff:127.0.0.1","level":"warn","message":"Authentication failed: Token missing","method":"GET","path":"/me","service":"ehr-backend","timestamp":"2025-12-17 21:50:03"}
{"keyVersion":1,"level":"info","message":"Public key retrieved successfully","service":"ehr-backend","timestamp":"2025-12-17 21:50:07"}
{"keyVersion":1,"level":"info","message":"Public key retrieved successfully","service":"ehr-backend","timestamp":"2025-12-17 21:50:07"}
{"keyVersion":1,"level":"info","message":"Public key retrieved successfully","service":"ehr-backend","timestamp":"2025-12-17 21:50:08"}
{"keyVersion":1,"level":"info","message":"Public key retrieved successfully","service":"ehr-backend","timestamp":"2025-12-17 21:50:08"}
{"keyVersion":1,"level":"info","message":"Public key retrieved successfully","service":"ehr-backend","timestamp":"2025-12-17 21:50:08"}
{"error":"Service unavailable","level":"error","message":"Failed to retrieve public key","service":"ehr-backend","timestamp":"2025-12-17 21:50:08"}
{"keyVersion":1,"level":"info","message":"Public key retrieved successfully","service":"ehr-backend","timestamp":"2025-12-17 21:50:08"}
{"keyVersion":1,"level":"info","message":"Public key retrieved successfully","service":"ehr-backend","timestamp":"2025-12-17 21:50:08"}
{"keyVersion":1,"level":"info","message":"Public key retrieved successfully","service":"ehr-backend","timestamp":"2025-12-17 21:50:08"}
{"level":"info","message":"Health check performed","service":"ehr-backend","services":{"api":"operational","mongodb":"connected","openbao":"healthy"},"status":"healthy","timestamp":"2025-12-17 21:50:11"}
{"level":"info","message":"Health check performed","service":"ehr-backend","services":{"api":"operational","mongodb":"connected","openbao":"healthy"},"status":"healthy","timestamp":"2025-12-17 21:50:11"}
{"level":"info","message":"Health check performed","service":"ehr-backend","services":{"api":"operational","mongodb":"connected","openbao":"healthy"},"status":"healthy","timestamp":"2025-12-17 21:50:11"}
{"level":"info","message":"Health check performed","service":"ehr-backend","services":{"api":"operational","mongodb":"connected","openbao":"healthy"},"status":"healthy","timestamp":"2025-12-17 21:50:11"}
{"level":"info","message":"Health check performed","service":"ehr-backend","services":{"api":"operational","mongodb":"connected","openbao":"healthy"},"status":"healthy","timestamp":"2025-12-17 21:50:11"}
{"level":"info","message":"Health check performed","service":"ehr-backend","services":{"api":"operational","mongodb":"connected","openbao":"unhealthy"},"status":"unhealthy","timestamp":"2025-12-17 21:50:11"}
{"level":"info","message":"Health check performed","service":"ehr-backend","services":{"api":"operational","mongodb":"connected","openbao":"healthy"},"status":"healthy","timestamp":"2025-12-17 21:50:11"}
{"level":"info","message":"Health check performed","service":"ehr-backend","services":{"api":"operational","mongodb":"connected","openbao":"healthy"},"status":"healthy","timestamp":"2025-12-17 21:50:11"}
{"level":"info","message":"Health check performed","service":"ehr-backend","services":{"api":"operational","mongodb":"connected","openbao":"healthy"},"status":"healthy","timestamp":"2025-12-17 21:50:11"}
{"level":"error","message":"Health check failed: Health check failed","service":"ehr-backend","stack":"Error: Health check failed\n    at Object.<anonymous> (/Users/user/Documents/Monash/CyberSecurity/Assesment2/Final Submission/TP6 25/EHR_draft/ehr-backend/test/integration/health.integration.test.js:254:55)\n    at Promise.finally.completed (/Users/user/Documents/Monash/CyberSecurity/Assesment2/Final Submission/TP6 25/EHR_draft/ehr-backend/node_modules/jest-circus/build/jestAdapterInit.js:1557:28)\n    at new Promise (<anonymous>)\n    at callAsyncCircusFn (/Users/user/Documents/Monash/CyberSecurity/Assesment2/Final Submission/TP6 25/EHR_draft/ehr-backend/node_modules/jest-circus/build/jestAdapterInit.js:1497:10)\n    at _callCircusTest (/Users/user/Documents/Monash/CyberSecurity/Assesment2/Final Submission/TP6 25/EHR_draft/ehr-backend/node_modules/jest-circus/build/jestAdapterInit.js:1007:40)\n    at processTicksAndRejections (node:internal/process/task_queues:103:5)\n    at _runTest (/Users/user/Documents/Monash/CyberSecurity/Assesment2/Final Submission/TP6 25/EHR_draft/ehr-backend/node_modules/jest-circus/build/jestAdapterInit.js:947:3)\n    at /Users/user/Documents/Monash/CyberSecurity/Assesment2/Final Submission/TP6 25/EHR_draft/ehr-backend/node_modules/jest-circus/build/jestAdapterInit.js:849:7\n    at _runTestsForDescribeBlock (/Users/user/Documents/Monash/CyberSecurity/Assesment2/Final Submission/TP6 25/EHR_draft/ehr-backend/node_modules/jest-circus/build/jestAdapterInit.js:862:11)\n    at _runTestsForDescribeBlock (/Users/user/Documents/Monash/CyberSecurity/Assesment2/Final Submission/TP6 25/EHR_draft/ehr-backend/node_modules/jest-circus/build/jestAdapterInit.js:857:11)\n    at _runTestsForDescribeBlock (/Users/user/Documents/Monash/CyberSecurity/Assesment2/Final Submission/TP6 25/EHR_draft/ehr-backend/node_modules/jest-circus/build/jestAdapterInit.js:857:11)\n    at run (/Users/user/Documents/Monash/CyberSecurity/Assesment2/Final Submission/TP6 25/EHR_draft/ehr-backend/node_modules/jest-circus/build/jestAdapterInit.js:761:3)\n    at runAndTransformResultsToJestFormat (/Users/user/Documents/Monash/CyberSecurity/Assesment2/Final Submission/TP6 25/EHR_draft/ehr-backend/node_modules/jest-circus/build/jestAdapterInit.js:1918:21)\n    at jestAdapter (/Users/user/Documents/Monash/CyberSecurity/Assesment2/Final Submission/TP6 25/EHR_draft/ehr-backend/node_modules/jest-circus/build/runner.js:101:19)\n    at runTestInternal (/Users/user/Documents/Monash/CyberSecurity/Assesment2/Final Submission/TP6 25/EHR_draft/ehr-backend/node_modules/jest-runner/build/index.js:275:16)\n    at runTest (/Users/user/Documents/Monash/CyberSecurity/Assesment2/Final Submission/TP6 25/EHR_draft/ehr-backend/node_modules/jest-runner/build/index.js:343:7)","timestamp":"2025-12-17 21:50:11"}
{"level":"info","message":"Health check performed","service":"ehr-backend","services":{"api":"operational","mongodb":"connected","openbao":"unhealthy"},"status":"unhealthy","timestamp":"2025-12-17 21:50:11"}
{"level":"info","message":"Health check performed","service":"ehr-backend","services":{"api":"operational","mongodb":"connected","openbao":"healthy"},"status":"healthy","timestamp":"2025-12-17 21:50:11"}
{"error":"invalid ciphertext format","level":"error","message":"Decryption failed","service":"ehr-backend","timestamp":"2025-12-17 21:50:52"}
{"error":"Unexpected token '�', \"�D�o��A�\u0004�\"... is not valid JSON","level":"error","message":"Decryption failed","service":"ehr-backend","timestamp":"2025-12-17 21:50:52"}
{"error":"invalid ciphertext format","level":"error","message":"Decryption failed","service":"ehr-backend","timestamp":"2025-12-17 21:50:52"}
{"error":"Unexpected non-whitespace character after JSON at position 1 (line 1 column 2)","level":"error","message":"Decryption failed","service":"ehr-backend","timestamp":"2025-12-17 21:50:52"}
{"error":"invalid ciphertext format","level":"error","message":"Decryption failed","service":"ehr-backend","timestamp":"2025-12-17 21:50:52"}
{"error":"invalid ciphertext format","level":"error","message":"Decryption failed","service":"ehr-backend","timestamp":"2025-12-17 21:50:52"}
{"error":"invalid ciphertext format","level":"error","message":"Decryption failed","service":"ehr-backend","timestamp":"2025-12-17 21:50:52"}
{"error":"Unexpected token 'w', \"w��C�Y\u0005\u0017�\u0002\"... is not valid JSON","level":"error","message":"Decryption failed","service":"ehr-backend","timestamp":"2025-12-17 21:50:52"}
{"level":"info","message":"Authorization check","method":"GET","path":"/users","requiredRoles":["Admin"],"service":"ehr-backend","timestamp":"2025-12-17 21:50:56","userId":"69428b0f096ed4d736facdd0","userRole":"Admin"}
{"level":"info","message":"Admin 69428b0f096ed4d736facdd0 retrieved 5 users","service":"ehr-backend","timestamp":"2025-12-17 21:50:56"}
{"level":"info","message":"Authorization check","method":"GET","path":"/users","requiredRoles":["Admin"],"service":"ehr-backend","timestamp":"2025-12-17 21:50:56","userId":"69428b10096ed4d736facdd5","userRole":"Manager"}
{"level":"warn","message":"Authorization denied: Insufficient permissions","method":"GET","path":"/users","requiredRoles":["Admin"],"service":"ehr-backend","timestamp":"2025-12-17 21:50:56","userId":"69428b10096ed4d736facdd5","userRole":"Manager"}
{"level":"info","message":"Authorization check","method":"GET","path":"/users","requiredRoles":["Admin"],"service":"ehr-backend","timestamp":"2025-12-17 21:50:56","userId":"69428b10096ed4d736facdd7","userRole":"Provider"}
{"level":"warn","message":"Authorization denied: Insufficient permissions","method":"GET","path":"/users","requiredRoles":["Admin"],"service":"ehr-backend","timestamp":"2025-12-17 21:50:56","userId":"69428b10096ed4d736facdd7","userRole":"Provider"}
{"level":"info","message":"Authorization check","method":"GET","path":"/users","requiredRoles":["Admin"],"service":"ehr-backend","timestamp":"2025-12-17 21:50:56","userId":"69428b10096ed4d736facdd9","userRole":"Employee"}
{"level":"warn","message":"Authorization denied: Insufficient permissions","method":"GET","path":"/users","requiredRoles":["Admin"],"service":"ehr-backend","timestamp":"2025-12-17 21:50:56","userId":"69428b10096ed4d736facdd9","userRole":"Employee"}
{"level":"info","message":"Authorization check","method":"GET","path":"/users","requiredRoles":["Admin"],"service":"ehr-backend","timestamp":"2025-12-17 21:50:56","userId":"69428b10096ed4d736facddb","userRole":"Patient"}
{"level":"warn","message":"Authorization denied: Insufficient permissions","method":"GET","path":"/users","requiredRoles":["Admin"],"service":"ehr-backend","timestamp":"2025-12-17 21:50:56","userId":"69428b10096ed4d736facddb","userRole":"Patient"}
{"ip":"::ffff:127.0.0.1","level":"warn","message":"Authentication failed: Token missing","method":"GET","path":"/users","service":"ehr-backend","timestamp":"2025-12-17 21:50:56"}
{"level":"info","message":"Authorization check","method":"POST","path":"/register","requiredRoles":["Employee","Manager","Admin"],"service":"ehr-backend","timestamp":"2025-12-17 21:50:56","userId":"69428b0f096ed4d736facdd0","userRole":"Admin"}
{"creatorId":"69428b0f096ed4d736facdd0","creatorRole":"Admin","level":"info","message":"User registered successfully","newUserId":"69428b10096ed4d736facde7","newUserRole":"Patient","service":"ehr-backend","timestamp":"2025-12-17 21:50:56"}
{"level":"info","message":"Users list retrieved","requesterId":"69428b10096ed4d736facdd5","requesterRole":"Manager","service":"ehr-backend","timestamp":"2025-12-17 21:50:56","userCount":6}
{"level":"warn","message":"Unauthorized access attempt to user list","service":"ehr-backend","timestamp":"2025-12-17 21:50:56","userId":"69428b10096ed4d736facddb","userRole":"Patient"}
{"level":"info","message":"Records retrieved","recordCount":0,"role":"Admin","service":"ehr-backend","timestamp":"2025-12-17 21:50:56","userId":"69428b0f096ed4d736facdd0"}
{"level":"info","message":"Authorization check","method":"GET","path":"/users","requiredRoles":["Admin"],"service":"ehr-backend","timestamp":"2025-12-17 21:50:56","userId":"69428b0f096ed4d736facdd0","userRole":"Admin"}
{"level":"info","message":"Admin 69428b0f096ed4d736facdd0 retrieved 6 users","service":"ehr-backend","timestamp":"2025-12-17 21:50:56"}
{"level":"info","message":"Records retrieved","recordCount":0,"role":"Admin","service":"ehr-backend","timestamp":"2025-12-17 21:50:56","userId":"69428b0f096ed4d736facdd0"}
{"level":"info","message":"Authorization check","method":"GET","path":"/users","requiredRoles":["Admin"],"service":"ehr-backend","timestamp":"2025-12-17 21:50:56","userId":"69428b10096ed4d736facddb","userRole":"Patient"}
{"level":"warn","message":"Authorization denied: Insufficient permissions","method":"GET","path":"/users","requiredRoles":["Admin"],"service":"ehr-backend","timestamp":"2025-12-17 21:50:56","userId":"69428b10096ed4d736facddb","userRole":"Patient"}
{"level":"info","message":"Authorization check","method":"GET","path":"/users","requiredRoles":["Admin"],"service":"ehr-backend","timestamp":"2025-12-17 21:50:56","userId":"69428b10096ed4d736facdd9","userRole":"Employee"}
{"level":"warn","message":"Authorization denied: Insufficient permissions","method":"GET","path":"/users","requiredRoles":["Admin"],"service":"ehr-backend","timestamp":"2025-12-17 21:50:56","userId":"69428b10096ed4d736facdd9","userRole":"Employee"}
{"level":"info","message":"Authorization check","method":"GET","path":"/users","requiredRoles":["Admin"],"service":"ehr-backend","timestamp":"2025-12-17 21:50:56","userId":"69428b10096ed4d736facdd7","userRole":"Provider"}
{"level":"warn","message":"Authorization denied: Insufficient permissions","method":"GET","path":"/users","requiredRoles":["Admin"],"service":"ehr-backend","timestamp":"2025-12-17 21:50:56","userId":"69428b10096ed4d736facdd7","userRole":"Provider"}
{"level":"info","message":"Authorization check","method":"GET","path":"/users","requiredRoles":["Admin"],"service":"ehr-backend","timestamp":"2025-12-17 21:50:56","userId":"69428b10096ed4d736facdd5","userRole":"Manager"}
{"level":"warn","message":"Authorization denied: Insufficient permissions","method":"GET","path":"/users","requiredRoles":["Admin"],"service":"ehr-backend","timestamp":"2025-12-17 21:50:56","userId":"69428b10096ed4d736facdd5","userRole":"Manager"}
{"ip":"::ffff:127.0.0.1","level":"warn","message":"Authentication failed: Token missing","method":"GET","path":"/","service":"ehr-backend","timestamp":"2025-12-17 21:50:56"}
{"ip":"::ffff:127.0.0.1","level":"warn","message":"Authentication failed: Token missing","method":"GET","path":"/","service":"ehr-backend","timestamp":"2025-12-17 21:50:56"}
{"ip":"::ffff:127.0.0.1","level":"warn","message":"Authentication failed: Token missing","method":"GET","path":"/users","service":"ehr-backend","timestamp":"2025-12-17 21:50:56"}
{"ip":"::ffff:127.0.0.1","level":"warn","message":"Authentication failed: Token missing","method":"GET","path":"/me","service":"ehr-backend","timestamp":"2025-12-17 21:50:56"}
{"error":"invalid signature","ip":"::ffff:127.0.0.1","level":"warn","message":"Authentication failed: JWT verification failed","method":"GET","path":"/me","service":"ehr-backend","timestamp":"2025-12-17 21:50:56"}
{"level":"info","message":"Authorization check","method":"GET","path":"/users","requiredRoles":["Admin"],"service":"ehr-backend","timestamp":"2025-12-17 21:50:56","userId":"69428b10096ed4d736facddb","userRole":"Patient"}
{"level":"warn","message":"Authorization denied: Insufficient permissions","method":"GET","path":"/users","requiredRoles":["Admin"],"service":"ehr-backend","timestamp":"2025-12-17 21:50:56","userId":"69428b10096ed4d736facddb","userRole":"Patient"}
{"level":"warn","message":"Unauthorized access attempt to user list","service":"ehr-backend","timestamp":"2025-12-17 21:50:56","userId":"69428b10096ed4d736facddb","userRole":"Patient"}
{"level":"info","message":"Authorization check","method":"DELETE","path":"/users/someid","requiredRoles":["Admin"],"service":"ehr-backend","timestamp":"2025-12-17 21:50:56","userId":"69428b10096ed4d736facdd7","userRole":"Provider"}
{"level":"warn","message":"Authorization denied: Insufficient permissions","method":"DELETE","path":"/users/someid","requiredRoles":["Admin"],"service":"ehr-backend","timestamp":"2025-12-17 21:50:56","userId":"69428b10096ed4d736facdd7","userRole":"Provider"}
{"level":"info","message":"Authorization check","method":"GET","path":"/users","requiredRoles":["Admin"],"service":"ehr-backend","timestamp":"2025-12-17 22:13:33","userId":"6942905ce7d68b3b41440c5f","userRole":"Admin"}
{"level":"info","message":"Admin 6942905ce7d68b3b41440c5f retrieved 5 users","service":"ehr-backend","timestamp":"2025-12-17 22:13:33"}
{"level":"info","message":"Authorization check","method":"GET","path":"/users","requiredRoles":["Admin"],"service":"ehr-backend","timestamp":"2025-12-17 22:13:33","userId":"6942905de7d68b3b41440c64","userRole":"Manager"}
{"level":"warn","message":"Authorization denied: Insufficient permissions","method":"GET","path":"/users","requiredRoles":["Admin"],"service":"ehr-backend","timestamp":"2025-12-17 22:13:33","userId":"6942905de7d68b3b41440c64","userRole":"Manager"}
{"level":"info","message":"Authorization check","method":"GET","path":"/users","requiredRoles":["Admin"],"service":"ehr-backend","timestamp":"2025-12-17 22:13:33","userId":"6942905de7d68b3b41440c66","userRole":"Provider"}
{"level":"warn","message":"Authorization denied: Insufficient permissions","method":"GET","path":"/users","requiredRoles":["Admin"],"service":"ehr-backend","timestamp":"2025-12-17 22:13:33","userId":"6942905de7d68b3b41440c66","userRole":"Provider"}
{"level":"info","message":"Authorization check","method":"GET","path":"/users","requiredRoles":["Admin"],"service":"ehr-backend","timestamp":"2025-12-17 22:13:33","userId":"6942905de7d68b3b41440c68","userRole":"Employee"}
{"level":"warn","message":"Authorization denied: Insufficient permissions","method":"GET","path":"/users","requiredRoles":["Admin"],"service":"ehr-backend","timestamp":"2025-12-17 22:13:33","userId":"6942905de7d68b3b41440c68","userRole":"Employee"}
{"level":"info","message":"Authorization check","method":"GET","path":"/users","requiredRoles":["Admin"],"service":"ehr-backend","timestamp":"2025-12-17 22:13:33","userId":"6942905de7d68b3b41440c6a","userRole":"Patient"}
{"level":"warn","message":"Authorization denied: Insufficient permissions","method":"GET","path":"/users","requiredRoles":["Admin"],"service":"ehr-backend","timestamp":"2025-12-17 22:13:33","userId":"6942905de7d68b3b41440c6a","userRole":"Patient"}
{"ip":"::ffff:127.0.0.1","level":"warn","message":"Authentication failed: Token missing","method":"GET","path":"/users","service":"ehr-backend","timestamp":"2025-12-17 22:13:33"}
{"level":"info","message":"Authorization check","method":"POST","path":"/register","requiredRoles":["Employee","Manager","Admin"],"service":"ehr-backend","timestamp":"2025-12-17 22:13:33","userId":"6942905ce7d68b3b41440c5f","userRole":"Admin"}
{"creatorId":"6942905ce7d68b3b41440c5f","creatorRole":"Admin","level":"info","message":"User registered successfully","newUserId":"6942905de7d68b3b41440c76","newUserRole":"Patient","service":"ehr-backend","timestamp":"2025-12-17 22:13:33"}
{"level":"info","message":"Users list retrieved","requesterId":"6942905de7d68b3b41440c64","requesterRole":"Manager","service":"ehr-backend","timestamp":"2025-12-17 22:13:33","userCount":6}
{"level":"warn","message":"Unauthorized access attempt to user list","service":"ehr-backend","timestamp":"2025-12-17 22:13:33","userId":"6942905de7d68b3b41440c6a","userRole":"Patient"}
{"level":"info","message":"Records retrieved","recordCount":0,"role":"Admin","service":"ehr-backend","timestamp":"2025-12-17 22:13:33","userId":"6942905ce7d68b3b41440c5f"}
{"level":"info","message":"Authorization check","method":"GET","path":"/users","requiredRoles":["Admin"],"service":"ehr-backend","timestamp":"2025-12-17 22:13:33","userId":"6942905ce7d68b3b41440c5f","userRole":"Admin"}
{"level":"info","message":"Admin 6942905ce7d68b3b41440c5f retrieved 6 users","service":"ehr-backend","timestamp":"2025-12-17 22:13:33"}
{"level":"info","message":"Records retrieved","recordCount":0,"role":"Admin","service":"ehr-backend","timestamp":"2025-12-17 22:13:33","userId":"6942905ce7d68b3b41440c5f"}
{"level":"info","message":"Authorization check","method":"GET","path":"/users","requiredRoles":["Admin"],"service":"ehr-backend","timestamp":"2025-12-17 22:13:33","userId":"6942905de7d68b3b41440c6a","userRole":"Patient"}
{"level":"warn","message":"Authorization denied: Insufficient permissions","method":"GET","path":"/users","requiredRoles":["Admin"],"service":"ehr-backend","timestamp":"2025-12-17 22:13:33","userId":"6942905de7d68b3b41440c6a","userRole":"Patient"}
{"level":"info","message":"Authorization check","method":"GET","path":"/users","requiredRoles":["Admin"],"service":"ehr-backend","timestamp":"2025-12-17 22:13:33","userId":"6942905de7d68b3b41440c68","userRole":"Employee"}
{"level":"warn","message":"Authorization denied: Insufficient permissions","method":"GET","path":"/users","requiredRoles":["Admin"],"service":"ehr-backend","timestamp":"2025-12-17 22:13:33","userId":"6942905de7d68b3b41440c68","userRole":"Employee"}
{"level":"info","message":"Authorization check","method":"GET","path":"/users","requiredRoles":["Admin"],"service":"ehr-backend","timestamp":"2025-12-17 22:13:33","userId":"6942905de7d68b3b41440c66","userRole":"Provider"}
{"level":"warn","message":"Authorization denied: Insufficient permissions","method":"GET","path":"/users","requiredRoles":["Admin"],"service":"ehr-backend","timestamp":"2025-12-17 22:13:33","userId":"6942905de7d68b3b41440c66","userRole":"Provider"}
{"level":"info","message":"Authorization check","method":"GET","path":"/users","requiredRoles":["Admin"],"service":"ehr-backend","timestamp":"2025-12-17 22:13:33","userId":"6942905de7d68b3b41440c64","userRole":"Manager"}
{"level":"warn","message":"Authorization denied: Insufficient permissions","method":"GET","path":"/users","requiredRoles":["Admin"],"service":"ehr-backend","timestamp":"2025-12-17 22:13:33","userId":"6942905de7d68b3b41440c64","userRole":"Manager"}
{"ip":"::ffff:127.0.0.1","level":"warn","message":"Authentication failed: Token missing","method":"GET","path":"/","service":"ehr-backend","timestamp":"2025-12-17 22:13:33"}
{"ip":"::ffff:127.0.0.1","level":"warn","message":"Authentication failed: Token missing","method":"GET","path":"/","service":"ehr-backend","timestamp":"2025-12-17 22:13:33"}
{"ip":"::ffff:127.0.0.1","level":"warn","message":"Authentication failed: Token missing","method":"GET","path":"/users","service":"ehr-backend","timestamp":"2025-12-17 22:13:33"}
{"ip":"::ffff:127.0.0.1","level":"warn","message":"Authentication failed: Token missing","method":"GET","path":"/me","service":"ehr-backend","timestamp":"2025-12-17 22:13:33"}
{"error":"invalid signature","ip":"::ffff:127.0.0.1","level":"warn","message":"Authentication failed: JWT verification failed","method":"GET","path":"/me","service":"ehr-backend","timestamp":"2025-12-17 22:13:33"}
{"level":"info","message":"Authorization check","method":"GET","path":"/users","requiredRoles":["Admin"],"service":"ehr-backend","timestamp":"2025-12-17 22:13:33","userId":"6942905de7d68b3b41440c6a","userRole":"Patient"}
{"level":"warn","message":"Authorization denied: Insufficient permissions","method":"GET","path":"/users","requiredRoles":["Admin"],"service":"ehr-backend","timestamp":"2025-12-17 22:13:33","userId":"6942905de7d68b3b41440c6a","userRole":"Patient"}
{"level":"warn","message":"Unauthorized access attempt to user list","service":"ehr-backend","timestamp":"2025-12-17 22:13:33","userId":"6942905de7d68b3b41440c6a","userRole":"Patient"}
{"level":"info","message":"Authorization check","method":"DELETE","path":"/users/someid","requiredRoles":["Admin"],"service":"ehr-backend","timestamp":"2025-12-17 22:13:33","userId":"6942905de7d68b3b41440c66","userRole":"Provider"}
{"level":"warn","message":"Authorization denied: Insufficient permissions","method":"DELETE","path":"/users/someid","requiredRoles":["Admin"],"service":"ehr-backend","timestamp":"2025-12-17 22:13:33","userId":"6942905de7d68b3b41440c66","userRole":"Provider"}
{"error":"invalid ciphertext format","level":"error","message":"Decryption failed","service":"ehr-backend","timestamp":"2025-12-17 22:13:35"}
{"error":"Unexpected token '͕', \"͕\u0006MQ�ޛ�{X\u000f\"... is not valid JSON","level":"error","message":"Decryption failed","service":"ehr-backend","timestamp":"2025-12-17 22:13:35"}
{"error":"invalid ciphertext format","level":"error","message":"Decryption failed","service":"ehr-backend","timestamp":"2025-12-17 22:13:35"}
{"error":"Unexpected token '\u0015', \"\u0015����L���T\"... is not valid JSON","level":"error","message":"Decryption failed","service":"ehr-backend","timestamp":"2025-12-17 22:13:35"}
{"error":"invalid ciphertext format","level":"error","message":"Decryption failed","service":"ehr-backend","timestamp":"2025-12-17 22:13:35"}
{"error":"invalid ciphertext format","level":"error","message":"Decryption failed","service":"ehr-backend","timestamp":"2025-12-17 22:13:35"}
{"error":"invalid ciphertext format","level":"error","message":"Decryption failed","service":"ehr-backend","timestamp":"2025-12-17 22:13:35"}
{"error":"Unexpected token '�', \"��M��Q��2N\"... is not valid JSON","level":"error","message":"Decryption failed","service":"ehr-backend","timestamp":"2025-12-17 22:13:35"}
{"email":"admin@test.com","level":"info","message":"User login successful","role":"Admin","service":"ehr-backend","timestamp":"2025-12-17 22:15:10","userId":"694290bdf9d6a47ccfa3c115"}
{"email":"manager@test.com","level":"info","message":"User login successful","role":"Manager","service":"ehr-backend","timestamp":"2025-12-17 22:15:10","userId":"694290bef9d6a47ccfa3c118"}
{"email":"provider@test.com","level":"info","message":"User login successful","role":"Provider","service":"ehr-backend","timestamp":"2025-12-17 22:15:10","userId":"694290bef9d6a47ccfa3c11a"}
{"email":"employee@test.com","level":"info","message":"User login successful","role":"Employee","service":"ehr-backend","timestamp":"2025-12-17 22:15:10","userId":"694290bef9d6a47ccfa3c11c"}
{"email":"patient@test.com","level":"info","message":"User login successful","role":"Patient","service":"ehr-backend","timestamp":"2025-12-17 22:15:10","userId":"694290bef9d6a47ccfa3c11e"}
{"level":"info","message":"Authorization check","method":"POST","path":"/register","requiredRoles":["Employee","Manager","Admin"],"service":"ehr-backend","timestamp":"2025-12-17 22:15:10","userId":"694290bdf9d6a47ccfa3c115","userRole":"Admin"}
{"creatorId":"694290bdf9d6a47ccfa3c115","creatorRole":"Admin","level":"info","message":"User registered successfully","newUserId":"694290bef9d6a47ccfa3c130","newUserRole":"Patient","service":"ehr-backend","timestamp":"2025-12-17 22:15:11"}
{"level":"info","message":"Authorization check","method":"POST","path":"/register","requiredRoles":["Employee","Manager","Admin"],"service":"ehr-backend","timestamp":"2025-12-17 22:15:11","userId":"694290bdf9d6a47ccfa3c115","userRole":"Admin"}
{"creatorId":"694290bdf9d6a47ccfa3c115","creatorRole":"Admin","level":"info","message":"User registered successfully","newUserId":"694290bff9d6a47ccfa3c135","newUserRole":"Provider","service":"ehr-backend","timestamp":"2025-12-17 22:15:11"}
{"level":"info","message":"Authorization check","method":"POST","path":"/register","requiredRoles":["Employee","Manager","Admin"],"service":"ehr-backend","timestamp":"2025-12-17 22:15:11","userId":"694290bdf9d6a47ccfa3c115","userRole":"Admin"}
{"creatorId":"694290bdf9d6a47ccfa3c115","creatorRole":"Admin","level":"info","message":"User registered successfully","newUserId":"694290bff9d6a47ccfa3c13a","newUserRole":"Employee","service":"ehr-backend","timestamp":"2025-12-17 22:15:11"}
{"level":"info","message":"Authorization check","method":"POST","path":"/register","requiredRoles":["Employee","Manager","Admin"],"service":"ehr-backend","timestamp":"2025-12-17 22:15:11","userId":"694290bdf9d6a47ccfa3c115","userRole":"Admin"}
{"creatorId":"694290bdf9d6a47ccfa3c115","creatorRole":"Admin","level":"info","message":"User registered successfully","newUserId":"694290bff9d6a47ccfa3c13f","newUserRole":"Manager","service":"ehr-backend","timestamp":"2025-12-17 22:15:11"}
{"email":"admin@test.com","level":"info","message":"User login successful","role":"Admin","service":"ehr-backend","timestamp":"2025-12-17 22:15:11","userId":"694290bff9d6a47ccfa3c143"}
{"email":"manager@test.com","level":"info","message":"User login successful","role":"Manager","service":"ehr-backend","timestamp":"2025-12-17 22:15:12","userId":"694290bff9d6a47ccfa3c145"}
{"email":"provider@test.com","level":"info","message":"User login successful","role":"Provider","service":"ehr-backend","timestamp":"2025-12-17 22:15:12","userId":"694290bff9d6a47ccfa3c147"}
{"email":"employee@test.com","level":"info","message":"User login successful","role":"Employee","service":"ehr-backend","timestamp":"2025-12-17 22:15:12","userId":"694290bff9d6a47ccfa3c149"}
{"email":"patient@test.com","level":"info","message":"User login successful","role":"Patient","service":"ehr-backend","timestamp":"2025-12-17 22:15:12","userId":"694290bff9d6a47ccfa3c14b"}
{"level":"info","message":"Authorization check","method":"POST","path":"/register","requiredRoles":["Employee","Manager","Admin"],"service":"ehr-backend","timestamp":"2025-12-17 22:15:12","userId":"694290bff9d6a47ccfa3c145","userRole":"Manager"}
{"creatorId":"694290bff9d6a47ccfa3c145","creatorRole":"Manager","level":"info","message":"User registered successfully","newUserId":"694290c0f9d6a47ccfa3c15d","newUserRole":"Employee","service":"ehr-backend","timestamp":"2025-12-17 22:15:12"}
{"level":"info","message":"Authorization check","method":"POST","path":"/register","requiredRoles":["Employee","Manager","Admin"],"service":"ehr-backend","timestamp":"2025-12-17 22:15:12","userId":"694290bff9d6a47ccfa3c145","userRole":"Manager"}
{"creatorId":"694290bff9d6a47ccfa3c145","creatorRole":"Manager","level":"info","message":"User registered successfully","newUserId":"694290c0f9d6a47ccfa3c162","newUserRole":"Provider","service":"ehr-backend","timestamp":"2025-12-17 22:15:12"}
{"level":"info","message":"Authorization check","method":"POST","path":"/register","requiredRoles":["Employee","Manager","Admin"],"service":"ehr-backend","timestamp":"2025-12-17 22:15:12","userId":"694290bff9d6a47ccfa3c145","userRole":"Manager"}
{"creatorId":"694290bff9d6a47ccfa3c145","creatorRole":"Manager","level":"info","message":"User registered successfully","newUserId":"694290c0f9d6a47ccfa3c167","newUserRole":"Patient","service":"ehr-backend","timestamp":"2025-12-17 22:15:12"}
{"email":"admin@test.com","level":"info","message":"User login successful","role":"Admin","service":"ehr-backend","timestamp":"2025-12-17 22:15:13","userId":"694290c0f9d6a47ccfa3c16b"}
{"email":"manager@test.com","level":"info","message":"User login successful","role":"Manager","service":"ehr-backend","timestamp":"2025-12-17 22:15:13","userId":"694290c0f9d6a47ccfa3c16d"}
{"email":"provider@test.com","level":"info","message":"User login successful","role":"Provider","service":"ehr-backend","timestamp":"2025-12-17 22:15:13","userId":"694290c0f9d6a47ccfa3c16f"}
{"email":"employee@test.com","level":"info","message":"User login successful","role":"Employee","service":"ehr-backend","timestamp":"2025-12-17 22:15:13","userId":"694290c0f9d6a47ccfa3c171"}
{"email":"patient@test.com","level":"info","message":"User login successful","role":"Patient","service":"ehr-backend","timestamp":"2025-12-17 22:15:13","userId":"694290c0f9d6a47ccfa3c173"}
{"level":"info","message":"Authorization check","method":"POST","path":"/register","requiredRoles":["Employee","Manager","Admin"],"service":"ehr-backend","timestamp":"2025-12-17 22:15:13","userId":"694290c0f9d6a47ccfa3c16d","userRole":"Manager"}
{"creatorId":"694290c0f9d6a47ccfa3c16d","creatorRole":"Manager","level":"warn","message":"Registration denied: Insufficient permissions","service":"ehr-backend","targetRole":"Manager","timestamp":"2025-12-17 22:15:13"}
{"email":"admin@test.com","level":"info","message":"User login successful","role":"Admin","service":"ehr-backend","timestamp":"2025-12-17 22:15:14","userId":"694290c1f9d6a47ccfa3c184"}
{"email":"manager@test.com","level":"info","message":"User login successful","role":"Manager","service":"ehr-backend","timestamp":"2025-12-17 22:15:14","userId":"694290c1f9d6a47ccfa3c186"}
{"email":"provider@test.com","level":"info","message":"User login successful","role":"Provider","service":"ehr-backend","timestamp":"2025-12-17 22:15:14","userId":"694290c1f9d6a47ccfa3c188"}
{"email":"employee@test.com","level":"info","message":"User login successful","role":"Employee","service":"ehr-backend","timestamp":"2025-12-17 22:15:14","userId":"694290c1f9d6a47ccfa3c18a"}
{"email":"patient@test.com","level":"info","message":"User login successful","role":"Patient","service":"ehr-backend","timestamp":"2025-12-17 22:15:14","userId":"694290c1f9d6a47ccfa3c18c"}
{"level":"info","message":"Authorization check","method":"POST","path":"/register","requiredRoles":["Employee","Manager","Admin"],"service":"ehr-backend","timestamp":"2025-12-17 22:15:14","userId":"694290c1f9d6a47ccfa3c18a","userRole":"Employee"}
{"creatorId":"694290c1f9d6a47ccfa3c18a","creatorRole":"Employee","level":"info","message":"User registered successfully","newUserId":"694290c2f9d6a47ccfa3c19e","newUserRole":"Patient","service":"ehr-backend","timestamp":"2025-12-17 22:15:14"}
{"email":"admin@test.com","level":"info","message":"User login successful","role":"Admin","service":"ehr-backend","timestamp":"2025-12-17 22:15:14","userId":"694290c2f9d6a47ccfa3c1a2"}
{"email":"manager@test.com","level":"info","message":"User login successful","role":"Manager","service":"ehr-backend","timestamp":"2025-12-17 22:15:15","userId":"694290c2f9d6a47ccfa3c1a4"}
{"email":"provider@test.com","level":"info","message":"User login successful","role":"Provider","service":"ehr-backend","timestamp":"2025-12-17 22:15:15","userId":"694290c2f9d6a47ccfa3c1a6"}
{"email":"employee@test.com","level":"info","message":"User login successful","role":"Employee","service":"ehr-backend","timestamp":"2025-12-17 22:15:15","userId":"694290c2f9d6a47ccfa3c1a8"}
{"email":"patient@test.com","level":"info","message":"User login successful","role":"Patient","service":"ehr-backend","timestamp":"2025-12-17 22:15:15","userId":"694290c2f9d6a47ccfa3c1aa"}
{"level":"info","message":"Authorization check","method":"POST","path":"/register","requiredRoles":["Employee","Manager","Admin"],"service":"ehr-backend","timestamp":"2025-12-17 22:15:15","userId":"694290c2f9d6a47ccfa3c1a8","userRole":"Employee"}
{"creatorId":"694290c2f9d6a47ccfa3c1a8","creatorRole":"Employee","level":"warn","message":"Registration denied: Insufficient permissions","service":"ehr-backend","targetRole":"Provider","timestamp":"2025-12-17 22:15:15"}
{"email":"admin@test.com","level":"info","message":"User login successful","role":"Admin","service":"ehr-backend","timestamp":"2025-12-17 22:15:15","userId":"694290c3f9d6a47ccfa3c1bb"}
{"email":"manager@test.com","level":"info","message":"User login successful","role":"Manager","service":"ehr-backend","timestamp":"2025-12-17 22:15:16","userId":"694290c3f9d6a47ccfa3c1bd"}
{"email":"provider@test.com","level":"info","message":"User login successful","role":"Provider","service":"ehr-backend","timestamp":"2025-12-17 22:15:16","userId":"694290c3f9d6a47ccfa3c1bf"}
{"email":"employee@test.com","level":"info","message":"User login successful","role":"Employee","service":"ehr-backend","timestamp":"2025-12-17 22:15:16","userId":"694290c3f9d6a47ccfa3c1c1"}
{"email":"patient@test.com","level":"info","message":"User login successful","role":"Patient","service":"ehr-backend","timestamp":"2025-12-17 22:15:16","userId":"694290c3f9d6a47ccfa3c1c3"}
{"level":"info","message":"Authorization check","method":"POST","path":"/register","requiredRoles":["Employee","Manager","Admin"],"service":"ehr-backend","timestamp":"2025-12-17 22:15:16","userId":"694290c3f9d6a47ccfa3c1c1","userRole":"Employee"}
{"creatorId":"694290c3f9d6a47ccfa3c1c1","creatorRole":"Employee","level":"warn","message":"Registration denied: Insufficient permissions","service":"ehr-backend","targetRole":"Employee","timestamp":"2025-12-17 22:15:16"}
{"email":"admin@test.com","level":"info","message":"User login successful","role":"Admin","service":"ehr-backend","timestamp":"2025-12-17 22:15:16","userId":"694290c4f9d6a47ccfa3c1d4"}
{"email":"manager@test.com","level":"info","message":"User login successful","role":"Manager","service":"ehr-backend","timestamp":"2025-12-17 22:15:16","userId":"694290c4f9d6a47ccfa3c1d6"}
{"email":"provider@test.com","level":"info","message":"User login successful","role":"Provider","service":"ehr-backend","timestamp":"2025-12-17 22:15:17","userId":"694290c4f9d6a47ccfa3c1d8"}
{"email":"employee@test.com","level":"info","message":"User login successful","role":"Employee","service":"ehr-backend","timestamp":"2025-12-17 22:15:17","userId":"694290c4f9d6a47ccfa3c1da"}
{"email":"patient@test.com","level":"info","message":"User login successful","role":"Patient","service":"ehr-backend","timestamp":"2025-12-17 22:15:17","userId":"694290c4f9d6a47ccfa3c1dc"}
{"level":"info","message":"Authorization check","method":"POST","path":"/register","requiredRoles":["Employee","Manager","Admin"],"service":"ehr-backend","timestamp":"2025-12-17 22:15:17","userId":"694290c4f9d6a47ccfa3c1d8","userRole":"Provider"}
{"level":"warn","message":"Authorization denied: Insufficient permissions","method":"POST","path":"/register","requiredRoles":["Employee","Manager","Admin"],"service":"ehr-backend","timestamp":"2025-12-17 22:15:17","userId":"694290c4f9d6a47ccfa3c1d8","userRole":"Provider"}
{"email":"admin@test.com","level":"info","message":"User login successful","role":"Admin","service":"ehr-backend","timestamp":"2025-12-17 22:15:17","userId":"694290c5f9d6a47ccfa3c1ef"}
{"email":"manager@test.com","level":"info","message":"User login successful","role":"Manager","service":"ehr-backend","timestamp":"2025-12-17 22:15:17","userId":"694290c5f9d6a47ccfa3c1f1"}
{"email":"provider@test.com","level":"info","message":"User login successful","role":"Provider","service":"ehr-backend","timestamp":"2025-12-17 22:15:17","userId":"694290c5f9d6a47ccfa3c1f3"}
{"email":"employee@test.com","level":"info","message":"User login successful","role":"Employee","service":"ehr-backend","timestamp":"2025-12-17 22:15:18","userId":"694290c5f9d6a47ccfa3c1f5"}
{"email":"patient@test.com","level":"info","message":"User login successful","role":"Patient","service":"ehr-backend","timestamp":"2025-12-17 22:15:18","userId":"694290c5f9d6a47ccfa3c1f7"}
{"level":"info","message":"Authorization check","method":"POST","path":"/register","requiredRoles":["Employee","Manager","Admin"],"service":"ehr-backend","timestamp":"2025-12-17 22:15:18","userId":"694290c5f9d6a47ccfa3c1f7","userRole":"Patient"}
{"level":"warn","message":"Authorization denied: Insufficient permissions","method":"POST","path":"/register","requiredRoles":["Employee","Manager","Admin"],"service":"ehr-backend","timestamp":"2025-12-17 22:15:18","userId":"694290c5f9d6a47ccfa3c1f7","userRole":"Patient"}
{"email":"admin@test.com","level":"info","message":"User login successful","role":"Admin","service":"ehr-backend","timestamp":"2025-12-17 22:15:18","userId":"694290c6f9d6a47ccfa3c20a"}
{"email":"manager@test.com","level":"info","message":"User login successful","role":"Manager","service":"ehr-backend","timestamp":"2025-12-17 22:15:18","userId":"694290c6f9d6a47ccfa3c20c"}
{"email":"provider@test.com","level":"info","message":"User login successful","role":"Provider","service":"ehr-backend","timestamp":"2025-12-17 22:15:18","userId":"694290c6f9d6a47ccfa3c20e"}
{"email":"employee@test.com","level":"info","message":"User login successful","role":"Employee","service":"ehr-backend","timestamp":"2025-12-17 22:15:19","userId":"694290c6f9d6a47ccfa3c210"}
{"email":"patient@test.com","level":"info","message":"User login successful","role":"Patient","service":"ehr-backend","timestamp":"2025-12-17 22:15:19","userId":"694290c6f9d6a47ccfa3c212"}
{"level":"info","message":"Authorization check","method":"GET","path":"/audit-logs","requiredRoles":["Admin"],"service":"ehr-backend","timestamp":"2025-12-17 22:15:19","userId":"694290c6f9d6a47ccfa3c20a","userRole":"Admin"}
{"level":"info","message":"Admin 694290c6f9d6a47ccfa3c20a retrieved 5 audit logs","service":"ehr-backend","timestamp":"2025-12-17 22:15:19"}
{"email":"admin@test.com","level":"info","message":"User login successful","role":"Admin","service":"ehr-backend","timestamp":"2025-12-17 22:15:19","userId":"694290c7f9d6a47ccfa3c224"}
{"email":"manager@test.com","level":"info","message":"User login successful","role":"Manager","service":"ehr-backend","timestamp":"2025-12-17 22:15:19","userId":"694290c7f9d6a47ccfa3c226"}
{"email":"provider@test.com","level":"info","message":"User login successful","role":"Provider","service":"ehr-backend","timestamp":"2025-12-17 22:15:19","userId":"694290c7f9d6a47ccfa3c228"}
{"email":"employee@test.com","level":"info","message":"User login successful","role":"Employee","service":"ehr-backend","timestamp":"2025-12-17 22:15:19","userId":"694290c7f9d6a47ccfa3c22a"}
{"email":"patient@test.com","level":"info","message":"User login successful","role":"Patient","service":"ehr-backend","timestamp":"2025-12-17 22:15:20","userId":"694290c7f9d6a47ccfa3c22c"}
{"level":"info","message":"Authorization check","method":"GET","path":"/audit-logs","requiredRoles":["Admin"],"service":"ehr-backend","timestamp":"2025-12-17 22:15:20","userId":"694290c7f9d6a47ccfa3c226","userRole":"Manager"}
{"level":"warn","message":"Authorization denied: Insufficient permissions","method":"GET","path":"/audit-logs","requiredRoles":["Admin"],"service":"ehr-backend","timestamp":"2025-12-17 22:15:20","userId":"694290c7f9d6a47ccfa3c226","userRole":"Manager"}
{"email":"admin@test.com","level":"info","message":"User login successful","role":"Admin","service":"ehr-backend","timestamp":"2025-12-17 22:15:20","userId":"694290c8f9d6a47ccfa3c23f"}
{"email":"manager@test.com","level":"info","message":"User login successful","role":"Manager","service":"ehr-backend","timestamp":"2025-12-17 22:15:20","userId":"694290c8f9d6a47ccfa3c241"}
{"email":"provider@test.com","level":"info","message":"User login successful","role":"Provider","service":"ehr-backend","timestamp":"2025-12-17 22:15:20","userId":"694290c8f9d6a47ccfa3c243"}
{"email":"employee@test.com","level":"info","message":"User login successful","role":"Employee","service":"ehr-backend","timestamp":"2025-12-17 22:15:20","userId":"694290c8f9d6a47ccfa3c245"}
{"email":"patient@test.com","level":"info","message":"User login successful","role":"Patient","service":"ehr-backend","timestamp":"2025-12-17 22:15:21","userId":"694290c8f9d6a47ccfa3c247"}
{"level":"info","message":"Authorization check","method":"GET","path":"/audit-logs","requiredRoles":["Admin"],"service":"ehr-backend","timestamp":"2025-12-17 22:15:21","userId":"694290c8f9d6a47ccfa3c243","userRole":"Provider"}
{"level":"warn","message":"Authorization denied: Insufficient permissions","method":"GET","path":"/audit-logs","requiredRoles":["Admin"],"service":"ehr-backend","timestamp":"2025-12-17 22:15:21","userId":"694290c8f9d6a47ccfa3c243","userRole":"Provider"}
{"email":"admin@test.com","level":"info","message":"User login successful","role":"Admin","service":"ehr-backend","timestamp":"2025-12-17 22:15:21","userId":"694290c9f9d6a47ccfa3c25a"}
{"email":"manager@test.com","level":"info","message":"User login successful","role":"Manager","service":"ehr-backend","timestamp":"2025-12-17 22:15:21","userId":"694290c9f9d6a47ccfa3c25c"}
{"email":"provider@test.com","level":"info","message":"User login successful","role":"Provider","service":"ehr-backend","timestamp":"2025-12-17 22:15:21","userId":"694290c9f9d6a47ccfa3c25e"}
{"email":"employee@test.com","level":"info","message":"User login successful","role":"Employee","service":"ehr-backend","timestamp":"2025-12-17 22:15:21","userId":"694290c9f9d6a47ccfa3c260"}
{"email":"patient@test.com","level":"info","message":"User login successful","role":"Patient","service":"ehr-backend","timestamp":"2025-12-17 22:15:21","userId":"694290c9f9d6a47ccfa3c262"}
{"level":"info","message":"Authorization check","method":"GET","path":"/audit-logs","requiredRoles":["Admin"],"service":"ehr-backend","timestamp":"2025-12-17 22:15:21","userId":"694290c9f9d6a47ccfa3c260","userRole":"Employee"}
{"level":"warn","message":"Authorization denied: Insufficient permissions","method":"GET","path":"/audit-logs","requiredRoles":["Admin"],"service":"ehr-backend","timestamp":"2025-12-17 22:15:21","userId":"694290c9f9d6a47ccfa3c260","userRole":"Employee"}
{"email":"admin@test.com","level":"info","message":"User login successful","role":"Admin","service":"ehr-backend","timestamp":"2025-12-17 22:15:22","userId":"694290c9f9d6a47ccfa3c275"}
{"email":"manager@test.com","level":"info","message":"User login successful","role":"Manager","service":"ehr-backend","timestamp":"2025-12-17 22:15:22","userId":"694290caf9d6a47ccfa3c277"}
{"email":"provider@test.com","level":"info","message":"User login successful","role":"Provider","service":"ehr-backend","timestamp":"2025-12-17 22:15:22","userId":"694290caf9d6a47ccfa3c279"}
{"email":"employee@test.com","level":"info","message":"User login successful","role":"Employee","service":"ehr-backend","timestamp":"2025-12-17 22:15:22","userId":"694290caf9d6a47ccfa3c27b"}
{"email":"patient@test.com","level":"info","message":"User login successful","role":"Patient","service":"ehr-backend","timestamp":"2025-12-17 22:15:22","userId":"694290caf9d6a47ccfa3c27d"}
{"level":"info","message":"Authorization check","method":"GET","path":"/audit-logs","requiredRoles":["Admin"],"service":"ehr-backend","timestamp":"2025-12-17 22:15:22","userId":"694290caf9d6a47ccfa3c27d","userRole":"Patient"}
{"level":"warn","message":"Authorization denied: Insufficient permissions","method":"GET","path":"/audit-logs","requiredRoles":["Admin"],"service":"ehr-backend","timestamp":"2025-12-17 22:15:22","userId":"694290caf9d6a47ccfa3c27d","userRole":"Patient"}
{"email":"admin@test.com","level":"info","message":"User login successful","role":"Admin","service":"ehr-backend","timestamp":"2025-12-17 22:15:23","userId":"694290caf9d6a47ccfa3c290"}
{"email":"manager@test.com","level":"info","message":"User login successful","role":"Manager","service":"ehr-backend","timestamp":"2025-12-17 22:15:23","userId":"694290cbf9d6a47ccfa3c292"}
{"email":"provider@test.com","level":"info","message":"User login successful","role":"Provider","service":"ehr-backend","timestamp":"2025-12-17 22:15:23","userId":"694290cbf9d6a47ccfa3c294"}
{"email":"employee@test.com","level":"info","message":"User login successful","role":"Employee","service":"ehr-backend","timestamp":"2025-12-17 22:15:23","userId":"694290cbf9d6a47ccfa3c296"}
{"email":"patient@test.com","level":"info","message":"User login successful","role":"Patient","service":"ehr-backend","timestamp":"2025-12-17 22:15:23","userId":"694290cbf9d6a47ccfa3c298"}
{"level":"info","message":"Authorization check","method":"POST","path":"/assign-patient","requiredRoles":["Admin"],"service":"ehr-backend","timestamp":"2025-12-17 22:15:23","userId":"694290caf9d6a47ccfa3c290","userRole":"Admin"}
{"level":"info","message":"Patient 694290cbf9d6a47ccfa3c298 assigned to Provider 694290cbf9d6a47ccfa3c294 by Admin 694290caf9d6a47ccfa3c290","service":"ehr-backend","timestamp":"2025-12-17 22:15:23"}
{"email":"admin@test.com","level":"info","message":"User login successful","role":"Admin","service":"ehr-backend","timestamp":"2025-12-17 22:15:24","userId":"694290cbf9d6a47ccfa3c2ad"}
{"email":"manager@test.com","level":"info","message":"User login successful","role":"Manager","service":"ehr-backend","timestamp":"2025-12-17 22:15:24","userId":"694290ccf9d6a47ccfa3c2af"}
{"email":"provider@test.com","level":"info","message":"User login successful","role":"Provider","service":"ehr-backend","timestamp":"2025-12-17 22:15:24","userId":"694290ccf9d6a47ccfa3c2b1"}
{"email":"employee@test.com","level":"info","message":"User login successful","role":"Employee","service":"ehr-backend","timestamp":"2025-12-17 22:15:24","userId":"694290ccf9d6a47ccfa3c2b3"}
{"email":"patient@test.com","level":"info","message":"User login successful","role":"Patient","service":"ehr-backend","timestamp":"2025-12-17 22:15:24","userId":"694290ccf9d6a47ccfa3c2b5"}
{"level":"info","message":"Authorization check","method":"POST","path":"/assign-patient","requiredRoles":["Admin"],"service":"ehr-backend","timestamp":"2025-12-17 22:15:24","userId":"694290ccf9d6a47ccfa3c2af","userRole":"Manager"}
{"level":"warn","message":"Authorization denied: Insufficient permissions","method":"POST","path":"/assign-patient","requiredRoles":["Admin"],"service":"ehr-backend","timestamp":"2025-12-17 22:15:24","userId":"694290ccf9d6a47ccfa3c2af","userRole":"Manager"}
{"email":"admin@test.com","level":"info","message":"User login successful","role":"Admin","service":"ehr-backend","timestamp":"2025-12-17 22:15:25","userId":"694290ccf9d6a47ccfa3c2c8"}
{"email":"manager@test.com","level":"info","message":"User login successful","role":"Manager","service":"ehr-backend","timestamp":"2025-12-17 22:15:25","userId":"694290ccf9d6a47ccfa3c2ca"}
{"email":"provider@test.com","level":"info","message":"User login successful","role":"Provider","service":"ehr-backend","timestamp":"2025-12-17 22:15:25","userId":"694290cdf9d6a47ccfa3c2cc"}
{"email":"employee@test.com","level":"info","message":"User login successful","role":"Employee","service":"ehr-backend","timestamp":"2025-12-17 22:15:25","userId":"694290cdf9d6a47ccfa3c2ce"}
{"email":"patient@test.com","level":"info","message":"User login successful","role":"Patient","service":"ehr-backend","timestamp":"2025-12-17 22:15:25","userId":"694290cdf9d6a47ccfa3c2d0"}
{"level":"info","message":"Authorization check","method":"GET","path":"/audit-logs","requiredRoles":["Admin"],"service":"ehr-backend","timestamp":"2025-12-17 22:15:25","userId":"694290cdf9d6a47ccfa3c2d0","userRole":"Patient"}
{"level":"warn","message":"Authorization denied: Insufficient permissions","method":"GET","path":"/audit-logs","requiredRoles":["Admin"],"service":"ehr-backend","timestamp":"2025-12-17 22:15:25","userId":"694290cdf9d6a47ccfa3c2d0","userRole":"Patient"}
{"email":"admin@test.com","level":"info","message":"User login successful","role":"Admin","service":"ehr-backend","timestamp":"2025-12-17 22:15:26","userId":"694290cdf9d6a47ccfa3c2e3"}
{"email":"manager@test.com","level":"info","message":"User login successful","role":"Manager","service":"ehr-backend","timestamp":"2025-12-17 22:15:26","userId":"694290cdf9d6a47ccfa3c2e5"}
{"email":"provider@test.com","level":"info","message":"User login successful","role":"Provider","service":"ehr-backend","timestamp":"2025-12-17 22:15:26","userId":"694290cdf9d6a47ccfa3c2e7"}
{"email":"employee@test.com","level":"info","message":"User login successful","role":"Employee","service":"ehr-backend","timestamp":"2025-12-17 22:15:26","userId":"694290cef9d6a47ccfa3c2e9"}
{"email":"patient@test.com","level":"info","message":"User login successful","role":"Patient","service":"ehr-backend","timestamp":"2025-12-17 22:15:26","userId":"694290cef9d6a47ccfa3c2eb"}
{"level":"info","message":"Authorization check","method":"GET","path":"/audit-logs","requiredRoles":["Admin"],"service":"ehr-backend","timestamp":"2025-12-17 22:15:26","userId":"694290cef9d6a47ccfa3c2e9","userRole":"Employee"}
{"level":"warn","message":"Authorization denied: Insufficient permissions","method":"GET","path":"/audit-logs","requiredRoles":["Admin"],"service":"ehr-backend","timestamp":"2025-12-17 22:15:26","userId":"694290cef9d6a47ccfa3c2e9","userRole":"Employee"}
{"email":"admin@test.com","level":"info","message":"User login successful","role":"Admin","service":"ehr-backend","timestamp":"2025-12-17 22:15:27","userId":"694290cef9d6a47ccfa3c2fe"}
{"email":"manager@test.com","level":"info","message":"User login successful","role":"Manager","service":"ehr-backend","timestamp":"2025-12-17 22:15:27","userId":"694290cef9d6a47ccfa3c300"}
{"email":"provider@test.com","level":"info","message":"User login successful","role":"Provider","service":"ehr-backend","timestamp":"2025-12-17 22:15:27","userId":"694290cef9d6a47ccfa3c302"}
{"email":"employee@test.com","level":"info","message":"User login successful","role":"Employee","service":"ehr-backend","timestamp":"2025-12-17 22:15:27","userId":"694290cef9d6a47ccfa3c304"}
{"email":"patient@test.com","level":"info","message":"User login successful","role":"Patient","service":"ehr-backend","timestamp":"2025-12-17 22:15:27","userId":"694290cef9d6a47ccfa3c306"}
{"level":"info","message":"Authorization check","method":"GET","path":"/audit-logs","requiredRoles":["Admin"],"service":"ehr-backend","timestamp":"2025-12-17 22:15:27","userId":"694290cef9d6a47ccfa3c302","userRole":"Provider"}
{"level":"warn","message":"Authorization denied: Insufficient permissions","method":"GET","path":"/audit-logs","requiredRoles":["Admin"],"service":"ehr-backend","timestamp":"2025-12-17 22:15:27","userId":"694290cef9d6a47ccfa3c302","userRole":"Provider"}
{"email":"admin@test.com","level":"info","message":"User login successful","role":"Admin","service":"ehr-backend","timestamp":"2025-12-17 22:15:28","userId":"694290cff9d6a47ccfa3c319"}
{"email":"manager@test.com","level":"info","message":"User login successful","role":"Manager","service":"ehr-backend","timestamp":"2025-12-17 22:15:28","userId":"694290cff9d6a47ccfa3c31b"}
{"email":"provider@test.com","level":"info","message":"User login successful","role":"Provider","service":"ehr-backend","timestamp":"2025-12-17 22:15:28","userId":"694290cff9d6a47ccfa3c31d"}
{"email":"employee@test.com","level":"info","message":"User login successful","role":"Employee","service":"ehr-backend","timestamp":"2025-12-17 22:15:28","userId":"694290cff9d6a47ccfa3c31f"}
{"email":"patient@test.com","level":"info","message":"User login successful","role":"Patient","service":"ehr-backend","timestamp":"2025-12-17 22:15:28","userId":"694290cff9d6a47ccfa3c321"}
{"level":"info","message":"Authorization check","method":"POST","path":"/assign-patient","requiredRoles":["Admin"],"service":"ehr-backend","timestamp":"2025-12-17 22:15:28","userId":"694290cff9d6a47ccfa3c31b","userRole":"Manager"}
{"level":"warn","message":"Authorization denied: Insufficient permissions","method":"POST","path":"/assign-patient","requiredRoles":["Admin"],"service":"ehr-backend","timestamp":"2025-12-17 22:15:28","userId":"694290cff9d6a47ccfa3c31b","userRole":"Manager"}
{"email":"admin@test.com","level":"info","message":"User login successful","role":"Admin","service":"ehr-backend","timestamp":"2025-12-17 22:15:29","userId":"694290d0f9d6a47ccfa3c334"}
{"email":"manager@test.com","level":"info","message":"User login successful","role":"Manager","service":"ehr-backend","timestamp":"2025-12-17 22:15:29","userId":"694290d0f9d6a47ccfa3c336"}
{"email":"provider@test.com","level":"info","message":"User login successful","role":"Provider","service":"ehr-backend","timestamp":"2025-12-17 22:15:29","userId":"694290d0f9d6a47ccfa3c338"}
{"email":"employee@test.com","level":"info","message":"User login successful","role":"Employee","service":"ehr-backend","timestamp":"2025-12-17 22:15:29","userId":"694290d0f9d6a47ccfa3c33a"}
{"email":"patient@test.com","level":"info","message":"User login successful","role":"Patient","service":"ehr-backend","timestamp":"2025-12-17 22:15:29","userId":"694290d0f9d6a47ccfa3c33c"}
{"level":"info","message":"Authorization check","method":"PUT","path":"/694290d0f9d6a47ccfa3c33c","requiredRoles":["Patient","Employee","Manager","Admin"],"service":"ehr-backend","timestamp":"2025-12-17 22:15:29","userId":"694290d0f9d6a47ccfa3c334","userRole":"Admin"}
{"level":"info","message":"Patient updated by staff","service":"ehr-backend","timestamp":"2025-12-17 22:15:29","updatedBy":"694290d0f9d6a47ccfa3c334","updaterRole":"Admin","userId":"694290d0f9d6a47ccfa3c33c"}
{"level":"info","message":"User updated successfully","role":"Patient","service":"ehr-backend","timestamp":"2025-12-17 22:15:29","updatedBy":"694290d0f9d6a47ccfa3c334","userId":"694290d0f9d6a47ccfa3c33c"}
{"email":"admin@test.com","level":"info","message":"User login successful","role":"Admin","service":"ehr-backend","timestamp":"2025-12-17 22:15:30","userId":"694290d1f9d6a47ccfa3c351"}
{"email":"manager@test.com","level":"info","message":"User login successful","role":"Manager","service":"ehr-backend","timestamp":"2025-12-17 22:15:30","userId":"694290d1f9d6a47ccfa3c353"}
{"email":"provider@test.com","level":"info","message":"User login successful","role":"Provider","service":"ehr-backend","timestamp":"2025-12-17 22:15:30","userId":"694290d1f9d6a47ccfa3c355"}
{"email":"employee@test.com","level":"info","message":"User login successful","role":"Employee","service":"ehr-backend","timestamp":"2025-12-17 22:15:30","userId":"694290d1f9d6a47ccfa3c357"}
{"email":"patient@test.com","level":"info","message":"User login successful","role":"Patient","service":"ehr-backend","timestamp":"2025-12-17 22:15:30","userId":"694290d1f9d6a47ccfa3c359"}
{"level":"info","message":"Authorization check","method":"PUT","path":"/694290d1f9d6a47ccfa3c359","requiredRoles":["Patient","Employee","Manager","Admin"],"service":"ehr-backend","timestamp":"2025-12-17 22:15:30","userId":"694290d1f9d6a47ccfa3c353","userRole":"Manager"}
{"level":"info","message":"Patient updated by staff","service":"ehr-backend","timestamp":"2025-12-17 22:15:30","updatedBy":"694290d1f9d6a47ccfa3c353","updaterRole":"Manager","userId":"694290d1f9d6a47ccfa3c359"}
{"level":"info","message":"User updated successfully","role":"Patient","service":"ehr-backend","timestamp":"2025-12-17 22:15:30","updatedBy":"694290d1f9d6a47ccfa3c353","userId":"694290d1f9d6a47ccfa3c359"}
{"email":"admin@test.com","level":"info","message":"User login successful","role":"Admin","service":"ehr-backend","timestamp":"2025-12-17 22:15:30","userId":"694290d2f9d6a47ccfa3c36e"}
{"email":"manager@test.com","level":"info","message":"User login successful","role":"Manager","service":"ehr-backend","timestamp":"2025-12-17 22:15:31","userId":"694290d2f9d6a47ccfa3c370"}
{"email":"provider@test.com","level":"info","message":"User login successful","role":"Provider","service":"ehr-backend","timestamp":"2025-12-17 22:15:31","userId":"694290d2f9d6a47ccfa3c372"}
{"email":"employee@test.com","level":"info","message":"User login successful","role":"Employee","service":"ehr-backend","timestamp":"2025-12-17 22:15:31","userId":"694290d2f9d6a47ccfa3c374"}
{"email":"patient@test.com","level":"info","message":"User login successful","role":"Patient","service":"ehr-backend","timestamp":"2025-12-17 22:15:31","userId":"694290d2f9d6a47ccfa3c376"}
{"level":"info","message":"Authorization check","method":"PUT","path":"/694290d2f9d6a47ccfa3c376","requiredRoles":["Patient","Employee","Manager","Admin"],"service":"ehr-backend","timestamp":"2025-12-17 22:15:31","userId":"694290d2f9d6a47ccfa3c376","userRole":"Patient"}
{"fields":["phone","address"],"level":"info","message":"Patient self-update","service":"ehr-backend","timestamp":"2025-12-17 22:15:31","userId":"694290d2f9d6a47ccfa3c376"}
{"level":"info","message":"User updated successfully","role":"Patient","service":"ehr-backend","timestamp":"2025-12-17 22:15:31","updatedBy":"694290d2f9d6a47ccfa3c376","userId":"694290d2f9d6a47ccfa3c376"}
{"email":"admin@test.com","level":"info","message":"User login successful","role":"Admin","service":"ehr-backend","timestamp":"2025-12-17 22:15:31","userId":"694290d3f9d6a47ccfa3c38b"}
{"email":"manager@test.com","level":"info","message":"User login successful","role":"Manager","service":"ehr-backend","timestamp":"2025-12-17 22:15:32","userId":"694290d3f9d6a47ccfa3c38d"}
{"email":"provider@test.com","level":"info","message":"User login successful","role":"Provider","service":"ehr-backend","timestamp":"2025-12-17 22:15:32","userId":"694290d3f9d6a47ccfa3c38f"}
{"email":"employee@test.com","level":"info","message":"User login successful","role":"Employee","service":"ehr-backend","timestamp":"2025-12-17 22:15:32","userId":"694290d3f9d6a47ccfa3c391"}
{"email":"patient@test.com","level":"info","message":"User login successful","role":"Patient","service":"ehr-backend","timestamp":"2025-12-17 22:15:32","userId":"694290d3f9d6a47ccfa3c393"}
{"level":"info","message":"Authorization check","method":"PUT","path":"/694290d4f9d6a47ccfa3c3a4","requiredRoles":["Patient","Employee","Manager","Admin"],"service":"ehr-backend","timestamp":"2025-12-17 22:15:32","userId":"694290d3f9d6a47ccfa3c393","userRole":"Patient"}
{"level":"warn","message":"Update denied: Not authorized to update patient","requesterId":"694290d3f9d6a47ccfa3c393","requesterRole":"Patient","service":"ehr-backend","targetUserId":"694290d4f9d6a47ccfa3c3a4","timestamp":"2025-12-17 22:15:32"}
{"email":"admin@test.com","level":"info","message":"User login successful","role":"Admin","service":"ehr-backend","timestamp":"2025-12-17 22:15:33","userId":"694290d4f9d6a47ccfa3c3a7"}
{"email":"manager@test.com","level":"info","message":"User login successful","role":"Manager","service":"ehr-backend","timestamp":"2025-12-17 22:15:33","userId":"694290d4f9d6a47ccfa3c3a9"}
{"email":"provider@test.com","level":"info","message":"User login successful","role":"Provider","service":"ehr-backend","timestamp":"2025-12-17 22:15:33","userId":"694290d4f9d6a47ccfa3c3ab"}
{"email":"employee@test.com","level":"info","message":"User login successful","role":"Employee","service":"ehr-backend","timestamp":"2025-12-17 22:15:33","userId":"694290d4f9d6a47ccfa3c3ad"}
{"email":"patient@test.com","level":"info","message":"User login successful","role":"Patient","service":"ehr-backend","timestamp":"2025-12-17 22:15:33","userId":"694290d4f9d6a47ccfa3c3af"}
{"email":"admin@test.com","level":"info","message":"User login successful","role":"Admin","service":"ehr-backend","timestamp":"2025-12-17 22:15:33","userId":"694290d5f9d6a47ccfa3c3c0"}
{"email":"manager@test.com","level":"info","message":"User login successful","role":"Manager","service":"ehr-backend","timestamp":"2025-12-17 22:15:33","userId":"694290d5f9d6a47ccfa3c3c2"}
{"email":"provider@test.com","level":"info","message":"User login successful","role":"Provider","service":"ehr-backend","timestamp":"2025-12-17 22:15:34","userId":"694290d5f9d6a47ccfa3c3c4"}
{"email":"employee@test.com","level":"info","message":"User login successful","role":"Employee","service":"ehr-backend","timestamp":"2025-12-17 22:15:34","userId":"694290d5f9d6a47ccfa3c3c6"}
{"email":"patient@test.com","level":"info","message":"User login successful","role":"Patient","service":"ehr-backend","timestamp":"2025-12-17 22:15:34","userId":"694290d5f9d6a47ccfa3c3c8"}
{"level":"info","message":"Authorization check","method":"GET","path":"/audit-logs","requiredRoles":["Admin"],"service":"ehr-backend","timestamp":"2025-12-17 22:15:34","userId":"694290d5f9d6a47ccfa3c3c4","userRole":"Provider"}
{"level":"warn","message":"Authorization denied: Insufficient permissions","method":"GET","path":"/audit-logs","requiredRoles":["Admin"],"service":"ehr-backend","timestamp":"2025-12-17 22:15:34","userId":"694290d5f9d6a47ccfa3c3c4","userRole":"Provider"}
{"email":"admin@test.com","level":"info","message":"User login successful","role":"Admin","service":"ehr-backend","timestamp":"2025-12-17 22:15:40","userId":"694290dbdea087333b0e549e"}
{"email":"manager@test.com","level":"info","message":"User login successful","role":"Manager","service":"ehr-backend","timestamp":"2025-12-17 22:15:40","userId":"694290dcdea087333b0e54a1"}
{"email":"provider@test.com","level":"info","message":"User login successful","role":"Provider","service":"ehr-backend","timestamp":"2025-12-17 22:15:40","userId":"694290dcdea087333b0e54a3"}
{"email":"assigned@test.com","level":"info","message":"User login successful","role":"Patient","service":"ehr-backend","timestamp":"2025-12-17 22:15:40","userId":"694290dcdea087333b0e54a7"}
{"creatorId":"694290dcdea087333b0e54a3","level":"info","message":"Record created successfully","patientId":"694290dcdea087333b0e54a7","recordId":"694290dcdea087333b0e54b7","service":"ehr-backend","timestamp":"2025-12-17 22:15:40"}
{"email":"admin@test.com","level":"info","message":"User login successful","role":"Admin","service":"ehr-backend","timestamp":"2025-12-17 22:15:41","userId":"694290dcdea087333b0e54bb"}
{"email":"manager@test.com","level":"info","message":"User login successful","role":"Manager","service":"ehr-backend","timestamp":"2025-12-17 22:15:41","userId":"694290dddea087333b0e54bd"}
{"email":"provider@test.com","level":"info","message":"User login successful","role":"Provider","service":"ehr-backend","timestamp":"2025-12-17 22:15:41","userId":"694290dddea087333b0e54bf"}
{"email":"assigned@test.com","level":"info","message":"User login successful","role":"Patient","service":"ehr-backend","timestamp":"2025-12-17 22:15:41","userId":"694290dddea087333b0e54c3"}
{"email":"admin@test.com","level":"info","message":"User login successful","role":"Admin","service":"ehr-backend","timestamp":"2025-12-17 22:15:42","userId":"694290dddea087333b0e54d3"}
{"email":"manager@test.com","level":"info","message":"User login successful","role":"Manager","service":"ehr-backend","timestamp":"2025-12-17 22:15:42","userId":"694290dddea087333b0e54d5"}
{"email":"provider@test.com","level":"info","message":"User login successful","role":"Provider","service":"ehr-backend","timestamp":"2025-12-17 22:15:42","userId":"694290dddea087333b0e54d7"}
{"email":"assigned@test.com","level":"info","message":"User login successful","role":"Patient","service":"ehr-backend","timestamp":"2025-12-17 22:15:42","userId":"694290dedea087333b0e54db"}
{"creatorId":"694290dddea087333b0e54d5","level":"info","message":"Record created successfully","patientId":"694290dddea087333b0e54d9","recordId":"694290dedea087333b0e54ea","service":"ehr-backend","timestamp":"2025-12-17 22:15:42"}
{"email":"admin@test.com","level":"info","message":"User login successful","role":"Admin","service":"ehr-backend","timestamp":"2025-12-17 22:15:43","userId":"694290dedea087333b0e54ee"}
{"email":"manager@test.com","level":"info","message":"User login successful","role":"Manager","service":"ehr-backend","timestamp":"2025-12-17 22:15:43","userId":"694290dedea087333b0e54f0"}
{"email":"provider@test.com","level":"info","message":"User login successful","role":"Provider","service":"ehr-backend","timestamp":"2025-12-17 22:15:43","userId":"694290dedea087333b0e54f2"}
{"email":"assigned@test.com","level":"info","message":"User login successful","role":"Patient","service":"ehr-backend","timestamp":"2025-12-17 22:15:43","userId":"694290dfdea087333b0e54f6"}
{"email":"admin@test.com","level":"info","message":"User login successful","role":"Admin","service":"ehr-backend","timestamp":"2025-12-17 22:15:44","userId":"694290dfdea087333b0e5505"}
{"email":"manager@test.com","level":"info","message":"User login successful","role":"Manager","service":"ehr-backend","timestamp":"2025-12-17 22:15:44","userId":"694290dfdea087333b0e5507"}
{"email":"provider@test.com","level":"info","message":"User login successful","role":"Provider","service":"ehr-backend","timestamp":"2025-12-17 22:15:44","userId":"694290dfdea087333b0e5509"}
{"email":"assigned@test.com","level":"info","message":"User login successful","role":"Patient","service":"ehr-backend","timestamp":"2025-12-17 22:15:44","userId":"694290dfdea087333b0e550d"}
{"email":"admin@test.com","level":"info","message":"User login successful","role":"Admin","service":"ehr-backend","timestamp":"2025-12-17 22:15:44","userId":"694290e0dea087333b0e551c"}
{"email":"manager@test.com","level":"info","message":"User login successful","role":"Manager","service":"ehr-backend","timestamp":"2025-12-17 22:15:45","userId":"694290e0dea087333b0e551e"}
{"email":"provider@test.com","level":"info","message":"User login successful","role":"Provider","service":"ehr-backend","timestamp":"2025-12-17 22:15:45","userId":"694290e0dea087333b0e5520"}
{"email":"assigned@test.com","level":"info","message":"User login successful","role":"Patient","service":"ehr-backend","timestamp":"2025-12-17 22:15:45","userId":"694290e0dea087333b0e5524"}
{"email":"admin@test.com","level":"info","message":"User login successful","role":"Admin","service":"ehr-backend","timestamp":"2025-12-17 22:15:45","userId":"694290e1dea087333b0e5533"}
{"email":"manager@test.com","level":"info","message":"User login successful","role":"Manager","service":"ehr-backend","timestamp":"2025-12-17 22:15:45","userId":"694290e1dea087333b0e5535"}
{"email":"provider@test.com","level":"info","message":"User login successful","role":"Provider","service":"ehr-backend","timestamp":"2025-12-17 22:15:45","userId":"694290e1dea087333b0e5537"}
{"email":"assigned@test.com","level":"info","message":"User login successful","role":"Patient","service":"ehr-backend","timestamp":"2025-12-17 22:15:46","userId":"694290e1dea087333b0e553b"}
{"creatorId":"694290e1dea087333b0e5537","level":"info","message":"Record created successfully","patientId":"694290e1dea087333b0e553b","recordId":"694290e2dea087333b0e554b","service":"ehr-backend","timestamp":"2025-12-17 22:15:46"}
{"email":"admin@test.com","level":"info","message":"User login successful","role":"Admin","service":"ehr-backend","timestamp":"2025-12-17 22:15:46","userId":"694290e2dea087333b0e554f"}
{"email":"manager@test.com","level":"info","message":"User login successful","role":"Manager","service":"ehr-backend","timestamp":"2025-12-17 22:15:46","userId":"694290e2dea087333b0e5551"}
{"email":"provider@test.com","level":"info","message":"User login successful","role":"Provider","service":"ehr-backend","timestamp":"2025-12-17 22:15:47","userId":"694290e2dea087333b0e5553"}
{"email":"assigned@test.com","level":"info","message":"User login successful","role":"Patient","service":"ehr-backend","timestamp":"2025-12-17 22:15:47","userId":"694290e2dea087333b0e5557"}
{"level":"info","message":"Records retrieved","recordCount":1,"role":"Manager","service":"ehr-backend","timestamp":"2025-12-17 22:15:47","userId":"694290e2dea087333b0e5551"}
{"email":"admin@test.com","level":"info","message":"User login successful","role":"Admin","service":"ehr-backend","timestamp":"2025-12-17 22:15:47","userId":"694290e3dea087333b0e556c"}
{"email":"manager@test.com","level":"info","message":"User login successful","role":"Manager","service":"ehr-backend","timestamp":"2025-12-17 22:15:47","userId":"694290e3dea087333b0e556e"}
{"email":"provider@test.com","level":"info","message":"User login successful","role":"Provider","service":"ehr-backend","timestamp":"2025-12-17 22:15:48","userId":"694290e3dea087333b0e5570"}
{"email":"assigned@test.com","level":"info","message":"User login successful","role":"Patient","service":"ehr-backend","timestamp":"2025-12-17 22:15:48","userId":"694290e3dea087333b0e5574"}
{"email":"admin@test.com","level":"info","message":"User login successful","role":"Admin","service":"ehr-backend","timestamp":"2025-12-17 22:15:48","userId":"694290e4dea087333b0e5583"}
{"email":"manager@test.com","level":"info","message":"User login successful","role":"Manager","service":"ehr-backend","timestamp":"2025-12-17 22:15:48","userId":"694290e4dea087333b0e5585"}
{"email":"provider@test.com","level":"info","message":"User login successful","role":"Provider","service":"ehr-backend","timestamp":"2025-12-17 22:15:48","userId":"694290e4dea087333b0e5587"}
{"email":"assigned@test.com","level":"info","message":"User login successful","role":"Patient","service":"ehr-backend","timestamp":"2025-12-17 22:15:48","userId":"694290e4dea087333b0e558b"}
{"email":"admin@test.com","level":"info","message":"User login successful","role":"Admin","service":"ehr-backend","timestamp":"2025-12-17 22:15:49","userId":"694290e4dea087333b0e559a"}
{"email":"manager@test.com","level":"info","message":"User login successful","role":"Manager","service":"ehr-backend","timestamp":"2025-12-17 22:15:49","userId":"694290e5dea087333b0e559c"}
{"email":"provider@test.com","level":"info","message":"User login successful","role":"Provider","service":"ehr-backend","timestamp":"2025-12-17 22:15:49","userId":"694290e5dea087333b0e559e"}
{"email":"assigned@test.com","level":"info","message":"User login successful","role":"Patient","service":"ehr-backend","timestamp":"2025-12-17 22:15:49","userId":"694290e5dea087333b0e55a2"}
{"level":"info","message":"Patient records retrieved","patientId":"694290e5dea087333b0e55a2","recordCount":1,"service":"ehr-backend","timestamp":"2025-12-17 22:15:49"}
{"email":"admin@test.com","level":"info","message":"User login successful","role":"Admin","service":"ehr-backend","timestamp":"2025-12-17 22:15:50","userId":"694290e5dea087333b0e55b7"}
{"email":"manager@test.com","level":"info","message":"User login successful","role":"Manager","service":"ehr-backend","timestamp":"2025-12-17 22:15:50","userId":"694290e6dea087333b0e55b9"}
{"email":"provider@test.com","level":"info","message":"User login successful","role":"Provider","service":"ehr-backend","timestamp":"2025-12-17 22:15:50","userId":"694290e6dea087333b0e55bb"}
{"email":"assigned@test.com","level":"info","message":"User login successful","role":"Patient","service":"ehr-backend","timestamp":"2025-12-17 22:15:50","userId":"694290e6dea087333b0e55bf"}
{"level":"info","message":"Patient records retrieved","patientId":"694290e6dea087333b0e55bf","recordCount":1,"service":"ehr-backend","timestamp":"2025-12-17 22:15:50"}
{"email":"admin@test.com","level":"info","message":"User login successful","role":"Admin","service":"ehr-backend","timestamp":"2025-12-17 22:15:51","userId":"694290e6dea087333b0e55d6"}
{"email":"manager@test.com","level":"info","message":"User login successful","role":"Manager","service":"ehr-backend","timestamp":"2025-12-17 22:15:51","userId":"694290e7dea087333b0e55d8"}
{"email":"provider@test.com","level":"info","message":"User login successful","role":"Provider","service":"ehr-backend","timestamp":"2025-12-17 22:15:51","userId":"694290e7dea087333b0e55da"}
{"email":"assigned@test.com","level":"info","message":"User login successful","role":"Patient","service":"ehr-backend","timestamp":"2025-12-17 22:15:51","userId":"694290e7dea087333b0e55de"}
{"email":"admin@test.com","level":"info","message":"User login successful","role":"Admin","service":"ehr-backend","timestamp":"2025-12-17 22:15:52","userId":"694290e8dea087333b0e55ef"}
{"email":"manager@test.com","level":"info","message":"User login successful","role":"Manager","service":"ehr-backend","timestamp":"2025-12-17 22:15:52","userId":"694290e8dea087333b0e55f1"}
{"email":"provider@test.com","level":"info","message":"User login successful","role":"Provider","service":"ehr-backend","timestamp":"2025-12-17 22:15:52","userId":"694290e8dea087333b0e55f3"}
{"email":"assigned@test.com","level":"info","message":"User login successful","role":"Patient","service":"ehr-backend","timestamp":"2025-12-17 22:15:52","userId":"694290e8dea087333b0e55f7"}
{"level":"info","message":"Record retrieved by ID","recordId":"694290e8dea087333b0e5606","service":"ehr-backend","timestamp":"2025-12-17 22:15:52","userId":"694290e8dea087333b0e55f3"}
{"email":"admin@test.com","level":"info","message":"User login successful","role":"Admin","service":"ehr-backend","timestamp":"2025-12-17 22:15:53","userId":"694290e8dea087333b0e560c"}
{"email":"manager@test.com","level":"info","message":"User login successful","role":"Manager","service":"ehr-backend","timestamp":"2025-12-17 22:15:53","userId":"694290e9dea087333b0e560e"}
{"email":"provider@test.com","level":"info","message":"User login successful","role":"Provider","service":"ehr-backend","timestamp":"2025-12-17 22:15:53","userId":"694290e9dea087333b0e5610"}
{"email":"assigned@test.com","level":"info","message":"User login successful","role":"Patient","service":"ehr-backend","timestamp":"2025-12-17 22:15:53","userId":"694290e9dea087333b0e5614"}
{"level":"info","message":"Record retrieved by ID","recordId":"694290e9dea087333b0e5623","service":"ehr-backend","timestamp":"2025-12-17 22:15:53","userId":"694290e9dea087333b0e5614"}
{"email":"admin@test.com","level":"info","message":"User login successful","role":"Admin","service":"ehr-backend","timestamp":"2025-12-17 22:15:54","userId":"694290e9dea087333b0e5629"}
{"email":"manager@test.com","level":"info","message":"User login successful","role":"Manager","service":"ehr-backend","timestamp":"2025-12-17 22:15:54","userId":"694290eadea087333b0e562b"}
{"email":"provider@test.com","level":"info","message":"User login successful","role":"Provider","service":"ehr-backend","timestamp":"2025-12-17 22:15:54","userId":"694290eadea087333b0e562d"}
{"email":"assigned@test.com","level":"info","message":"User login successful","role":"Patient","service":"ehr-backend","timestamp":"2025-12-17 22:15:54","userId":"694290eadea087333b0e5631"}
{"level":"info","message":"Record retrieved by ID","recordId":"694290eadea087333b0e5640","service":"ehr-backend","timestamp":"2025-12-17 22:15:54","userId":"694290eadea087333b0e562b"}
{"email":"admin@test.com","level":"info","message":"User login successful","role":"Admin","service":"ehr-backend","timestamp":"2025-12-17 22:15:55","userId":"694290eadea087333b0e5646"}
{"email":"manager@test.com","level":"info","message":"User login successful","role":"Manager","service":"ehr-backend","timestamp":"2025-12-17 22:15:55","userId":"694290ebdea087333b0e5648"}
{"email":"provider@test.com","level":"info","message":"User login successful","role":"Provider","service":"ehr-backend","timestamp":"2025-12-17 22:15:55","userId":"694290ebdea087333b0e564a"}
{"email":"assigned@test.com","level":"info","message":"User login successful","role":"Patient","service":"ehr-backend","timestamp":"2025-12-17 22:15:55","userId":"694290ebdea087333b0e564e"}
{"email":"admin@test.com","level":"info","message":"User login successful","role":"Admin","service":"ehr-backend","timestamp":"2025-12-17 22:15:56","userId":"694290ebdea087333b0e5663"}
{"email":"manager@test.com","level":"info","message":"User login successful","role":"Manager","service":"ehr-backend","timestamp":"2025-12-17 22:15:56","userId":"694290ecdea087333b0e5665"}
{"email":"provider@test.com","level":"info","message":"User login successful","role":"Provider","service":"ehr-backend","timestamp":"2025-12-17 22:15:56","userId":"694290ecdea087333b0e5667"}
{"email":"assigned@test.com","level":"info","message":"User login successful","role":"Patient","service":"ehr-backend","timestamp":"2025-12-17 22:15:56","userId":"694290ecdea087333b0e566b"}
{"email":"admin@test.com","level":"info","message":"User login successful","role":"Admin","service":"ehr-backend","timestamp":"2025-12-17 22:15:57","userId":"694290ecdea087333b0e567d"}
{"email":"manager@test.com","level":"info","message":"User login successful","role":"Manager","service":"ehr-backend","timestamp":"2025-12-17 22:15:57","userId":"694290eddea087333b0e567f"}
{"email":"provider@test.com","level":"info","message":"User login successful","role":"Provider","service":"ehr-backend","timestamp":"2025-12-17 22:15:57","userId":"694290eddea087333b0e5681"}
{"email":"assigned@test.com","level":"info","message":"User login successful","role":"Patient","service":"ehr-backend","timestamp":"2025-12-17 22:15:57","userId":"694290eddea087333b0e5685"}
{"creatorId":"694290eddea087333b0e5681","level":"info","message":"Record created successfully","patientId":"694290eddea087333b0e5685","recordId":"694290eddea087333b0e5695","service":"ehr-backend","timestamp":"2025-12-17 22:15:57"}
{"email":"admin@test.com","level":"info","message":"User login successful","role":"Admin","service":"ehr-backend","timestamp":"2025-12-17 22:15:58","userId":"694290eddea087333b0e5699"}
{"email":"manager@test.com","level":"info","message":"User login successful","role":"Manager","service":"ehr-backend","timestamp":"2025-12-17 22:15:58","userId":"694290eedea087333b0e569b"}
{"email":"provider@test.com","level":"info","message":"User login successful","role":"Provider","service":"ehr-backend","timestamp":"2025-12-17 22:15:58","userId":"694290eedea087333b0e569d"}
{"email":"assigned@test.com","level":"info","message":"User login successful","role":"Patient","service":"ehr-backend","timestamp":"2025-12-17 22:15:58","userId":"694290eedea087333b0e56a1"}
{"email":"admin@test.com","level":"info","message":"User login successful","role":"Admin","service":"ehr-backend","timestamp":"2025-12-17 22:15:59","userId":"694290eedea087333b0e56b2"}
{"email":"manager@test.com","level":"info","message":"User login successful","role":"Manager","service":"ehr-backend","timestamp":"2025-12-17 22:15:59","userId":"694290efdea087333b0e56b4"}
{"email":"provider@test.com","level":"info","message":"User login successful","role":"Provider","service":"ehr-backend","timestamp":"2025-12-17 22:15:59","userId":"694290efdea087333b0e56b6"}
{"email":"assigned@test.com","level":"info","message":"User login successful","role":"Patient","service":"ehr-backend","timestamp":"2025-12-17 22:15:59","userId":"694290efdea087333b0e56ba"}
{"creatorId":"694290efdea087333b0e56b6","level":"info","message":"Record created successfully","patientId":"694290efdea087333b0e56ba","recordId":"694290efdea087333b0e56ca","service":"ehr-backend","timestamp":"2025-12-17 22:15:59"}
{"email":"admin@test.com","level":"info","message":"User login successful","role":"Admin","service":"ehr-backend","timestamp":"2025-12-17 22:16:00","userId":"694290efdea087333b0e56cf"}
{"email":"manager@test.com","level":"info","message":"User login successful","role":"Manager","service":"ehr-backend","timestamp":"2025-12-17 22:16:00","userId":"694290f0dea087333b0e56d1"}
{"email":"provider@test.com","level":"info","message":"User login successful","role":"Provider","service":"ehr-backend","timestamp":"2025-12-17 22:16:00","userId":"694290f0dea087333b0e56d3"}
{"email":"assigned@test.com","level":"info","message":"User login successful","role":"Patient","service":"ehr-backend","timestamp":"2025-12-17 22:16:00","userId":"694290f0dea087333b0e56d7"}
{"level":"info","message":"Record retrieved by ID","recordId":"694290f0dea087333b0e56e6","service":"ehr-backend","timestamp":"2025-12-17 22:16:00","userId":"694290f0dea087333b0e56d3"}
{"email":"admin@test.com","level":"info","message":"User login successful","role":"Admin","service":"ehr-backend","timestamp":"2025-12-17 22:16:33","userId":"69429111f228b6ea5916ee8d"}
{"email":"manager@test.com","level":"info","message":"User login successful","role":"Manager","service":"ehr-backend","timestamp":"2025-12-17 22:16:34","userId":"69429111f228b6ea5916ee95"}
{"email":"provider@test.com","level":"info","message":"User login successful","role":"Provider","service":"ehr-backend","timestamp":"2025-12-17 22:16:34","userId":"69429112f228b6ea5916ee9a"}
{"email":"employee@test.com","level":"info","message":"User login successful","role":"Employee","service":"ehr-backend","timestamp":"2025-12-17 22:16:35","userId":"69429112f228b6ea5916ee9f"}
{"email":"patient@test.com","level":"info","message":"User login successful","role":"Patient","service":"ehr-backend","timestamp":"2025-12-17 22:16:35","userId":"69429113f228b6ea5916eea4"}
{"email":"admin@test.com","level":"info","message":"User login successful","role":"Admin","service":"ehr-backend","timestamp":"2025-12-17 22:16:35","userId":"69429113f228b6ea5916eea9"}
{"email":"patient@test.com","ip":"::ffff:127.0.0.1","level":"warn","message":"Login attempt failed: Invalid password","service":"ehr-backend","timestamp":"2025-12-17 22:16:36","userId":"69429113f228b6ea5916eeae"}
{"email":"nonexistent@example.com","ip":"::ffff:127.0.0.1","level":"warn","message":"Login attempt failed: User not found","service":"ehr-backend","timestamp":"2025-12-17 22:16:36"}
{"ip":"::ffff:127.0.0.1","level":"warn","message":"Login attempt failed: User not found","service":"ehr-backend","timestamp":"2025-12-17 22:16:36"}
{"email":"patient@test.com","error":"data and hash arguments required","level":"error","message":"Login error","service":"ehr-backend","timestamp":"2025-12-17 22:16:36"}
{"email":"admin@test.com","level":"info","message":"User login successful","role":"Admin","service":"ehr-backend","timestamp":"2025-12-17 22:16:36","userId":"69429114f228b6ea5916eeb6"}
{"ip":"::ffff:127.0.0.1","level":"warn","message":"Authentication failed: Token missing","method":"GET","path":"/me","service":"ehr-backend","timestamp":"2025-12-17 22:16:36"}
{"error":"jwt malformed","ip":"::ffff:127.0.0.1","level":"warn","message":"Authentication failed: JWT verification failed","method":"GET","path":"/me","service":"ehr-backend","timestamp":"2025-12-17 22:16:36"}
{"error":"jwt expired","ip":"::ffff:127.0.0.1","level":"warn","message":"Authentication failed: JWT verification failed","method":"GET","path":"/me","service":"ehr-backend","timestamp":"2025-12-17 22:16:37"}
{"error":"invalid token","ip":"::ffff:127.0.0.1","level":"warn","message":"Authentication failed: JWT verification failed","method":"GET","path":"/me","service":"ehr-backend","timestamp":"2025-12-17 22:16:37"}
{"email":"admin@test.com","level":"info","message":"User login successful","role":"Admin","service":"ehr-backend","timestamp":"2025-12-17 22:16:38","userId":"69429115f228b6ea5916eec5"}
{"level":"info","message":"User logout","service":"ehr-backend","timestamp":"2025-12-17 22:16:38"}
{"level":"info","message":"User logout","service":"ehr-backend","timestamp":"2025-12-17 22:16:38"}
{"email":"admin@test.com","level":"info","message":"User login successful","role":"Admin","service":"ehr-backend","timestamp":"2025-12-17 22:16:38","userId":"69429116f228b6ea5916eece"}
{"email":"admin@test.com","level":"info","message":"User login successful","role":"Admin","service":"ehr-backend","timestamp":"2025-12-17 22:16:38","userId":"69429116f228b6ea5916eed3"}
{"level":"info","message":"User logout","service":"ehr-backend","timestamp":"2025-12-17 22:16:39"}
{"ip":"::ffff:127.0.0.1","level":"warn","message":"Authentication failed: Token missing","method":"GET","path":"/me","service":"ehr-backend","timestamp":"2025-12-17 22:16:39"}
{"email":"admin@test.com","level":"info","message":"User login successful","role":"Admin","service":"ehr-backend","timestamp":"2025-12-17 22:16:39","userId":"69429117f228b6ea5916eeda"}
{"level":"info","message":"Authorization check","method":"GET","path":"/audit-logs","requiredRoles":["Admin"],"service":"ehr-backend","timestamp":"2025-12-17 22:16:39","userId":"69429117f228b6ea5916eeda","userRole":"Admin"}
{"level":"info","message":"Admin 69429117f228b6ea5916eeda retrieved 1 audit logs","service":"ehr-backend","timestamp":"2025-12-17 22:16:39"}
{"ip":"::ffff:127.0.0.1","level":"warn","message":"Authentication failed: Token missing","method":"GET","path":"/audit-logs","service":"ehr-backend","timestamp":"2025-12-17 22:16:39"}
{"error":"jwt expired","ip":"::ffff:127.0.0.1","level":"warn","message":"Authentication failed: JWT verification failed","method":"GET","path":"/audit-logs","service":"ehr-backend","timestamp":"2025-12-17 22:16:39"}
{"email":"patient@test.com","level":"info","message":"User login successful","role":"Patient","service":"ehr-backend","timestamp":"2025-12-17 22:16:44","userId":"6942911cb12e4e80b98a9598"}
{"email":"admin@test.com","level":"info","message":"User login successful","role":"Admin","service":"ehr-backend","timestamp":"2025-12-17 22:16:45","userId":"6942911cb12e4e80b98a95a0"}
{"email":"nonexistent@test.com","ip":"::ffff:127.0.0.1","level":"warn","message":"Login attempt failed: User not found","service":"ehr-backend","timestamp":"2025-12-17 22:16:45"}
{"email":"patient@test.com","ip":"::ffff:127.0.0.1","level":"warn","message":"Login attempt failed: Invalid password","service":"ehr-backend","timestamp":"2025-12-17 22:16:45","userId":"6942911db12e4e80b98a95a9"}
{"ip":"::ffff:127.0.0.1","level":"warn","message":"Login attempt failed: User not found","service":"ehr-backend","timestamp":"2025-12-17 22:16:45"}
{"email":"patient@test.com","error":"data and hash arguments required","level":"error","message":"Login error","service":"ehr-backend","timestamp":"2025-12-17 22:16:46"}
{"email":"admin@test.com","level":"info","message":"User login successful","role":"Admin","service":"ehr-backend","timestamp":"2025-12-17 22:16:46","userId":"6942911eb12e4e80b98a95b0"}
{"email":"provider@test.com","level":"info","message":"User login successful","role":"Provider","service":"ehr-backend","timestamp":"2025-12-17 22:16:46","userId":"6942911eb12e4e80b98a95b5"}
{"email":"patient@test.com","level":"info","message":"User login successful","role":"Patient","service":"ehr-backend","timestamp":"2025-12-17 22:16:47","userId":"6942911eb12e4e80b98a95ba"}
{"ip":"::ffff:127.0.0.1","level":"warn","message":"Authentication failed: Token missing","method":"GET","path":"/me","service":"ehr-backend","timestamp":"2025-12-17 22:16:47"}
{"error":"jwt malformed","ip":"::ffff:127.0.0.1","level":"warn","message":"Authentication failed: JWT verification failed","method":"GET","path":"/me","service":"ehr-backend","timestamp":"2025-12-17 22:16:47"}
{"email":"patient@test.com","level":"info","message":"User login successful","role":"Patient","service":"ehr-backend","timestamp":"2025-12-17 22:16:47","userId":"6942911fb12e4e80b98a95c1"}
{"level":"info","message":"User logout","service":"ehr-backend","timestamp":"2025-12-17 22:16:47"}
{"level":"info","message":"User logout","service":"ehr-backend","timestamp":"2025-12-17 22:16:47"}
{"email":"admin@test.com","level":"info","message":"User login successful","role":"Admin","service":"ehr-backend","timestamp":"2025-12-17 22:16:48","userId":"6942911fb12e4e80b98a95ca"}
{"level":"info","message":"User logout","service":"ehr-backend","timestamp":"2025-12-17 22:16:48"}
{"ip":"::ffff:127.0.0.1","level":"warn","message":"Authentication failed: Token missing","method":"GET","path":"/me","service":"ehr-backend","timestamp":"2025-12-17 22:16:48"}
{"level":"info","message":"Authorization check","method":"GET","path":"/users","requiredRoles":["Admin"],"service":"ehr-backend","timestamp":"2025-12-17 22:16:52","userId":"69429123ebe126e606aa4ab3","userRole":"Admin"}
{"level":"info","message":"Admin 69429123ebe126e606aa4ab3 retrieved 5 users","service":"ehr-backend","timestamp":"2025-12-17 22:16:52"}
{"level":"info","message":"Authorization check","method":"GET","path":"/users","requiredRoles":["Admin"],"service":"ehr-backend","timestamp":"2025-12-17 22:16:52","userId":"69429124ebe126e606aa4ab8","userRole":"Manager"}
{"level":"warn","message":"Authorization denied: Insufficient permissions","method":"GET","path":"/users","requiredRoles":["Admin"],"service":"ehr-backend","timestamp":"2025-12-17 22:16:52","userId":"69429124ebe126e606aa4ab8","userRole":"Manager"}
{"level":"info","message":"Authorization check","method":"GET","path":"/users","requiredRoles":["Admin"],"service":"ehr-backend","timestamp":"2025-12-17 22:16:52","userId":"69429124ebe126e606aa4aba","userRole":"Provider"}
{"level":"warn","message":"Authorization denied: Insufficient permissions","method":"GET","path":"/users","requiredRoles":["Admin"],"service":"ehr-backend","timestamp":"2025-12-17 22:16:52","userId":"69429124ebe126e606aa4aba","userRole":"Provider"}
{"level":"info","message":"Authorization check","method":"GET","path":"/users","requiredRoles":["Admin"],"service":"ehr-backend","timestamp":"2025-12-17 22:16:52","userId":"69429124ebe126e606aa4abc","userRole":"Employee"}
{"level":"warn","message":"Authorization denied: Insufficient permissions","method":"GET","path":"/users","requiredRoles":["Admin"],"service":"ehr-backend","timestamp":"2025-12-17 22:16:52","userId":"69429124ebe126e606aa4abc","userRole":"Employee"}
{"level":"info","message":"Authorization check","method":"GET","path":"/users","requiredRoles":["Admin"],"service":"ehr-backend","timestamp":"2025-12-17 22:16:52","userId":"69429124ebe126e606aa4abe","userRole":"Patient"}
{"level":"warn","message":"Authorization denied: Insufficient permissions","method":"GET","path":"/users","requiredRoles":["Admin"],"service":"ehr-backend","timestamp":"2025-12-17 22:16:52","userId":"69429124ebe126e606aa4abe","userRole":"Patient"}
{"ip":"::ffff:127.0.0.1","level":"warn","message":"Authentication failed: Token missing","method":"GET","path":"/users","service":"ehr-backend","timestamp":"2025-12-17 22:16:52"}
{"level":"info","message":"Authorization check","method":"POST","path":"/register","requiredRoles":["Employee","Manager","Admin"],"service":"ehr-backend","timestamp":"2025-12-17 22:16:53","userId":"69429123ebe126e606aa4ab3","userRole":"Admin"}
{"creatorId":"69429123ebe126e606aa4ab3","creatorRole":"Admin","level":"info","message":"User registered successfully","newUserId":"69429125ebe126e606aa4aca","newUserRole":"Patient","service":"ehr-backend","timestamp":"2025-12-17 22:16:53"}
{"level":"info","message":"Users list retrieved","requesterId":"69429124ebe126e606aa4ab8","requesterRole":"Manager","service":"ehr-backend","timestamp":"2025-12-17 22:16:53","userCount":6}
{"level":"warn","message":"Unauthorized access attempt to user list","service":"ehr-backend","timestamp":"2025-12-17 22:16:53","userId":"69429124ebe126e606aa4abe","userRole":"Patient"}
{"level":"info","message":"Records retrieved","recordCount":0,"role":"Admin","service":"ehr-backend","timestamp":"2025-12-17 22:16:53","userId":"69429123ebe126e606aa4ab3"}
{"level":"info","message":"Authorization check","method":"GET","path":"/users","requiredRoles":["Admin"],"service":"ehr-backend","timestamp":"2025-12-17 22:16:53","userId":"69429123ebe126e606aa4ab3","userRole":"Admin"}
{"level":"info","message":"Admin 69429123ebe126e606aa4ab3 retrieved 6 users","service":"ehr-backend","timestamp":"2025-12-17 22:16:53"}
{"level":"info","message":"Records retrieved","recordCount":0,"role":"Admin","service":"ehr-backend","timestamp":"2025-12-17 22:16:53","userId":"69429123ebe126e606aa4ab3"}
{"level":"info","message":"Authorization check","method":"GET","path":"/users","requiredRoles":["Admin"],"service":"ehr-backend","timestamp":"2025-12-17 22:16:53","userId":"69429124ebe126e606aa4abe","userRole":"Patient"}
{"level":"warn","message":"Authorization denied: Insufficient permissions","method":"GET","path":"/users","requiredRoles":["Admin"],"service":"ehr-backend","timestamp":"2025-12-17 22:16:53","userId":"69429124ebe126e606aa4abe","userRole":"Patient"}
{"level":"info","message":"Authorization check","method":"GET","path":"/users","requiredRoles":["Admin"],"service":"ehr-backend","timestamp":"2025-12-17 22:16:53","userId":"69429124ebe126e606aa4abc","userRole":"Employee"}
{"level":"warn","message":"Authorization denied: Insufficient permissions","method":"GET","path":"/users","requiredRoles":["Admin"],"service":"ehr-backend","timestamp":"2025-12-17 22:16:53","userId":"69429124ebe126e606aa4abc","userRole":"Employee"}
{"level":"info","message":"Authorization check","method":"GET","path":"/users","requiredRoles":["Admin"],"service":"ehr-backend","timestamp":"2025-12-17 22:16:53","userId":"69429124ebe126e606aa4aba","userRole":"Provider"}
{"level":"warn","message":"Authorization denied: Insufficient permissions","method":"GET","path":"/users","requiredRoles":["Admin"],"service":"ehr-backend","timestamp":"2025-12-17 22:16:53","userId":"69429124ebe126e606aa4aba","userRole":"Provider"}
{"level":"info","message":"Authorization check","method":"GET","path":"/users","requiredRoles":["Admin"],"service":"ehr-backend","timestamp":"2025-12-17 22:16:53","userId":"69429124ebe126e606aa4ab8","userRole":"Manager"}
{"level":"warn","message":"Authorization denied: Insufficient permissions","method":"GET","path":"/users","requiredRoles":["Admin"],"service":"ehr-backend","timestamp":"2025-12-17 22:16:53","userId":"69429124ebe126e606aa4ab8","userRole":"Manager"}
{"ip":"::ffff:127.0.0.1","level":"warn","message":"Authentication failed: Token missing","method":"GET","path":"/","service":"ehr-backend","timestamp":"2025-12-17 22:16:53"}
{"ip":"::ffff:127.0.0.1","level":"warn","message":"Authentication failed: Token missing","method":"GET","path":"/","service":"ehr-backend","timestamp":"2025-12-17 22:16:53"}
{"ip":"::ffff:127.0.0.1","level":"warn","message":"Authentication failed: Token missing","method":"GET","path":"/users","service":"ehr-backend","timestamp":"2025-12-17 22:16:53"}
{"ip":"::ffff:127.0.0.1","level":"warn","message":"Authentication failed: Token missing","method":"GET","path":"/me","service":"ehr-backend","timestamp":"2025-12-17 22:16:53"}
{"error":"invalid signature","ip":"::ffff:127.0.0.1","level":"warn","message":"Authentication failed: JWT verification failed","method":"GET","path":"/me","service":"ehr-backend","timestamp":"2025-12-17 22:16:53"}
{"level":"info","message":"Authorization check","method":"GET","path":"/users","requiredRoles":["Admin"],"service":"ehr-backend","timestamp":"2025-12-17 22:16:53","userId":"69429124ebe126e606aa4abe","userRole":"Patient"}
{"level":"warn","message":"Authorization denied: Insufficient permissions","method":"GET","path":"/users","requiredRoles":["Admin"],"service":"ehr-backend","timestamp":"2025-12-17 22:16:53","userId":"69429124ebe126e606aa4abe","userRole":"Patient"}
{"level":"warn","message":"Unauthorized access attempt to user list","service":"ehr-backend","timestamp":"2025-12-17 22:16:53","userId":"69429124ebe126e606aa4abe","userRole":"Patient"}
{"level":"info","message":"Authorization check","method":"DELETE","path":"/users/someid","requiredRoles":["Admin"],"service":"ehr-backend","timestamp":"2025-12-17 22:16:53","userId":"69429124ebe126e606aa4aba","userRole":"Provider"}
{"level":"warn","message":"Authorization denied: Insufficient permissions","method":"DELETE","path":"/users/someid","requiredRoles":["Admin"],"service":"ehr-backend","timestamp":"2025-12-17 22:16:53","userId":"69429124ebe126e606aa4aba","userRole":"Provider"}
{"keyVersion":1,"level":"info","message":"Public key retrieved successfully","service":"ehr-backend","timestamp":"2025-12-17 22:16:56"}
{"keyVersion":1,"level":"info","message":"Public key retrieved successfully","service":"ehr-backend","timestamp":"2025-12-17 22:16:56"}
{"keyVersion":1,"level":"info","message":"Public key retrieved successfully","service":"ehr-backend","timestamp":"2025-12-17 22:16:56"}
{"keyVersion":1,"level":"info","message":"Public key retrieved successfully","service":"ehr-backend","timestamp":"2025-12-17 22:16:57"}
{"keyVersion":1,"level":"info","message":"Public key retrieved successfully","service":"ehr-backend","timestamp":"2025-12-17 22:16:57"}
{"error":"Service unavailable","level":"error","message":"Failed to retrieve public key","service":"ehr-backend","timestamp":"2025-12-17 22:16:57"}
{"keyVersion":1,"level":"info","message":"Public key retrieved successfully","service":"ehr-backend","timestamp":"2025-12-17 22:16:57"}
{"keyVersion":1,"level":"info","message":"Public key retrieved successfully","service":"ehr-backend","timestamp":"2025-12-17 22:16:57"}
{"keyVersion":1,"level":"info","message":"Public key retrieved successfully","service":"ehr-backend","timestamp":"2025-12-17 22:16:57"}
{"level":"info","message":"Health check performed","service":"ehr-backend","services":{"api":"operational","mongodb":"connected","openbao":"healthy"},"status":"healthy","timestamp":"2025-12-17 22:16:59"}
{"level":"info","message":"Health check performed","service":"ehr-backend","services":{"api":"operational","mongodb":"connected","openbao":"healthy"},"status":"healthy","timestamp":"2025-12-17 22:16:59"}
{"level":"info","message":"Health check performed","service":"ehr-backend","services":{"api":"operational","mongodb":"connected","openbao":"healthy"},"status":"healthy","timestamp":"2025-12-17 22:16:59"}
{"level":"info","message":"Health check performed","service":"ehr-backend","services":{"api":"operational","mongodb":"connected","openbao":"healthy"},"status":"healthy","timestamp":"2025-12-17 22:16:59"}
{"level":"info","message":"Health check performed","service":"ehr-backend","services":{"api":"operational","mongodb":"connected","openbao":"healthy"},"status":"healthy","timestamp":"2025-12-17 22:16:59"}
{"level":"info","message":"Health check performed","service":"ehr-backend","services":{"api":"operational","mongodb":"connected","openbao":"unhealthy"},"status":"unhealthy","timestamp":"2025-12-17 22:16:59"}
{"level":"info","message":"Health check performed","service":"ehr-backend","services":{"api":"operational","mongodb":"connected","openbao":"healthy"},"status":"healthy","timestamp":"2025-12-17 22:17:00"}
{"level":"info","message":"Health check performed","service":"ehr-backend","services":{"api":"operational","mongodb":"connected","openbao":"healthy"},"status":"healthy","timestamp":"2025-12-17 22:17:00"}
{"level":"info","message":"Health check performed","service":"ehr-backend","services":{"api":"operational","mongodb":"connected","openbao":"healthy"},"status":"healthy","timestamp":"2025-12-17 22:17:00"}
{"level":"error","message":"Health check failed: Health check failed","service":"ehr-backend","stack":"Error: Health check failed\n    at Object.<anonymous> (/Users/user/Documents/Monash/CyberSecurity/Assesment2/Final Submission/TP6 25/EHR_draft/ehr-backend/test/integration/health.integration.test.js:254:55)\n    at Promise.finally.completed (/Users/user/Documents/Monash/CyberSecurity/Assesment2/Final Submission/TP6 25/EHR_draft/ehr-backend/node_modules/jest-circus/build/jestAdapterInit.js:1557:28)\n    at new Promise (<anonymous>)\n    at callAsyncCircusFn (/Users/user/Documents/Monash/CyberSecurity/Assesment2/Final Submission/TP6 25/EHR_draft/ehr-backend/node_modules/jest-circus/build/jestAdapterInit.js:1497:10)\n    at _callCircusTest (/Users/user/Documents/Monash/CyberSecurity/Assesment2/Final Submission/TP6 25/EHR_draft/ehr-backend/node_modules/jest-circus/build/jestAdapterInit.js:1007:40)\n    at processTicksAndRejections (node:internal/process/task_queues:103:5)\n    at _runTest (/Users/user/Documents/Monash/CyberSecurity/Assesment2/Final Submission/TP6 25/EHR_draft/ehr-backend/node_modules/jest-circus/build/jestAdapterInit.js:947:3)\n    at /Users/user/Documents/Monash/CyberSecurity/Assesment2/Final Submission/TP6 25/EHR_draft/ehr-backend/node_modules/jest-circus/build/jestAdapterInit.js:849:7\n    at _runTestsForDescribeBlock (/Users/user/Documents/Monash/CyberSecurity/Assesment2/Final Submission/TP6 25/EHR_draft/ehr-backend/node_modules/jest-circus/build/jestAdapterInit.js:862:11)\n    at _runTestsForDescribeBlock (/Users/user/Documents/Monash/CyberSecurity/Assesment2/Final Submission/TP6 25/EHR_draft/ehr-backend/node_modules/jest-circus/build/jestAdapterInit.js:857:11)\n    at _runTestsForDescribeBlock (/Users/user/Documents/Monash/CyberSecurity/Assesment2/Final Submission/TP6 25/EHR_draft/ehr-backend/node_modules/jest-circus/build/jestAdapterInit.js:857:11)\n    at run (/Users/user/Documents/Monash/CyberSecurity/Assesment2/Final Submission/TP6 25/EHR_draft/ehr-backend/node_modules/jest-circus/build/jestAdapterInit.js:761:3)\n    at runAndTransformResultsToJestFormat (/Users/user/Documents/Monash/CyberSecurity/Assesment2/Final Submission/TP6 25/EHR_draft/ehr-backend/node_modules/jest-circus/build/jestAdapterInit.js:1918:21)\n    at jestAdapter (/Users/user/Documents/Monash/CyberSecurity/Assesment2/Final Submission/TP6 25/EHR_draft/ehr-backend/node_modules/jest-circus/build/runner.js:101:19)\n    at runTestInternal (/Users/user/Documents/Monash/CyberSecurity/Assesment2/Final Submission/TP6 25/EHR_draft/ehr-backend/node_modules/jest-runner/build/index.js:275:16)\n    at runTest (/Users/user/Documents/Monash/CyberSecurity/Assesment2/Final Submission/TP6 25/EHR_draft/ehr-backend/node_modules/jest-runner/build/index.js:343:7)","timestamp":"2025-12-17 22:17:00"}
{"level":"info","message":"Health check performed","service":"ehr-backend","services":{"api":"operational","mongodb":"connected","openbao":"unhealthy"},"status":"unhealthy","timestamp":"2025-12-17 22:17:00"}
{"level":"info","message":"Health check performed","service":"ehr-backend","services":{"api":"operational","mongodb":"connected","openbao":"healthy"},"status":"healthy","timestamp":"2025-12-17 22:17:00"}
{"error":"Cannot read properties of undefined (reading 'ciphertext')","fields":["diagnosis","notes"],"level":"error","message":"transitEncryptMiddleware error","service":"ehr-backend","timestamp":"2025-12-17 22:17:05"}
{"error":"Encryption service down","fields":["diagnosis"],"level":"error","message":"transitEncryptMiddleware error","service":"ehr-backend","timestamp":"2025-12-17 22:17:05"}
{"error":"Second field failed","fields":["diagnosis","notes"],"level":"error","message":"transitEncryptMiddleware error","service":"ehr-backend","timestamp":"2025-12-17 22:17:05"}
{"error":"Decryption service down","fields":["diagnosis"],"level":"error","message":"transitDecryptMiddleware error","service":"ehr-backend","timestamp":"2025-12-17 22:17:06"}
{"error":"Second field failed","fields":["diagnosis","notes"],"level":"error","message":"transitDecryptMiddleware error","service":"ehr-backend","timestamp":"2025-12-17 22:17:06"}
{"level":"warn","message":"Authentication failed: Token missing","service":"ehr-backend","timestamp":"2025-12-17 22:17:06"}
{"error":"Invalid token","level":"warn","message":"Authentication failed: JWT verification failed","service":"ehr-backend","timestamp":"2025-12-17 22:17:06"}
{"error":"Token expired","level":"warn","message":"Authentication failed: JWT verification failed","service":"ehr-backend","timestamp":"2025-12-17 22:17:06"}
{"level":"info","message":"Authorization check","requiredRoles":["Patient"],"service":"ehr-backend","timestamp":"2025-12-17 22:17:06","userId":"user123","userRole":"Patient"}
{"level":"info","message":"Authorization check","requiredRoles":["Admin","Patient","Provider"],"service":"ehr-backend","timestamp":"2025-12-17 22:17:06","userId":"user123","userRole":"Patient"}
{"level":"info","message":"Authorization check","requiredRoles":["Admin"],"service":"ehr-backend","timestamp":"2025-12-17 22:17:06","userId":"user123","userRole":"Patient"}
{"level":"warn","message":"Authorization denied: Insufficient permissions","requiredRoles":["Admin"],"service":"ehr-backend","timestamp":"2025-12-17 22:17:06","userId":"user123","userRole":"Patient"}
{"level":"info","message":"Authorization check","requiredRoles":["Admin","Manager","Provider"],"service":"ehr-backend","timestamp":"2025-12-17 22:17:06","userId":"user123","userRole":"Patient"}
{"level":"warn","message":"Authorization denied: Insufficient permissions","requiredRoles":["Admin","Manager","Provider"],"service":"ehr-backend","timestamp":"2025-12-17 22:17:06","userId":"user123","userRole":"Patient"}
{"level":"info","message":"Authorization check","requiredRoles":["Patient"],"service":"ehr-backend","timestamp":"2025-12-17 22:17:06"}
{"level":"warn","message":"Authorization denied: Insufficient permissions","requiredRoles":["Patient"],"service":"ehr-backend","timestamp":"2025-12-17 22:17:06"}
{"level":"info","message":"Authorization check","requiredRoles":["Patient"],"service":"ehr-backend","timestamp":"2025-12-17 22:17:06","userId":"user123"}
{"level":"warn","message":"Authorization denied: Insufficient permissions","requiredRoles":["Patient"],"service":"ehr-backend","timestamp":"2025-12-17 22:17:06","userId":"user123"}
{"level":"info","message":"Authorization check","requiredRoles":["Admin"],"service":"ehr-backend","timestamp":"2025-12-17 22:17:06","userId":"user123","userRole":"Admin"}
{"level":"info","message":"Authorization check","requiredRoles":["Provider"],"service":"ehr-backend","timestamp":"2025-12-17 22:17:06","userId":"user123","userRole":"Provider"}
{"level":"info","message":"Authorization check","requiredRoles":["Manager"],"service":"ehr-backend","timestamp":"2025-12-17 22:17:06","userId":"user123","userRole":"Manager"}
{"level":"info","message":"Authorization check","requiredRoles":["Employee"],"service":"ehr-backend","timestamp":"2025-12-17 22:17:06","userId":"user123","userRole":"Employee"}
{"error":"invalid ciphertext format","level":"error","message":"Decryption failed","service":"ehr-backend","timestamp":"2025-12-17 22:17:07"}
{"error":"Unexpected token 'A', \"A��\r\u0002A���\u0018\"... is not valid JSON","level":"error","message":"Decryption failed","service":"ehr-backend","timestamp":"2025-12-17 22:17:07"}
{"error":"invalid ciphertext format","level":"error","message":"Decryption failed","service":"ehr-backend","timestamp":"2025-12-17 22:17:07"}
{"error":"Unexpected token '�', \"��B�\u0010���h�\"... is not valid JSON","level":"error","message":"Decryption failed","service":"ehr-backend","timestamp":"2025-12-17 22:17:07"}
{"error":"invalid ciphertext format","level":"error","message":"Decryption failed","service":"ehr-backend","timestamp":"2025-12-17 22:17:07"}
{"error":"invalid ciphertext format","level":"error","message":"Decryption failed","service":"ehr-backend","timestamp":"2025-12-17 22:17:07"}
{"error":"invalid ciphertext format","level":"error","message":"Decryption failed","service":"ehr-backend","timestamp":"2025-12-17 22:17:07"}
{"error":"Unexpected token '*', \"*~��G����p\"... is not valid JSON","level":"error","message":"Decryption failed","service":"ehr-backend","timestamp":"2025-12-17 22:17:07"}
{"level":"info","message":"OpenBao endpoints configured: [\"http://openbao:8200\",\"http://localhost:18200\"]","service":"ehr-backend","timestamp":"2025-12-17 12:18:53"}
{"level":"info","message":"Attempting to connect to OpenBao at http://openbao:8200","service":"ehr-backend","timestamp":"2025-12-17 12:18:53"}
{"level":"info","message":"Server running on port 3001","service":"ehr-backend","timestamp":"2025-12-17 12:18:53"}
{"level":"info","message":"Environment: development","service":"ehr-backend","timestamp":"2025-12-17 12:18:53"}
{"level":"info","message":"API Documentation: http://localhost:3001/api/docs","service":"ehr-backend","timestamp":"2025-12-17 12:18:53"}
{"host":"mongodb","level":"info","message":"MongoDB connected","name":"EhrDB","service":"ehr-backend","timestamp":"2025-12-17 12:18:53"}
{"level":"info","message":"OpenBao connection established at http://openbao:8200","service":"ehr-backend","timestamp":"2025-12-17 12:18:53"}
{"level":"info","message":"OpenBao initialized successfully","service":"ehr-backend","timestamp":"2025-12-17 12:18:53"}
{"level":"info","message":"OpenBao endpoints configured: [\"http://openbao:8200\",\"http://localhost:18200\"]","service":"ehr-backend","timestamp":"2025-12-17 12:22:21"}
{"level":"info","message":"Attempting to connect to OpenBao at http://openbao:8200","service":"ehr-backend","timestamp":"2025-12-17 12:22:21"}
{"level":"info","message":"Server running on port 3001","service":"ehr-backend","timestamp":"2025-12-17 12:22:21"}
{"level":"info","message":"Environment: development","service":"ehr-backend","timestamp":"2025-12-17 12:22:21"}
{"level":"info","message":"API Documentation: http://localhost:3001/api/docs","service":"ehr-backend","timestamp":"2025-12-17 12:22:21"}
{"host":"mongodb","level":"info","message":"MongoDB connected","name":"EhrDB","service":"ehr-backend","timestamp":"2025-12-17 12:22:21"}
{"level":"info","message":"OpenBao connection established at http://openbao:8200","service":"ehr-backend","timestamp":"2025-12-17 12:22:21"}
{"level":"info","message":"OpenBao initialized successfully","service":"ehr-backend","timestamp":"2025-12-17 12:22:21"}
{"email":"admin@test.com","level":"info","message":"User login successful","role":"Admin","service":"ehr-backend","timestamp":"2025-12-17 23:25:46","userId":"6942a1492634b84b0ede3f3a"}
{"email":"manager@test.com","level":"info","message":"User login successful","role":"Manager","service":"ehr-backend","timestamp":"2025-12-17 23:25:46","userId":"6942a1492634b84b0ede3f3d"}
{"email":"provider@test.com","level":"info","message":"User login successful","role":"Provider","service":"ehr-backend","timestamp":"2025-12-17 23:25:46","userId":"6942a1492634b84b0ede3f3f"}
{"email":"employee@test.com","level":"info","message":"User login successful","role":"Employee","service":"ehr-backend","timestamp":"2025-12-17 23:25:46","userId":"6942a1492634b84b0ede3f41"}
{"email":"patient@test.com","level":"info","message":"User login successful","role":"Patient","service":"ehr-backend","timestamp":"2025-12-17 23:25:46","userId":"6942a1492634b84b0ede3f43"}
{"level":"info","message":"Authorization check","method":"POST","path":"/register","requiredRoles":["Employee","Manager","Admin"],"service":"ehr-backend","timestamp":"2025-12-17 23:25:46","userId":"6942a1492634b84b0ede3f3a","userRole":"Admin"}
{"creatorId":"6942a1492634b84b0ede3f3a","creatorRole":"Admin","level":"info","message":"User registered successfully","newUserId":"6942a14a2634b84b0ede3f55","newUserRole":"Patient","service":"ehr-backend","timestamp":"2025-12-17 23:25:46"}
{"level":"info","message":"Authorization check","method":"POST","path":"/register","requiredRoles":["Employee","Manager","Admin"],"service":"ehr-backend","timestamp":"2025-12-17 23:25:46","userId":"6942a1492634b84b0ede3f3a","userRole":"Admin"}
{"creatorId":"6942a1492634b84b0ede3f3a","creatorRole":"Admin","level":"info","message":"User registered successfully","newUserId":"6942a14a2634b84b0ede3f5a","newUserRole":"Provider","service":"ehr-backend","timestamp":"2025-12-17 23:25:46"}
{"level":"info","message":"Authorization check","method":"POST","path":"/register","requiredRoles":["Employee","Manager","Admin"],"service":"ehr-backend","timestamp":"2025-12-17 23:25:46","userId":"6942a1492634b84b0ede3f3a","userRole":"Admin"}
{"creatorId":"6942a1492634b84b0ede3f3a","creatorRole":"Admin","level":"info","message":"User registered successfully","newUserId":"6942a14b2634b84b0ede3f5f","newUserRole":"Employee","service":"ehr-backend","timestamp":"2025-12-17 23:25:47"}
{"level":"info","message":"Authorization check","method":"POST","path":"/register","requiredRoles":["Employee","Manager","Admin"],"service":"ehr-backend","timestamp":"2025-12-17 23:25:47","userId":"6942a1492634b84b0ede3f3a","userRole":"Admin"}
{"creatorId":"6942a1492634b84b0ede3f3a","creatorRole":"Admin","level":"info","message":"User registered successfully","newUserId":"6942a14b2634b84b0ede3f64","newUserRole":"Manager","service":"ehr-backend","timestamp":"2025-12-17 23:25:47"}
{"email":"admin@test.com","level":"info","message":"User login successful","role":"Admin","service":"ehr-backend","timestamp":"2025-12-17 23:25:47","userId":"6942a14b2634b84b0ede3f68"}
{"email":"manager@test.com","level":"info","message":"User login successful","role":"Manager","service":"ehr-backend","timestamp":"2025-12-17 23:25:48","userId":"6942a14b2634b84b0ede3f6a"}
{"email":"provider@test.com","level":"info","message":"User login successful","role":"Provider","service":"ehr-backend","timestamp":"2025-12-17 23:25:48","userId":"6942a14b2634b84b0ede3f6c"}
{"email":"employee@test.com","level":"info","message":"User login successful","role":"Employee","service":"ehr-backend","timestamp":"2025-12-17 23:25:48","userId":"6942a14b2634b84b0ede3f6e"}
{"email":"patient@test.com","level":"info","message":"User login successful","role":"Patient","service":"ehr-backend","timestamp":"2025-12-17 23:25:48","userId":"6942a14b2634b84b0ede3f70"}
{"level":"info","message":"Authorization check","method":"POST","path":"/register","requiredRoles":["Employee","Manager","Admin"],"service":"ehr-backend","timestamp":"2025-12-17 23:25:48","userId":"6942a14b2634b84b0ede3f6a","userRole":"Manager"}
{"creatorId":"6942a14b2634b84b0ede3f6a","creatorRole":"Manager","level":"info","message":"User registered successfully","newUserId":"6942a14c2634b84b0ede3f82","newUserRole":"Employee","service":"ehr-backend","timestamp":"2025-12-17 23:25:48"}
{"level":"info","message":"Authorization check","method":"POST","path":"/register","requiredRoles":["Employee","Manager","Admin"],"service":"ehr-backend","timestamp":"2025-12-17 23:25:48","userId":"6942a14b2634b84b0ede3f6a","userRole":"Manager"}
{"creatorId":"6942a14b2634b84b0ede3f6a","creatorRole":"Manager","level":"info","message":"User registered successfully","newUserId":"6942a14c2634b84b0ede3f87","newUserRole":"Provider","service":"ehr-backend","timestamp":"2025-12-17 23:25:48"}
{"level":"info","message":"Authorization check","method":"POST","path":"/register","requiredRoles":["Employee","Manager","Admin"],"service":"ehr-backend","timestamp":"2025-12-17 23:25:48","userId":"6942a14b2634b84b0ede3f6a","userRole":"Manager"}
{"creatorId":"6942a14b2634b84b0ede3f6a","creatorRole":"Manager","level":"info","message":"User registered successfully","newUserId":"6942a14c2634b84b0ede3f8c","newUserRole":"Patient","service":"ehr-backend","timestamp":"2025-12-17 23:25:48"}
{"email":"admin@test.com","level":"info","message":"User login successful","role":"Admin","service":"ehr-backend","timestamp":"2025-12-17 23:25:49","userId":"6942a14c2634b84b0ede3f90"}
{"email":"manager@test.com","level":"info","message":"User login successful","role":"Manager","service":"ehr-backend","timestamp":"2025-12-17 23:25:49","userId":"6942a14c2634b84b0ede3f92"}
{"email":"provider@test.com","level":"info","message":"User login successful","role":"Provider","service":"ehr-backend","timestamp":"2025-12-17 23:25:49","userId":"6942a14d2634b84b0ede3f94"}
{"email":"employee@test.com","level":"info","message":"User login successful","role":"Employee","service":"ehr-backend","timestamp":"2025-12-17 23:25:49","userId":"6942a14d2634b84b0ede3f96"}
{"email":"patient@test.com","level":"info","message":"User login successful","role":"Patient","service":"ehr-backend","timestamp":"2025-12-17 23:25:49","userId":"6942a14d2634b84b0ede3f98"}
{"level":"info","message":"Authorization check","method":"POST","path":"/register","requiredRoles":["Employee","Manager","Admin"],"service":"ehr-backend","timestamp":"2025-12-17 23:25:49","userId":"6942a14c2634b84b0ede3f92","userRole":"Manager"}
{"creatorId":"6942a14c2634b84b0ede3f92","creatorRole":"Manager","level":"warn","message":"Registration denied: Insufficient permissions","service":"ehr-backend","targetRole":"Manager","timestamp":"2025-12-17 23:25:49"}
{"email":"admin@test.com","level":"info","message":"User login successful","role":"Admin","service":"ehr-backend","timestamp":"2025-12-17 23:25:50","userId":"6942a14d2634b84b0ede3fa9"}
{"email":"manager@test.com","level":"info","message":"User login successful","role":"Manager","service":"ehr-backend","timestamp":"2025-12-17 23:25:50","userId":"6942a14e2634b84b0ede3fab"}
{"email":"provider@test.com","level":"info","message":"User login successful","role":"Provider","service":"ehr-backend","timestamp":"2025-12-17 23:25:50","userId":"6942a14e2634b84b0ede3fad"}
{"email":"employee@test.com","level":"info","message":"User login successful","role":"Employee","service":"ehr-backend","timestamp":"2025-12-17 23:25:51","userId":"6942a14e2634b84b0ede3faf"}
{"email":"patient@test.com","level":"info","message":"User login successful","role":"Patient","service":"ehr-backend","timestamp":"2025-12-17 23:25:51","userId":"6942a14e2634b84b0ede3fb1"}
{"level":"info","message":"Authorization check","method":"POST","path":"/register","requiredRoles":["Employee","Manager","Admin"],"service":"ehr-backend","timestamp":"2025-12-17 23:25:51","userId":"6942a14e2634b84b0ede3faf","userRole":"Employee"}
{"creatorId":"6942a14e2634b84b0ede3faf","creatorRole":"Employee","level":"info","message":"User registered successfully","newUserId":"6942a14f2634b84b0ede3fc3","newUserRole":"Patient","service":"ehr-backend","timestamp":"2025-12-17 23:25:51"}
{"email":"admin@test.com","level":"info","message":"User login successful","role":"Admin","service":"ehr-backend","timestamp":"2025-12-17 23:25:51","userId":"6942a14f2634b84b0ede3fc7"}
{"email":"manager@test.com","level":"info","message":"User login successful","role":"Manager","service":"ehr-backend","timestamp":"2025-12-17 23:25:52","userId":"6942a14f2634b84b0ede3fc9"}
{"email":"provider@test.com","level":"info","message":"User login successful","role":"Provider","service":"ehr-backend","timestamp":"2025-12-17 23:25:52","userId":"6942a14f2634b84b0ede3fcb"}
{"email":"employee@test.com","level":"info","message":"User login successful","role":"Employee","service":"ehr-backend","timestamp":"2025-12-17 23:25:52","userId":"6942a14f2634b84b0ede3fcd"}
{"email":"patient@test.com","level":"info","message":"User login successful","role":"Patient","service":"ehr-backend","timestamp":"2025-12-17 23:25:52","userId":"6942a14f2634b84b0ede3fcf"}
{"level":"info","message":"Authorization check","method":"POST","path":"/register","requiredRoles":["Employee","Manager","Admin"],"service":"ehr-backend","timestamp":"2025-12-17 23:25:52","userId":"6942a14f2634b84b0ede3fcd","userRole":"Employee"}
{"creatorId":"6942a14f2634b84b0ede3fcd","creatorRole":"Employee","level":"warn","message":"Registration denied: Insufficient permissions","service":"ehr-backend","targetRole":"Provider","timestamp":"2025-12-17 23:25:52"}
{"email":"admin@test.com","level":"info","message":"User login successful","role":"Admin","service":"ehr-backend","timestamp":"2025-12-17 23:25:53","userId":"6942a1502634b84b0ede3fe0"}
{"email":"manager@test.com","level":"info","message":"User login successful","role":"Manager","service":"ehr-backend","timestamp":"2025-12-17 23:25:53","userId":"6942a1502634b84b0ede3fe2"}
{"email":"provider@test.com","level":"info","message":"User login successful","role":"Provider","service":"ehr-backend","timestamp":"2025-12-17 23:25:53","userId":"6942a1502634b84b0ede3fe4"}
{"email":"employee@test.com","level":"info","message":"User login successful","role":"Employee","service":"ehr-backend","timestamp":"2025-12-17 23:25:53","userId":"6942a1502634b84b0ede3fe6"}
{"email":"patient@test.com","level":"info","message":"User login successful","role":"Patient","service":"ehr-backend","timestamp":"2025-12-17 23:25:53","userId":"6942a1502634b84b0ede3fe8"}
{"level":"info","message":"Authorization check","method":"POST","path":"/register","requiredRoles":["Employee","Manager","Admin"],"service":"ehr-backend","timestamp":"2025-12-17 23:25:53","userId":"6942a1502634b84b0ede3fe6","userRole":"Employee"}
{"creatorId":"6942a1502634b84b0ede3fe6","creatorRole":"Employee","level":"warn","message":"Registration denied: Insufficient permissions","service":"ehr-backend","targetRole":"Employee","timestamp":"2025-12-17 23:25:53"}
{"email":"admin@test.com","level":"info","message":"User login successful","role":"Admin","service":"ehr-backend","timestamp":"2025-12-17 23:25:54","userId":"6942a1512634b84b0ede3ff9"}
{"email":"manager@test.com","level":"info","message":"User login successful","role":"Manager","service":"ehr-backend","timestamp":"2025-12-17 23:25:54","userId":"6942a1512634b84b0ede3ffb"}
{"email":"provider@test.com","level":"info","message":"User login successful","role":"Provider","service":"ehr-backend","timestamp":"2025-12-17 23:25:54","userId":"6942a1512634b84b0ede3ffd"}
{"email":"employee@test.com","level":"info","message":"User login successful","role":"Employee","service":"ehr-backend","timestamp":"2025-12-17 23:25:54","userId":"6942a1522634b84b0ede3fff"}
{"email":"patient@test.com","level":"info","message":"User login successful","role":"Patient","service":"ehr-backend","timestamp":"2025-12-17 23:25:54","userId":"6942a1522634b84b0ede4001"}
{"level":"info","message":"Authorization check","method":"POST","path":"/register","requiredRoles":["Employee","Manager","Admin"],"service":"ehr-backend","timestamp":"2025-12-17 23:25:54","userId":"6942a1512634b84b0ede3ffd","userRole":"Provider"}
{"level":"warn","message":"Authorization denied: Insufficient permissions","method":"POST","path":"/register","requiredRoles":["Employee","Manager","Admin"],"service":"ehr-backend","timestamp":"2025-12-17 23:25:54","userId":"6942a1512634b84b0ede3ffd","userRole":"Provider"}
{"email":"admin@test.com","level":"info","message":"User login successful","role":"Admin","service":"ehr-backend","timestamp":"2025-12-17 23:25:55","userId":"6942a1522634b84b0ede4014"}
{"email":"manager@test.com","level":"info","message":"User login successful","role":"Manager","service":"ehr-backend","timestamp":"2025-12-17 23:25:55","userId":"6942a1532634b84b0ede4016"}
{"email":"provider@test.com","level":"info","message":"User login successful","role":"Provider","service":"ehr-backend","timestamp":"2025-12-17 23:25:55","userId":"6942a1532634b84b0ede4018"}
{"email":"employee@test.com","level":"info","message":"User login successful","role":"Employee","service":"ehr-backend","timestamp":"2025-12-17 23:25:55","userId":"6942a1532634b84b0ede401a"}
{"email":"patient@test.com","level":"info","message":"User login successful","role":"Patient","service":"ehr-backend","timestamp":"2025-12-17 23:25:56","userId":"6942a1532634b84b0ede401c"}
{"level":"info","message":"Authorization check","method":"POST","path":"/register","requiredRoles":["Employee","Manager","Admin"],"service":"ehr-backend","timestamp":"2025-12-17 23:25:56","userId":"6942a1532634b84b0ede401c","userRole":"Patient"}
{"level":"warn","message":"Authorization denied: Insufficient permissions","method":"POST","path":"/register","requiredRoles":["Employee","Manager","Admin"],"service":"ehr-backend","timestamp":"2025-12-17 23:25:56","userId":"6942a1532634b84b0ede401c","userRole":"Patient"}
{"email":"admin@test.com","level":"info","message":"User login successful","role":"Admin","service":"ehr-backend","timestamp":"2025-12-17 23:25:56","userId":"6942a1542634b84b0ede402f"}
{"email":"manager@test.com","level":"info","message":"User login successful","role":"Manager","service":"ehr-backend","timestamp":"2025-12-17 23:25:56","userId":"6942a1542634b84b0ede4031"}
{"email":"provider@test.com","level":"info","message":"User login successful","role":"Provider","service":"ehr-backend","timestamp":"2025-12-17 23:25:57","userId":"6942a1542634b84b0ede4033"}
{"email":"employee@test.com","level":"info","message":"User login successful","role":"Employee","service":"ehr-backend","timestamp":"2025-12-17 23:25:57","userId":"6942a1542634b84b0ede4035"}
{"email":"patient@test.com","level":"info","message":"User login successful","role":"Patient","service":"ehr-backend","timestamp":"2025-12-17 23:25:57","userId":"6942a1542634b84b0ede4037"}
{"level":"info","message":"Authorization check","method":"GET","path":"/audit-logs","requiredRoles":["Admin"],"service":"ehr-backend","timestamp":"2025-12-17 23:25:57","userId":"6942a1542634b84b0ede402f","userRole":"Admin"}
{"level":"info","message":"Admin 6942a1542634b84b0ede402f retrieved 5 audit logs","service":"ehr-backend","timestamp":"2025-12-17 23:25:57"}
{"email":"admin@test.com","level":"info","message":"User login successful","role":"Admin","service":"ehr-backend","timestamp":"2025-12-17 23:25:57","userId":"6942a1552634b84b0ede4049"}
{"email":"manager@test.com","level":"info","message":"User login successful","role":"Manager","service":"ehr-backend","timestamp":"2025-12-17 23:25:58","userId":"6942a1552634b84b0ede404b"}
{"email":"provider@test.com","level":"info","message":"User login successful","role":"Provider","service":"ehr-backend","timestamp":"2025-12-17 23:25:58","userId":"6942a1552634b84b0ede404d"}
{"email":"employee@test.com","level":"info","message":"User login successful","role":"Employee","service":"ehr-backend","timestamp":"2025-12-17 23:25:58","userId":"6942a1552634b84b0ede404f"}
{"email":"patient@test.com","level":"info","message":"User login successful","role":"Patient","service":"ehr-backend","timestamp":"2025-12-17 23:25:58","userId":"6942a1552634b84b0ede4051"}
{"level":"info","message":"Authorization check","method":"GET","path":"/audit-logs","requiredRoles":["Admin"],"service":"ehr-backend","timestamp":"2025-12-17 23:25:58","userId":"6942a1552634b84b0ede404b","userRole":"Manager"}
{"level":"warn","message":"Authorization denied: Insufficient permissions","method":"GET","path":"/audit-logs","requiredRoles":["Admin"],"service":"ehr-backend","timestamp":"2025-12-17 23:25:58","userId":"6942a1552634b84b0ede404b","userRole":"Manager"}
{"email":"admin@test.com","level":"info","message":"User login successful","role":"Admin","service":"ehr-backend","timestamp":"2025-12-17 23:25:59","userId":"6942a1562634b84b0ede4064"}
{"email":"manager@test.com","level":"info","message":"User login successful","role":"Manager","service":"ehr-backend","timestamp":"2025-12-17 23:25:59","userId":"6942a1562634b84b0ede4066"}
{"email":"provider@test.com","level":"info","message":"User login successful","role":"Provider","service":"ehr-backend","timestamp":"2025-12-17 23:25:59","userId":"6942a1562634b84b0ede4068"}
{"email":"employee@test.com","level":"info","message":"User login successful","role":"Employee","service":"ehr-backend","timestamp":"2025-12-17 23:25:59","userId":"6942a1562634b84b0ede406a"}
{"email":"patient@test.com","level":"info","message":"User login successful","role":"Patient","service":"ehr-backend","timestamp":"2025-12-17 23:25:59","userId":"6942a1562634b84b0ede406c"}
{"level":"info","message":"Authorization check","method":"GET","path":"/audit-logs","requiredRoles":["Admin"],"service":"ehr-backend","timestamp":"2025-12-17 23:25:59","userId":"6942a1562634b84b0ede4068","userRole":"Provider"}
{"level":"warn","message":"Authorization denied: Insufficient permissions","method":"GET","path":"/audit-logs","requiredRoles":["Admin"],"service":"ehr-backend","timestamp":"2025-12-17 23:25:59","userId":"6942a1562634b84b0ede4068","userRole":"Provider"}
{"email":"admin@test.com","level":"info","message":"User login successful","role":"Admin","service":"ehr-backend","timestamp":"2025-12-17 23:26:00","userId":"6942a1572634b84b0ede407f"}
{"email":"manager@test.com","level":"info","message":"User login successful","role":"Manager","service":"ehr-backend","timestamp":"2025-12-17 23:26:00","userId":"6942a1572634b84b0ede4081"}
{"email":"provider@test.com","level":"info","message":"User login successful","role":"Provider","service":"ehr-backend","timestamp":"2025-12-17 23:26:00","userId":"6942a1572634b84b0ede4083"}
{"email":"employee@test.com","level":"info","message":"User login successful","role":"Employee","service":"ehr-backend","timestamp":"2025-12-17 23:26:00","userId":"6942a1582634b84b0ede4085"}
{"email":"patient@test.com","level":"info","message":"User login successful","role":"Patient","service":"ehr-backend","timestamp":"2025-12-17 23:26:00","userId":"6942a1582634b84b0ede4087"}
{"level":"info","message":"Authorization check","method":"GET","path":"/audit-logs","requiredRoles":["Admin"],"service":"ehr-backend","timestamp":"2025-12-17 23:26:00","userId":"6942a1582634b84b0ede4085","userRole":"Employee"}
{"level":"warn","message":"Authorization denied: Insufficient permissions","method":"GET","path":"/audit-logs","requiredRoles":["Admin"],"service":"ehr-backend","timestamp":"2025-12-17 23:26:00","userId":"6942a1582634b84b0ede4085","userRole":"Employee"}
{"email":"admin@test.com","level":"info","message":"User login successful","role":"Admin","service":"ehr-backend","timestamp":"2025-12-17 23:26:01","userId":"6942a1582634b84b0ede409a"}
{"email":"manager@test.com","level":"info","message":"User login successful","role":"Manager","service":"ehr-backend","timestamp":"2025-12-17 23:26:01","userId":"6942a1592634b84b0ede409c"}
{"email":"provider@test.com","level":"info","message":"User login successful","role":"Provider","service":"ehr-backend","timestamp":"2025-12-17 23:26:01","userId":"6942a1592634b84b0ede409e"}
{"email":"employee@test.com","level":"info","message":"User login successful","role":"Employee","service":"ehr-backend","timestamp":"2025-12-17 23:26:01","userId":"6942a1592634b84b0ede40a0"}
{"email":"patient@test.com","level":"info","message":"User login successful","role":"Patient","service":"ehr-backend","timestamp":"2025-12-17 23:26:02","userId":"6942a1592634b84b0ede40a2"}
{"level":"info","message":"Authorization check","method":"GET","path":"/audit-logs","requiredRoles":["Admin"],"service":"ehr-backend","timestamp":"2025-12-17 23:26:02","userId":"6942a1592634b84b0ede40a2","userRole":"Patient"}
{"level":"warn","message":"Authorization denied: Insufficient permissions","method":"GET","path":"/audit-logs","requiredRoles":["Admin"],"service":"ehr-backend","timestamp":"2025-12-17 23:26:02","userId":"6942a1592634b84b0ede40a2","userRole":"Patient"}
{"email":"admin@test.com","level":"info","message":"User login successful","role":"Admin","service":"ehr-backend","timestamp":"2025-12-17 23:26:02","userId":"6942a15a2634b84b0ede40b5"}
{"email":"manager@test.com","level":"info","message":"User login successful","role":"Manager","service":"ehr-backend","timestamp":"2025-12-17 23:26:02","userId":"6942a15a2634b84b0ede40b7"}
{"email":"provider@test.com","level":"info","message":"User login successful","role":"Provider","service":"ehr-backend","timestamp":"2025-12-17 23:26:02","userId":"6942a15a2634b84b0ede40b9"}
{"email":"employee@test.com","level":"info","message":"User login successful","role":"Employee","service":"ehr-backend","timestamp":"2025-12-17 23:26:03","userId":"6942a15a2634b84b0ede40bb"}
{"email":"patient@test.com","level":"info","message":"User login successful","role":"Patient","service":"ehr-backend","timestamp":"2025-12-17 23:26:03","userId":"6942a15a2634b84b0ede40bd"}
{"level":"info","message":"Authorization check","method":"POST","path":"/assign-patient","requiredRoles":["Admin"],"service":"ehr-backend","timestamp":"2025-12-17 23:26:03","userId":"6942a15a2634b84b0ede40b5","userRole":"Admin"}
{"level":"info","message":"Patient 6942a15a2634b84b0ede40bd assigned to Provider 6942a15a2634b84b0ede40b9 by Admin 6942a15a2634b84b0ede40b5","service":"ehr-backend","timestamp":"2025-12-17 23:26:03"}
{"email":"admin@test.com","level":"info","message":"User login successful","role":"Admin","service":"ehr-backend","timestamp":"2025-12-17 23:26:03","userId":"6942a15b2634b84b0ede40d2"}
{"email":"manager@test.com","level":"info","message":"User login successful","role":"Manager","service":"ehr-backend","timestamp":"2025-12-17 23:26:04","userId":"6942a15b2634b84b0ede40d4"}
{"email":"provider@test.com","level":"info","message":"User login successful","role":"Provider","service":"ehr-backend","timestamp":"2025-12-17 23:26:04","userId":"6942a15b2634b84b0ede40d6"}
{"email":"employee@test.com","level":"info","message":"User login successful","role":"Employee","service":"ehr-backend","timestamp":"2025-12-17 23:26:04","userId":"6942a15b2634b84b0ede40d8"}
{"email":"patient@test.com","level":"info","message":"User login successful","role":"Patient","service":"ehr-backend","timestamp":"2025-12-17 23:26:04","userId":"6942a15b2634b84b0ede40da"}
{"level":"info","message":"Authorization check","method":"POST","path":"/assign-patient","requiredRoles":["Admin"],"service":"ehr-backend","timestamp":"2025-12-17 23:26:04","userId":"6942a15b2634b84b0ede40d4","userRole":"Manager"}
{"level":"warn","message":"Authorization denied: Insufficient permissions","method":"POST","path":"/assign-patient","requiredRoles":["Admin"],"service":"ehr-backend","timestamp":"2025-12-17 23:26:04","userId":"6942a15b2634b84b0ede40d4","userRole":"Manager"}
{"email":"admin@test.com","level":"info","message":"User login successful","role":"Admin","service":"ehr-backend","timestamp":"2025-12-17 23:26:05","userId":"6942a15c2634b84b0ede40ed"}
{"email":"manager@test.com","level":"info","message":"User login successful","role":"Manager","service":"ehr-backend","timestamp":"2025-12-17 23:26:05","userId":"6942a15c2634b84b0ede40ef"}
{"email":"provider@test.com","level":"info","message":"User login successful","role":"Provider","service":"ehr-backend","timestamp":"2025-12-17 23:26:05","userId":"6942a15c2634b84b0ede40f1"}
{"email":"employee@test.com","level":"info","message":"User login successful","role":"Employee","service":"ehr-backend","timestamp":"2025-12-17 23:26:05","userId":"6942a15c2634b84b0ede40f3"}
{"email":"patient@test.com","level":"info","message":"User login successful","role":"Patient","service":"ehr-backend","timestamp":"2025-12-17 23:26:05","userId":"6942a15c2634b84b0ede40f5"}
{"level":"info","message":"Authorization check","method":"GET","path":"/audit-logs","requiredRoles":["Admin"],"service":"ehr-backend","timestamp":"2025-12-17 23:26:05","userId":"6942a15c2634b84b0ede40f5","userRole":"Patient"}
{"level":"warn","message":"Authorization denied: Insufficient permissions","method":"GET","path":"/audit-logs","requiredRoles":["Admin"],"service":"ehr-backend","timestamp":"2025-12-17 23:26:05","userId":"6942a15c2634b84b0ede40f5","userRole":"Patient"}
{"email":"admin@test.com","level":"info","message":"User login successful","role":"Admin","service":"ehr-backend","timestamp":"2025-12-17 23:26:06","userId":"6942a15d2634b84b0ede4108"}
{"email":"manager@test.com","level":"info","message":"User login successful","role":"Manager","service":"ehr-backend","timestamp":"2025-12-17 23:26:06","userId":"6942a15d2634b84b0ede410a"}
{"email":"provider@test.com","level":"info","message":"User login successful","role":"Provider","service":"ehr-backend","timestamp":"2025-12-17 23:26:06","userId":"6942a15d2634b84b0ede410c"}
{"email":"employee@test.com","level":"info","message":"User login successful","role":"Employee","service":"ehr-backend","timestamp":"2025-12-17 23:26:06","userId":"6942a15d2634b84b0ede410e"}
{"email":"patient@test.com","level":"info","message":"User login successful","role":"Patient","service":"ehr-backend","timestamp":"2025-12-17 23:26:06","userId":"6942a15d2634b84b0ede4110"}
{"level":"info","message":"Authorization check","method":"GET","path":"/audit-logs","requiredRoles":["Admin"],"service":"ehr-backend","timestamp":"2025-12-17 23:26:06","userId":"6942a15d2634b84b0ede410e","userRole":"Employee"}
{"level":"warn","message":"Authorization denied: Insufficient permissions","method":"GET","path":"/audit-logs","requiredRoles":["Admin"],"service":"ehr-backend","timestamp":"2025-12-17 23:26:06","userId":"6942a15d2634b84b0ede410e","userRole":"Employee"}
{"email":"admin@test.com","level":"info","message":"User login successful","role":"Admin","service":"ehr-backend","timestamp":"2025-12-17 23:26:07","userId":"6942a15e2634b84b0ede4123"}
{"email":"manager@test.com","level":"info","message":"User login successful","role":"Manager","service":"ehr-backend","timestamp":"2025-12-17 23:26:07","userId":"6942a15e2634b84b0ede4125"}
{"email":"provider@test.com","level":"info","message":"User login successful","role":"Provider","service":"ehr-backend","timestamp":"2025-12-17 23:26:07","userId":"6942a15f2634b84b0ede4127"}
{"email":"employee@test.com","level":"info","message":"User login successful","role":"Employee","service":"ehr-backend","timestamp":"2025-12-17 23:26:07","userId":"6942a15f2634b84b0ede4129"}
{"email":"patient@test.com","level":"info","message":"User login successful","role":"Patient","service":"ehr-backend","timestamp":"2025-12-17 23:26:07","userId":"6942a15f2634b84b0ede412b"}
{"level":"info","message":"Authorization check","method":"GET","path":"/audit-logs","requiredRoles":["Admin"],"service":"ehr-backend","timestamp":"2025-12-17 23:26:07","userId":"6942a15f2634b84b0ede4127","userRole":"Provider"}
{"level":"warn","message":"Authorization denied: Insufficient permissions","method":"GET","path":"/audit-logs","requiredRoles":["Admin"],"service":"ehr-backend","timestamp":"2025-12-17 23:26:07","userId":"6942a15f2634b84b0ede4127","userRole":"Provider"}
{"email":"admin@test.com","level":"info","message":"User login successful","role":"Admin","service":"ehr-backend","timestamp":"2025-12-17 23:26:08","userId":"6942a15f2634b84b0ede413e"}
{"email":"manager@test.com","level":"info","message":"User login successful","role":"Manager","service":"ehr-backend","timestamp":"2025-12-17 23:26:08","userId":"6942a1602634b84b0ede4140"}
{"email":"provider@test.com","level":"info","message":"User login successful","role":"Provider","service":"ehr-backend","timestamp":"2025-12-17 23:26:09","userId":"6942a1602634b84b0ede4142"}
{"email":"employee@test.com","level":"info","message":"User login successful","role":"Employee","service":"ehr-backend","timestamp":"2025-12-17 23:26:09","userId":"6942a1602634b84b0ede4144"}
{"email":"patient@test.com","level":"info","message":"User login successful","role":"Patient","service":"ehr-backend","timestamp":"2025-12-17 23:26:09","userId":"6942a1602634b84b0ede4146"}
{"level":"info","message":"Authorization check","method":"POST","path":"/assign-patient","requiredRoles":["Admin"],"service":"ehr-backend","timestamp":"2025-12-17 23:26:09","userId":"6942a1602634b84b0ede4140","userRole":"Manager"}
{"level":"warn","message":"Authorization denied: Insufficient permissions","method":"POST","path":"/assign-patient","requiredRoles":["Admin"],"service":"ehr-backend","timestamp":"2025-12-17 23:26:09","userId":"6942a1602634b84b0ede4140","userRole":"Manager"}
{"email":"admin@test.com","level":"info","message":"User login successful","role":"Admin","service":"ehr-backend","timestamp":"2025-12-17 23:26:10","userId":"6942a1612634b84b0ede4159"}
{"email":"manager@test.com","level":"info","message":"User login successful","role":"Manager","service":"ehr-backend","timestamp":"2025-12-17 23:26:10","userId":"6942a1612634b84b0ede415b"}
{"email":"provider@test.com","level":"info","message":"User login successful","role":"Provider","service":"ehr-backend","timestamp":"2025-12-17 23:26:10","userId":"6942a1612634b84b0ede415d"}
{"email":"employee@test.com","level":"info","message":"User login successful","role":"Employee","service":"ehr-backend","timestamp":"2025-12-17 23:26:10","userId":"6942a1612634b84b0ede415f"}
{"email":"patient@test.com","level":"info","message":"User login successful","role":"Patient","service":"ehr-backend","timestamp":"2025-12-17 23:26:10","userId":"6942a1612634b84b0ede4161"}
{"level":"info","message":"Authorization check","method":"PUT","path":"/6942a1612634b84b0ede4161","requiredRoles":["Patient","Employee","Manager","Admin"],"service":"ehr-backend","timestamp":"2025-12-17 23:26:10","userId":"6942a1612634b84b0ede4159","userRole":"Admin"}
{"level":"info","message":"Patient updated by staff","service":"ehr-backend","timestamp":"2025-12-17 23:26:10","updatedBy":"6942a1612634b84b0ede4159","updaterRole":"Admin","userId":"6942a1612634b84b0ede4161"}
{"level":"info","message":"User updated successfully","role":"Patient","service":"ehr-backend","timestamp":"2025-12-17 23:26:10","updatedBy":"6942a1612634b84b0ede4159","userId":"6942a1612634b84b0ede4161"}
{"email":"admin@test.com","level":"info","message":"User login successful","role":"Admin","service":"ehr-backend","timestamp":"2025-12-17 23:26:11","userId":"6942a1622634b84b0ede4176"}
{"email":"manager@test.com","level":"info","message":"User login successful","role":"Manager","service":"ehr-backend","timestamp":"2025-12-17 23:26:11","userId":"6942a1622634b84b0ede4178"}
{"email":"provider@test.com","level":"info","message":"User login successful","role":"Provider","service":"ehr-backend","timestamp":"2025-12-17 23:26:11","userId":"6942a1622634b84b0ede417a"}
{"email":"employee@test.com","level":"info","message":"User login successful","role":"Employee","service":"ehr-backend","timestamp":"2025-12-17 23:26:11","userId":"6942a1622634b84b0ede417c"}
{"email":"patient@test.com","level":"info","message":"User login successful","role":"Patient","service":"ehr-backend","timestamp":"2025-12-17 23:26:11","userId":"6942a1622634b84b0ede417e"}
{"level":"info","message":"Authorization check","method":"PUT","path":"/6942a1622634b84b0ede417e","requiredRoles":["Patient","Employee","Manager","Admin"],"service":"ehr-backend","timestamp":"2025-12-17 23:26:11","userId":"6942a1622634b84b0ede4178","userRole":"Manager"}
{"level":"info","message":"Patient updated by staff","service":"ehr-backend","timestamp":"2025-12-17 23:26:11","updatedBy":"6942a1622634b84b0ede4178","updaterRole":"Manager","userId":"6942a1622634b84b0ede417e"}
{"level":"info","message":"User updated successfully","role":"Patient","service":"ehr-backend","timestamp":"2025-12-17 23:26:11","updatedBy":"6942a1622634b84b0ede4178","userId":"6942a1622634b84b0ede417e"}
{"email":"admin@test.com","level":"info","message":"User login successful","role":"Admin","service":"ehr-backend","timestamp":"2025-12-17 23:26:12","userId":"6942a1632634b84b0ede4193"}
{"email":"manager@test.com","level":"info","message":"User login successful","role":"Manager","service":"ehr-backend","timestamp":"2025-12-17 23:26:12","userId":"6942a1632634b84b0ede4195"}
{"email":"provider@test.com","level":"info","message":"User login successful","role":"Provider","service":"ehr-backend","timestamp":"2025-12-17 23:26:12","userId":"6942a1642634b84b0ede4197"}
{"email":"employee@test.com","level":"info","message":"User login successful","role":"Employee","service":"ehr-backend","timestamp":"2025-12-17 23:26:12","userId":"6942a1642634b84b0ede4199"}
{"email":"patient@test.com","level":"info","message":"User login successful","role":"Patient","service":"ehr-backend","timestamp":"2025-12-17 23:26:12","userId":"6942a1642634b84b0ede419b"}
{"level":"info","message":"Authorization check","method":"PUT","path":"/6942a1642634b84b0ede419b","requiredRoles":["Patient","Employee","Manager","Admin"],"service":"ehr-backend","timestamp":"2025-12-17 23:26:12","userId":"6942a1642634b84b0ede419b","userRole":"Patient"}
{"fields":["phone","address"],"level":"info","message":"Patient self-update","service":"ehr-backend","timestamp":"2025-12-17 23:26:12","userId":"6942a1642634b84b0ede419b"}
{"level":"info","message":"User updated successfully","role":"Patient","service":"ehr-backend","timestamp":"2025-12-17 23:26:12","updatedBy":"6942a1642634b84b0ede419b","userId":"6942a1642634b84b0ede419b"}
{"email":"admin@test.com","level":"info","message":"User login successful","role":"Admin","service":"ehr-backend","timestamp":"2025-12-17 23:26:13","userId":"6942a1642634b84b0ede41b0"}
{"email":"manager@test.com","level":"info","message":"User login successful","role":"Manager","service":"ehr-backend","timestamp":"2025-12-17 23:26:13","userId":"6942a1652634b84b0ede41b2"}
{"email":"provider@test.com","level":"info","message":"User login successful","role":"Provider","service":"ehr-backend","timestamp":"2025-12-17 23:26:13","userId":"6942a1652634b84b0ede41b4"}
{"email":"employee@test.com","level":"info","message":"User login successful","role":"Employee","service":"ehr-backend","timestamp":"2025-12-17 23:26:13","userId":"6942a1652634b84b0ede41b6"}
{"email":"patient@test.com","level":"info","message":"User login successful","role":"Patient","service":"ehr-backend","timestamp":"2025-12-17 23:26:14","userId":"6942a1652634b84b0ede41b8"}
{"level":"info","message":"Authorization check","method":"PUT","path":"/6942a1662634b84b0ede41c9","requiredRoles":["Patient","Employee","Manager","Admin"],"service":"ehr-backend","timestamp":"2025-12-17 23:26:14","userId":"6942a1652634b84b0ede41b8","userRole":"Patient"}
{"level":"warn","message":"Update denied: Not authorized to update patient","requesterId":"6942a1652634b84b0ede41b8","requesterRole":"Patient","service":"ehr-backend","targetUserId":"6942a1662634b84b0ede41c9","timestamp":"2025-12-17 23:26:14"}
{"email":"admin@test.com","level":"info","message":"User login successful","role":"Admin","service":"ehr-backend","timestamp":"2025-12-17 23:26:14","userId":"6942a1662634b84b0ede41cc"}
{"email":"manager@test.com","level":"info","message":"User login successful","role":"Manager","service":"ehr-backend","timestamp":"2025-12-17 23:26:15","userId":"6942a1662634b84b0ede41ce"}
{"email":"provider@test.com","level":"info","message":"User login successful","role":"Provider","service":"ehr-backend","timestamp":"2025-12-17 23:26:15","userId":"6942a1662634b84b0ede41d0"}
{"email":"employee@test.com","level":"info","message":"User login successful","role":"Employee","service":"ehr-backend","timestamp":"2025-12-17 23:26:15","userId":"6942a1662634b84b0ede41d2"}
{"email":"patient@test.com","level":"info","message":"User login successful","role":"Patient","service":"ehr-backend","timestamp":"2025-12-17 23:26:15","userId":"6942a1662634b84b0ede41d4"}
{"email":"admin@test.com","level":"info","message":"User login successful","role":"Admin","service":"ehr-backend","timestamp":"2025-12-17 23:26:16","userId":"6942a1672634b84b0ede41e5"}
{"email":"manager@test.com","level":"info","message":"User login successful","role":"Manager","service":"ehr-backend","timestamp":"2025-12-17 23:26:16","userId":"6942a1672634b84b0ede41e7"}
{"email":"provider@test.com","level":"info","message":"User login successful","role":"Provider","service":"ehr-backend","timestamp":"2025-12-17 23:26:16","userId":"6942a1672634b84b0ede41e9"}
{"email":"employee@test.com","level":"info","message":"User login successful","role":"Employee","service":"ehr-backend","timestamp":"2025-12-17 23:26:16","userId":"6942a1672634b84b0ede41eb"}
{"email":"patient@test.com","level":"info","message":"User login successful","role":"Patient","service":"ehr-backend","timestamp":"2025-12-17 23:26:16","userId":"6942a1672634b84b0ede41ed"}
{"level":"info","message":"Authorization check","method":"GET","path":"/audit-logs","requiredRoles":["Admin"],"service":"ehr-backend","timestamp":"2025-12-17 23:26:16","userId":"6942a1672634b84b0ede41e9","userRole":"Provider"}
{"level":"warn","message":"Authorization denied: Insufficient permissions","method":"GET","path":"/audit-logs","requiredRoles":["Admin"],"service":"ehr-backend","timestamp":"2025-12-17 23:26:16","userId":"6942a1672634b84b0ede41e9","userRole":"Provider"}
{"email":"admin@test.com","level":"info","message":"User login successful","role":"Admin","service":"ehr-backend","timestamp":"2025-12-17 23:26:23","userId":"6942a16ebaf41ef75902618d"}
{"email":"manager@test.com","level":"info","message":"User login successful","role":"Manager","service":"ehr-backend","timestamp":"2025-12-17 23:26:23","userId":"6942a16fbaf41ef759026190"}
{"email":"provider@test.com","level":"info","message":"User login successful","role":"Provider","service":"ehr-backend","timestamp":"2025-12-17 23:26:23","userId":"6942a16fbaf41ef759026192"}
{"email":"assigned@test.com","level":"info","message":"User login successful","role":"Patient","service":"ehr-backend","timestamp":"2025-12-17 23:26:24","userId":"6942a16fbaf41ef759026196"}
{"creatorId":"6942a16fbaf41ef759026192","level":"info","message":"Record created successfully","patientId":"6942a16fbaf41ef759026196","recordId":"6942a170baf41ef7590261a6","service":"ehr-backend","timestamp":"2025-12-17 23:26:24"}
{"email":"admin@test.com","level":"info","message":"User login successful","role":"Admin","service":"ehr-backend","timestamp":"2025-12-17 23:26:24","userId":"6942a170baf41ef7590261aa"}
{"email":"manager@test.com","level":"info","message":"User login successful","role":"Manager","service":"ehr-backend","timestamp":"2025-12-17 23:26:24","userId":"6942a170baf41ef7590261ac"}
{"email":"provider@test.com","level":"info","message":"User login successful","role":"Provider","service":"ehr-backend","timestamp":"2025-12-17 23:26:25","userId":"6942a170baf41ef7590261ae"}
{"email":"assigned@test.com","level":"info","message":"User login successful","role":"Patient","service":"ehr-backend","timestamp":"2025-12-17 23:26:25","userId":"6942a170baf41ef7590261b2"}
{"email":"admin@test.com","level":"info","message":"User login successful","role":"Admin","service":"ehr-backend","timestamp":"2025-12-17 23:26:25","userId":"6942a171baf41ef7590261c2"}
{"email":"manager@test.com","level":"info","message":"User login successful","role":"Manager","service":"ehr-backend","timestamp":"2025-12-17 23:26:26","userId":"6942a171baf41ef7590261c4"}
{"email":"provider@test.com","level":"info","message":"User login successful","role":"Provider","service":"ehr-backend","timestamp":"2025-12-17 23:26:26","userId":"6942a171baf41ef7590261c6"}
{"email":"assigned@test.com","level":"info","message":"User login successful","role":"Patient","service":"ehr-backend","timestamp":"2025-12-17 23:26:26","userId":"6942a171baf41ef7590261ca"}
{"creatorId":"6942a171baf41ef7590261c4","level":"info","message":"Record created successfully","patientId":"6942a171baf41ef7590261c8","recordId":"6942a172baf41ef7590261d9","service":"ehr-backend","timestamp":"2025-12-17 23:26:26"}
{"email":"admin@test.com","level":"info","message":"User login successful","role":"Admin","service":"ehr-backend","timestamp":"2025-12-17 23:26:27","userId":"6942a172baf41ef7590261dd"}
{"email":"manager@test.com","level":"info","message":"User login successful","role":"Manager","service":"ehr-backend","timestamp":"2025-12-17 23:26:27","userId":"6942a172baf41ef7590261df"}
{"email":"provider@test.com","level":"info","message":"User login successful","role":"Provider","service":"ehr-backend","timestamp":"2025-12-17 23:26:27","userId":"6942a172baf41ef7590261e1"}
{"email":"assigned@test.com","level":"info","message":"User login successful","role":"Patient","service":"ehr-backend","timestamp":"2025-12-17 23:26:27","userId":"6942a172baf41ef7590261e5"}
{"email":"admin@test.com","level":"info","message":"User login successful","role":"Admin","service":"ehr-backend","timestamp":"2025-12-17 23:26:28","userId":"6942a173baf41ef7590261f4"}
{"email":"manager@test.com","level":"info","message":"User login successful","role":"Manager","service":"ehr-backend","timestamp":"2025-12-17 23:26:28","userId":"6942a173baf41ef7590261f6"}
{"email":"provider@test.com","level":"info","message":"User login successful","role":"Provider","service":"ehr-backend","timestamp":"2025-12-17 23:26:28","userId":"6942a173baf41ef7590261f8"}
{"email":"assigned@test.com","level":"info","message":"User login successful","role":"Patient","service":"ehr-backend","timestamp":"2025-12-17 23:26:28","userId":"6942a174baf41ef7590261fc"}
{"email":"admin@test.com","level":"info","message":"User login successful","role":"Admin","service":"ehr-backend","timestamp":"2025-12-17 23:26:29","userId":"6942a174baf41ef75902620b"}
{"email":"manager@test.com","level":"info","message":"User login successful","role":"Manager","service":"ehr-backend","timestamp":"2025-12-17 23:26:29","userId":"6942a174baf41ef75902620d"}
{"email":"provider@test.com","level":"info","message":"User login successful","role":"Provider","service":"ehr-backend","timestamp":"2025-12-17 23:26:29","userId":"6942a174baf41ef75902620f"}
{"email":"assigned@test.com","level":"info","message":"User login successful","role":"Patient","service":"ehr-backend","timestamp":"2025-12-17 23:26:29","userId":"6942a175baf41ef759026213"}
{"email":"admin@test.com","level":"info","message":"User login successful","role":"Admin","service":"ehr-backend","timestamp":"2025-12-17 23:26:30","userId":"6942a175baf41ef759026222"}
{"email":"manager@test.com","level":"info","message":"User login successful","role":"Manager","service":"ehr-backend","timestamp":"2025-12-17 23:26:30","userId":"6942a175baf41ef759026224"}
{"email":"provider@test.com","level":"info","message":"User login successful","role":"Provider","service":"ehr-backend","timestamp":"2025-12-17 23:26:30","userId":"6942a176baf41ef759026226"}
{"email":"assigned@test.com","level":"info","message":"User login successful","role":"Patient","service":"ehr-backend","timestamp":"2025-12-17 23:26:30","userId":"6942a176baf41ef75902622a"}
{"creatorId":"6942a176baf41ef759026226","level":"info","message":"Record created successfully","patientId":"6942a176baf41ef75902622a","recordId":"6942a176baf41ef75902623a","service":"ehr-backend","timestamp":"2025-12-17 23:26:30"}
{"email":"admin@test.com","level":"info","message":"User login successful","role":"Admin","service":"ehr-backend","timestamp":"2025-12-17 23:26:31","userId":"6942a177baf41ef75902623e"}
{"email":"manager@test.com","level":"info","message":"User login successful","role":"Manager","service":"ehr-backend","timestamp":"2025-12-17 23:26:31","userId":"6942a177baf41ef759026240"}
{"email":"provider@test.com","level":"info","message":"User login successful","role":"Provider","service":"ehr-backend","timestamp":"2025-12-17 23:26:31","userId":"6942a177baf41ef759026242"}
{"email":"assigned@test.com","level":"info","message":"User login successful","role":"Patient","service":"ehr-backend","timestamp":"2025-12-17 23:26:32","userId":"6942a177baf41ef759026246"}
{"level":"info","message":"Records retrieved","recordCount":1,"role":"Manager","service":"ehr-backend","timestamp":"2025-12-17 23:26:32","userId":"6942a177baf41ef759026240"}
{"email":"admin@test.com","level":"info","message":"User login successful","role":"Admin","service":"ehr-backend","timestamp":"2025-12-17 23:26:32","userId":"6942a178baf41ef75902625b"}
{"email":"manager@test.com","level":"info","message":"User login successful","role":"Manager","service":"ehr-backend","timestamp":"2025-12-17 23:26:33","userId":"6942a178baf41ef75902625d"}
{"email":"provider@test.com","level":"info","message":"User login successful","role":"Provider","service":"ehr-backend","timestamp":"2025-12-17 23:26:33","userId":"6942a178baf41ef75902625f"}
{"email":"assigned@test.com","level":"info","message":"User login successful","role":"Patient","service":"ehr-backend","timestamp":"2025-12-17 23:26:33","userId":"6942a178baf41ef759026263"}
{"email":"admin@test.com","level":"info","message":"User login successful","role":"Admin","service":"ehr-backend","timestamp":"2025-12-17 23:26:33","userId":"6942a179baf41ef759026272"}
{"email":"manager@test.com","level":"info","message":"User login successful","role":"Manager","service":"ehr-backend","timestamp":"2025-12-17 23:26:34","userId":"6942a179baf41ef759026274"}
{"email":"provider@test.com","level":"info","message":"User login successful","role":"Provider","service":"ehr-backend","timestamp":"2025-12-17 23:26:34","userId":"6942a179baf41ef759026276"}
{"email":"assigned@test.com","level":"info","message":"User login successful","role":"Patient","service":"ehr-backend","timestamp":"2025-12-17 23:26:34","userId":"6942a179baf41ef75902627a"}
{"email":"admin@test.com","level":"info","message":"User login successful","role":"Admin","service":"ehr-backend","timestamp":"2025-12-17 23:26:34","userId":"6942a17abaf41ef759026289"}
{"email":"manager@test.com","level":"info","message":"User login successful","role":"Manager","service":"ehr-backend","timestamp":"2025-12-17 23:26:35","userId":"6942a17abaf41ef75902628b"}
{"email":"provider@test.com","level":"info","message":"User login successful","role":"Provider","service":"ehr-backend","timestamp":"2025-12-17 23:26:35","userId":"6942a17abaf41ef75902628d"}
{"email":"assigned@test.com","level":"info","message":"User login successful","role":"Patient","service":"ehr-backend","timestamp":"2025-12-17 23:26:35","userId":"6942a17abaf41ef759026291"}
{"level":"info","message":"Patient records retrieved","patientId":"6942a17abaf41ef759026291","recordCount":1,"service":"ehr-backend","timestamp":"2025-12-17 23:26:35"}
{"email":"admin@test.com","level":"info","message":"User login successful","role":"Admin","service":"ehr-backend","timestamp":"2025-12-17 23:26:36","userId":"6942a17bbaf41ef7590262a6"}
{"email":"manager@test.com","level":"info","message":"User login successful","role":"Manager","service":"ehr-backend","timestamp":"2025-12-17 23:26:36","userId":"6942a17bbaf41ef7590262a8"}
{"email":"provider@test.com","level":"info","message":"User login successful","role":"Provider","service":"ehr-backend","timestamp":"2025-12-17 23:26:36","userId":"6942a17bbaf41ef7590262aa"}
{"email":"assigned@test.com","level":"info","message":"User login successful","role":"Patient","service":"ehr-backend","timestamp":"2025-12-17 23:26:36","userId":"6942a17bbaf41ef7590262ae"}
{"level":"info","message":"Patient records retrieved","patientId":"6942a17bbaf41ef7590262ae","recordCount":1,"service":"ehr-backend","timestamp":"2025-12-17 23:26:36"}
{"email":"admin@test.com","level":"info","message":"User login successful","role":"Admin","service":"ehr-backend","timestamp":"2025-12-17 23:26:37","userId":"6942a17cbaf41ef7590262c5"}
{"email":"manager@test.com","level":"info","message":"User login successful","role":"Manager","service":"ehr-backend","timestamp":"2025-12-17 23:26:37","userId":"6942a17cbaf41ef7590262c7"}
{"email":"provider@test.com","level":"info","message":"User login successful","role":"Provider","service":"ehr-backend","timestamp":"2025-12-17 23:26:37","userId":"6942a17cbaf41ef7590262c9"}
{"email":"assigned@test.com","level":"info","message":"User login successful","role":"Patient","service":"ehr-backend","timestamp":"2025-12-17 23:26:37","userId":"6942a17dbaf41ef7590262cd"}
{"email":"admin@test.com","level":"info","message":"User login successful","role":"Admin","service":"ehr-backend","timestamp":"2025-12-17 23:26:38","userId":"6942a17dbaf41ef7590262de"}
{"email":"manager@test.com","level":"info","message":"User login successful","role":"Manager","service":"ehr-backend","timestamp":"2025-12-17 23:26:38","userId":"6942a17ebaf41ef7590262e0"}
{"email":"provider@test.com","level":"info","message":"User login successful","role":"Provider","service":"ehr-backend","timestamp":"2025-12-17 23:26:38","userId":"6942a17ebaf41ef7590262e2"}
{"email":"assigned@test.com","level":"info","message":"User login successful","role":"Patient","service":"ehr-backend","timestamp":"2025-12-17 23:26:38","userId":"6942a17ebaf41ef7590262e6"}
{"level":"info","message":"Record retrieved by ID","recordId":"6942a17ebaf41ef7590262f5","service":"ehr-backend","timestamp":"2025-12-17 23:26:39","userId":"6942a17ebaf41ef7590262e2"}
{"email":"admin@test.com","level":"info","message":"User login successful","role":"Admin","service":"ehr-backend","timestamp":"2025-12-17 23:26:39","userId":"6942a17fbaf41ef7590262fb"}
{"email":"manager@test.com","level":"info","message":"User login successful","role":"Manager","service":"ehr-backend","timestamp":"2025-12-17 23:26:39","userId":"6942a17fbaf41ef7590262fd"}
{"email":"provider@test.com","level":"info","message":"User login successful","role":"Provider","service":"ehr-backend","timestamp":"2025-12-17 23:26:40","userId":"6942a17fbaf41ef7590262ff"}
{"email":"assigned@test.com","level":"info","message":"User login successful","role":"Patient","service":"ehr-backend","timestamp":"2025-12-17 23:26:40","userId":"6942a17fbaf41ef759026303"}
{"level":"info","message":"Record retrieved by ID","recordId":"6942a180baf41ef759026312","service":"ehr-backend","timestamp":"2025-12-17 23:26:40","userId":"6942a17fbaf41ef759026303"}
{"email":"admin@test.com","level":"info","message":"User login successful","role":"Admin","service":"ehr-backend","timestamp":"2025-12-17 23:26:41","userId":"6942a180baf41ef759026318"}
{"email":"manager@test.com","level":"info","message":"User login successful","role":"Manager","service":"ehr-backend","timestamp":"2025-12-17 23:26:41","userId":"6942a180baf41ef75902631a"}
{"email":"provider@test.com","level":"info","message":"User login successful","role":"Provider","service":"ehr-backend","timestamp":"2025-12-17 23:26:41","userId":"6942a180baf41ef75902631c"}
{"email":"assigned@test.com","level":"info","message":"User login successful","role":"Patient","service":"ehr-backend","timestamp":"2025-12-17 23:26:41","userId":"6942a180baf41ef759026320"}
{"level":"info","message":"Record retrieved by ID","recordId":"6942a181baf41ef75902632f","service":"ehr-backend","timestamp":"2025-12-17 23:26:41","userId":"6942a180baf41ef75902631a"}
{"email":"admin@test.com","level":"info","message":"User login successful","role":"Admin","service":"ehr-backend","timestamp":"2025-12-17 23:26:42","userId":"6942a181baf41ef759026335"}
{"email":"manager@test.com","level":"info","message":"User login successful","role":"Manager","service":"ehr-backend","timestamp":"2025-12-17 23:26:42","userId":"6942a181baf41ef759026337"}
{"email":"provider@test.com","level":"info","message":"User login successful","role":"Provider","service":"ehr-backend","timestamp":"2025-12-17 23:26:42","userId":"6942a181baf41ef759026339"}
{"email":"assigned@test.com","level":"info","message":"User login successful","role":"Patient","service":"ehr-backend","timestamp":"2025-12-17 23:26:42","userId":"6942a182baf41ef75902633d"}
{"email":"admin@test.com","level":"info","message":"User login successful","role":"Admin","service":"ehr-backend","timestamp":"2025-12-17 23:26:43","userId":"6942a182baf41ef759026352"}
{"email":"manager@test.com","level":"info","message":"User login successful","role":"Manager","service":"ehr-backend","timestamp":"2025-12-17 23:26:43","userId":"6942a183baf41ef759026354"}
{"email":"provider@test.com","level":"info","message":"User login successful","role":"Provider","service":"ehr-backend","timestamp":"2025-12-17 23:26:43","userId":"6942a183baf41ef759026356"}
{"email":"assigned@test.com","level":"info","message":"User login successful","role":"Patient","service":"ehr-backend","timestamp":"2025-12-17 23:26:43","userId":"6942a183baf41ef75902635a"}
{"email":"admin@test.com","level":"info","message":"User login successful","role":"Admin","service":"ehr-backend","timestamp":"2025-12-17 23:26:44","userId":"6942a184baf41ef75902636c"}
{"email":"manager@test.com","level":"info","message":"User login successful","role":"Manager","service":"ehr-backend","timestamp":"2025-12-17 23:26:44","userId":"6942a184baf41ef75902636e"}
{"email":"provider@test.com","level":"info","message":"User login successful","role":"Provider","service":"ehr-backend","timestamp":"2025-12-17 23:26:45","userId":"6942a184baf41ef759026370"}
{"email":"assigned@test.com","level":"info","message":"User login successful","role":"Patient","service":"ehr-backend","timestamp":"2025-12-17 23:26:45","userId":"6942a184baf41ef759026374"}
{"creatorId":"6942a184baf41ef759026370","level":"info","message":"Record created successfully","patientId":"6942a184baf41ef759026374","recordId":"6942a185baf41ef759026384","service":"ehr-backend","timestamp":"2025-12-17 23:26:45"}
{"email":"admin@test.com","level":"info","message":"User login successful","role":"Admin","service":"ehr-backend","timestamp":"2025-12-17 23:26:45","userId":"6942a185baf41ef759026388"}
{"email":"manager@test.com","level":"info","message":"User login successful","role":"Manager","service":"ehr-backend","timestamp":"2025-12-17 23:26:46","userId":"6942a185baf41ef75902638a"}
{"email":"provider@test.com","level":"info","message":"User login successful","role":"Provider","service":"ehr-backend","timestamp":"2025-12-17 23:26:46","userId":"6942a185baf41ef75902638c"}
{"email":"assigned@test.com","level":"info","message":"User login successful","role":"Patient","service":"ehr-backend","timestamp":"2025-12-17 23:26:46","userId":"6942a185baf41ef759026390"}
{"email":"admin@test.com","level":"info","message":"User login successful","role":"Admin","service":"ehr-backend","timestamp":"2025-12-17 23:26:47","userId":"6942a186baf41ef7590263a1"}
{"email":"manager@test.com","level":"info","message":"User login successful","role":"Manager","service":"ehr-backend","timestamp":"2025-12-17 23:26:47","userId":"6942a186baf41ef7590263a3"}
{"email":"provider@test.com","level":"info","message":"User login successful","role":"Provider","service":"ehr-backend","timestamp":"2025-12-17 23:26:47","userId":"6942a186baf41ef7590263a5"}
{"email":"assigned@test.com","level":"info","message":"User login successful","role":"Patient","service":"ehr-backend","timestamp":"2025-12-17 23:26:47","userId":"6942a186baf41ef7590263a9"}
{"creatorId":"6942a186baf41ef7590263a5","level":"info","message":"Record created successfully","patientId":"6942a186baf41ef7590263a9","recordId":"6942a187baf41ef7590263b9","service":"ehr-backend","timestamp":"2025-12-17 23:26:47"}
{"email":"admin@test.com","level":"info","message":"User login successful","role":"Admin","service":"ehr-backend","timestamp":"2025-12-17 23:26:48","userId":"6942a187baf41ef7590263be"}
{"email":"manager@test.com","level":"info","message":"User login successful","role":"Manager","service":"ehr-backend","timestamp":"2025-12-17 23:26:48","userId":"6942a187baf41ef7590263c0"}
{"email":"provider@test.com","level":"info","message":"User login successful","role":"Provider","service":"ehr-backend","timestamp":"2025-12-17 23:26:48","userId":"6942a187baf41ef7590263c2"}
{"email":"assigned@test.com","level":"info","message":"User login successful","role":"Patient","service":"ehr-backend","timestamp":"2025-12-17 23:26:48","userId":"6942a188baf41ef7590263c6"}
{"level":"info","message":"Record retrieved by ID","recordId":"6942a188baf41ef7590263d5","service":"ehr-backend","timestamp":"2025-12-17 23:26:48","userId":"6942a187baf41ef7590263c2"}
{"email":"admin@test.com","level":"info","message":"User login successful","role":"Admin","service":"ehr-backend","timestamp":"2025-12-17 23:26:55","userId":"6942a18f8c96554fcad29baa"}
{"email":"manager@test.com","level":"info","message":"User login successful","role":"Manager","service":"ehr-backend","timestamp":"2025-12-17 23:26:56","userId":"6942a18f8c96554fcad29bb2"}
{"email":"provider@test.com","level":"info","message":"User login successful","role":"Provider","service":"ehr-backend","timestamp":"2025-12-17 23:26:56","userId":"6942a1908c96554fcad29bb7"}
{"email":"employee@test.com","level":"info","message":"User login successful","role":"Employee","service":"ehr-backend","timestamp":"2025-12-17 23:26:57","userId":"6942a1908c96554fcad29bbc"}
{"email":"patient@test.com","level":"info","message":"User login successful","role":"Patient","service":"ehr-backend","timestamp":"2025-12-17 23:26:57","userId":"6942a1918c96554fcad29bc1"}
{"email":"admin@test.com","level":"info","message":"User login successful","role":"Admin","service":"ehr-backend","timestamp":"2025-12-17 23:26:57","userId":"6942a1918c96554fcad29bc6"}
{"email":"patient@test.com","ip":"::ffff:127.0.0.1","level":"warn","message":"Login attempt failed: Invalid password","service":"ehr-backend","timestamp":"2025-12-17 23:26:58","userId":"6942a1918c96554fcad29bcb"}
{"email":"nonexistent@example.com","ip":"::ffff:127.0.0.1","level":"warn","message":"Login attempt failed: User not found","service":"ehr-backend","timestamp":"2025-12-17 23:26:58"}
{"ip":"::ffff:127.0.0.1","level":"warn","message":"Login attempt failed: User not found","service":"ehr-backend","timestamp":"2025-12-17 23:26:58"}
{"email":"patient@test.com","error":"data and hash arguments required","level":"error","message":"Login error","service":"ehr-backend","timestamp":"2025-12-17 23:26:58"}
{"email":"admin@test.com","level":"info","message":"User login successful","role":"Admin","service":"ehr-backend","timestamp":"2025-12-17 23:26:58","userId":"6942a1928c96554fcad29bd3"}
{"ip":"::ffff:127.0.0.1","level":"warn","message":"Authentication failed: Token missing","method":"GET","path":"/me","service":"ehr-backend","timestamp":"2025-12-17 23:26:58"}
{"error":"jwt malformed","ip":"::ffff:127.0.0.1","level":"warn","message":"Authentication failed: JWT verification failed","method":"GET","path":"/me","service":"ehr-backend","timestamp":"2025-12-17 23:26:58"}
{"error":"jwt expired","ip":"::ffff:127.0.0.1","level":"warn","message":"Authentication failed: JWT verification failed","method":"GET","path":"/me","service":"ehr-backend","timestamp":"2025-12-17 23:26:59"}
{"error":"invalid token","ip":"::ffff:127.0.0.1","level":"warn","message":"Authentication failed: JWT verification failed","method":"GET","path":"/me","service":"ehr-backend","timestamp":"2025-12-17 23:26:59"}
{"email":"admin@test.com","level":"info","message":"User login successful","role":"Admin","service":"ehr-backend","timestamp":"2025-12-17 23:27:00","userId":"6942a1938c96554fcad29be2"}
{"level":"info","message":"User logout","service":"ehr-backend","timestamp":"2025-12-17 23:27:00"}
{"level":"info","message":"User logout","service":"ehr-backend","timestamp":"2025-12-17 23:27:00"}
{"email":"admin@test.com","level":"info","message":"User login successful","role":"Admin","service":"ehr-backend","timestamp":"2025-12-17 23:27:00","userId":"6942a1948c96554fcad29beb"}
{"email":"admin@test.com","level":"info","message":"User login successful","role":"Admin","service":"ehr-backend","timestamp":"2025-12-17 23:27:01","userId":"6942a1948c96554fcad29bf0"}
{"level":"info","message":"User logout","service":"ehr-backend","timestamp":"2025-12-17 23:27:01"}
{"ip":"::ffff:127.0.0.1","level":"warn","message":"Authentication failed: Token missing","method":"GET","path":"/me","service":"ehr-backend","timestamp":"2025-12-17 23:27:01"}
{"email":"admin@test.com","level":"info","message":"User login successful","role":"Admin","service":"ehr-backend","timestamp":"2025-12-17 23:27:01","userId":"6942a1958c96554fcad29bf7"}
{"level":"info","message":"Authorization check","method":"GET","path":"/audit-logs","requiredRoles":["Admin"],"service":"ehr-backend","timestamp":"2025-12-17 23:27:01","userId":"6942a1958c96554fcad29bf7","userRole":"Admin"}
{"level":"info","message":"Admin 6942a1958c96554fcad29bf7 retrieved 1 audit logs","service":"ehr-backend","timestamp":"2025-12-17 23:27:01"}
{"ip":"::ffff:127.0.0.1","level":"warn","message":"Authentication failed: Token missing","method":"GET","path":"/audit-logs","service":"ehr-backend","timestamp":"2025-12-17 23:27:01"}
{"error":"jwt expired","ip":"::ffff:127.0.0.1","level":"warn","message":"Authentication failed: JWT verification failed","method":"GET","path":"/audit-logs","service":"ehr-backend","timestamp":"2025-12-17 23:27:01"}
{"level":"info","message":"OpenBao endpoints configured: [\"http://openbao:8200\",\"http://localhost:18200\"]","service":"ehr-backend","timestamp":"2025-12-17 23:27:06"}
{"email":"patient@test.com","level":"info","message":"User login successful","role":"Patient","service":"ehr-backend","timestamp":"2025-12-17 23:27:07","userId":"6942a19af9089e0cdf368552"}
{"email":"admin@test.com","level":"info","message":"User login successful","role":"Admin","service":"ehr-backend","timestamp":"2025-12-17 23:27:07","userId":"6942a19bf9089e0cdf36855a"}
{"email":"nonexistent@test.com","ip":"::ffff:127.0.0.1","level":"warn","message":"Login attempt failed: User not found","service":"ehr-backend","timestamp":"2025-12-17 23:27:08"}
{"email":"patient@test.com","ip":"::ffff:127.0.0.1","level":"warn","message":"Login attempt failed: Invalid password","service":"ehr-backend","timestamp":"2025-12-17 23:27:08","userId":"6942a19cf9089e0cdf368563"}
{"ip":"::ffff:127.0.0.1","level":"warn","message":"Login attempt failed: User not found","service":"ehr-backend","timestamp":"2025-12-17 23:27:08"}
{"email":"patient@test.com","error":"data and hash arguments required","level":"error","message":"Login error","service":"ehr-backend","timestamp":"2025-12-17 23:27:08"}
{"email":"admin@test.com","level":"info","message":"User login successful","role":"Admin","service":"ehr-backend","timestamp":"2025-12-17 23:27:09","userId":"6942a19cf9089e0cdf36856a"}
{"email":"provider@test.com","level":"info","message":"User login successful","role":"Provider","service":"ehr-backend","timestamp":"2025-12-17 23:27:09","userId":"6942a19df9089e0cdf36856f"}
{"email":"patient@test.com","level":"info","message":"User login successful","role":"Patient","service":"ehr-backend","timestamp":"2025-12-17 23:27:09","userId":"6942a19df9089e0cdf368574"}
{"ip":"::ffff:127.0.0.1","level":"warn","message":"Authentication failed: Token missing","method":"GET","path":"/me","service":"ehr-backend","timestamp":"2025-12-17 23:27:09"}
{"error":"jwt malformed","ip":"::ffff:127.0.0.1","level":"warn","message":"Authentication failed: JWT verification failed","method":"GET","path":"/me","service":"ehr-backend","timestamp":"2025-12-17 23:27:09"}
{"email":"patient@test.com","level":"info","message":"User login successful","role":"Patient","service":"ehr-backend","timestamp":"2025-12-17 23:27:10","userId":"6942a19ef9089e0cdf36857b"}
{"level":"info","message":"User logout","service":"ehr-backend","timestamp":"2025-12-17 23:27:10"}
{"level":"info","message":"User logout","service":"ehr-backend","timestamp":"2025-12-17 23:27:10"}
{"email":"admin@test.com","level":"info","message":"User login successful","role":"Admin","service":"ehr-backend","timestamp":"2025-12-17 23:27:11","userId":"6942a19ef9089e0cdf368584"}
{"level":"info","message":"User logout","service":"ehr-backend","timestamp":"2025-12-17 23:27:11"}
{"ip":"::ffff:127.0.0.1","level":"warn","message":"Authentication failed: Token missing","method":"GET","path":"/me","service":"ehr-backend","timestamp":"2025-12-17 23:27:11"}
{"keyVersion":1,"level":"info","message":"Public key retrieved successfully","service":"ehr-backend","timestamp":"2025-12-17 23:27:15"}
{"keyVersion":1,"level":"info","message":"Public key retrieved successfully","service":"ehr-backend","timestamp":"2025-12-17 23:27:15"}
{"keyVersion":1,"level":"info","message":"Public key retrieved successfully","service":"ehr-backend","timestamp":"2025-12-17 23:27:16"}
{"keyVersion":1,"level":"info","message":"Public key retrieved successfully","service":"ehr-backend","timestamp":"2025-12-17 23:27:16"}
{"keyVersion":1,"level":"info","message":"Public key retrieved successfully","service":"ehr-backend","timestamp":"2025-12-17 23:27:16"}
{"error":"Service unavailable","level":"error","message":"Failed to retrieve public key","service":"ehr-backend","timestamp":"2025-12-17 23:27:16"}
{"keyVersion":1,"level":"info","message":"Public key retrieved successfully","service":"ehr-backend","timestamp":"2025-12-17 23:27:16"}
{"keyVersion":1,"level":"info","message":"Public key retrieved successfully","service":"ehr-backend","timestamp":"2025-12-17 23:27:16"}
{"keyVersion":1,"level":"info","message":"Public key retrieved successfully","service":"ehr-backend","timestamp":"2025-12-17 23:27:16"}
{"level":"info","message":"Health check performed","service":"ehr-backend","services":{"api":"operational","mongodb":"connected","openbao":"healthy"},"status":"healthy","timestamp":"2025-12-17 23:27:19"}
{"level":"info","message":"Health check performed","service":"ehr-backend","services":{"api":"operational","mongodb":"connected","openbao":"healthy"},"status":"healthy","timestamp":"2025-12-17 23:27:19"}
{"level":"info","message":"Health check performed","service":"ehr-backend","services":{"api":"operational","mongodb":"connected","openbao":"healthy"},"status":"healthy","timestamp":"2025-12-17 23:27:19"}
{"level":"info","message":"Health check performed","service":"ehr-backend","services":{"api":"operational","mongodb":"connected","openbao":"healthy"},"status":"healthy","timestamp":"2025-12-17 23:27:19"}
{"level":"info","message":"Health check performed","service":"ehr-backend","services":{"api":"operational","mongodb":"connected","openbao":"healthy"},"status":"healthy","timestamp":"2025-12-17 23:27:19"}
{"level":"info","message":"Health check performed","service":"ehr-backend","services":{"api":"operational","mongodb":"connected","openbao":"unhealthy"},"status":"unhealthy","timestamp":"2025-12-17 23:27:19"}
{"level":"info","message":"Health check performed","service":"ehr-backend","services":{"api":"operational","mongodb":"connected","openbao":"healthy"},"status":"healthy","timestamp":"2025-12-17 23:27:19"}
{"level":"info","message":"Health check performed","service":"ehr-backend","services":{"api":"operational","mongodb":"connected","openbao":"healthy"},"status":"healthy","timestamp":"2025-12-17 23:27:19"}
{"level":"info","message":"Health check performed","service":"ehr-backend","services":{"api":"operational","mongodb":"connected","openbao":"healthy"},"status":"healthy","timestamp":"2025-12-17 23:27:19"}
{"level":"error","message":"Health check failed: Health check failed","service":"ehr-backend","stack":"Error: Health check failed\n    at Object.<anonymous> (/Users/user/Documents/Monash/CyberSecurity/Assesment2/Final Submission/TP6 25/EHR_draft/ehr-backend/test/integration/health.integration.test.js:254:55)\n    at Promise.finally.completed (/Users/user/Documents/Monash/CyberSecurity/Assesment2/Final Submission/TP6 25/EHR_draft/ehr-backend/node_modules/jest-circus/build/jestAdapterInit.js:1557:28)\n    at new Promise (<anonymous>)\n    at callAsyncCircusFn (/Users/user/Documents/Monash/CyberSecurity/Assesment2/Final Submission/TP6 25/EHR_draft/ehr-backend/node_modules/jest-circus/build/jestAdapterInit.js:1497:10)\n    at _callCircusTest (/Users/user/Documents/Monash/CyberSecurity/Assesment2/Final Submission/TP6 25/EHR_draft/ehr-backend/node_modules/jest-circus/build/jestAdapterInit.js:1007:40)\n    at processTicksAndRejections (node:internal/process/task_queues:103:5)\n    at _runTest (/Users/user/Documents/Monash/CyberSecurity/Assesment2/Final Submission/TP6 25/EHR_draft/ehr-backend/node_modules/jest-circus/build/jestAdapterInit.js:947:3)\n    at /Users/user/Documents/Monash/CyberSecurity/Assesment2/Final Submission/TP6 25/EHR_draft/ehr-backend/node_modules/jest-circus/build/jestAdapterInit.js:849:7\n    at _runTestsForDescribeBlock (/Users/user/Documents/Monash/CyberSecurity/Assesment2/Final Submission/TP6 25/EHR_draft/ehr-backend/node_modules/jest-circus/build/jestAdapterInit.js:862:11)\n    at _runTestsForDescribeBlock (/Users/user/Documents/Monash/CyberSecurity/Assesment2/Final Submission/TP6 25/EHR_draft/ehr-backend/node_modules/jest-circus/build/jestAdapterInit.js:857:11)\n    at _runTestsForDescribeBlock (/Users/user/Documents/Monash/CyberSecurity/Assesment2/Final Submission/TP6 25/EHR_draft/ehr-backend/node_modules/jest-circus/build/jestAdapterInit.js:857:11)\n    at run (/Users/user/Documents/Monash/CyberSecurity/Assesment2/Final Submission/TP6 25/EHR_draft/ehr-backend/node_modules/jest-circus/build/jestAdapterInit.js:761:3)\n    at runAndTransformResultsToJestFormat (/Users/user/Documents/Monash/CyberSecurity/Assesment2/Final Submission/TP6 25/EHR_draft/ehr-backend/node_modules/jest-circus/build/jestAdapterInit.js:1918:21)\n    at jestAdapter (/Users/user/Documents/Monash/CyberSecurity/Assesment2/Final Submission/TP6 25/EHR_draft/ehr-backend/node_modules/jest-circus/build/runner.js:101:19)\n    at runTestInternal (/Users/user/Documents/Monash/CyberSecurity/Assesment2/Final Submission/TP6 25/EHR_draft/ehr-backend/node_modules/jest-runner/build/index.js:275:16)\n    at runTest (/Users/user/Documents/Monash/CyberSecurity/Assesment2/Final Submission/TP6 25/EHR_draft/ehr-backend/node_modules/jest-runner/build/index.js:343:7)","timestamp":"2025-12-17 23:27:19"}
{"level":"info","message":"Health check performed","service":"ehr-backend","services":{"api":"operational","mongodb":"connected","openbao":"unhealthy"},"status":"unhealthy","timestamp":"2025-12-17 23:27:19"}
{"level":"info","message":"Health check performed","service":"ehr-backend","services":{"api":"operational","mongodb":"connected","openbao":"healthy"},"status":"healthy","timestamp":"2025-12-17 23:27:19"}
{"level":"info","message":"OpenBao endpoints configured: [\"http://openbao:8200\",\"http://localhost:18200\"]","service":"ehr-backend","timestamp":"2025-12-17 12:46:02"}
{"level":"info","message":"Attempting to connect to OpenBao at http://openbao:8200","service":"ehr-backend","timestamp":"2025-12-17 12:46:03"}
{"level":"info","message":"Server running on port 3001","service":"ehr-backend","timestamp":"2025-12-17 12:46:03"}
{"level":"info","message":"Environment: development","service":"ehr-backend","timestamp":"2025-12-17 12:46:03"}
{"level":"info","message":"API Documentation: http://localhost:3001/api/docs","service":"ehr-backend","timestamp":"2025-12-17 12:46:03"}
{"host":"mongodb","level":"info","message":"MongoDB connected","name":"EhrDB","service":"ehr-backend","timestamp":"2025-12-17 12:46:03"}
{"level":"info","message":"OpenBao connection established at http://openbao:8200","service":"ehr-backend","timestamp":"2025-12-17 12:46:03"}
{"level":"info","message":"OpenBao initialized successfully","service":"ehr-backend","timestamp":"2025-12-17 12:46:03"}
{"level":"info","message":"OpenBao endpoints configured: [\"http://openbao:8200\",\"http://localhost:18200\"]","service":"ehr-backend","timestamp":"2025-12-17 12:53:14"}
{"level":"info","message":"Attempting to connect to OpenBao at http://openbao:8200","service":"ehr-backend","timestamp":"2025-12-17 12:53:14"}
{"level":"info","message":"Server running on port 3001","service":"ehr-backend","timestamp":"2025-12-17 12:53:14"}
{"level":"info","message":"Environment: development","service":"ehr-backend","timestamp":"2025-12-17 12:53:14"}
{"level":"info","message":"API Documentation: http://localhost:3001/api/docs","service":"ehr-backend","timestamp":"2025-12-17 12:53:14"}
{"host":"mongodb","level":"info","message":"MongoDB connected","name":"EhrDB","service":"ehr-backend","timestamp":"2025-12-17 12:53:14"}
{"level":"info","message":"OpenBao connection established at http://openbao:8200","service":"ehr-backend","timestamp":"2025-12-17 12:53:14"}
{"level":"info","message":"OpenBao initialized successfully","service":"ehr-backend","timestamp":"2025-12-17 12:53:14"}
{"level":"info","message":"Health check performed","service":"ehr-backend","services":{"api":"operational","mongodb":"connected","openbao":"healthy"},"status":"healthy","timestamp":"2025-12-17 12:53:38"}
{"level":"http","message":"\u001b[0mGET /api/health \u001b[32m200\u001b[0m 15.289 ms - 433\u001b[0m","service":"ehr-backend","timestamp":"2025-12-17 12:53:38"}
{"level":"info","message":"OpenBao endpoints configured: [\"http://openbao:8200\",\"http://localhost:18200\"]","service":"ehr-backend","timestamp":"2025-12-17 12:56:07"}
{"level":"info","message":"Attempting to connect to OpenBao at http://openbao:8200","service":"ehr-backend","timestamp":"2025-12-17 12:56:08"}
{"level":"info","message":"Server running on port 3001","service":"ehr-backend","timestamp":"2025-12-17 12:56:08"}
{"level":"info","message":"Environment: development","service":"ehr-backend","timestamp":"2025-12-17 12:56:08"}
{"level":"info","message":"API Documentation: http://localhost:3001/api/docs","service":"ehr-backend","timestamp":"2025-12-17 12:56:08"}
{"host":"mongodb","level":"info","message":"MongoDB connected","name":"EhrDB","service":"ehr-backend","timestamp":"2025-12-17 12:56:08"}
{"level":"info","message":"OpenBao connection established at http://openbao:8200","service":"ehr-backend","timestamp":"2025-12-17 12:56:08"}
{"level":"info","message":"OpenBao initialized successfully","service":"ehr-backend","timestamp":"2025-12-17 12:56:08"}
{"level":"info","message":"OpenBao endpoints configured: [\"http://openbao:8200\",\"http://localhost:18200\"]","service":"ehr-backend","timestamp":"2025-12-17 13:25:54"}
{"level":"info","message":"Attempting to connect to OpenBao at http://openbao:8200","service":"ehr-backend","timestamp":"2025-12-17 13:25:54"}
{"level":"info","message":"Server running on port 3001","service":"ehr-backend","timestamp":"2025-12-17 13:25:54"}
{"level":"info","message":"Environment: development","service":"ehr-backend","timestamp":"2025-12-17 13:25:54"}
{"level":"info","message":"API Documentation: http://localhost:3001/api/docs","service":"ehr-backend","timestamp":"2025-12-17 13:25:54"}
{"level":"info","message":"OpenBao connection established at http://openbao:8200","service":"ehr-backend","timestamp":"2025-12-17 13:25:54"}
{"level":"info","message":"OpenBao initialized successfully","service":"ehr-backend","timestamp":"2025-12-17 13:25:54"}
{"host":"mongodb","level":"info","message":"MongoDB connected","name":"EhrDB","service":"ehr-backend","timestamp":"2025-12-17 13:25:54"}
{"level":"info","message":"OpenBao endpoints configured: [\"http://openbao:8200\",\"http://localhost:18200\"]","service":"ehr-backend","timestamp":"2025-12-17 14:00:16"}
{"level":"info","message":"Attempting to connect to OpenBao at http://openbao:8200","service":"ehr-backend","timestamp":"2025-12-17 14:00:17"}
{"level":"info","message":"Server running on port 3001","service":"ehr-backend","timestamp":"2025-12-17 14:00:17"}
{"level":"info","message":"Environment: development","service":"ehr-backend","timestamp":"2025-12-17 14:00:17"}
{"level":"info","message":"API Documentation: http://localhost:3001/api/docs","service":"ehr-backend","timestamp":"2025-12-17 14:00:17"}
{"host":"mongodb","level":"info","message":"MongoDB connected","name":"EhrDB","service":"ehr-backend","timestamp":"2025-12-17 14:00:17"}
{"level":"info","message":"OpenBao connection established at http://openbao:8200","service":"ehr-backend","timestamp":"2025-12-17 14:00:18"}
{"level":"info","message":"OpenBao initialized successfully","service":"ehr-backend","timestamp":"2025-12-17 14:00:18"}
{"level":"info","message":"OpenBao endpoints configured: [\"http://openbao:8200\",\"http://localhost:18200\"]","service":"ehr-backend","timestamp":"2025-12-17 14:00:24"}
{"level":"info","message":"Attempting to connect to OpenBao at http://openbao:8200","service":"ehr-backend","timestamp":"2025-12-17 14:00:25"}
{"level":"info","message":"Server running on port 3001","service":"ehr-backend","timestamp":"2025-12-17 14:00:25"}
{"level":"info","message":"Environment: development","service":"ehr-backend","timestamp":"2025-12-17 14:00:25"}
{"level":"info","message":"API Documentation: http://localhost:3001/api/docs","service":"ehr-backend","timestamp":"2025-12-17 14:00:25"}
{"host":"mongodb","level":"info","message":"MongoDB connected","name":"EhrDB","service":"ehr-backend","timestamp":"2025-12-17 14:00:25"}
{"level":"info","message":"OpenBao connection established at http://openbao:8200","service":"ehr-backend","timestamp":"2025-12-17 14:00:25"}
{"level":"info","message":"OpenBao initialized successfully","service":"ehr-backend","timestamp":"2025-12-17 14:00:25"}
{"level":"info","message":"OpenBao endpoints configured: [\"http://openbao:8200\",\"http://localhost:18200\"]","service":"ehr-backend","timestamp":"2025-12-17 14:00:40"}
{"level":"info","message":"Attempting to connect to OpenBao at http://openbao:8200","service":"ehr-backend","timestamp":"2025-12-17 14:00:41"}
{"level":"info","message":"Server running on port 3001","service":"ehr-backend","timestamp":"2025-12-17 14:00:41"}
{"level":"info","message":"Environment: development","service":"ehr-backend","timestamp":"2025-12-17 14:00:41"}
{"level":"info","message":"API Documentation: http://localhost:3001/api/docs","service":"ehr-backend","timestamp":"2025-12-17 14:00:41"}
{"host":"mongodb","level":"info","message":"MongoDB connected","name":"EhrDB","service":"ehr-backend","timestamp":"2025-12-17 14:00:42"}
{"level":"info","message":"OpenBao connection established at http://openbao:8200","service":"ehr-backend","timestamp":"2025-12-17 14:00:42"}
{"level":"info","message":"OpenBao initialized successfully","service":"ehr-backend","timestamp":"2025-12-17 14:00:42"}
{"level":"info","message":"OpenBao endpoints configured: [\"http://openbao:8200\",\"http://localhost:18200\"]","service":"ehr-backend","timestamp":"2025-12-17 14:24:56"}
{"level":"info","message":"Attempting to connect to OpenBao at http://openbao:8200","service":"ehr-backend","timestamp":"2025-12-17 14:24:57"}
{"level":"info","message":"Server running on port 3001","service":"ehr-backend","timestamp":"2025-12-17 14:24:57"}
{"level":"info","message":"Environment: development","service":"ehr-backend","timestamp":"2025-12-17 14:24:57"}
{"level":"info","message":"API Documentation: http://localhost:3001/api/docs","service":"ehr-backend","timestamp":"2025-12-17 14:24:57"}
{"host":"mongodb","level":"info","message":"MongoDB connected","name":"EhrDB","service":"ehr-backend","timestamp":"2025-12-17 14:24:57"}
{"level":"info","message":"OpenBao connection established at http://openbao:8200","service":"ehr-backend","timestamp":"2025-12-17 14:24:57"}
{"level":"info","message":"OpenBao initialized successfully","service":"ehr-backend","timestamp":"2025-12-17 14:24:57"}
