{"email":"patient@test.com","level":"info","message":"User login successful","role":"Patient","service":"ehr-backend","timestamp":"2025-12-16 00:09:27","userId":"694008865685904560742a95"}
{"email":"admin@test.com","level":"info","message":"User login successful","role":"Admin","service":"ehr-backend","timestamp":"2025-12-16 00:09:27","userId":"694008875685904560742aa1"}
{"email":"nonexistent@test.com","ip":"::ffff:127.0.0.1","level":"warn","message":"Login attempt failed: User not found","service":"ehr-backend","timestamp":"2025-12-16 00:09:27"}
{"email":"patient@test.com","ip":"::ffff:127.0.0.1","level":"warn","message":"Login attempt failed: Invalid password","service":"ehr-backend","timestamp":"2025-12-16 00:09:28","userId":"694008875685904560742ab0"}
{"ip":"::ffff:127.0.0.1","level":"warn","message":"Login attempt failed: User not found","service":"ehr-backend","timestamp":"2025-12-16 00:09:28"}
{"email":"patient@test.com","error":"data and hash arguments required","level":"error","message":"Login error","service":"ehr-backend","timestamp":"2025-12-16 00:09:28"}
{"email":"admin@test.com","level":"info","message":"User login successful","role":"Admin","service":"ehr-backend","timestamp":"2025-12-16 00:09:28","userId":"694008885685904560742ac0"}
{"email":"provider@test.com","level":"info","message":"User login successful","role":"Provider","service":"ehr-backend","timestamp":"2025-12-16 00:09:28","userId":"694008885685904560742ac8"}
{"email":"patient@test.com","level":"info","message":"User login successful","role":"Patient","service":"ehr-backend","timestamp":"2025-12-16 00:09:28","userId":"694008885685904560742ad0"}
{"email":"patient@test.com","level":"info","message":"User login successful","role":"Patient","service":"ehr-backend","timestamp":"2025-12-16 00:09:29","userId":"694008895685904560742ade"}
{"level":"info","message":"User logout","service":"ehr-backend","timestamp":"2025-12-16 00:09:29"}
{"level":"info","message":"User logout","service":"ehr-backend","timestamp":"2025-12-16 00:09:29"}
{"email":"admin@test.com","level":"info","message":"User login successful","role":"Admin","service":"ehr-backend","timestamp":"2025-12-16 00:09:29","userId":"694008895685904560742aed"}
{"email":"admin@test.com","level":"info","message":"User login successful","role":"Admin","service":"ehr-backend","timestamp":"2025-12-16 00:09:34","userId":"6940088db27ebc674a24c929"}
{"email":"manager@test.com","level":"info","message":"User login successful","role":"Manager","service":"ehr-backend","timestamp":"2025-12-16 00:09:34","userId":"6940088eb27ebc674a24c937"}
{"email":"provider@test.com","level":"info","message":"User login successful","role":"Provider","service":"ehr-backend","timestamp":"2025-12-16 00:09:34","userId":"6940088eb27ebc674a24c93f"}
{"email":"employee@test.com","level":"info","message":"User login successful","role":"Employee","service":"ehr-backend","timestamp":"2025-12-16 00:09:35","userId":"6940088eb27ebc674a24c947"}
{"email":"patient@test.com","level":"info","message":"User login successful","role":"Patient","service":"ehr-backend","timestamp":"2025-12-16 00:09:35","userId":"6940088fb27ebc674a24c94f"}
{"email":"admin@test.com","level":"info","message":"User login successful","role":"Admin","service":"ehr-backend","timestamp":"2025-12-16 00:09:35","userId":"6940088fb27ebc674a24c957"}
{"email":"patient@test.com","ip":"::ffff:127.0.0.1","level":"warn","message":"Login attempt failed: Invalid password","service":"ehr-backend","timestamp":"2025-12-16 00:09:35","userId":"6940088fb27ebc674a24c95f"}
{"email":"nonexistent@example.com","ip":"::ffff:127.0.0.1","level":"warn","message":"Login attempt failed: User not found","service":"ehr-backend","timestamp":"2025-12-16 00:09:35"}
{"ip":"::ffff:127.0.0.1","level":"warn","message":"Login attempt failed: User not found","service":"ehr-backend","timestamp":"2025-12-16 00:09:35"}
{"email":"patient@test.com","error":"data and hash arguments required","level":"error","message":"Login error","service":"ehr-backend","timestamp":"2025-12-16 00:09:35"}
{"email":"admin@test.com","level":"info","message":"User login successful","role":"Admin","service":"ehr-backend","timestamp":"2025-12-16 00:09:35","userId":"6940088fb27ebc674a24c973"}
{"email":"admin@test.com","level":"info","message":"User login successful","role":"Admin","service":"ehr-backend","timestamp":"2025-12-16 00:09:36","userId":"69400890b27ebc674a24c98b"}
{"level":"info","message":"User logout","service":"ehr-backend","timestamp":"2025-12-16 00:09:36"}
{"level":"info","message":"User logout","service":"ehr-backend","timestamp":"2025-12-16 00:09:36"}
{"email":"admin@test.com","level":"info","message":"User login successful","role":"Admin","service":"ehr-backend","timestamp":"2025-12-16 00:09:36","userId":"69400890b27ebc674a24c99a"}
{"email":"admin@test.com","level":"info","message":"User login successful","role":"Admin","service":"ehr-backend","timestamp":"2025-12-16 00:09:36","userId":"69400890b27ebc674a24c9a2"}
{"email":"admin@test.com","level":"info","message":"User login successful","role":"Admin","service":"ehr-backend","timestamp":"2025-12-16 00:09:36","userId":"69400890b27ebc674a24c9aa"}
{"level":"info","message":"Authorization check","method":"GET","path":"/audit-logs","requiredRoles":["Admin"],"service":"ehr-backend","timestamp":"2025-12-16 00:09:36","userId":"69400890b27ebc674a24c9aa","userRole":"Admin"}
{"level":"info","message":"Admin 69400890b27ebc674a24c9aa retrieved 1 audit logs","service":"ehr-backend","timestamp":"2025-12-16 00:09:36"}
{"ip":"::ffff:127.0.0.1","level":"warn","message":"Authentication failed: Token missing","method":"GET","path":"/audit-logs","service":"ehr-backend","timestamp":"2025-12-16 00:09:36"}
{"error":"jwt expired","ip":"::ffff:127.0.0.1","level":"warn","message":"Authentication failed: JWT verification failed","method":"GET","path":"/audit-logs","service":"ehr-backend","timestamp":"2025-12-16 00:09:37"}
{"email":"admin@test.com","level":"info","message":"User login successful","role":"Admin","service":"ehr-backend","timestamp":"2025-12-16 00:09:42","userId":"69400894f218d627412f2778"}
{"email":"manager@test.com","level":"info","message":"User login successful","role":"Manager","service":"ehr-backend","timestamp":"2025-12-16 00:09:42","userId":"69400895f218d627412f277f"}
{"email":"provider@test.com","level":"info","message":"User login successful","role":"Provider","service":"ehr-backend","timestamp":"2025-12-16 00:09:42","userId":"69400895f218d627412f2782"}
{"email":"assigned@test.com","level":"info","message":"User login successful","role":"Patient","service":"ehr-backend","timestamp":"2025-12-16 00:09:42","userId":"69400895f218d627412f2786"}
{"error":"Invalid AES key format after unwrapping","level":"error","message":"Failed to load AES key","service":"ehr-backend","timestamp":"2025-12-16 00:09:42","userId":"69400895f218d627412f2782"}
{"email":"admin@test.com","level":"info","message":"User login successful","role":"Admin","service":"ehr-backend","timestamp":"2025-12-16 00:09:42","userId":"69400896f218d627412f279b"}
{"email":"manager@test.com","level":"info","message":"User login successful","role":"Manager","service":"ehr-backend","timestamp":"2025-12-16 00:09:43","userId":"69400896f218d627412f279d"}
{"email":"provider@test.com","level":"info","message":"User login successful","role":"Provider","service":"ehr-backend","timestamp":"2025-12-16 00:09:43","userId":"69400896f218d627412f279f"}
{"email":"assigned@test.com","level":"info","message":"User login successful","role":"Patient","service":"ehr-backend","timestamp":"2025-12-16 00:09:43","userId":"69400896f218d627412f27a3"}
{"error":"Invalid AES key format after unwrapping","level":"error","message":"Failed to load AES key","service":"ehr-backend","timestamp":"2025-12-16 00:09:43","userId":"69400896f218d627412f279f"}
{"email":"admin@test.com","level":"info","message":"User login successful","role":"Admin","service":"ehr-backend","timestamp":"2025-12-16 00:09:43","userId":"69400897f218d627412f27b8"}
{"email":"manager@test.com","level":"info","message":"User login successful","role":"Manager","service":"ehr-backend","timestamp":"2025-12-16 00:09:43","userId":"69400897f218d627412f27ba"}
{"email":"provider@test.com","level":"info","message":"User login successful","role":"Provider","service":"ehr-backend","timestamp":"2025-12-16 00:09:43","userId":"69400897f218d627412f27bc"}
{"email":"assigned@test.com","level":"info","message":"User login successful","role":"Patient","service":"ehr-backend","timestamp":"2025-12-16 00:09:43","userId":"69400897f218d627412f27c0"}
{"error":"Invalid AES key format after unwrapping","level":"error","message":"Failed to load AES key","service":"ehr-backend","timestamp":"2025-12-16 00:09:43","userId":"69400897f218d627412f27ba"}
{"email":"admin@test.com","level":"info","message":"User login successful","role":"Admin","service":"ehr-backend","timestamp":"2025-12-16 00:09:44","userId":"69400898f218d627412f27d5"}
{"email":"manager@test.com","level":"info","message":"User login successful","role":"Manager","service":"ehr-backend","timestamp":"2025-12-16 00:09:44","userId":"69400898f218d627412f27d7"}
{"email":"provider@test.com","level":"info","message":"User login successful","role":"Provider","service":"ehr-backend","timestamp":"2025-12-16 00:09:44","userId":"69400898f218d627412f27d9"}
{"email":"assigned@test.com","level":"info","message":"User login successful","role":"Patient","service":"ehr-backend","timestamp":"2025-12-16 00:09:44","userId":"69400898f218d627412f27dd"}
{"error":"Invalid AES key format after unwrapping","level":"error","message":"Failed to load AES key","service":"ehr-backend","timestamp":"2025-12-16 00:09:44","userId":"69400898f218d627412f27dd"}
{"email":"admin@test.com","level":"info","message":"User login successful","role":"Admin","service":"ehr-backend","timestamp":"2025-12-16 00:09:45","userId":"69400898f218d627412f27f2"}
{"email":"manager@test.com","level":"info","message":"User login successful","role":"Manager","service":"ehr-backend","timestamp":"2025-12-16 00:09:45","userId":"69400898f218d627412f27f4"}
{"email":"provider@test.com","level":"info","message":"User login successful","role":"Provider","service":"ehr-backend","timestamp":"2025-12-16 00:09:45","userId":"69400898f218d627412f27f6"}
{"email":"assigned@test.com","level":"info","message":"User login successful","role":"Patient","service":"ehr-backend","timestamp":"2025-12-16 00:09:45","userId":"69400899f218d627412f27fa"}
{"error":"Invalid AES key format after unwrapping","level":"error","message":"Failed to load AES key","service":"ehr-backend","timestamp":"2025-12-16 00:09:45","userId":"69400898f218d627412f27f6"}
{"email":"admin@test.com","level":"info","message":"User login successful","role":"Admin","service":"ehr-backend","timestamp":"2025-12-16 00:09:45","userId":"69400899f218d627412f280f"}
{"email":"manager@test.com","level":"info","message":"User login successful","role":"Manager","service":"ehr-backend","timestamp":"2025-12-16 00:09:46","userId":"69400899f218d627412f2811"}
{"email":"provider@test.com","level":"info","message":"User login successful","role":"Provider","service":"ehr-backend","timestamp":"2025-12-16 00:09:46","userId":"69400899f218d627412f2813"}
{"email":"assigned@test.com","level":"info","message":"User login successful","role":"Patient","service":"ehr-backend","timestamp":"2025-12-16 00:09:46","userId":"69400899f218d627412f2817"}
{"error":"Invalid AES key format after unwrapping","level":"error","message":"Failed to load AES key","service":"ehr-backend","timestamp":"2025-12-16 00:09:46","userId":"69400899f218d627412f2813"}
{"email":"admin@test.com","level":"info","message":"User login successful","role":"Admin","service":"ehr-backend","timestamp":"2025-12-16 00:09:46","userId":"6940089af218d627412f282c"}
{"email":"manager@test.com","level":"info","message":"User login successful","role":"Manager","service":"ehr-backend","timestamp":"2025-12-16 00:09:46","userId":"6940089af218d627412f282e"}
{"email":"provider@test.com","level":"info","message":"User login successful","role":"Provider","service":"ehr-backend","timestamp":"2025-12-16 00:09:46","userId":"6940089af218d627412f2830"}
{"email":"assigned@test.com","level":"info","message":"User login successful","role":"Patient","service":"ehr-backend","timestamp":"2025-12-16 00:09:47","userId":"6940089af218d627412f2834"}
{"error":"Invalid AES key format after unwrapping","level":"error","message":"Failed to load AES key","service":"ehr-backend","timestamp":"2025-12-16 00:09:47","userId":"6940089af218d627412f2830"}
{"email":"admin@test.com","level":"info","message":"User login successful","role":"Admin","service":"ehr-backend","timestamp":"2025-12-16 00:09:47","userId":"6940089bf218d627412f2849"}
{"email":"manager@test.com","level":"info","message":"User login successful","role":"Manager","service":"ehr-backend","timestamp":"2025-12-16 00:09:47","userId":"6940089bf218d627412f284b"}
{"email":"provider@test.com","level":"info","message":"User login successful","role":"Provider","service":"ehr-backend","timestamp":"2025-12-16 00:09:47","userId":"6940089bf218d627412f284d"}
{"email":"assigned@test.com","level":"info","message":"User login successful","role":"Patient","service":"ehr-backend","timestamp":"2025-12-16 00:09:47","userId":"6940089bf218d627412f2851"}
{"level":"info","managerId":"6940089bf218d627412f284b","message":"All records retrieved","recordCount":1,"service":"ehr-backend","timestamp":"2025-12-16 00:09:47"}
{"email":"admin@test.com","level":"info","message":"User login successful","role":"Admin","service":"ehr-backend","timestamp":"2025-12-16 00:09:48","userId":"6940089bf218d627412f286c"}
{"email":"manager@test.com","level":"info","message":"User login successful","role":"Manager","service":"ehr-backend","timestamp":"2025-12-16 00:09:48","userId":"6940089bf218d627412f286e"}
{"email":"provider@test.com","level":"info","message":"User login successful","role":"Provider","service":"ehr-backend","timestamp":"2025-12-16 00:09:48","userId":"6940089cf218d627412f2870"}
{"email":"assigned@test.com","level":"info","message":"User login successful","role":"Patient","service":"ehr-backend","timestamp":"2025-12-16 00:09:48","userId":"6940089cf218d627412f2874"}
{"email":"admin@test.com","level":"info","message":"User login successful","role":"Admin","service":"ehr-backend","timestamp":"2025-12-16 00:09:49","userId":"6940089cf218d627412f2889"}
{"email":"manager@test.com","level":"info","message":"User login successful","role":"Manager","service":"ehr-backend","timestamp":"2025-12-16 00:09:49","userId":"6940089cf218d627412f288b"}
{"email":"provider@test.com","level":"info","message":"User login successful","role":"Provider","service":"ehr-backend","timestamp":"2025-12-16 00:09:49","userId":"6940089cf218d627412f288d"}
{"email":"assigned@test.com","level":"info","message":"User login successful","role":"Patient","service":"ehr-backend","timestamp":"2025-12-16 00:09:49","userId":"6940089cf218d627412f2891"}
{"email":"admin@test.com","level":"info","message":"User login successful","role":"Admin","service":"ehr-backend","timestamp":"2025-12-16 00:09:49","userId":"6940089df218d627412f28a6"}
{"email":"manager@test.com","level":"info","message":"User login successful","role":"Manager","service":"ehr-backend","timestamp":"2025-12-16 00:09:49","userId":"6940089df218d627412f28a8"}
{"email":"provider@test.com","level":"info","message":"User login successful","role":"Provider","service":"ehr-backend","timestamp":"2025-12-16 00:09:50","userId":"6940089df218d627412f28aa"}
{"email":"assigned@test.com","level":"info","message":"User login successful","role":"Patient","service":"ehr-backend","timestamp":"2025-12-16 00:09:50","userId":"6940089df218d627412f28ae"}
{"error":"Cast to ObjectId failed for value \"my-records\" (type string) at path \"_id\" for model \"PatientRecord\"","level":"error","message":"Error retrieving record by ID","recordId":"my-records","service":"ehr-backend","timestamp":"2025-12-16 00:09:50","userId":"6940089df218d627412f28ae"}
{"email":"admin@test.com","level":"info","message":"User login successful","role":"Admin","service":"ehr-backend","timestamp":"2025-12-16 00:09:50","userId":"6940089ef218d627412f28c5"}
{"email":"manager@test.com","level":"info","message":"User login successful","role":"Manager","service":"ehr-backend","timestamp":"2025-12-16 00:09:50","userId":"6940089ef218d627412f28c7"}
{"email":"provider@test.com","level":"info","message":"User login successful","role":"Provider","service":"ehr-backend","timestamp":"2025-12-16 00:09:51","userId":"6940089ef218d627412f28c9"}
{"email":"assigned@test.com","level":"info","message":"User login successful","role":"Patient","service":"ehr-backend","timestamp":"2025-12-16 00:09:51","userId":"6940089ef218d627412f28cd"}
{"error":"Cast to ObjectId failed for value \"my-records\" (type string) at path \"_id\" for model \"PatientRecord\"","level":"error","message":"Error retrieving record by ID","recordId":"my-records","service":"ehr-backend","timestamp":"2025-12-16 00:09:51","userId":"6940089ef218d627412f28cd"}
{"email":"admin@test.com","level":"info","message":"User login successful","role":"Admin","service":"ehr-backend","timestamp":"2025-12-16 00:09:51","userId":"6940089ff218d627412f28e6"}
{"email":"manager@test.com","level":"info","message":"User login successful","role":"Manager","service":"ehr-backend","timestamp":"2025-12-16 00:09:51","userId":"6940089ff218d627412f28e8"}
{"email":"provider@test.com","level":"info","message":"User login successful","role":"Provider","service":"ehr-backend","timestamp":"2025-12-16 00:09:51","userId":"6940089ff218d627412f28ea"}
{"email":"assigned@test.com","level":"info","message":"User login successful","role":"Patient","service":"ehr-backend","timestamp":"2025-12-16 00:09:51","userId":"6940089ff218d627412f28ee"}
{"error":"Cast to ObjectId failed for value \"my-records\" (type string) at path \"_id\" for model \"PatientRecord\"","level":"error","message":"Error retrieving record by ID","recordId":"my-records","service":"ehr-backend","timestamp":"2025-12-16 00:09:51","userId":"6940089ff218d627412f28ea"}
{"email":"admin@test.com","level":"info","message":"User login successful","role":"Admin","service":"ehr-backend","timestamp":"2025-12-16 00:09:52","userId":"6940089ff218d627412f2905"}
{"email":"manager@test.com","level":"info","message":"User login successful","role":"Manager","service":"ehr-backend","timestamp":"2025-12-16 00:09:52","userId":"6940089ff218d627412f2907"}
{"email":"provider@test.com","level":"info","message":"User login successful","role":"Provider","service":"ehr-backend","timestamp":"2025-12-16 00:09:52","userId":"694008a0f218d627412f2909"}
{"email":"assigned@test.com","level":"info","message":"User login successful","role":"Patient","service":"ehr-backend","timestamp":"2025-12-16 00:09:52","userId":"694008a0f218d627412f290d"}
{"level":"info","message":"Record retrieved by ID","recordId":"694008a0f218d627412f291c","service":"ehr-backend","timestamp":"2025-12-16 00:09:52","userId":"694008a0f218d627412f2909"}
{"email":"admin@test.com","level":"info","message":"User login successful","role":"Admin","service":"ehr-backend","timestamp":"2025-12-16 00:09:53","userId":"694008a0f218d627412f2928"}
{"email":"manager@test.com","level":"info","message":"User login successful","role":"Manager","service":"ehr-backend","timestamp":"2025-12-16 00:09:53","userId":"694008a0f218d627412f292a"}
{"email":"provider@test.com","level":"info","message":"User login successful","role":"Provider","service":"ehr-backend","timestamp":"2025-12-16 00:09:53","userId":"694008a0f218d627412f292c"}
{"email":"assigned@test.com","level":"info","message":"User login successful","role":"Patient","service":"ehr-backend","timestamp":"2025-12-16 00:09:53","userId":"694008a0f218d627412f2930"}
{"level":"info","message":"Record retrieved by ID","recordId":"694008a1f218d627412f293f","service":"ehr-backend","timestamp":"2025-12-16 00:09:53","userId":"694008a0f218d627412f2930"}
{"email":"admin@test.com","level":"info","message":"User login successful","role":"Admin","service":"ehr-backend","timestamp":"2025-12-16 00:09:53","userId":"694008a1f218d627412f294b"}
{"email":"manager@test.com","level":"info","message":"User login successful","role":"Manager","service":"ehr-backend","timestamp":"2025-12-16 00:09:53","userId":"694008a1f218d627412f294d"}
{"email":"provider@test.com","level":"info","message":"User login successful","role":"Provider","service":"ehr-backend","timestamp":"2025-12-16 00:09:54","userId":"694008a1f218d627412f294f"}
{"email":"assigned@test.com","level":"info","message":"User login successful","role":"Patient","service":"ehr-backend","timestamp":"2025-12-16 00:09:54","userId":"694008a1f218d627412f2953"}
{"level":"info","message":"Record retrieved by ID","recordId":"694008a2f218d627412f2962","service":"ehr-backend","timestamp":"2025-12-16 00:09:54","userId":"694008a1f218d627412f294d"}
{"email":"admin@test.com","level":"info","message":"User login successful","role":"Admin","service":"ehr-backend","timestamp":"2025-12-16 00:09:54","userId":"694008a2f218d627412f296e"}
{"email":"manager@test.com","level":"info","message":"User login successful","role":"Manager","service":"ehr-backend","timestamp":"2025-12-16 00:09:54","userId":"694008a2f218d627412f2970"}
{"email":"provider@test.com","level":"info","message":"User login successful","role":"Provider","service":"ehr-backend","timestamp":"2025-12-16 00:09:54","userId":"694008a2f218d627412f2972"}
{"email":"assigned@test.com","level":"info","message":"User login successful","role":"Patient","service":"ehr-backend","timestamp":"2025-12-16 00:09:54","userId":"694008a2f218d627412f2976"}
{"email":"admin@test.com","level":"info","message":"User login successful","role":"Admin","service":"ehr-backend","timestamp":"2025-12-16 00:09:55","userId":"694008a2f218d627412f2991"}
{"email":"manager@test.com","level":"info","message":"User login successful","role":"Manager","service":"ehr-backend","timestamp":"2025-12-16 00:09:55","userId":"694008a3f218d627412f2993"}
{"email":"provider@test.com","level":"info","message":"User login successful","role":"Provider","service":"ehr-backend","timestamp":"2025-12-16 00:09:55","userId":"694008a3f218d627412f2995"}
{"email":"assigned@test.com","level":"info","message":"User login successful","role":"Patient","service":"ehr-backend","timestamp":"2025-12-16 00:09:55","userId":"694008a3f218d627412f2999"}
{"email":"admin@test.com","level":"info","message":"User login successful","role":"Admin","service":"ehr-backend","timestamp":"2025-12-16 00:09:56","userId":"694008a3f218d627412f29b1"}
{"email":"manager@test.com","level":"info","message":"User login successful","role":"Manager","service":"ehr-backend","timestamp":"2025-12-16 00:09:56","userId":"694008a3f218d627412f29b3"}
{"email":"provider@test.com","level":"info","message":"User login successful","role":"Provider","service":"ehr-backend","timestamp":"2025-12-16 00:09:56","userId":"694008a3f218d627412f29b5"}
{"email":"assigned@test.com","level":"info","message":"User login successful","role":"Patient","service":"ehr-backend","timestamp":"2025-12-16 00:09:56","userId":"694008a3f218d627412f29b9"}
{"error":"Invalid AES key format after unwrapping","level":"error","message":"Failed to load AES key","service":"ehr-backend","timestamp":"2025-12-16 00:09:56","userId":"694008a3f218d627412f29b5"}
{"email":"admin@test.com","level":"info","message":"User login successful","role":"Admin","service":"ehr-backend","timestamp":"2025-12-16 00:09:56","userId":"694008a4f218d627412f29ce"}
{"email":"manager@test.com","level":"info","message":"User login successful","role":"Manager","service":"ehr-backend","timestamp":"2025-12-16 00:09:56","userId":"694008a4f218d627412f29d0"}
{"email":"provider@test.com","level":"info","message":"User login successful","role":"Provider","service":"ehr-backend","timestamp":"2025-12-16 00:09:57","userId":"694008a4f218d627412f29d2"}
{"email":"assigned@test.com","level":"info","message":"User login successful","role":"Patient","service":"ehr-backend","timestamp":"2025-12-16 00:09:57","userId":"694008a4f218d627412f29d6"}
{"email":"admin@test.com","level":"info","message":"User login successful","role":"Admin","service":"ehr-backend","timestamp":"2025-12-16 00:09:57","userId":"694008a5f218d627412f29ed"}
{"email":"admin@test.com","level":"info","message":"User login successful","role":"Admin","service":"ehr-backend","timestamp":"2025-12-16 00:10:03","userId":"694008a949e51f381426b93b"}
{"email":"manager@test.com","level":"info","message":"User login successful","role":"Manager","service":"ehr-backend","timestamp":"2025-12-16 00:10:03","userId":"694008aa49e51f381426b942"}
{"email":"provider@test.com","level":"info","message":"User login successful","role":"Provider","service":"ehr-backend","timestamp":"2025-12-16 00:10:03","userId":"694008aa49e51f381426b945"}
{"email":"employee@test.com","level":"info","message":"User login successful","role":"Employee","service":"ehr-backend","timestamp":"2025-12-16 00:10:03","userId":"694008aa49e51f381426b947"}
{"email":"patient@test.com","level":"info","message":"User login successful","role":"Patient","service":"ehr-backend","timestamp":"2025-12-16 00:10:03","userId":"694008aa49e51f381426b949"}
{"level":"info","message":"Authorization check","method":"POST","path":"/register","requiredRoles":["Employee","Manager","Admin"],"service":"ehr-backend","timestamp":"2025-12-16 00:10:03","userId":"694008a949e51f381426b93b","userRole":"Admin"}
{"creatorId":"694008a949e51f381426b93b","creatorRole":"Admin","level":"info","message":"User registered successfully","newUserId":"694008ab49e51f381426b95b","newUserRole":"Patient","service":"ehr-backend","timestamp":"2025-12-16 00:10:03"}
{"level":"info","message":"Authorization check","method":"POST","path":"/register","requiredRoles":["Employee","Manager","Admin"],"service":"ehr-backend","timestamp":"2025-12-16 00:10:03","userId":"694008a949e51f381426b93b","userRole":"Admin"}
{"creatorId":"694008a949e51f381426b93b","creatorRole":"Admin","level":"info","message":"User registered successfully","newUserId":"694008ab49e51f381426b960","newUserRole":"Provider","service":"ehr-backend","timestamp":"2025-12-16 00:10:03"}
{"level":"info","message":"Authorization check","method":"POST","path":"/register","requiredRoles":["Employee","Manager","Admin"],"service":"ehr-backend","timestamp":"2025-12-16 00:10:03","userId":"694008a949e51f381426b93b","userRole":"Admin"}
{"creatorId":"694008a949e51f381426b93b","creatorRole":"Admin","level":"info","message":"User registered successfully","newUserId":"694008ab49e51f381426b965","newUserRole":"Employee","service":"ehr-backend","timestamp":"2025-12-16 00:10:03"}
{"level":"info","message":"Authorization check","method":"POST","path":"/register","requiredRoles":["Employee","Manager","Admin"],"service":"ehr-backend","timestamp":"2025-12-16 00:10:03","userId":"694008a949e51f381426b93b","userRole":"Admin"}
{"creatorId":"694008a949e51f381426b93b","creatorRole":"Admin","level":"info","message":"User registered successfully","newUserId":"694008ab49e51f381426b96a","newUserRole":"Manager","service":"ehr-backend","timestamp":"2025-12-16 00:10:03"}
{"email":"admin@test.com","level":"info","message":"User login successful","role":"Admin","service":"ehr-backend","timestamp":"2025-12-16 00:10:04","userId":"694008ab49e51f381426b974"}
{"email":"manager@test.com","level":"info","message":"User login successful","role":"Manager","service":"ehr-backend","timestamp":"2025-12-16 00:10:04","userId":"694008ab49e51f381426b976"}
{"email":"provider@test.com","level":"info","message":"User login successful","role":"Provider","service":"ehr-backend","timestamp":"2025-12-16 00:10:04","userId":"694008ab49e51f381426b978"}
{"email":"employee@test.com","level":"info","message":"User login successful","role":"Employee","service":"ehr-backend","timestamp":"2025-12-16 00:10:04","userId":"694008ac49e51f381426b97a"}
{"email":"patient@test.com","level":"info","message":"User login successful","role":"Patient","service":"ehr-backend","timestamp":"2025-12-16 00:10:04","userId":"694008ac49e51f381426b97c"}
{"level":"info","message":"Authorization check","method":"POST","path":"/register","requiredRoles":["Employee","Manager","Admin"],"service":"ehr-backend","timestamp":"2025-12-16 00:10:04","userId":"694008ab49e51f381426b976","userRole":"Manager"}
{"creatorId":"694008ab49e51f381426b976","creatorRole":"Manager","level":"info","message":"User registered successfully","newUserId":"694008ac49e51f381426b98e","newUserRole":"Employee","service":"ehr-backend","timestamp":"2025-12-16 00:10:04"}
{"level":"info","message":"Authorization check","method":"POST","path":"/register","requiredRoles":["Employee","Manager","Admin"],"service":"ehr-backend","timestamp":"2025-12-16 00:10:04","userId":"694008ab49e51f381426b976","userRole":"Manager"}
{"creatorId":"694008ab49e51f381426b976","creatorRole":"Manager","level":"info","message":"User registered successfully","newUserId":"694008ac49e51f381426b993","newUserRole":"Provider","service":"ehr-backend","timestamp":"2025-12-16 00:10:04"}
{"level":"info","message":"Authorization check","method":"POST","path":"/register","requiredRoles":["Employee","Manager","Admin"],"service":"ehr-backend","timestamp":"2025-12-16 00:10:04","userId":"694008ab49e51f381426b976","userRole":"Manager"}
{"creatorId":"694008ab49e51f381426b976","creatorRole":"Manager","level":"info","message":"User registered successfully","newUserId":"694008ac49e51f381426b998","newUserRole":"Patient","service":"ehr-backend","timestamp":"2025-12-16 00:10:04"}
{"email":"admin@test.com","level":"info","message":"User login successful","role":"Admin","service":"ehr-backend","timestamp":"2025-12-16 00:10:05","userId":"694008ac49e51f381426b9a2"}
{"email":"manager@test.com","level":"info","message":"User login successful","role":"Manager","service":"ehr-backend","timestamp":"2025-12-16 00:10:05","userId":"694008ad49e51f381426b9a4"}
{"email":"provider@test.com","level":"info","message":"User login successful","role":"Provider","service":"ehr-backend","timestamp":"2025-12-16 00:10:05","userId":"694008ad49e51f381426b9a6"}
{"email":"employee@test.com","level":"info","message":"User login successful","role":"Employee","service":"ehr-backend","timestamp":"2025-12-16 00:10:05","userId":"694008ad49e51f381426b9a8"}
{"email":"patient@test.com","level":"info","message":"User login successful","role":"Patient","service":"ehr-backend","timestamp":"2025-12-16 00:10:05","userId":"694008ad49e51f381426b9aa"}
{"level":"info","message":"Authorization check","method":"POST","path":"/register","requiredRoles":["Employee","Manager","Admin"],"service":"ehr-backend","timestamp":"2025-12-16 00:10:05","userId":"694008ad49e51f381426b9a4","userRole":"Manager"}
{"creatorId":"694008ad49e51f381426b9a4","creatorRole":"Manager","level":"warn","message":"Registration denied: Insufficient permissions","service":"ehr-backend","targetRole":"Manager","timestamp":"2025-12-16 00:10:05"}
{"email":"admin@test.com","level":"info","message":"User login successful","role":"Admin","service":"ehr-backend","timestamp":"2025-12-16 00:10:06","userId":"694008ad49e51f381426b9c1"}
{"email":"manager@test.com","level":"info","message":"User login successful","role":"Manager","service":"ehr-backend","timestamp":"2025-12-16 00:10:06","userId":"694008ad49e51f381426b9c3"}
{"email":"provider@test.com","level":"info","message":"User login successful","role":"Provider","service":"ehr-backend","timestamp":"2025-12-16 00:10:06","userId":"694008ad49e51f381426b9c5"}
{"email":"employee@test.com","level":"info","message":"User login successful","role":"Employee","service":"ehr-backend","timestamp":"2025-12-16 00:10:06","userId":"694008ad49e51f381426b9c7"}
{"email":"patient@test.com","level":"info","message":"User login successful","role":"Patient","service":"ehr-backend","timestamp":"2025-12-16 00:10:06","userId":"694008ae49e51f381426b9c9"}
{"level":"info","message":"Authorization check","method":"POST","path":"/register","requiredRoles":["Employee","Manager","Admin"],"service":"ehr-backend","timestamp":"2025-12-16 00:10:06","userId":"694008ad49e51f381426b9c7","userRole":"Employee"}
{"creatorId":"694008ad49e51f381426b9c7","creatorRole":"Employee","level":"info","message":"User registered successfully","newUserId":"694008ae49e51f381426b9db","newUserRole":"Patient","service":"ehr-backend","timestamp":"2025-12-16 00:10:06"}
{"email":"admin@test.com","level":"info","message":"User login successful","role":"Admin","service":"ehr-backend","timestamp":"2025-12-16 00:10:07","userId":"694008ae49e51f381426b9e5"}
{"email":"manager@test.com","level":"info","message":"User login successful","role":"Manager","service":"ehr-backend","timestamp":"2025-12-16 00:10:07","userId":"694008ae49e51f381426b9e7"}
{"email":"provider@test.com","level":"info","message":"User login successful","role":"Provider","service":"ehr-backend","timestamp":"2025-12-16 00:10:07","userId":"694008ae49e51f381426b9e9"}
{"email":"employee@test.com","level":"info","message":"User login successful","role":"Employee","service":"ehr-backend","timestamp":"2025-12-16 00:10:07","userId":"694008ae49e51f381426b9eb"}
{"email":"patient@test.com","level":"info","message":"User login successful","role":"Patient","service":"ehr-backend","timestamp":"2025-12-16 00:10:07","userId":"694008ae49e51f381426b9ed"}
{"level":"info","message":"Authorization check","method":"POST","path":"/register","requiredRoles":["Employee","Manager","Admin"],"service":"ehr-backend","timestamp":"2025-12-16 00:10:07","userId":"694008ae49e51f381426b9eb","userRole":"Employee"}
{"creatorId":"694008ae49e51f381426b9eb","creatorRole":"Employee","level":"warn","message":"Registration denied: Insufficient permissions","service":"ehr-backend","targetRole":"Provider","timestamp":"2025-12-16 00:10:07"}
{"email":"admin@test.com","level":"info","message":"User login successful","role":"Admin","service":"ehr-backend","timestamp":"2025-12-16 00:10:07","userId":"694008af49e51f381426ba04"}
{"email":"manager@test.com","level":"info","message":"User login successful","role":"Manager","service":"ehr-backend","timestamp":"2025-12-16 00:10:08","userId":"694008af49e51f381426ba06"}
{"email":"provider@test.com","level":"info","message":"User login successful","role":"Provider","service":"ehr-backend","timestamp":"2025-12-16 00:10:08","userId":"694008af49e51f381426ba08"}
{"email":"employee@test.com","level":"info","message":"User login successful","role":"Employee","service":"ehr-backend","timestamp":"2025-12-16 00:10:08","userId":"694008af49e51f381426ba0a"}
{"email":"patient@test.com","level":"info","message":"User login successful","role":"Patient","service":"ehr-backend","timestamp":"2025-12-16 00:10:08","userId":"694008af49e51f381426ba0c"}
{"level":"info","message":"Authorization check","method":"POST","path":"/register","requiredRoles":["Employee","Manager","Admin"],"service":"ehr-backend","timestamp":"2025-12-16 00:10:08","userId":"694008af49e51f381426ba0a","userRole":"Employee"}
{"creatorId":"694008af49e51f381426ba0a","creatorRole":"Employee","level":"warn","message":"Registration denied: Insufficient permissions","service":"ehr-backend","targetRole":"Employee","timestamp":"2025-12-16 00:10:08"}
{"email":"admin@test.com","level":"info","message":"User login successful","role":"Admin","service":"ehr-backend","timestamp":"2025-12-16 00:10:08","userId":"694008b049e51f381426ba23"}
{"email":"manager@test.com","level":"info","message":"User login successful","role":"Manager","service":"ehr-backend","timestamp":"2025-12-16 00:10:08","userId":"694008b049e51f381426ba25"}
{"email":"provider@test.com","level":"info","message":"User login successful","role":"Provider","service":"ehr-backend","timestamp":"2025-12-16 00:10:08","userId":"694008b049e51f381426ba27"}
{"email":"employee@test.com","level":"info","message":"User login successful","role":"Employee","service":"ehr-backend","timestamp":"2025-12-16 00:10:09","userId":"694008b049e51f381426ba29"}
{"email":"patient@test.com","level":"info","message":"User login successful","role":"Patient","service":"ehr-backend","timestamp":"2025-12-16 00:10:09","userId":"694008b049e51f381426ba2b"}
{"level":"info","message":"Authorization check","method":"POST","path":"/register","requiredRoles":["Employee","Manager","Admin"],"service":"ehr-backend","timestamp":"2025-12-16 00:10:09","userId":"694008b049e51f381426ba27","userRole":"Provider"}
{"level":"warn","message":"Authorization denied: Insufficient permissions","method":"POST","path":"/register","requiredRoles":["Employee","Manager","Admin"],"service":"ehr-backend","timestamp":"2025-12-16 00:10:09","userId":"694008b049e51f381426ba27","userRole":"Provider"}
{"email":"admin@test.com","level":"info","message":"User login successful","role":"Admin","service":"ehr-backend","timestamp":"2025-12-16 00:10:09","userId":"694008b149e51f381426ba44"}
{"email":"manager@test.com","level":"info","message":"User login successful","role":"Manager","service":"ehr-backend","timestamp":"2025-12-16 00:10:09","userId":"694008b149e51f381426ba46"}
{"email":"provider@test.com","level":"info","message":"User login successful","role":"Provider","service":"ehr-backend","timestamp":"2025-12-16 00:10:09","userId":"694008b149e51f381426ba48"}
{"email":"employee@test.com","level":"info","message":"User login successful","role":"Employee","service":"ehr-backend","timestamp":"2025-12-16 00:10:09","userId":"694008b149e51f381426ba4a"}
{"email":"patient@test.com","level":"info","message":"User login successful","role":"Patient","service":"ehr-backend","timestamp":"2025-12-16 00:10:09","userId":"694008b149e51f381426ba4c"}
{"level":"info","message":"Authorization check","method":"POST","path":"/register","requiredRoles":["Employee","Manager","Admin"],"service":"ehr-backend","timestamp":"2025-12-16 00:10:09","userId":"694008b149e51f381426ba4c","userRole":"Patient"}
{"level":"warn","message":"Authorization denied: Insufficient permissions","method":"POST","path":"/register","requiredRoles":["Employee","Manager","Admin"],"service":"ehr-backend","timestamp":"2025-12-16 00:10:09","userId":"694008b149e51f381426ba4c","userRole":"Patient"}
{"email":"admin@test.com","level":"info","message":"User login successful","role":"Admin","service":"ehr-backend","timestamp":"2025-12-16 00:10:10","userId":"694008b249e51f381426ba65"}
{"email":"manager@test.com","level":"info","message":"User login successful","role":"Manager","service":"ehr-backend","timestamp":"2025-12-16 00:10:10","userId":"694008b249e51f381426ba67"}
{"email":"provider@test.com","level":"info","message":"User login successful","role":"Provider","service":"ehr-backend","timestamp":"2025-12-16 00:10:10","userId":"694008b249e51f381426ba69"}
{"email":"employee@test.com","level":"info","message":"User login successful","role":"Employee","service":"ehr-backend","timestamp":"2025-12-16 00:10:10","userId":"694008b249e51f381426ba6b"}
{"email":"patient@test.com","level":"info","message":"User login successful","role":"Patient","service":"ehr-backend","timestamp":"2025-12-16 00:10:10","userId":"694008b249e51f381426ba6d"}
{"level":"info","message":"Authorization check","method":"GET","path":"/audit-logs","requiredRoles":["Admin"],"service":"ehr-backend","timestamp":"2025-12-16 00:10:10","userId":"694008b249e51f381426ba65","userRole":"Admin"}
{"level":"info","message":"Admin 694008b249e51f381426ba65 retrieved 5 audit logs","service":"ehr-backend","timestamp":"2025-12-16 00:10:10"}
{"email":"admin@test.com","level":"info","message":"User login successful","role":"Admin","service":"ehr-backend","timestamp":"2025-12-16 00:10:11","userId":"694008b249e51f381426ba85"}
{"email":"manager@test.com","level":"info","message":"User login successful","role":"Manager","service":"ehr-backend","timestamp":"2025-12-16 00:10:11","userId":"694008b249e51f381426ba87"}
{"email":"provider@test.com","level":"info","message":"User login successful","role":"Provider","service":"ehr-backend","timestamp":"2025-12-16 00:10:11","userId":"694008b349e51f381426ba89"}
{"email":"employee@test.com","level":"info","message":"User login successful","role":"Employee","service":"ehr-backend","timestamp":"2025-12-16 00:10:11","userId":"694008b349e51f381426ba8b"}
{"email":"patient@test.com","level":"info","message":"User login successful","role":"Patient","service":"ehr-backend","timestamp":"2025-12-16 00:10:11","userId":"694008b349e51f381426ba8d"}
{"level":"info","message":"Authorization check","method":"GET","path":"/audit-logs","requiredRoles":["Admin"],"service":"ehr-backend","timestamp":"2025-12-16 00:10:11","userId":"694008b249e51f381426ba87","userRole":"Manager"}
{"level":"warn","message":"Authorization denied: Insufficient permissions","method":"GET","path":"/audit-logs","requiredRoles":["Admin"],"service":"ehr-backend","timestamp":"2025-12-16 00:10:11","userId":"694008b249e51f381426ba87","userRole":"Manager"}
{"email":"admin@test.com","level":"info","message":"User login successful","role":"Admin","service":"ehr-backend","timestamp":"2025-12-16 00:10:12","userId":"694008b349e51f381426baa6"}
{"email":"manager@test.com","level":"info","message":"User login successful","role":"Manager","service":"ehr-backend","timestamp":"2025-12-16 00:10:12","userId":"694008b349e51f381426baa8"}
{"email":"provider@test.com","level":"info","message":"User login successful","role":"Provider","service":"ehr-backend","timestamp":"2025-12-16 00:10:12","userId":"694008b349e51f381426baaa"}
{"email":"employee@test.com","level":"info","message":"User login successful","role":"Employee","service":"ehr-backend","timestamp":"2025-12-16 00:10:12","userId":"694008b349e51f381426baac"}
{"email":"patient@test.com","level":"info","message":"User login successful","role":"Patient","service":"ehr-backend","timestamp":"2025-12-16 00:10:12","userId":"694008b449e51f381426baae"}
{"level":"info","message":"Authorization check","method":"GET","path":"/audit-logs","requiredRoles":["Admin"],"service":"ehr-backend","timestamp":"2025-12-16 00:10:12","userId":"694008b349e51f381426baaa","userRole":"Provider"}
{"level":"warn","message":"Authorization denied: Insufficient permissions","method":"GET","path":"/audit-logs","requiredRoles":["Admin"],"service":"ehr-backend","timestamp":"2025-12-16 00:10:12","userId":"694008b349e51f381426baaa","userRole":"Provider"}
{"email":"admin@test.com","level":"info","message":"User login successful","role":"Admin","service":"ehr-backend","timestamp":"2025-12-16 00:10:13","userId":"694008b449e51f381426bac7"}
{"email":"manager@test.com","level":"info","message":"User login successful","role":"Manager","service":"ehr-backend","timestamp":"2025-12-16 00:10:13","userId":"694008b449e51f381426bac9"}
{"email":"provider@test.com","level":"info","message":"User login successful","role":"Provider","service":"ehr-backend","timestamp":"2025-12-16 00:10:13","userId":"694008b449e51f381426bacb"}
{"email":"employee@test.com","level":"info","message":"User login successful","role":"Employee","service":"ehr-backend","timestamp":"2025-12-16 00:10:13","userId":"694008b449e51f381426bacd"}
{"email":"patient@test.com","level":"info","message":"User login successful","role":"Patient","service":"ehr-backend","timestamp":"2025-12-16 00:10:13","userId":"694008b449e51f381426bacf"}
{"level":"info","message":"Authorization check","method":"GET","path":"/audit-logs","requiredRoles":["Admin"],"service":"ehr-backend","timestamp":"2025-12-16 00:10:13","userId":"694008b449e51f381426bacd","userRole":"Employee"}
{"level":"warn","message":"Authorization denied: Insufficient permissions","method":"GET","path":"/audit-logs","requiredRoles":["Admin"],"service":"ehr-backend","timestamp":"2025-12-16 00:10:13","userId":"694008b449e51f381426bacd","userRole":"Employee"}
{"email":"admin@test.com","level":"info","message":"User login successful","role":"Admin","service":"ehr-backend","timestamp":"2025-12-16 00:10:13","userId":"694008b549e51f381426bae8"}
{"email":"manager@test.com","level":"info","message":"User login successful","role":"Manager","service":"ehr-backend","timestamp":"2025-12-16 00:10:14","userId":"694008b549e51f381426baea"}
{"email":"provider@test.com","level":"info","message":"User login successful","role":"Provider","service":"ehr-backend","timestamp":"2025-12-16 00:10:14","userId":"694008b549e51f381426baec"}
{"email":"employee@test.com","level":"info","message":"User login successful","role":"Employee","service":"ehr-backend","timestamp":"2025-12-16 00:10:14","userId":"694008b549e51f381426baee"}
{"email":"patient@test.com","level":"info","message":"User login successful","role":"Patient","service":"ehr-backend","timestamp":"2025-12-16 00:10:14","userId":"694008b549e51f381426baf0"}
{"level":"info","message":"Authorization check","method":"GET","path":"/audit-logs","requiredRoles":["Admin"],"service":"ehr-backend","timestamp":"2025-12-16 00:10:14","userId":"694008b549e51f381426baf0","userRole":"Patient"}
{"level":"warn","message":"Authorization denied: Insufficient permissions","method":"GET","path":"/audit-logs","requiredRoles":["Admin"],"service":"ehr-backend","timestamp":"2025-12-16 00:10:14","userId":"694008b549e51f381426baf0","userRole":"Patient"}
{"email":"admin@test.com","level":"info","message":"User login successful","role":"Admin","service":"ehr-backend","timestamp":"2025-12-16 00:10:14","userId":"694008b649e51f381426bb09"}
{"email":"manager@test.com","level":"info","message":"User login successful","role":"Manager","service":"ehr-backend","timestamp":"2025-12-16 00:10:14","userId":"694008b649e51f381426bb0b"}
{"email":"provider@test.com","level":"info","message":"User login successful","role":"Provider","service":"ehr-backend","timestamp":"2025-12-16 00:10:14","userId":"694008b649e51f381426bb0d"}
{"email":"employee@test.com","level":"info","message":"User login successful","role":"Employee","service":"ehr-backend","timestamp":"2025-12-16 00:10:15","userId":"694008b649e51f381426bb0f"}
{"email":"patient@test.com","level":"info","message":"User login successful","role":"Patient","service":"ehr-backend","timestamp":"2025-12-16 00:10:15","userId":"694008b649e51f381426bb11"}
{"level":"info","message":"Authorization check","method":"POST","path":"/assign-patient","requiredRoles":["Admin","Manager"],"service":"ehr-backend","timestamp":"2025-12-16 00:10:15","userId":"694008b649e51f381426bb09","userRole":"Admin"}
{"level":"info","message":"Patient 694008b649e51f381426bb11 assigned to Provider 694008b649e51f381426bb0d by Admin 694008b649e51f381426bb09","service":"ehr-backend","timestamp":"2025-12-16 00:10:15"}
{"email":"admin@test.com","level":"info","message":"User login successful","role":"Admin","service":"ehr-backend","timestamp":"2025-12-16 00:10:15","userId":"694008b749e51f381426bb2c"}
{"email":"manager@test.com","level":"info","message":"User login successful","role":"Manager","service":"ehr-backend","timestamp":"2025-12-16 00:10:15","userId":"694008b749e51f381426bb2e"}
{"email":"provider@test.com","level":"info","message":"User login successful","role":"Provider","service":"ehr-backend","timestamp":"2025-12-16 00:10:15","userId":"694008b749e51f381426bb30"}
{"email":"employee@test.com","level":"info","message":"User login successful","role":"Employee","service":"ehr-backend","timestamp":"2025-12-16 00:10:15","userId":"694008b749e51f381426bb32"}
{"email":"patient@test.com","level":"info","message":"User login successful","role":"Patient","service":"ehr-backend","timestamp":"2025-12-16 00:10:15","userId":"694008b749e51f381426bb34"}
{"level":"info","message":"Authorization check","method":"POST","path":"/assign-patient","requiredRoles":["Admin","Manager"],"service":"ehr-backend","timestamp":"2025-12-16 00:10:15","userId":"694008b749e51f381426bb2e","userRole":"Manager"}
{"level":"info","message":"Patient 694008b749e51f381426bb34 assigned to Provider 694008b749e51f381426bb30 by Admin 694008b749e51f381426bb2e","service":"ehr-backend","timestamp":"2025-12-16 00:10:15"}
{"email":"admin@test.com","level":"info","message":"User login successful","role":"Admin","service":"ehr-backend","timestamp":"2025-12-16 00:10:16","userId":"694008b849e51f381426bb4f"}
{"email":"manager@test.com","level":"info","message":"User login successful","role":"Manager","service":"ehr-backend","timestamp":"2025-12-16 00:10:16","userId":"694008b849e51f381426bb51"}
{"email":"provider@test.com","level":"info","message":"User login successful","role":"Provider","service":"ehr-backend","timestamp":"2025-12-16 00:10:16","userId":"694008b849e51f381426bb53"}
{"email":"employee@test.com","level":"info","message":"User login successful","role":"Employee","service":"ehr-backend","timestamp":"2025-12-16 00:10:16","userId":"694008b849e51f381426bb55"}
{"email":"patient@test.com","level":"info","message":"User login successful","role":"Patient","service":"ehr-backend","timestamp":"2025-12-16 00:10:16","userId":"694008b849e51f381426bb57"}
{"body":{},"ip":"::ffff:127.0.0.1","level":"error","message":"Not Found - /api/key-exchange/public-key","method":"GET","service":"ehr-backend","stack":"Error: Not Found - /api/key-exchange/public-key\n    at notFound (/Users/user/Documents/Monash/CyberSecurity/Assesment2/Final Submission/TP6 25/EHR_draft/ehr-backend/middlewares/errorHandler.js:34:17)\n    at Layer.handle [as handle_request] (/Users/user/Documents/Monash/CyberSecurity/Assesment2/Final Submission/TP6 25/EHR_draft/ehr-backend/node_modules/express/lib/router/layer.js:95:5)\n    at trim_prefix (/Users/user/Documents/Monash/CyberSecurity/Assesment2/Final Submission/TP6 25/EHR_draft/ehr-backend/node_modules/express/lib/router/index.js:328:13)\n    at /Users/user/Documents/Monash/CyberSecurity/Assesment2/Final Submission/TP6 25/EHR_draft/ehr-backend/node_modules/express/lib/router/index.js:286:9\n    at router.process_params (/Users/user/Documents/Monash/CyberSecurity/Assesment2/Final Submission/TP6 25/EHR_draft/ehr-backend/node_modules/express/lib/router/index.js:346:12)\n    at next (/Users/user/Documents/Monash/CyberSecurity/Assesment2/Final Submission/TP6 25/EHR_draft/ehr-backend/node_modules/express/lib/router/index.js:280:10)\n    at /Users/user/Documents/Monash/CyberSecurity/Assesment2/Final Submission/TP6 25/EHR_draft/ehr-backend/node_modules/express/lib/router/index.js:646:15\n    at next (/Users/user/Documents/Monash/CyberSecurity/Assesment2/Final Submission/TP6 25/EHR_draft/ehr-backend/node_modules/express/lib/router/index.js:265:14)\n    at router.handle (/Users/user/Documents/Monash/CyberSecurity/Assesment2/Final Submission/TP6 25/EHR_draft/ehr-backend/node_modules/express/lib/router/index.js:175:3)\n    at router (/Users/user/Documents/Monash/CyberSecurity/Assesment2/Final Submission/TP6 25/EHR_draft/ehr-backend/node_modules/express/lib/router/index.js:47:12)\n    at Layer.handle [as handle_request] (/Users/user/Documents/Monash/CyberSecurity/Assesment2/Final Submission/TP6 25/EHR_draft/ehr-backend/node_modules/express/lib/router/layer.js:95:5)\n    at trim_prefix (/Users/user/Documents/Monash/CyberSecurity/Assesment2/Final Submission/TP6 25/EHR_draft/ehr-backend/node_modules/express/lib/router/index.js:328:13)\n    at /Users/user/Documents/Monash/CyberSecurity/Assesment2/Final Submission/TP6 25/EHR_draft/ehr-backend/node_modules/express/lib/router/index.js:286:9\n    at router.process_params (/Users/user/Documents/Monash/CyberSecurity/Assesment2/Final Submission/TP6 25/EHR_draft/ehr-backend/node_modules/express/lib/router/index.js:346:12)\n    at next (/Users/user/Documents/Monash/CyberSecurity/Assesment2/Final Submission/TP6 25/EHR_draft/ehr-backend/node_modules/express/lib/router/index.js:280:10)\n    at /Users/user/Documents/Monash/CyberSecurity/Assesment2/Final Submission/TP6 25/EHR_draft/ehr-backend/node_modules/express-rate-limit/dist/index.cjs:807:7\n    at processTicksAndRejections (node:internal/process/task_queues:103:5)\n    at /Users/user/Documents/Monash/CyberSecurity/Assesment2/Final Submission/TP6 25/EHR_draft/ehr-backend/node_modules/express-rate-limit/dist/index.cjs:691:5","timestamp":"2025-12-16 00:10:23","url":"/api/key-exchange/public-key"}
{"body":{},"ip":"::ffff:127.0.0.1","level":"error","message":"Not Found - /api/key-exchange/public-key","method":"GET","service":"ehr-backend","stack":"Error: Not Found - /api/key-exchange/public-key\n    at notFound (/Users/user/Documents/Monash/CyberSecurity/Assesment2/Final Submission/TP6 25/EHR_draft/ehr-backend/middlewares/errorHandler.js:34:17)\n    at Layer.handle [as handle_request] (/Users/user/Documents/Monash/CyberSecurity/Assesment2/Final Submission/TP6 25/EHR_draft/ehr-backend/node_modules/express/lib/router/layer.js:95:5)\n    at trim_prefix (/Users/user/Documents/Monash/CyberSecurity/Assesment2/Final Submission/TP6 25/EHR_draft/ehr-backend/node_modules/express/lib/router/index.js:328:13)\n    at /Users/user/Documents/Monash/CyberSecurity/Assesment2/Final Submission/TP6 25/EHR_draft/ehr-backend/node_modules/express/lib/router/index.js:286:9\n    at router.process_params (/Users/user/Documents/Monash/CyberSecurity/Assesment2/Final Submission/TP6 25/EHR_draft/ehr-backend/node_modules/express/lib/router/index.js:346:12)\n    at next (/Users/user/Documents/Monash/CyberSecurity/Assesment2/Final Submission/TP6 25/EHR_draft/ehr-backend/node_modules/express/lib/router/index.js:280:10)\n    at /Users/user/Documents/Monash/CyberSecurity/Assesment2/Final Submission/TP6 25/EHR_draft/ehr-backend/node_modules/express/lib/router/index.js:646:15\n    at next (/Users/user/Documents/Monash/CyberSecurity/Assesment2/Final Submission/TP6 25/EHR_draft/ehr-backend/node_modules/express/lib/router/index.js:265:14)\n    at router.handle (/Users/user/Documents/Monash/CyberSecurity/Assesment2/Final Submission/TP6 25/EHR_draft/ehr-backend/node_modules/express/lib/router/index.js:175:3)\n    at router (/Users/user/Documents/Monash/CyberSecurity/Assesment2/Final Submission/TP6 25/EHR_draft/ehr-backend/node_modules/express/lib/router/index.js:47:12)\n    at Layer.handle [as handle_request] (/Users/user/Documents/Monash/CyberSecurity/Assesment2/Final Submission/TP6 25/EHR_draft/ehr-backend/node_modules/express/lib/router/layer.js:95:5)\n    at trim_prefix (/Users/user/Documents/Monash/CyberSecurity/Assesment2/Final Submission/TP6 25/EHR_draft/ehr-backend/node_modules/express/lib/router/index.js:328:13)\n    at /Users/user/Documents/Monash/CyberSecurity/Assesment2/Final Submission/TP6 25/EHR_draft/ehr-backend/node_modules/express/lib/router/index.js:286:9\n    at router.process_params (/Users/user/Documents/Monash/CyberSecurity/Assesment2/Final Submission/TP6 25/EHR_draft/ehr-backend/node_modules/express/lib/router/index.js:346:12)\n    at next (/Users/user/Documents/Monash/CyberSecurity/Assesment2/Final Submission/TP6 25/EHR_draft/ehr-backend/node_modules/express/lib/router/index.js:280:10)\n    at /Users/user/Documents/Monash/CyberSecurity/Assesment2/Final Submission/TP6 25/EHR_draft/ehr-backend/node_modules/express-rate-limit/dist/index.cjs:807:7\n    at processTicksAndRejections (node:internal/process/task_queues:103:5)\n    at /Users/user/Documents/Monash/CyberSecurity/Assesment2/Final Submission/TP6 25/EHR_draft/ehr-backend/node_modules/express-rate-limit/dist/index.cjs:691:5","timestamp":"2025-12-16 00:10:23","url":"/api/key-exchange/public-key"}
{"body":{},"ip":"::ffff:127.0.0.1","level":"error","message":"Not Found - /api/key-exchange/public-key","method":"GET","service":"ehr-backend","stack":"Error: Not Found - /api/key-exchange/public-key\n    at notFound (/Users/user/Documents/Monash/CyberSecurity/Assesment2/Final Submission/TP6 25/EHR_draft/ehr-backend/middlewares/errorHandler.js:34:17)\n    at Layer.handle [as handle_request] (/Users/user/Documents/Monash/CyberSecurity/Assesment2/Final Submission/TP6 25/EHR_draft/ehr-backend/node_modules/express/lib/router/layer.js:95:5)\n    at trim_prefix (/Users/user/Documents/Monash/CyberSecurity/Assesment2/Final Submission/TP6 25/EHR_draft/ehr-backend/node_modules/express/lib/router/index.js:328:13)\n    at /Users/user/Documents/Monash/CyberSecurity/Assesment2/Final Submission/TP6 25/EHR_draft/ehr-backend/node_modules/express/lib/router/index.js:286:9\n    at router.process_params (/Users/user/Documents/Monash/CyberSecurity/Assesment2/Final Submission/TP6 25/EHR_draft/ehr-backend/node_modules/express/lib/router/index.js:346:12)\n    at next (/Users/user/Documents/Monash/CyberSecurity/Assesment2/Final Submission/TP6 25/EHR_draft/ehr-backend/node_modules/express/lib/router/index.js:280:10)\n    at /Users/user/Documents/Monash/CyberSecurity/Assesment2/Final Submission/TP6 25/EHR_draft/ehr-backend/node_modules/express/lib/router/index.js:646:15\n    at next (/Users/user/Documents/Monash/CyberSecurity/Assesment2/Final Submission/TP6 25/EHR_draft/ehr-backend/node_modules/express/lib/router/index.js:265:14)\n    at router.handle (/Users/user/Documents/Monash/CyberSecurity/Assesment2/Final Submission/TP6 25/EHR_draft/ehr-backend/node_modules/express/lib/router/index.js:175:3)\n    at router (/Users/user/Documents/Monash/CyberSecurity/Assesment2/Final Submission/TP6 25/EHR_draft/ehr-backend/node_modules/express/lib/router/index.js:47:12)\n    at Layer.handle [as handle_request] (/Users/user/Documents/Monash/CyberSecurity/Assesment2/Final Submission/TP6 25/EHR_draft/ehr-backend/node_modules/express/lib/router/layer.js:95:5)\n    at trim_prefix (/Users/user/Documents/Monash/CyberSecurity/Assesment2/Final Submission/TP6 25/EHR_draft/ehr-backend/node_modules/express/lib/router/index.js:328:13)\n    at /Users/user/Documents/Monash/CyberSecurity/Assesment2/Final Submission/TP6 25/EHR_draft/ehr-backend/node_modules/express/lib/router/index.js:286:9\n    at router.process_params (/Users/user/Documents/Monash/CyberSecurity/Assesment2/Final Submission/TP6 25/EHR_draft/ehr-backend/node_modules/express/lib/router/index.js:346:12)\n    at next (/Users/user/Documents/Monash/CyberSecurity/Assesment2/Final Submission/TP6 25/EHR_draft/ehr-backend/node_modules/express/lib/router/index.js:280:10)\n    at /Users/user/Documents/Monash/CyberSecurity/Assesment2/Final Submission/TP6 25/EHR_draft/ehr-backend/node_modules/express-rate-limit/dist/index.cjs:807:7\n    at processTicksAndRejections (node:internal/process/task_queues:103:5)\n    at /Users/user/Documents/Monash/CyberSecurity/Assesment2/Final Submission/TP6 25/EHR_draft/ehr-backend/node_modules/express-rate-limit/dist/index.cjs:691:5","timestamp":"2025-12-16 00:10:23","url":"/api/key-exchange/public-key"}
{"body":{},"ip":"::ffff:127.0.0.1","level":"error","message":"Not Found - /api/key-exchange/public-key","method":"GET","service":"ehr-backend","stack":"Error: Not Found - /api/key-exchange/public-key\n    at notFound (/Users/user/Documents/Monash/CyberSecurity/Assesment2/Final Submission/TP6 25/EHR_draft/ehr-backend/middlewares/errorHandler.js:34:17)\n    at Layer.handle [as handle_request] (/Users/user/Documents/Monash/CyberSecurity/Assesment2/Final Submission/TP6 25/EHR_draft/ehr-backend/node_modules/express/lib/router/layer.js:95:5)\n    at trim_prefix (/Users/user/Documents/Monash/CyberSecurity/Assesment2/Final Submission/TP6 25/EHR_draft/ehr-backend/node_modules/express/lib/router/index.js:328:13)\n    at /Users/user/Documents/Monash/CyberSecurity/Assesment2/Final Submission/TP6 25/EHR_draft/ehr-backend/node_modules/express/lib/router/index.js:286:9\n    at router.process_params (/Users/user/Documents/Monash/CyberSecurity/Assesment2/Final Submission/TP6 25/EHR_draft/ehr-backend/node_modules/express/lib/router/index.js:346:12)\n    at next (/Users/user/Documents/Monash/CyberSecurity/Assesment2/Final Submission/TP6 25/EHR_draft/ehr-backend/node_modules/express/lib/router/index.js:280:10)\n    at /Users/user/Documents/Monash/CyberSecurity/Assesment2/Final Submission/TP6 25/EHR_draft/ehr-backend/node_modules/express/lib/router/index.js:646:15\n    at next (/Users/user/Documents/Monash/CyberSecurity/Assesment2/Final Submission/TP6 25/EHR_draft/ehr-backend/node_modules/express/lib/router/index.js:265:14)\n    at router.handle (/Users/user/Documents/Monash/CyberSecurity/Assesment2/Final Submission/TP6 25/EHR_draft/ehr-backend/node_modules/express/lib/router/index.js:175:3)\n    at router (/Users/user/Documents/Monash/CyberSecurity/Assesment2/Final Submission/TP6 25/EHR_draft/ehr-backend/node_modules/express/lib/router/index.js:47:12)\n    at Layer.handle [as handle_request] (/Users/user/Documents/Monash/CyberSecurity/Assesment2/Final Submission/TP6 25/EHR_draft/ehr-backend/node_modules/express/lib/router/layer.js:95:5)\n    at trim_prefix (/Users/user/Documents/Monash/CyberSecurity/Assesment2/Final Submission/TP6 25/EHR_draft/ehr-backend/node_modules/express/lib/router/index.js:328:13)\n    at /Users/user/Documents/Monash/CyberSecurity/Assesment2/Final Submission/TP6 25/EHR_draft/ehr-backend/node_modules/express/lib/router/index.js:286:9\n    at router.process_params (/Users/user/Documents/Monash/CyberSecurity/Assesment2/Final Submission/TP6 25/EHR_draft/ehr-backend/node_modules/express/lib/router/index.js:346:12)\n    at next (/Users/user/Documents/Monash/CyberSecurity/Assesment2/Final Submission/TP6 25/EHR_draft/ehr-backend/node_modules/express/lib/router/index.js:280:10)\n    at /Users/user/Documents/Monash/CyberSecurity/Assesment2/Final Submission/TP6 25/EHR_draft/ehr-backend/node_modules/express-rate-limit/dist/index.cjs:807:7\n    at processTicksAndRejections (node:internal/process/task_queues:103:5)\n    at /Users/user/Documents/Monash/CyberSecurity/Assesment2/Final Submission/TP6 25/EHR_draft/ehr-backend/node_modules/express-rate-limit/dist/index.cjs:691:5","timestamp":"2025-12-16 00:10:23","url":"/api/key-exchange/public-key"}
{"body":{},"ip":"::ffff:127.0.0.1","level":"error","message":"Not Found - /api/key-exchange/public-key","method":"GET","service":"ehr-backend","stack":"Error: Not Found - /api/key-exchange/public-key\n    at notFound (/Users/user/Documents/Monash/CyberSecurity/Assesment2/Final Submission/TP6 25/EHR_draft/ehr-backend/middlewares/errorHandler.js:34:17)\n    at Layer.handle [as handle_request] (/Users/user/Documents/Monash/CyberSecurity/Assesment2/Final Submission/TP6 25/EHR_draft/ehr-backend/node_modules/express/lib/router/layer.js:95:5)\n    at trim_prefix (/Users/user/Documents/Monash/CyberSecurity/Assesment2/Final Submission/TP6 25/EHR_draft/ehr-backend/node_modules/express/lib/router/index.js:328:13)\n    at /Users/user/Documents/Monash/CyberSecurity/Assesment2/Final Submission/TP6 25/EHR_draft/ehr-backend/node_modules/express/lib/router/index.js:286:9\n    at router.process_params (/Users/user/Documents/Monash/CyberSecurity/Assesment2/Final Submission/TP6 25/EHR_draft/ehr-backend/node_modules/express/lib/router/index.js:346:12)\n    at next (/Users/user/Documents/Monash/CyberSecurity/Assesment2/Final Submission/TP6 25/EHR_draft/ehr-backend/node_modules/express/lib/router/index.js:280:10)\n    at /Users/user/Documents/Monash/CyberSecurity/Assesment2/Final Submission/TP6 25/EHR_draft/ehr-backend/node_modules/express/lib/router/index.js:646:15\n    at next (/Users/user/Documents/Monash/CyberSecurity/Assesment2/Final Submission/TP6 25/EHR_draft/ehr-backend/node_modules/express/lib/router/index.js:265:14)\n    at router.handle (/Users/user/Documents/Monash/CyberSecurity/Assesment2/Final Submission/TP6 25/EHR_draft/ehr-backend/node_modules/express/lib/router/index.js:175:3)\n    at router (/Users/user/Documents/Monash/CyberSecurity/Assesment2/Final Submission/TP6 25/EHR_draft/ehr-backend/node_modules/express/lib/router/index.js:47:12)\n    at Layer.handle [as handle_request] (/Users/user/Documents/Monash/CyberSecurity/Assesment2/Final Submission/TP6 25/EHR_draft/ehr-backend/node_modules/express/lib/router/layer.js:95:5)\n    at trim_prefix (/Users/user/Documents/Monash/CyberSecurity/Assesment2/Final Submission/TP6 25/EHR_draft/ehr-backend/node_modules/express/lib/router/index.js:328:13)\n    at /Users/user/Documents/Monash/CyberSecurity/Assesment2/Final Submission/TP6 25/EHR_draft/ehr-backend/node_modules/express/lib/router/index.js:286:9\n    at router.process_params (/Users/user/Documents/Monash/CyberSecurity/Assesment2/Final Submission/TP6 25/EHR_draft/ehr-backend/node_modules/express/lib/router/index.js:346:12)\n    at next (/Users/user/Documents/Monash/CyberSecurity/Assesment2/Final Submission/TP6 25/EHR_draft/ehr-backend/node_modules/express/lib/router/index.js:280:10)\n    at /Users/user/Documents/Monash/CyberSecurity/Assesment2/Final Submission/TP6 25/EHR_draft/ehr-backend/node_modules/express-rate-limit/dist/index.cjs:807:7\n    at processTicksAndRejections (node:internal/process/task_queues:103:5)\n    at /Users/user/Documents/Monash/CyberSecurity/Assesment2/Final Submission/TP6 25/EHR_draft/ehr-backend/node_modules/express-rate-limit/dist/index.cjs:691:5","timestamp":"2025-12-16 00:10:23","url":"/api/key-exchange/public-key"}
{"body":{},"ip":"::ffff:127.0.0.1","level":"error","message":"Not Found - /api/key-exchange/public-key","method":"GET","service":"ehr-backend","stack":"Error: Not Found - /api/key-exchange/public-key\n    at notFound (/Users/user/Documents/Monash/CyberSecurity/Assesment2/Final Submission/TP6 25/EHR_draft/ehr-backend/middlewares/errorHandler.js:34:17)\n    at Layer.handle [as handle_request] (/Users/user/Documents/Monash/CyberSecurity/Assesment2/Final Submission/TP6 25/EHR_draft/ehr-backend/node_modules/express/lib/router/layer.js:95:5)\n    at trim_prefix (/Users/user/Documents/Monash/CyberSecurity/Assesment2/Final Submission/TP6 25/EHR_draft/ehr-backend/node_modules/express/lib/router/index.js:328:13)\n    at /Users/user/Documents/Monash/CyberSecurity/Assesment2/Final Submission/TP6 25/EHR_draft/ehr-backend/node_modules/express/lib/router/index.js:286:9\n    at router.process_params (/Users/user/Documents/Monash/CyberSecurity/Assesment2/Final Submission/TP6 25/EHR_draft/ehr-backend/node_modules/express/lib/router/index.js:346:12)\n    at next (/Users/user/Documents/Monash/CyberSecurity/Assesment2/Final Submission/TP6 25/EHR_draft/ehr-backend/node_modules/express/lib/router/index.js:280:10)\n    at /Users/user/Documents/Monash/CyberSecurity/Assesment2/Final Submission/TP6 25/EHR_draft/ehr-backend/node_modules/express/lib/router/index.js:646:15\n    at next (/Users/user/Documents/Monash/CyberSecurity/Assesment2/Final Submission/TP6 25/EHR_draft/ehr-backend/node_modules/express/lib/router/index.js:265:14)\n    at router.handle (/Users/user/Documents/Monash/CyberSecurity/Assesment2/Final Submission/TP6 25/EHR_draft/ehr-backend/node_modules/express/lib/router/index.js:175:3)\n    at router (/Users/user/Documents/Monash/CyberSecurity/Assesment2/Final Submission/TP6 25/EHR_draft/ehr-backend/node_modules/express/lib/router/index.js:47:12)\n    at Layer.handle [as handle_request] (/Users/user/Documents/Monash/CyberSecurity/Assesment2/Final Submission/TP6 25/EHR_draft/ehr-backend/node_modules/express/lib/router/layer.js:95:5)\n    at trim_prefix (/Users/user/Documents/Monash/CyberSecurity/Assesment2/Final Submission/TP6 25/EHR_draft/ehr-backend/node_modules/express/lib/router/index.js:328:13)\n    at /Users/user/Documents/Monash/CyberSecurity/Assesment2/Final Submission/TP6 25/EHR_draft/ehr-backend/node_modules/express/lib/router/index.js:286:9\n    at router.process_params (/Users/user/Documents/Monash/CyberSecurity/Assesment2/Final Submission/TP6 25/EHR_draft/ehr-backend/node_modules/express/lib/router/index.js:346:12)\n    at next (/Users/user/Documents/Monash/CyberSecurity/Assesment2/Final Submission/TP6 25/EHR_draft/ehr-backend/node_modules/express/lib/router/index.js:280:10)\n    at /Users/user/Documents/Monash/CyberSecurity/Assesment2/Final Submission/TP6 25/EHR_draft/ehr-backend/node_modules/express-rate-limit/dist/index.cjs:807:7\n    at processTicksAndRejections (node:internal/process/task_queues:103:5)\n    at /Users/user/Documents/Monash/CyberSecurity/Assesment2/Final Submission/TP6 25/EHR_draft/ehr-backend/node_modules/express-rate-limit/dist/index.cjs:691:5","timestamp":"2025-12-16 00:10:23","url":"/api/key-exchange/public-key"}
{"body":{},"ip":"::ffff:127.0.0.1","level":"error","message":"Not Found - /api/key-exchange/public-key","method":"GET","service":"ehr-backend","stack":"Error: Not Found - /api/key-exchange/public-key\n    at notFound (/Users/user/Documents/Monash/CyberSecurity/Assesment2/Final Submission/TP6 25/EHR_draft/ehr-backend/middlewares/errorHandler.js:34:17)\n    at Layer.handle [as handle_request] (/Users/user/Documents/Monash/CyberSecurity/Assesment2/Final Submission/TP6 25/EHR_draft/ehr-backend/node_modules/express/lib/router/layer.js:95:5)\n    at trim_prefix (/Users/user/Documents/Monash/CyberSecurity/Assesment2/Final Submission/TP6 25/EHR_draft/ehr-backend/node_modules/express/lib/router/index.js:328:13)\n    at /Users/user/Documents/Monash/CyberSecurity/Assesment2/Final Submission/TP6 25/EHR_draft/ehr-backend/node_modules/express/lib/router/index.js:286:9\n    at router.process_params (/Users/user/Documents/Monash/CyberSecurity/Assesment2/Final Submission/TP6 25/EHR_draft/ehr-backend/node_modules/express/lib/router/index.js:346:12)\n    at next (/Users/user/Documents/Monash/CyberSecurity/Assesment2/Final Submission/TP6 25/EHR_draft/ehr-backend/node_modules/express/lib/router/index.js:280:10)\n    at /Users/user/Documents/Monash/CyberSecurity/Assesment2/Final Submission/TP6 25/EHR_draft/ehr-backend/node_modules/express/lib/router/index.js:646:15\n    at next (/Users/user/Documents/Monash/CyberSecurity/Assesment2/Final Submission/TP6 25/EHR_draft/ehr-backend/node_modules/express/lib/router/index.js:265:14)\n    at router.handle (/Users/user/Documents/Monash/CyberSecurity/Assesment2/Final Submission/TP6 25/EHR_draft/ehr-backend/node_modules/express/lib/router/index.js:175:3)\n    at router (/Users/user/Documents/Monash/CyberSecurity/Assesment2/Final Submission/TP6 25/EHR_draft/ehr-backend/node_modules/express/lib/router/index.js:47:12)\n    at Layer.handle [as handle_request] (/Users/user/Documents/Monash/CyberSecurity/Assesment2/Final Submission/TP6 25/EHR_draft/ehr-backend/node_modules/express/lib/router/layer.js:95:5)\n    at trim_prefix (/Users/user/Documents/Monash/CyberSecurity/Assesment2/Final Submission/TP6 25/EHR_draft/ehr-backend/node_modules/express/lib/router/index.js:328:13)\n    at /Users/user/Documents/Monash/CyberSecurity/Assesment2/Final Submission/TP6 25/EHR_draft/ehr-backend/node_modules/express/lib/router/index.js:286:9\n    at router.process_params (/Users/user/Documents/Monash/CyberSecurity/Assesment2/Final Submission/TP6 25/EHR_draft/ehr-backend/node_modules/express/lib/router/index.js:346:12)\n    at next (/Users/user/Documents/Monash/CyberSecurity/Assesment2/Final Submission/TP6 25/EHR_draft/ehr-backend/node_modules/express/lib/router/index.js:280:10)\n    at /Users/user/Documents/Monash/CyberSecurity/Assesment2/Final Submission/TP6 25/EHR_draft/ehr-backend/node_modules/express-rate-limit/dist/index.cjs:807:7\n    at processTicksAndRejections (node:internal/process/task_queues:103:5)\n    at /Users/user/Documents/Monash/CyberSecurity/Assesment2/Final Submission/TP6 25/EHR_draft/ehr-backend/node_modules/express-rate-limit/dist/index.cjs:691:5","timestamp":"2025-12-16 00:10:23","url":"/api/key-exchange/public-key"}
{"body":{},"ip":"::ffff:127.0.0.1","level":"error","message":"Not Found - /api/key-exchange/public-key","method":"GET","service":"ehr-backend","stack":"Error: Not Found - /api/key-exchange/public-key\n    at notFound (/Users/user/Documents/Monash/CyberSecurity/Assesment2/Final Submission/TP6 25/EHR_draft/ehr-backend/middlewares/errorHandler.js:34:17)\n    at Layer.handle [as handle_request] (/Users/user/Documents/Monash/CyberSecurity/Assesment2/Final Submission/TP6 25/EHR_draft/ehr-backend/node_modules/express/lib/router/layer.js:95:5)\n    at trim_prefix (/Users/user/Documents/Monash/CyberSecurity/Assesment2/Final Submission/TP6 25/EHR_draft/ehr-backend/node_modules/express/lib/router/index.js:328:13)\n    at /Users/user/Documents/Monash/CyberSecurity/Assesment2/Final Submission/TP6 25/EHR_draft/ehr-backend/node_modules/express/lib/router/index.js:286:9\n    at router.process_params (/Users/user/Documents/Monash/CyberSecurity/Assesment2/Final Submission/TP6 25/EHR_draft/ehr-backend/node_modules/express/lib/router/index.js:346:12)\n    at next (/Users/user/Documents/Monash/CyberSecurity/Assesment2/Final Submission/TP6 25/EHR_draft/ehr-backend/node_modules/express/lib/router/index.js:280:10)\n    at /Users/user/Documents/Monash/CyberSecurity/Assesment2/Final Submission/TP6 25/EHR_draft/ehr-backend/node_modules/express/lib/router/index.js:646:15\n    at next (/Users/user/Documents/Monash/CyberSecurity/Assesment2/Final Submission/TP6 25/EHR_draft/ehr-backend/node_modules/express/lib/router/index.js:265:14)\n    at router.handle (/Users/user/Documents/Monash/CyberSecurity/Assesment2/Final Submission/TP6 25/EHR_draft/ehr-backend/node_modules/express/lib/router/index.js:175:3)\n    at router (/Users/user/Documents/Monash/CyberSecurity/Assesment2/Final Submission/TP6 25/EHR_draft/ehr-backend/node_modules/express/lib/router/index.js:47:12)\n    at Layer.handle [as handle_request] (/Users/user/Documents/Monash/CyberSecurity/Assesment2/Final Submission/TP6 25/EHR_draft/ehr-backend/node_modules/express/lib/router/layer.js:95:5)\n    at trim_prefix (/Users/user/Documents/Monash/CyberSecurity/Assesment2/Final Submission/TP6 25/EHR_draft/ehr-backend/node_modules/express/lib/router/index.js:328:13)\n    at /Users/user/Documents/Monash/CyberSecurity/Assesment2/Final Submission/TP6 25/EHR_draft/ehr-backend/node_modules/express/lib/router/index.js:286:9\n    at router.process_params (/Users/user/Documents/Monash/CyberSecurity/Assesment2/Final Submission/TP6 25/EHR_draft/ehr-backend/node_modules/express/lib/router/index.js:346:12)\n    at next (/Users/user/Documents/Monash/CyberSecurity/Assesment2/Final Submission/TP6 25/EHR_draft/ehr-backend/node_modules/express/lib/router/index.js:280:10)\n    at /Users/user/Documents/Monash/CyberSecurity/Assesment2/Final Submission/TP6 25/EHR_draft/ehr-backend/node_modules/express-rate-limit/dist/index.cjs:807:7\n    at processTicksAndRejections (node:internal/process/task_queues:103:5)\n    at /Users/user/Documents/Monash/CyberSecurity/Assesment2/Final Submission/TP6 25/EHR_draft/ehr-backend/node_modules/express-rate-limit/dist/index.cjs:691:5","timestamp":"2025-12-16 00:10:23","url":"/api/key-exchange/public-key"}
{"body":{},"ip":"::ffff:127.0.0.1","level":"error","message":"Not Found - /api/key-exchange/public-key","method":"GET","service":"ehr-backend","stack":"Error: Not Found - /api/key-exchange/public-key\n    at notFound (/Users/user/Documents/Monash/CyberSecurity/Assesment2/Final Submission/TP6 25/EHR_draft/ehr-backend/middlewares/errorHandler.js:34:17)\n    at Layer.handle [as handle_request] (/Users/user/Documents/Monash/CyberSecurity/Assesment2/Final Submission/TP6 25/EHR_draft/ehr-backend/node_modules/express/lib/router/layer.js:95:5)\n    at trim_prefix (/Users/user/Documents/Monash/CyberSecurity/Assesment2/Final Submission/TP6 25/EHR_draft/ehr-backend/node_modules/express/lib/router/index.js:328:13)\n    at /Users/user/Documents/Monash/CyberSecurity/Assesment2/Final Submission/TP6 25/EHR_draft/ehr-backend/node_modules/express/lib/router/index.js:286:9\n    at router.process_params (/Users/user/Documents/Monash/CyberSecurity/Assesment2/Final Submission/TP6 25/EHR_draft/ehr-backend/node_modules/express/lib/router/index.js:346:12)\n    at next (/Users/user/Documents/Monash/CyberSecurity/Assesment2/Final Submission/TP6 25/EHR_draft/ehr-backend/node_modules/express/lib/router/index.js:280:10)\n    at /Users/user/Documents/Monash/CyberSecurity/Assesment2/Final Submission/TP6 25/EHR_draft/ehr-backend/node_modules/express/lib/router/index.js:646:15\n    at next (/Users/user/Documents/Monash/CyberSecurity/Assesment2/Final Submission/TP6 25/EHR_draft/ehr-backend/node_modules/express/lib/router/index.js:265:14)\n    at router.handle (/Users/user/Documents/Monash/CyberSecurity/Assesment2/Final Submission/TP6 25/EHR_draft/ehr-backend/node_modules/express/lib/router/index.js:175:3)\n    at router (/Users/user/Documents/Monash/CyberSecurity/Assesment2/Final Submission/TP6 25/EHR_draft/ehr-backend/node_modules/express/lib/router/index.js:47:12)\n    at Layer.handle [as handle_request] (/Users/user/Documents/Monash/CyberSecurity/Assesment2/Final Submission/TP6 25/EHR_draft/ehr-backend/node_modules/express/lib/router/layer.js:95:5)\n    at trim_prefix (/Users/user/Documents/Monash/CyberSecurity/Assesment2/Final Submission/TP6 25/EHR_draft/ehr-backend/node_modules/express/lib/router/index.js:328:13)\n    at /Users/user/Documents/Monash/CyberSecurity/Assesment2/Final Submission/TP6 25/EHR_draft/ehr-backend/node_modules/express/lib/router/index.js:286:9\n    at router.process_params (/Users/user/Documents/Monash/CyberSecurity/Assesment2/Final Submission/TP6 25/EHR_draft/ehr-backend/node_modules/express/lib/router/index.js:346:12)\n    at next (/Users/user/Documents/Monash/CyberSecurity/Assesment2/Final Submission/TP6 25/EHR_draft/ehr-backend/node_modules/express/lib/router/index.js:280:10)\n    at /Users/user/Documents/Monash/CyberSecurity/Assesment2/Final Submission/TP6 25/EHR_draft/ehr-backend/node_modules/express-rate-limit/dist/index.cjs:807:7\n    at processTicksAndRejections (node:internal/process/task_queues:103:5)\n    at /Users/user/Documents/Monash/CyberSecurity/Assesment2/Final Submission/TP6 25/EHR_draft/ehr-backend/node_modules/express-rate-limit/dist/index.cjs:691:5","timestamp":"2025-12-16 00:10:23","url":"/api/key-exchange/public-key"}
{"level":"error","message":"Health check failed: Cannot read properties of undefined (reading 'healthy')","service":"ehr-backend","stack":"TypeError: Cannot read properties of undefined (reading 'healthy')\n    at healthy (/Users/user/Documents/Monash/CyberSecurity/Assesment2/Final Submission/TP6 25/EHR_draft/ehr-backend/controllers/healthController.js:22:29)\n    at processTicksAndRejections (node:internal/process/task_queues:103:5)","timestamp":"2025-12-16 00:10:28"}
{"level":"error","message":"Health check failed: Cannot read properties of undefined (reading 'healthy')","service":"ehr-backend","stack":"TypeError: Cannot read properties of undefined (reading 'healthy')\n    at healthy (/Users/user/Documents/Monash/CyberSecurity/Assesment2/Final Submission/TP6 25/EHR_draft/ehr-backend/controllers/healthController.js:22:29)\n    at processTicksAndRejections (node:internal/process/task_queues:103:5)","timestamp":"2025-12-16 00:10:28"}
{"level":"error","message":"Health check failed: Cannot read properties of undefined (reading 'healthy')","service":"ehr-backend","stack":"TypeError: Cannot read properties of undefined (reading 'healthy')\n    at healthy (/Users/user/Documents/Monash/CyberSecurity/Assesment2/Final Submission/TP6 25/EHR_draft/ehr-backend/controllers/healthController.js:22:29)\n    at processTicksAndRejections (node:internal/process/task_queues:103:5)","timestamp":"2025-12-16 00:10:28"}
{"level":"error","message":"Health check failed: Cannot read properties of undefined (reading 'healthy')","service":"ehr-backend","stack":"TypeError: Cannot read properties of undefined (reading 'healthy')\n    at healthy (/Users/user/Documents/Monash/CyberSecurity/Assesment2/Final Submission/TP6 25/EHR_draft/ehr-backend/controllers/healthController.js:22:29)\n    at processTicksAndRejections (node:internal/process/task_queues:103:5)","timestamp":"2025-12-16 00:10:28"}
{"level":"error","message":"Health check failed: Cannot read properties of undefined (reading 'healthy')","service":"ehr-backend","stack":"TypeError: Cannot read properties of undefined (reading 'healthy')\n    at healthy (/Users/user/Documents/Monash/CyberSecurity/Assesment2/Final Submission/TP6 25/EHR_draft/ehr-backend/controllers/healthController.js:22:29)\n    at processTicksAndRejections (node:internal/process/task_queues:103:5)","timestamp":"2025-12-16 00:10:28"}
{"level":"info","message":"Health check performed","service":"ehr-backend","services":{"api":"operational","mongodb":"connected"},"status":"unhealthy","timestamp":"2025-12-16 00:10:28"}
{"level":"error","message":"Health check failed: Cannot read properties of undefined (reading 'healthy')","service":"ehr-backend","stack":"TypeError: Cannot read properties of undefined (reading 'healthy')\n    at healthy (/Users/user/Documents/Monash/CyberSecurity/Assesment2/Final Submission/TP6 25/EHR_draft/ehr-backend/controllers/healthController.js:22:29)\n    at processTicksAndRejections (node:internal/process/task_queues:103:5)","timestamp":"2025-12-16 00:10:28"}
{"level":"error","message":"Health check failed: Cannot read properties of undefined (reading 'healthy')","service":"ehr-backend","stack":"TypeError: Cannot read properties of undefined (reading 'healthy')\n    at healthy (/Users/user/Documents/Monash/CyberSecurity/Assesment2/Final Submission/TP6 25/EHR_draft/ehr-backend/controllers/healthController.js:22:29)\n    at processTicksAndRejections (node:internal/process/task_queues:103:5)","timestamp":"2025-12-16 00:10:28"}
{"level":"error","message":"Health check failed: Cannot read properties of undefined (reading 'healthy')","service":"ehr-backend","stack":"TypeError: Cannot read properties of undefined (reading 'healthy')\n    at healthy (/Users/user/Documents/Monash/CyberSecurity/Assesment2/Final Submission/TP6 25/EHR_draft/ehr-backend/controllers/healthController.js:22:29)\n    at processTicksAndRejections (node:internal/process/task_queues:103:5)","timestamp":"2025-12-16 00:10:28"}
{"level":"error","message":"Health check failed: Health check failed","service":"ehr-backend","stack":"Error: Health check failed\n    at Object.<anonymous> (/Users/user/Documents/Monash/CyberSecurity/Assesment2/Final Submission/TP6 25/EHR_draft/ehr-backend/test/integration/health.integration.test.js:240:55)\n    at Promise.finally.completed (/Users/user/Documents/Monash/CyberSecurity/Assesment2/Final Submission/TP6 25/EHR_draft/ehr-backend/node_modules/jest-circus/build/jestAdapterInit.js:1557:28)\n    at new Promise (<anonymous>)\n    at callAsyncCircusFn (/Users/user/Documents/Monash/CyberSecurity/Assesment2/Final Submission/TP6 25/EHR_draft/ehr-backend/node_modules/jest-circus/build/jestAdapterInit.js:1497:10)\n    at _callCircusTest (/Users/user/Documents/Monash/CyberSecurity/Assesment2/Final Submission/TP6 25/EHR_draft/ehr-backend/node_modules/jest-circus/build/jestAdapterInit.js:1007:40)\n    at processTicksAndRejections (node:internal/process/task_queues:103:5)\n    at _runTest (/Users/user/Documents/Monash/CyberSecurity/Assesment2/Final Submission/TP6 25/EHR_draft/ehr-backend/node_modules/jest-circus/build/jestAdapterInit.js:947:3)\n    at /Users/user/Documents/Monash/CyberSecurity/Assesment2/Final Submission/TP6 25/EHR_draft/ehr-backend/node_modules/jest-circus/build/jestAdapterInit.js:849:7\n    at _runTestsForDescribeBlock (/Users/user/Documents/Monash/CyberSecurity/Assesment2/Final Submission/TP6 25/EHR_draft/ehr-backend/node_modules/jest-circus/build/jestAdapterInit.js:862:11)\n    at _runTestsForDescribeBlock (/Users/user/Documents/Monash/CyberSecurity/Assesment2/Final Submission/TP6 25/EHR_draft/ehr-backend/node_modules/jest-circus/build/jestAdapterInit.js:857:11)\n    at _runTestsForDescribeBlock (/Users/user/Documents/Monash/CyberSecurity/Assesment2/Final Submission/TP6 25/EHR_draft/ehr-backend/node_modules/jest-circus/build/jestAdapterInit.js:857:11)\n    at run (/Users/user/Documents/Monash/CyberSecurity/Assesment2/Final Submission/TP6 25/EHR_draft/ehr-backend/node_modules/jest-circus/build/jestAdapterInit.js:761:3)\n    at runAndTransformResultsToJestFormat (/Users/user/Documents/Monash/CyberSecurity/Assesment2/Final Submission/TP6 25/EHR_draft/ehr-backend/node_modules/jest-circus/build/jestAdapterInit.js:1918:21)\n    at jestAdapter (/Users/user/Documents/Monash/CyberSecurity/Assesment2/Final Submission/TP6 25/EHR_draft/ehr-backend/node_modules/jest-circus/build/runner.js:101:19)\n    at runTestInternal (/Users/user/Documents/Monash/CyberSecurity/Assesment2/Final Submission/TP6 25/EHR_draft/ehr-backend/node_modules/jest-runner/build/index.js:275:16)\n    at runTest (/Users/user/Documents/Monash/CyberSecurity/Assesment2/Final Submission/TP6 25/EHR_draft/ehr-backend/node_modules/jest-runner/build/index.js:343:7)","timestamp":"2025-12-16 00:10:28"}
{"level":"info","message":"Health check performed","service":"ehr-backend","services":{"api":"operational","mongodb":"connected"},"status":"unhealthy","timestamp":"2025-12-16 00:10:28"}
{"level":"error","message":"Health check failed: Cannot read properties of undefined (reading 'healthy')","service":"ehr-backend","stack":"TypeError: Cannot read properties of undefined (reading 'healthy')\n    at healthy (/Users/user/Documents/Monash/CyberSecurity/Assesment2/Final Submission/TP6 25/EHR_draft/ehr-backend/controllers/healthController.js:22:29)\n    at processTicksAndRejections (node:internal/process/task_queues:103:5)","timestamp":"2025-12-16 00:10:28"}
{"email":"admin@test.com","level":"info","message":"User login successful","role":"Admin","service":"ehr-backend","timestamp":"2025-12-16 00:10:56","userId":"694008de282334448ad7f799"}
{"email":"manager@test.com","level":"info","message":"User login successful","role":"Manager","service":"ehr-backend","timestamp":"2025-12-16 00:10:56","userId":"694008df282334448ad7f7a1"}
{"email":"provider@test.com","level":"info","message":"User login successful","role":"Provider","service":"ehr-backend","timestamp":"2025-12-16 00:10:56","userId":"694008df282334448ad7f7a3"}
{"email":"employee@test.com","level":"info","message":"User login successful","role":"Employee","service":"ehr-backend","timestamp":"2025-12-16 00:10:56","userId":"694008df282334448ad7f7a5"}
{"email":"patient@test.com","level":"info","message":"User login successful","role":"Patient","service":"ehr-backend","timestamp":"2025-12-16 00:10:56","userId":"694008df282334448ad7f7a7"}
{"level":"info","message":"Authorization check","method":"POST","path":"/register","requiredRoles":["Employee","Manager","Admin"],"service":"ehr-backend","timestamp":"2025-12-16 00:10:56","userId":"694008de282334448ad7f799","userRole":"Admin"}
{"creatorId":"694008de282334448ad7f799","creatorRole":"Admin","level":"info","message":"User registered successfully","newUserId":"694008e0282334448ad7f7b9","newUserRole":"Patient","service":"ehr-backend","timestamp":"2025-12-16 00:10:56"}
{"level":"info","message":"Authorization check","method":"POST","path":"/register","requiredRoles":["Employee","Manager","Admin"],"service":"ehr-backend","timestamp":"2025-12-16 00:10:56","userId":"694008de282334448ad7f799","userRole":"Admin"}
{"creatorId":"694008de282334448ad7f799","creatorRole":"Admin","level":"info","message":"User registered successfully","newUserId":"694008e0282334448ad7f7be","newUserRole":"Provider","service":"ehr-backend","timestamp":"2025-12-16 00:10:56"}
{"level":"info","message":"Authorization check","method":"POST","path":"/register","requiredRoles":["Employee","Manager","Admin"],"service":"ehr-backend","timestamp":"2025-12-16 00:10:56","userId":"694008de282334448ad7f799","userRole":"Admin"}
{"creatorId":"694008de282334448ad7f799","creatorRole":"Admin","level":"info","message":"User registered successfully","newUserId":"694008e0282334448ad7f7c3","newUserRole":"Employee","service":"ehr-backend","timestamp":"2025-12-16 00:10:56"}
{"level":"info","message":"Authorization check","method":"POST","path":"/register","requiredRoles":["Employee","Manager","Admin"],"service":"ehr-backend","timestamp":"2025-12-16 00:10:56","userId":"694008de282334448ad7f799","userRole":"Admin"}
{"creatorId":"694008de282334448ad7f799","creatorRole":"Admin","level":"info","message":"User registered successfully","newUserId":"694008e0282334448ad7f7c8","newUserRole":"Manager","service":"ehr-backend","timestamp":"2025-12-16 00:10:56"}
{"email":"admin@test.com","level":"info","message":"User login successful","role":"Admin","service":"ehr-backend","timestamp":"2025-12-16 00:10:57","userId":"694008e0282334448ad7f7d2"}
{"email":"manager@test.com","level":"info","message":"User login successful","role":"Manager","service":"ehr-backend","timestamp":"2025-12-16 00:10:57","userId":"694008e0282334448ad7f7d4"}
{"email":"provider@test.com","level":"info","message":"User login successful","role":"Provider","service":"ehr-backend","timestamp":"2025-12-16 00:10:57","userId":"694008e1282334448ad7f7d6"}
{"email":"employee@test.com","level":"info","message":"User login successful","role":"Employee","service":"ehr-backend","timestamp":"2025-12-16 00:10:57","userId":"694008e1282334448ad7f7d8"}
{"email":"patient@test.com","level":"info","message":"User login successful","role":"Patient","service":"ehr-backend","timestamp":"2025-12-16 00:10:57","userId":"694008e1282334448ad7f7da"}
{"level":"info","message":"Authorization check","method":"POST","path":"/register","requiredRoles":["Employee","Manager","Admin"],"service":"ehr-backend","timestamp":"2025-12-16 00:10:57","userId":"694008e0282334448ad7f7d4","userRole":"Manager"}
{"creatorId":"694008e0282334448ad7f7d4","creatorRole":"Manager","level":"info","message":"User registered successfully","newUserId":"694008e1282334448ad7f7ec","newUserRole":"Employee","service":"ehr-backend","timestamp":"2025-12-16 00:10:57"}
{"level":"info","message":"Authorization check","method":"POST","path":"/register","requiredRoles":["Employee","Manager","Admin"],"service":"ehr-backend","timestamp":"2025-12-16 00:10:57","userId":"694008e0282334448ad7f7d4","userRole":"Manager"}
{"creatorId":"694008e0282334448ad7f7d4","creatorRole":"Manager","level":"info","message":"User registered successfully","newUserId":"694008e1282334448ad7f7f1","newUserRole":"Provider","service":"ehr-backend","timestamp":"2025-12-16 00:10:57"}
{"level":"info","message":"Authorization check","method":"POST","path":"/register","requiredRoles":["Employee","Manager","Admin"],"service":"ehr-backend","timestamp":"2025-12-16 00:10:57","userId":"694008e0282334448ad7f7d4","userRole":"Manager"}
{"creatorId":"694008e0282334448ad7f7d4","creatorRole":"Manager","level":"info","message":"User registered successfully","newUserId":"694008e1282334448ad7f7f6","newUserRole":"Patient","service":"ehr-backend","timestamp":"2025-12-16 00:10:57"}
{"email":"admin@test.com","level":"info","message":"User login successful","role":"Admin","service":"ehr-backend","timestamp":"2025-12-16 00:10:58","userId":"694008e1282334448ad7f800"}
{"email":"manager@test.com","level":"info","message":"User login successful","role":"Manager","service":"ehr-backend","timestamp":"2025-12-16 00:10:58","userId":"694008e1282334448ad7f802"}
{"email":"provider@test.com","level":"info","message":"User login successful","role":"Provider","service":"ehr-backend","timestamp":"2025-12-16 00:10:58","userId":"694008e2282334448ad7f804"}
{"email":"employee@test.com","level":"info","message":"User login successful","role":"Employee","service":"ehr-backend","timestamp":"2025-12-16 00:10:58","userId":"694008e2282334448ad7f806"}
{"email":"patient@test.com","level":"info","message":"User login successful","role":"Patient","service":"ehr-backend","timestamp":"2025-12-16 00:10:58","userId":"694008e2282334448ad7f808"}
{"level":"info","message":"Authorization check","method":"POST","path":"/register","requiredRoles":["Employee","Manager","Admin"],"service":"ehr-backend","timestamp":"2025-12-16 00:10:58","userId":"694008e1282334448ad7f802","userRole":"Manager"}
{"creatorId":"694008e1282334448ad7f802","creatorRole":"Manager","level":"warn","message":"Registration denied: Insufficient permissions","service":"ehr-backend","targetRole":"Manager","timestamp":"2025-12-16 00:10:58"}
{"email":"admin@test.com","level":"info","message":"User login successful","role":"Admin","service":"ehr-backend","timestamp":"2025-12-16 00:10:59","userId":"694008e2282334448ad7f81f"}
{"email":"manager@test.com","level":"info","message":"User login successful","role":"Manager","service":"ehr-backend","timestamp":"2025-12-16 00:10:59","userId":"694008e2282334448ad7f821"}
{"email":"provider@test.com","level":"info","message":"User login successful","role":"Provider","service":"ehr-backend","timestamp":"2025-12-16 00:10:59","userId":"694008e2282334448ad7f823"}
{"email":"employee@test.com","level":"info","message":"User login successful","role":"Employee","service":"ehr-backend","timestamp":"2025-12-16 00:10:59","userId":"694008e2282334448ad7f825"}
{"email":"patient@test.com","level":"info","message":"User login successful","role":"Patient","service":"ehr-backend","timestamp":"2025-12-16 00:10:59","userId":"694008e2282334448ad7f827"}
{"level":"info","message":"Authorization check","method":"POST","path":"/register","requiredRoles":["Employee","Manager","Admin"],"service":"ehr-backend","timestamp":"2025-12-16 00:10:59","userId":"694008e2282334448ad7f825","userRole":"Employee"}
{"creatorId":"694008e2282334448ad7f825","creatorRole":"Employee","level":"info","message":"User registered successfully","newUserId":"694008e3282334448ad7f839","newUserRole":"Patient","service":"ehr-backend","timestamp":"2025-12-16 00:10:59"}
{"email":"admin@test.com","level":"info","message":"User login successful","role":"Admin","service":"ehr-backend","timestamp":"2025-12-16 00:10:59","userId":"694008e3282334448ad7f843"}
{"email":"manager@test.com","level":"info","message":"User login successful","role":"Manager","service":"ehr-backend","timestamp":"2025-12-16 00:10:59","userId":"694008e3282334448ad7f845"}
{"email":"provider@test.com","level":"info","message":"User login successful","role":"Provider","service":"ehr-backend","timestamp":"2025-12-16 00:11:00","userId":"694008e3282334448ad7f847"}
{"email":"employee@test.com","level":"info","message":"User login successful","role":"Employee","service":"ehr-backend","timestamp":"2025-12-16 00:11:00","userId":"694008e3282334448ad7f849"}
{"email":"patient@test.com","level":"info","message":"User login successful","role":"Patient","service":"ehr-backend","timestamp":"2025-12-16 00:11:00","userId":"694008e3282334448ad7f84b"}
{"level":"info","message":"Authorization check","method":"POST","path":"/register","requiredRoles":["Employee","Manager","Admin"],"service":"ehr-backend","timestamp":"2025-12-16 00:11:00","userId":"694008e3282334448ad7f849","userRole":"Employee"}
{"creatorId":"694008e3282334448ad7f849","creatorRole":"Employee","level":"warn","message":"Registration denied: Insufficient permissions","service":"ehr-backend","targetRole":"Provider","timestamp":"2025-12-16 00:11:00"}
{"email":"admin@test.com","level":"info","message":"User login successful","role":"Admin","service":"ehr-backend","timestamp":"2025-12-16 00:11:00","userId":"694008e4282334448ad7f862"}
{"email":"manager@test.com","level":"info","message":"User login successful","role":"Manager","service":"ehr-backend","timestamp":"2025-12-16 00:11:00","userId":"694008e4282334448ad7f864"}
{"email":"provider@test.com","level":"info","message":"User login successful","role":"Provider","service":"ehr-backend","timestamp":"2025-12-16 00:11:00","userId":"694008e4282334448ad7f866"}
{"email":"employee@test.com","level":"info","message":"User login successful","role":"Employee","service":"ehr-backend","timestamp":"2025-12-16 00:11:00","userId":"694008e4282334448ad7f868"}
{"email":"patient@test.com","level":"info","message":"User login successful","role":"Patient","service":"ehr-backend","timestamp":"2025-12-16 00:11:01","userId":"694008e4282334448ad7f86a"}
{"level":"info","message":"Authorization check","method":"POST","path":"/register","requiredRoles":["Employee","Manager","Admin"],"service":"ehr-backend","timestamp":"2025-12-16 00:11:01","userId":"694008e4282334448ad7f868","userRole":"Employee"}
{"creatorId":"694008e4282334448ad7f868","creatorRole":"Employee","level":"warn","message":"Registration denied: Insufficient permissions","service":"ehr-backend","targetRole":"Employee","timestamp":"2025-12-16 00:11:01"}
{"email":"admin@test.com","level":"info","message":"User login successful","role":"Admin","service":"ehr-backend","timestamp":"2025-12-16 00:11:01","userId":"694008e5282334448ad7f881"}
{"email":"manager@test.com","level":"info","message":"User login successful","role":"Manager","service":"ehr-backend","timestamp":"2025-12-16 00:11:01","userId":"694008e5282334448ad7f883"}
{"email":"provider@test.com","level":"info","message":"User login successful","role":"Provider","service":"ehr-backend","timestamp":"2025-12-16 00:11:01","userId":"694008e5282334448ad7f885"}
{"email":"employee@test.com","level":"info","message":"User login successful","role":"Employee","service":"ehr-backend","timestamp":"2025-12-16 00:11:01","userId":"694008e5282334448ad7f887"}
{"email":"patient@test.com","level":"info","message":"User login successful","role":"Patient","service":"ehr-backend","timestamp":"2025-12-16 00:11:01","userId":"694008e5282334448ad7f889"}
{"level":"info","message":"Authorization check","method":"POST","path":"/register","requiredRoles":["Employee","Manager","Admin"],"service":"ehr-backend","timestamp":"2025-12-16 00:11:01","userId":"694008e5282334448ad7f885","userRole":"Provider"}
{"level":"warn","message":"Authorization denied: Insufficient permissions","method":"POST","path":"/register","requiredRoles":["Employee","Manager","Admin"],"service":"ehr-backend","timestamp":"2025-12-16 00:11:01","userId":"694008e5282334448ad7f885","userRole":"Provider"}
{"email":"admin@test.com","level":"info","message":"User login successful","role":"Admin","service":"ehr-backend","timestamp":"2025-12-16 00:11:02","userId":"694008e5282334448ad7f8a2"}
{"email":"manager@test.com","level":"info","message":"User login successful","role":"Manager","service":"ehr-backend","timestamp":"2025-12-16 00:11:02","userId":"694008e5282334448ad7f8a4"}
{"email":"provider@test.com","level":"info","message":"User login successful","role":"Provider","service":"ehr-backend","timestamp":"2025-12-16 00:11:02","userId":"694008e5282334448ad7f8a6"}
{"email":"employee@test.com","level":"info","message":"User login successful","role":"Employee","service":"ehr-backend","timestamp":"2025-12-16 00:11:02","userId":"694008e6282334448ad7f8a8"}
{"email":"patient@test.com","level":"info","message":"User login successful","role":"Patient","service":"ehr-backend","timestamp":"2025-12-16 00:11:02","userId":"694008e6282334448ad7f8aa"}
{"level":"info","message":"Authorization check","method":"POST","path":"/register","requiredRoles":["Employee","Manager","Admin"],"service":"ehr-backend","timestamp":"2025-12-16 00:11:02","userId":"694008e6282334448ad7f8aa","userRole":"Patient"}
{"level":"warn","message":"Authorization denied: Insufficient permissions","method":"POST","path":"/register","requiredRoles":["Employee","Manager","Admin"],"service":"ehr-backend","timestamp":"2025-12-16 00:11:02","userId":"694008e6282334448ad7f8aa","userRole":"Patient"}
{"email":"admin@test.com","level":"info","message":"User login successful","role":"Admin","service":"ehr-backend","timestamp":"2025-12-16 00:11:02","userId":"694008e6282334448ad7f8c3"}
{"email":"manager@test.com","level":"info","message":"User login successful","role":"Manager","service":"ehr-backend","timestamp":"2025-12-16 00:11:03","userId":"694008e6282334448ad7f8c5"}
{"email":"provider@test.com","level":"info","message":"User login successful","role":"Provider","service":"ehr-backend","timestamp":"2025-12-16 00:11:03","userId":"694008e6282334448ad7f8c7"}
{"email":"employee@test.com","level":"info","message":"User login successful","role":"Employee","service":"ehr-backend","timestamp":"2025-12-16 00:11:03","userId":"694008e6282334448ad7f8c9"}
{"email":"patient@test.com","level":"info","message":"User login successful","role":"Patient","service":"ehr-backend","timestamp":"2025-12-16 00:11:03","userId":"694008e6282334448ad7f8cb"}
{"level":"info","message":"Authorization check","method":"GET","path":"/audit-logs","requiredRoles":["Admin"],"service":"ehr-backend","timestamp":"2025-12-16 00:11:03","userId":"694008e6282334448ad7f8c3","userRole":"Admin"}
{"level":"info","message":"Admin 694008e6282334448ad7f8c3 retrieved 5 audit logs","service":"ehr-backend","timestamp":"2025-12-16 00:11:03"}
{"email":"admin@test.com","level":"info","message":"User login successful","role":"Admin","service":"ehr-backend","timestamp":"2025-12-16 00:11:03","userId":"694008e7282334448ad7f8e3"}
{"email":"manager@test.com","level":"info","message":"User login successful","role":"Manager","service":"ehr-backend","timestamp":"2025-12-16 00:11:03","userId":"694008e7282334448ad7f8e5"}
{"email":"provider@test.com","level":"info","message":"User login successful","role":"Provider","service":"ehr-backend","timestamp":"2025-12-16 00:11:03","userId":"694008e7282334448ad7f8e7"}
{"email":"employee@test.com","level":"info","message":"User login successful","role":"Employee","service":"ehr-backend","timestamp":"2025-12-16 00:11:03","userId":"694008e7282334448ad7f8e9"}
{"email":"patient@test.com","level":"info","message":"User login successful","role":"Patient","service":"ehr-backend","timestamp":"2025-12-16 00:11:04","userId":"694008e7282334448ad7f8eb"}
{"level":"info","message":"Authorization check","method":"GET","path":"/audit-logs","requiredRoles":["Admin"],"service":"ehr-backend","timestamp":"2025-12-16 00:11:04","userId":"694008e7282334448ad7f8e5","userRole":"Manager"}
{"level":"warn","message":"Authorization denied: Insufficient permissions","method":"GET","path":"/audit-logs","requiredRoles":["Admin"],"service":"ehr-backend","timestamp":"2025-12-16 00:11:04","userId":"694008e7282334448ad7f8e5","userRole":"Manager"}
{"email":"admin@test.com","level":"info","message":"User login successful","role":"Admin","service":"ehr-backend","timestamp":"2025-12-16 00:11:04","userId":"694008e8282334448ad7f904"}
{"email":"manager@test.com","level":"info","message":"User login successful","role":"Manager","service":"ehr-backend","timestamp":"2025-12-16 00:11:04","userId":"694008e8282334448ad7f906"}
{"email":"provider@test.com","level":"info","message":"User login successful","role":"Provider","service":"ehr-backend","timestamp":"2025-12-16 00:11:04","userId":"694008e8282334448ad7f908"}
{"email":"employee@test.com","level":"info","message":"User login successful","role":"Employee","service":"ehr-backend","timestamp":"2025-12-16 00:11:04","userId":"694008e8282334448ad7f90a"}
{"email":"patient@test.com","level":"info","message":"User login successful","role":"Patient","service":"ehr-backend","timestamp":"2025-12-16 00:11:04","userId":"694008e8282334448ad7f90c"}
{"level":"info","message":"Authorization check","method":"GET","path":"/audit-logs","requiredRoles":["Admin"],"service":"ehr-backend","timestamp":"2025-12-16 00:11:04","userId":"694008e8282334448ad7f908","userRole":"Provider"}
{"level":"warn","message":"Authorization denied: Insufficient permissions","method":"GET","path":"/audit-logs","requiredRoles":["Admin"],"service":"ehr-backend","timestamp":"2025-12-16 00:11:04","userId":"694008e8282334448ad7f908","userRole":"Provider"}
{"email":"admin@test.com","level":"info","message":"User login successful","role":"Admin","service":"ehr-backend","timestamp":"2025-12-16 00:11:05","userId":"694008e8282334448ad7f925"}
{"email":"manager@test.com","level":"info","message":"User login successful","role":"Manager","service":"ehr-backend","timestamp":"2025-12-16 00:11:05","userId":"694008e8282334448ad7f927"}
{"email":"provider@test.com","level":"info","message":"User login successful","role":"Provider","service":"ehr-backend","timestamp":"2025-12-16 00:11:05","userId":"694008e9282334448ad7f929"}
{"email":"employee@test.com","level":"info","message":"User login successful","role":"Employee","service":"ehr-backend","timestamp":"2025-12-16 00:11:05","userId":"694008e9282334448ad7f92b"}
{"email":"patient@test.com","level":"info","message":"User login successful","role":"Patient","service":"ehr-backend","timestamp":"2025-12-16 00:11:05","userId":"694008e9282334448ad7f92d"}
{"level":"info","message":"Authorization check","method":"GET","path":"/audit-logs","requiredRoles":["Admin"],"service":"ehr-backend","timestamp":"2025-12-16 00:11:05","userId":"694008e9282334448ad7f92b","userRole":"Employee"}
{"level":"warn","message":"Authorization denied: Insufficient permissions","method":"GET","path":"/audit-logs","requiredRoles":["Admin"],"service":"ehr-backend","timestamp":"2025-12-16 00:11:05","userId":"694008e9282334448ad7f92b","userRole":"Employee"}
{"email":"admin@test.com","level":"info","message":"User login successful","role":"Admin","service":"ehr-backend","timestamp":"2025-12-16 00:11:06","userId":"694008e9282334448ad7f946"}
{"email":"manager@test.com","level":"info","message":"User login successful","role":"Manager","service":"ehr-backend","timestamp":"2025-12-16 00:11:06","userId":"694008e9282334448ad7f948"}
{"email":"provider@test.com","level":"info","message":"User login successful","role":"Provider","service":"ehr-backend","timestamp":"2025-12-16 00:11:06","userId":"694008e9282334448ad7f94a"}
{"email":"employee@test.com","level":"info","message":"User login successful","role":"Employee","service":"ehr-backend","timestamp":"2025-12-16 00:11:06","userId":"694008e9282334448ad7f94c"}
{"email":"patient@test.com","level":"info","message":"User login successful","role":"Patient","service":"ehr-backend","timestamp":"2025-12-16 00:11:06","userId":"694008e9282334448ad7f94e"}
{"level":"info","message":"Authorization check","method":"GET","path":"/audit-logs","requiredRoles":["Admin"],"service":"ehr-backend","timestamp":"2025-12-16 00:11:06","userId":"694008e9282334448ad7f94e","userRole":"Patient"}
{"level":"warn","message":"Authorization denied: Insufficient permissions","method":"GET","path":"/audit-logs","requiredRoles":["Admin"],"service":"ehr-backend","timestamp":"2025-12-16 00:11:06","userId":"694008e9282334448ad7f94e","userRole":"Patient"}
{"email":"admin@test.com","level":"info","message":"User login successful","role":"Admin","service":"ehr-backend","timestamp":"2025-12-16 00:11:06","userId":"694008ea282334448ad7f967"}
{"email":"manager@test.com","level":"info","message":"User login successful","role":"Manager","service":"ehr-backend","timestamp":"2025-12-16 00:11:06","userId":"694008ea282334448ad7f969"}
{"email":"provider@test.com","level":"info","message":"User login successful","role":"Provider","service":"ehr-backend","timestamp":"2025-12-16 00:11:06","userId":"694008ea282334448ad7f96b"}
{"email":"employee@test.com","level":"info","message":"User login successful","role":"Employee","service":"ehr-backend","timestamp":"2025-12-16 00:11:07","userId":"694008ea282334448ad7f96d"}
{"email":"patient@test.com","level":"info","message":"User login successful","role":"Patient","service":"ehr-backend","timestamp":"2025-12-16 00:11:07","userId":"694008ea282334448ad7f96f"}
{"level":"info","message":"Authorization check","method":"POST","path":"/assign-patient","requiredRoles":["Admin","Manager"],"service":"ehr-backend","timestamp":"2025-12-16 00:11:07","userId":"694008ea282334448ad7f967","userRole":"Admin"}
{"level":"info","message":"Patient 694008ea282334448ad7f96f assigned to Provider 694008ea282334448ad7f96b by Admin 694008ea282334448ad7f967","service":"ehr-backend","timestamp":"2025-12-16 00:11:07"}
{"email":"admin@test.com","level":"info","message":"User login successful","role":"Admin","service":"ehr-backend","timestamp":"2025-12-16 00:11:07","userId":"694008eb282334448ad7f98a"}
{"email":"manager@test.com","level":"info","message":"User login successful","role":"Manager","service":"ehr-backend","timestamp":"2025-12-16 00:11:07","userId":"694008eb282334448ad7f98c"}
{"email":"provider@test.com","level":"info","message":"User login successful","role":"Provider","service":"ehr-backend","timestamp":"2025-12-16 00:11:07","userId":"694008eb282334448ad7f98e"}
{"email":"employee@test.com","level":"info","message":"User login successful","role":"Employee","service":"ehr-backend","timestamp":"2025-12-16 00:11:07","userId":"694008eb282334448ad7f990"}
{"email":"patient@test.com","level":"info","message":"User login successful","role":"Patient","service":"ehr-backend","timestamp":"2025-12-16 00:11:08","userId":"694008eb282334448ad7f992"}
{"level":"info","message":"Authorization check","method":"POST","path":"/assign-patient","requiredRoles":["Admin","Manager"],"service":"ehr-backend","timestamp":"2025-12-16 00:11:08","userId":"694008eb282334448ad7f98c","userRole":"Manager"}
{"level":"info","message":"Patient 694008eb282334448ad7f992 assigned to Provider 694008eb282334448ad7f98e by Admin 694008eb282334448ad7f98c","service":"ehr-backend","timestamp":"2025-12-16 00:11:08"}
{"email":"admin@test.com","level":"info","message":"User login successful","role":"Admin","service":"ehr-backend","timestamp":"2025-12-16 00:11:08","userId":"694008ec282334448ad7f9ad"}
{"email":"manager@test.com","level":"info","message":"User login successful","role":"Manager","service":"ehr-backend","timestamp":"2025-12-16 00:11:08","userId":"694008ec282334448ad7f9af"}
{"email":"provider@test.com","level":"info","message":"User login successful","role":"Provider","service":"ehr-backend","timestamp":"2025-12-16 00:11:08","userId":"694008ec282334448ad7f9b1"}
{"email":"employee@test.com","level":"info","message":"User login successful","role":"Employee","service":"ehr-backend","timestamp":"2025-12-16 00:11:08","userId":"694008ec282334448ad7f9b3"}
{"email":"patient@test.com","level":"info","message":"User login successful","role":"Patient","service":"ehr-backend","timestamp":"2025-12-16 00:11:08","userId":"694008ec282334448ad7f9b5"}
{"email":"admin@test.com","level":"info","message":"User login successful","role":"Admin","service":"ehr-backend","timestamp":"2025-12-16 00:11:17","userId":"694008f3dd587581225960e2"}
{"email":"manager@test.com","level":"info","message":"User login successful","role":"Manager","service":"ehr-backend","timestamp":"2025-12-16 00:11:17","userId":"694008f4dd587581225960e9"}
{"email":"provider@test.com","level":"info","message":"User login successful","role":"Provider","service":"ehr-backend","timestamp":"2025-12-16 00:11:17","userId":"694008f4dd587581225960ec"}
{"email":"assigned@test.com","level":"info","message":"User login successful","role":"Patient","service":"ehr-backend","timestamp":"2025-12-16 00:11:17","userId":"694008f5dd587581225960f0"}
{"error":"Invalid AES key format after unwrapping","level":"error","message":"Failed to load AES key","service":"ehr-backend","timestamp":"2025-12-16 00:11:17","userId":"694008f4dd587581225960ec"}
{"email":"admin@test.com","level":"info","message":"User login successful","role":"Admin","service":"ehr-backend","timestamp":"2025-12-16 00:11:17","userId":"694008f5dd58758122596105"}
{"email":"manager@test.com","level":"info","message":"User login successful","role":"Manager","service":"ehr-backend","timestamp":"2025-12-16 00:11:18","userId":"694008f5dd58758122596107"}
{"email":"provider@test.com","level":"info","message":"User login successful","role":"Provider","service":"ehr-backend","timestamp":"2025-12-16 00:11:18","userId":"694008f5dd58758122596109"}
{"email":"assigned@test.com","level":"info","message":"User login successful","role":"Patient","service":"ehr-backend","timestamp":"2025-12-16 00:11:18","userId":"694008f5dd5875812259610d"}
{"error":"Invalid AES key format after unwrapping","level":"error","message":"Failed to load AES key","service":"ehr-backend","timestamp":"2025-12-16 00:11:18","userId":"694008f5dd58758122596109"}
{"email":"admin@test.com","level":"info","message":"User login successful","role":"Admin","service":"ehr-backend","timestamp":"2025-12-16 00:11:18","userId":"694008f6dd58758122596122"}
{"email":"manager@test.com","level":"info","message":"User login successful","role":"Manager","service":"ehr-backend","timestamp":"2025-12-16 00:11:18","userId":"694008f6dd58758122596124"}
{"email":"provider@test.com","level":"info","message":"User login successful","role":"Provider","service":"ehr-backend","timestamp":"2025-12-16 00:11:18","userId":"694008f6dd58758122596126"}
{"email":"assigned@test.com","level":"info","message":"User login successful","role":"Patient","service":"ehr-backend","timestamp":"2025-12-16 00:11:18","userId":"694008f6dd5875812259612a"}
{"error":"Invalid AES key format after unwrapping","level":"error","message":"Failed to load AES key","service":"ehr-backend","timestamp":"2025-12-16 00:11:18","userId":"694008f6dd58758122596124"}
{"email":"admin@test.com","level":"info","message":"User login successful","role":"Admin","service":"ehr-backend","timestamp":"2025-12-16 00:11:19","userId":"694008f6dd5875812259613f"}
{"email":"manager@test.com","level":"info","message":"User login successful","role":"Manager","service":"ehr-backend","timestamp":"2025-12-16 00:11:19","userId":"694008f7dd58758122596141"}
{"email":"provider@test.com","level":"info","message":"User login successful","role":"Provider","service":"ehr-backend","timestamp":"2025-12-16 00:11:19","userId":"694008f7dd58758122596143"}
{"email":"assigned@test.com","level":"info","message":"User login successful","role":"Patient","service":"ehr-backend","timestamp":"2025-12-16 00:11:19","userId":"694008f7dd58758122596147"}
{"error":"Invalid AES key format after unwrapping","level":"error","message":"Failed to load AES key","service":"ehr-backend","timestamp":"2025-12-16 00:11:19","userId":"694008f7dd58758122596147"}
{"email":"admin@test.com","level":"info","message":"User login successful","role":"Admin","service":"ehr-backend","timestamp":"2025-12-16 00:11:20","userId":"694008f7dd5875812259615c"}
{"email":"manager@test.com","level":"info","message":"User login successful","role":"Manager","service":"ehr-backend","timestamp":"2025-12-16 00:11:20","userId":"694008f7dd5875812259615e"}
{"email":"provider@test.com","level":"info","message":"User login successful","role":"Provider","service":"ehr-backend","timestamp":"2025-12-16 00:11:20","userId":"694008f7dd58758122596160"}
{"email":"assigned@test.com","level":"info","message":"User login successful","role":"Patient","service":"ehr-backend","timestamp":"2025-12-16 00:11:20","userId":"694008f7dd58758122596164"}
{"error":"Invalid AES key format after unwrapping","level":"error","message":"Failed to load AES key","service":"ehr-backend","timestamp":"2025-12-16 00:11:20","userId":"694008f7dd58758122596160"}
{"email":"admin@test.com","level":"info","message":"User login successful","role":"Admin","service":"ehr-backend","timestamp":"2025-12-16 00:11:20","userId":"694008f8dd58758122596179"}
{"email":"manager@test.com","level":"info","message":"User login successful","role":"Manager","service":"ehr-backend","timestamp":"2025-12-16 00:11:20","userId":"694008f8dd5875812259617b"}
{"email":"provider@test.com","level":"info","message":"User login successful","role":"Provider","service":"ehr-backend","timestamp":"2025-12-16 00:11:20","userId":"694008f8dd5875812259617d"}
{"email":"assigned@test.com","level":"info","message":"User login successful","role":"Patient","service":"ehr-backend","timestamp":"2025-12-16 00:11:20","userId":"694008f8dd58758122596181"}
{"error":"Invalid AES key format after unwrapping","level":"error","message":"Failed to load AES key","service":"ehr-backend","timestamp":"2025-12-16 00:11:20","userId":"694008f8dd5875812259617d"}
{"email":"admin@test.com","level":"info","message":"User login successful","role":"Admin","service":"ehr-backend","timestamp":"2025-12-16 00:11:21","userId":"694008f9dd58758122596196"}
{"email":"manager@test.com","level":"info","message":"User login successful","role":"Manager","service":"ehr-backend","timestamp":"2025-12-16 00:11:21","userId":"694008f9dd58758122596198"}
{"email":"provider@test.com","level":"info","message":"User login successful","role":"Provider","service":"ehr-backend","timestamp":"2025-12-16 00:11:21","userId":"694008f9dd5875812259619a"}
{"email":"assigned@test.com","level":"info","message":"User login successful","role":"Patient","service":"ehr-backend","timestamp":"2025-12-16 00:11:21","userId":"694008f9dd5875812259619e"}
{"error":"Invalid AES key format after unwrapping","level":"error","message":"Failed to load AES key","service":"ehr-backend","timestamp":"2025-12-16 00:11:21","userId":"694008f9dd5875812259619a"}
{"email":"admin@test.com","level":"info","message":"User login successful","role":"Admin","service":"ehr-backend","timestamp":"2025-12-16 00:11:22","userId":"694008f9dd587581225961b3"}
{"email":"manager@test.com","level":"info","message":"User login successful","role":"Manager","service":"ehr-backend","timestamp":"2025-12-16 00:11:22","userId":"694008f9dd587581225961b5"}
{"email":"provider@test.com","level":"info","message":"User login successful","role":"Provider","service":"ehr-backend","timestamp":"2025-12-16 00:11:22","userId":"694008f9dd587581225961b7"}
{"email":"assigned@test.com","level":"info","message":"User login successful","role":"Patient","service":"ehr-backend","timestamp":"2025-12-16 00:11:22","userId":"694008f9dd587581225961bb"}
{"level":"info","managerId":"694008f9dd587581225961b5","message":"All records retrieved","recordCount":1,"service":"ehr-backend","timestamp":"2025-12-16 00:11:22"}
{"email":"admin@test.com","level":"info","message":"User login successful","role":"Admin","service":"ehr-backend","timestamp":"2025-12-16 00:11:22","userId":"694008fadd587581225961d6"}
{"email":"manager@test.com","level":"info","message":"User login successful","role":"Manager","service":"ehr-backend","timestamp":"2025-12-16 00:11:22","userId":"694008fadd587581225961d8"}
{"email":"provider@test.com","level":"info","message":"User login successful","role":"Provider","service":"ehr-backend","timestamp":"2025-12-16 00:11:22","userId":"694008fadd587581225961da"}
{"email":"assigned@test.com","level":"info","message":"User login successful","role":"Patient","service":"ehr-backend","timestamp":"2025-12-16 00:11:23","userId":"694008fadd587581225961de"}
{"email":"admin@test.com","level":"info","message":"User login successful","role":"Admin","service":"ehr-backend","timestamp":"2025-12-16 00:11:23","userId":"694008fbdd587581225961f3"}
{"email":"manager@test.com","level":"info","message":"User login successful","role":"Manager","service":"ehr-backend","timestamp":"2025-12-16 00:11:23","userId":"694008fbdd587581225961f5"}
{"email":"provider@test.com","level":"info","message":"User login successful","role":"Provider","service":"ehr-backend","timestamp":"2025-12-16 00:11:23","userId":"694008fbdd587581225961f7"}
{"email":"assigned@test.com","level":"info","message":"User login successful","role":"Patient","service":"ehr-backend","timestamp":"2025-12-16 00:11:23","userId":"694008fbdd587581225961fb"}
{"email":"admin@test.com","level":"info","message":"User login successful","role":"Admin","service":"ehr-backend","timestamp":"2025-12-16 00:11:24","userId":"694008fbdd58758122596210"}
{"email":"manager@test.com","level":"info","message":"User login successful","role":"Manager","service":"ehr-backend","timestamp":"2025-12-16 00:11:24","userId":"694008fbdd58758122596212"}
{"email":"provider@test.com","level":"info","message":"User login successful","role":"Provider","service":"ehr-backend","timestamp":"2025-12-16 00:11:24","userId":"694008fbdd58758122596214"}
{"email":"assigned@test.com","level":"info","message":"User login successful","role":"Patient","service":"ehr-backend","timestamp":"2025-12-16 00:11:24","userId":"694008fbdd58758122596218"}
{"error":"Cast to ObjectId failed for value \"my-records\" (type string) at path \"_id\" for model \"PatientRecord\"","level":"error","message":"Error retrieving record by ID","recordId":"my-records","service":"ehr-backend","timestamp":"2025-12-16 00:11:24","userId":"694008fbdd58758122596218"}
{"email":"admin@test.com","level":"info","message":"User login successful","role":"Admin","service":"ehr-backend","timestamp":"2025-12-16 00:11:24","userId":"694008fcdd5875812259622f"}
{"email":"manager@test.com","level":"info","message":"User login successful","role":"Manager","service":"ehr-backend","timestamp":"2025-12-16 00:11:24","userId":"694008fcdd58758122596231"}
{"email":"provider@test.com","level":"info","message":"User login successful","role":"Provider","service":"ehr-backend","timestamp":"2025-12-16 00:11:24","userId":"694008fcdd58758122596233"}
{"email":"assigned@test.com","level":"info","message":"User login successful","role":"Patient","service":"ehr-backend","timestamp":"2025-12-16 00:11:25","userId":"694008fcdd58758122596237"}
{"error":"Cast to ObjectId failed for value \"my-records\" (type string) at path \"_id\" for model \"PatientRecord\"","level":"error","message":"Error retrieving record by ID","recordId":"my-records","service":"ehr-backend","timestamp":"2025-12-16 00:11:25","userId":"694008fcdd58758122596237"}
{"email":"admin@test.com","level":"info","message":"User login successful","role":"Admin","service":"ehr-backend","timestamp":"2025-12-16 00:11:25","userId":"694008fddd58758122596250"}
{"email":"manager@test.com","level":"info","message":"User login successful","role":"Manager","service":"ehr-backend","timestamp":"2025-12-16 00:11:25","userId":"694008fddd58758122596252"}
{"email":"provider@test.com","level":"info","message":"User login successful","role":"Provider","service":"ehr-backend","timestamp":"2025-12-16 00:11:25","userId":"694008fddd58758122596254"}
{"email":"assigned@test.com","level":"info","message":"User login successful","role":"Patient","service":"ehr-backend","timestamp":"2025-12-16 00:11:25","userId":"694008fddd58758122596258"}
{"error":"Cast to ObjectId failed for value \"my-records\" (type string) at path \"_id\" for model \"PatientRecord\"","level":"error","message":"Error retrieving record by ID","recordId":"my-records","service":"ehr-backend","timestamp":"2025-12-16 00:11:25","userId":"694008fddd58758122596254"}
{"email":"admin@test.com","level":"info","message":"User login successful","role":"Admin","service":"ehr-backend","timestamp":"2025-12-16 00:11:26","userId":"694008fddd5875812259626f"}
{"email":"manager@test.com","level":"info","message":"User login successful","role":"Manager","service":"ehr-backend","timestamp":"2025-12-16 00:11:26","userId":"694008fddd58758122596271"}
{"email":"provider@test.com","level":"info","message":"User login successful","role":"Provider","service":"ehr-backend","timestamp":"2025-12-16 00:11:26","userId":"694008fddd58758122596273"}
{"email":"assigned@test.com","level":"info","message":"User login successful","role":"Patient","service":"ehr-backend","timestamp":"2025-12-16 00:11:26","userId":"694008fddd58758122596277"}
{"level":"info","message":"Record retrieved by ID","recordId":"694008fedd58758122596286","service":"ehr-backend","timestamp":"2025-12-16 00:11:26","userId":"694008fddd58758122596273"}
{"email":"admin@test.com","level":"info","message":"User login successful","role":"Admin","service":"ehr-backend","timestamp":"2025-12-16 00:11:26","userId":"694008fedd58758122596292"}
{"email":"manager@test.com","level":"info","message":"User login successful","role":"Manager","service":"ehr-backend","timestamp":"2025-12-16 00:11:26","userId":"694008fedd58758122596294"}
{"email":"provider@test.com","level":"info","message":"User login successful","role":"Provider","service":"ehr-backend","timestamp":"2025-12-16 00:11:26","userId":"694008fedd58758122596296"}
{"email":"assigned@test.com","level":"info","message":"User login successful","role":"Patient","service":"ehr-backend","timestamp":"2025-12-16 00:11:27","userId":"694008fedd5875812259629a"}
{"level":"info","message":"Record retrieved by ID","recordId":"694008ffdd587581225962a9","service":"ehr-backend","timestamp":"2025-12-16 00:11:27","userId":"694008fedd5875812259629a"}
{"email":"admin@test.com","level":"info","message":"User login successful","role":"Admin","service":"ehr-backend","timestamp":"2025-12-16 00:11:27","userId":"694008ffdd587581225962b5"}
{"email":"manager@test.com","level":"info","message":"User login successful","role":"Manager","service":"ehr-backend","timestamp":"2025-12-16 00:11:27","userId":"694008ffdd587581225962b7"}
{"email":"provider@test.com","level":"info","message":"User login successful","role":"Provider","service":"ehr-backend","timestamp":"2025-12-16 00:11:27","userId":"694008ffdd587581225962b9"}
{"email":"assigned@test.com","level":"info","message":"User login successful","role":"Patient","service":"ehr-backend","timestamp":"2025-12-16 00:11:27","userId":"694008ffdd587581225962bd"}
{"level":"info","message":"Record retrieved by ID","recordId":"694008ffdd587581225962cc","service":"ehr-backend","timestamp":"2025-12-16 00:11:27","userId":"694008ffdd587581225962b7"}
{"email":"admin@test.com","level":"info","message":"User login successful","role":"Admin","service":"ehr-backend","timestamp":"2025-12-16 00:11:28","userId":"694008ffdd587581225962d8"}
{"email":"manager@test.com","level":"info","message":"User login successful","role":"Manager","service":"ehr-backend","timestamp":"2025-12-16 00:11:28","userId":"694008ffdd587581225962da"}
{"email":"provider@test.com","level":"info","message":"User login successful","role":"Provider","service":"ehr-backend","timestamp":"2025-12-16 00:11:28","userId":"694008ffdd587581225962dc"}
{"email":"assigned@test.com","level":"info","message":"User login successful","role":"Patient","service":"ehr-backend","timestamp":"2025-12-16 00:11:28","userId":"69400900dd587581225962e0"}
{"email":"admin@test.com","level":"info","message":"User login successful","role":"Admin","service":"ehr-backend","timestamp":"2025-12-16 00:11:28","userId":"69400900dd587581225962fb"}
{"email":"manager@test.com","level":"info","message":"User login successful","role":"Manager","service":"ehr-backend","timestamp":"2025-12-16 00:11:28","userId":"69400900dd587581225962fd"}
{"email":"provider@test.com","level":"info","message":"User login successful","role":"Provider","service":"ehr-backend","timestamp":"2025-12-16 00:11:29","userId":"69400900dd587581225962ff"}
{"email":"assigned@test.com","level":"info","message":"User login successful","role":"Patient","service":"ehr-backend","timestamp":"2025-12-16 00:11:29","userId":"69400900dd58758122596303"}
{"email":"admin@test.com","level":"info","message":"User login successful","role":"Admin","service":"ehr-backend","timestamp":"2025-12-16 00:11:29","userId":"69400901dd5875812259631b"}
{"email":"manager@test.com","level":"info","message":"User login successful","role":"Manager","service":"ehr-backend","timestamp":"2025-12-16 00:11:29","userId":"69400901dd5875812259631d"}
{"email":"provider@test.com","level":"info","message":"User login successful","role":"Provider","service":"ehr-backend","timestamp":"2025-12-16 00:11:29","userId":"69400901dd5875812259631f"}
{"email":"assigned@test.com","level":"info","message":"User login successful","role":"Patient","service":"ehr-backend","timestamp":"2025-12-16 00:11:29","userId":"69400901dd58758122596323"}
{"error":"Invalid AES key format after unwrapping","level":"error","message":"Failed to load AES key","service":"ehr-backend","timestamp":"2025-12-16 00:11:29","userId":"69400901dd5875812259631f"}
{"email":"admin@test.com","level":"info","message":"User login successful","role":"Admin","service":"ehr-backend","timestamp":"2025-12-16 00:11:30","userId":"69400901dd58758122596338"}
{"email":"manager@test.com","level":"info","message":"User login successful","role":"Manager","service":"ehr-backend","timestamp":"2025-12-16 00:11:30","userId":"69400901dd5875812259633a"}
{"email":"provider@test.com","level":"info","message":"User login successful","role":"Provider","service":"ehr-backend","timestamp":"2025-12-16 00:11:30","userId":"69400901dd5875812259633c"}
{"email":"assigned@test.com","level":"info","message":"User login successful","role":"Patient","service":"ehr-backend","timestamp":"2025-12-16 00:11:30","userId":"69400902dd58758122596340"}
{"email":"admin@test.com","level":"info","message":"User login successful","role":"Admin","service":"ehr-backend","timestamp":"2025-12-16 00:11:31","userId":"69400902dd58758122596357"}
{"email":"patient@test.com","level":"info","message":"User login successful","role":"Patient","service":"ehr-backend","timestamp":"2025-12-16 00:11:35","userId":"6940090673566fb3814970ee"}
{"email":"admin@test.com","level":"info","message":"User login successful","role":"Admin","service":"ehr-backend","timestamp":"2025-12-16 00:11:36","userId":"6940090773566fb3814970fa"}
{"email":"nonexistent@test.com","ip":"::ffff:127.0.0.1","level":"warn","message":"Login attempt failed: User not found","service":"ehr-backend","timestamp":"2025-12-16 00:11:36"}
{"email":"patient@test.com","ip":"::ffff:127.0.0.1","level":"warn","message":"Login attempt failed: Invalid password","service":"ehr-backend","timestamp":"2025-12-16 00:11:36","userId":"6940090873566fb381497109"}
{"ip":"::ffff:127.0.0.1","level":"warn","message":"Login attempt failed: User not found","service":"ehr-backend","timestamp":"2025-12-16 00:11:36"}
{"email":"patient@test.com","error":"data and hash arguments required","level":"error","message":"Login error","service":"ehr-backend","timestamp":"2025-12-16 00:11:36"}
{"email":"admin@test.com","level":"info","message":"User login successful","role":"Admin","service":"ehr-backend","timestamp":"2025-12-16 00:11:36","userId":"6940090873566fb381497119"}
{"email":"provider@test.com","level":"info","message":"User login successful","role":"Provider","service":"ehr-backend","timestamp":"2025-12-16 00:11:36","userId":"6940090873566fb381497121"}
{"email":"patient@test.com","level":"info","message":"User login successful","role":"Patient","service":"ehr-backend","timestamp":"2025-12-16 00:11:36","userId":"6940090873566fb381497129"}
{"email":"patient@test.com","level":"info","message":"User login successful","role":"Patient","service":"ehr-backend","timestamp":"2025-12-16 00:11:37","userId":"6940090973566fb381497137"}
{"level":"info","message":"User logout","service":"ehr-backend","timestamp":"2025-12-16 00:11:37"}
{"level":"info","message":"User logout","service":"ehr-backend","timestamp":"2025-12-16 00:11:37"}
{"email":"admin@test.com","level":"info","message":"User login successful","role":"Admin","service":"ehr-backend","timestamp":"2025-12-16 00:11:37","userId":"6940090973566fb381497146"}
{"email":"admin@test.com","level":"info","message":"User login successful","role":"Admin","service":"ehr-backend","timestamp":"2025-12-16 00:11:41","userId":"6940090c32a821a44385cdbe"}
{"email":"manager@test.com","level":"info","message":"User login successful","role":"Manager","service":"ehr-backend","timestamp":"2025-12-16 00:11:42","userId":"6940090d32a821a44385cdcc"}
{"email":"provider@test.com","level":"info","message":"User login successful","role":"Provider","service":"ehr-backend","timestamp":"2025-12-16 00:11:42","userId":"6940090e32a821a44385cdd4"}
{"email":"employee@test.com","level":"info","message":"User login successful","role":"Employee","service":"ehr-backend","timestamp":"2025-12-16 00:11:42","userId":"6940090e32a821a44385cddc"}
{"email":"patient@test.com","level":"info","message":"User login successful","role":"Patient","service":"ehr-backend","timestamp":"2025-12-16 00:11:42","userId":"6940090e32a821a44385cde4"}
{"email":"admin@test.com","level":"info","message":"User login successful","role":"Admin","service":"ehr-backend","timestamp":"2025-12-16 00:11:42","userId":"6940090e32a821a44385cdec"}
{"email":"patient@test.com","ip":"::ffff:127.0.0.1","level":"warn","message":"Login attempt failed: Invalid password","service":"ehr-backend","timestamp":"2025-12-16 00:11:42","userId":"6940090e32a821a44385cdf4"}
{"email":"nonexistent@example.com","ip":"::ffff:127.0.0.1","level":"warn","message":"Login attempt failed: User not found","service":"ehr-backend","timestamp":"2025-12-16 00:11:42"}
{"ip":"::ffff:127.0.0.1","level":"warn","message":"Login attempt failed: User not found","service":"ehr-backend","timestamp":"2025-12-16 00:11:42"}
{"email":"patient@test.com","error":"data and hash arguments required","level":"error","message":"Login error","service":"ehr-backend","timestamp":"2025-12-16 00:11:43"}
{"email":"admin@test.com","level":"info","message":"User login successful","role":"Admin","service":"ehr-backend","timestamp":"2025-12-16 00:11:43","userId":"6940090f32a821a44385ce08"}
{"email":"admin@test.com","level":"info","message":"User login successful","role":"Admin","service":"ehr-backend","timestamp":"2025-12-16 00:11:43","userId":"6940090f32a821a44385ce20"}
{"level":"info","message":"User logout","service":"ehr-backend","timestamp":"2025-12-16 00:11:43"}
{"level":"info","message":"User logout","service":"ehr-backend","timestamp":"2025-12-16 00:11:43"}
{"email":"admin@test.com","level":"info","message":"User login successful","role":"Admin","service":"ehr-backend","timestamp":"2025-12-16 00:11:43","userId":"6940090f32a821a44385ce2f"}
{"email":"admin@test.com","level":"info","message":"User login successful","role":"Admin","service":"ehr-backend","timestamp":"2025-12-16 00:11:44","userId":"6940090f32a821a44385ce37"}
{"email":"admin@test.com","level":"info","message":"User login successful","role":"Admin","service":"ehr-backend","timestamp":"2025-12-16 00:11:44","userId":"6940091032a821a44385ce3f"}
{"level":"info","message":"Authorization check","method":"GET","path":"/audit-logs","requiredRoles":["Admin"],"service":"ehr-backend","timestamp":"2025-12-16 00:11:44","userId":"6940091032a821a44385ce3f","userRole":"Admin"}
{"level":"info","message":"Admin 6940091032a821a44385ce3f retrieved 1 audit logs","service":"ehr-backend","timestamp":"2025-12-16 00:11:44"}
{"ip":"::ffff:127.0.0.1","level":"warn","message":"Authentication failed: Token missing","method":"GET","path":"/audit-logs","service":"ehr-backend","timestamp":"2025-12-16 00:11:44"}
{"error":"jwt expired","ip":"::ffff:127.0.0.1","level":"warn","message":"Authentication failed: JWT verification failed","method":"GET","path":"/audit-logs","service":"ehr-backend","timestamp":"2025-12-16 00:11:44"}
{"level":"error","message":"Health check failed: Cannot read properties of undefined (reading 'healthy')","service":"ehr-backend","stack":"TypeError: Cannot read properties of undefined (reading 'healthy')\n    at healthy (/Users/user/Documents/Monash/CyberSecurity/Assesment2/Final Submission/TP6 25/EHR_draft/ehr-backend/controllers/healthController.js:22:29)\n    at processTicksAndRejections (node:internal/process/task_queues:103:5)","timestamp":"2025-12-16 00:11:47"}
{"level":"error","message":"Health check failed: Cannot read properties of undefined (reading 'healthy')","service":"ehr-backend","stack":"TypeError: Cannot read properties of undefined (reading 'healthy')\n    at healthy (/Users/user/Documents/Monash/CyberSecurity/Assesment2/Final Submission/TP6 25/EHR_draft/ehr-backend/controllers/healthController.js:22:29)\n    at processTicksAndRejections (node:internal/process/task_queues:103:5)","timestamp":"2025-12-16 00:11:47"}
{"level":"error","message":"Health check failed: Cannot read properties of undefined (reading 'healthy')","service":"ehr-backend","stack":"TypeError: Cannot read properties of undefined (reading 'healthy')\n    at healthy (/Users/user/Documents/Monash/CyberSecurity/Assesment2/Final Submission/TP6 25/EHR_draft/ehr-backend/controllers/healthController.js:22:29)\n    at processTicksAndRejections (node:internal/process/task_queues:103:5)","timestamp":"2025-12-16 00:11:47"}
{"level":"error","message":"Health check failed: Cannot read properties of undefined (reading 'healthy')","service":"ehr-backend","stack":"TypeError: Cannot read properties of undefined (reading 'healthy')\n    at healthy (/Users/user/Documents/Monash/CyberSecurity/Assesment2/Final Submission/TP6 25/EHR_draft/ehr-backend/controllers/healthController.js:22:29)\n    at processTicksAndRejections (node:internal/process/task_queues:103:5)","timestamp":"2025-12-16 00:11:47"}
{"level":"error","message":"Health check failed: Cannot read properties of undefined (reading 'healthy')","service":"ehr-backend","stack":"TypeError: Cannot read properties of undefined (reading 'healthy')\n    at healthy (/Users/user/Documents/Monash/CyberSecurity/Assesment2/Final Submission/TP6 25/EHR_draft/ehr-backend/controllers/healthController.js:22:29)\n    at processTicksAndRejections (node:internal/process/task_queues:103:5)","timestamp":"2025-12-16 00:11:47"}
{"level":"info","message":"Health check performed","service":"ehr-backend","services":{"api":"operational","mongodb":"connected"},"status":"unhealthy","timestamp":"2025-12-16 00:11:47"}
{"level":"error","message":"Health check failed: Cannot read properties of undefined (reading 'healthy')","service":"ehr-backend","stack":"TypeError: Cannot read properties of undefined (reading 'healthy')\n    at healthy (/Users/user/Documents/Monash/CyberSecurity/Assesment2/Final Submission/TP6 25/EHR_draft/ehr-backend/controllers/healthController.js:22:29)\n    at processTicksAndRejections (node:internal/process/task_queues:103:5)","timestamp":"2025-12-16 00:11:47"}
{"level":"error","message":"Health check failed: Cannot read properties of undefined (reading 'healthy')","service":"ehr-backend","stack":"TypeError: Cannot read properties of undefined (reading 'healthy')\n    at healthy (/Users/user/Documents/Monash/CyberSecurity/Assesment2/Final Submission/TP6 25/EHR_draft/ehr-backend/controllers/healthController.js:22:29)\n    at processTicksAndRejections (node:internal/process/task_queues:103:5)","timestamp":"2025-12-16 00:11:47"}
{"level":"error","message":"Health check failed: Cannot read properties of undefined (reading 'healthy')","service":"ehr-backend","stack":"TypeError: Cannot read properties of undefined (reading 'healthy')\n    at healthy (/Users/user/Documents/Monash/CyberSecurity/Assesment2/Final Submission/TP6 25/EHR_draft/ehr-backend/controllers/healthController.js:22:29)\n    at processTicksAndRejections (node:internal/process/task_queues:103:5)","timestamp":"2025-12-16 00:11:47"}
{"level":"error","message":"Health check failed: Health check failed","service":"ehr-backend","stack":"Error: Health check failed\n    at Object.<anonymous> (/Users/user/Documents/Monash/CyberSecurity/Assesment2/Final Submission/TP6 25/EHR_draft/ehr-backend/test/integration/health.integration.test.js:240:55)\n    at Promise.finally.completed (/Users/user/Documents/Monash/CyberSecurity/Assesment2/Final Submission/TP6 25/EHR_draft/ehr-backend/node_modules/jest-circus/build/jestAdapterInit.js:1557:28)\n    at new Promise (<anonymous>)\n    at callAsyncCircusFn (/Users/user/Documents/Monash/CyberSecurity/Assesment2/Final Submission/TP6 25/EHR_draft/ehr-backend/node_modules/jest-circus/build/jestAdapterInit.js:1497:10)\n    at _callCircusTest (/Users/user/Documents/Monash/CyberSecurity/Assesment2/Final Submission/TP6 25/EHR_draft/ehr-backend/node_modules/jest-circus/build/jestAdapterInit.js:1007:40)\n    at processTicksAndRejections (node:internal/process/task_queues:103:5)\n    at _runTest (/Users/user/Documents/Monash/CyberSecurity/Assesment2/Final Submission/TP6 25/EHR_draft/ehr-backend/node_modules/jest-circus/build/jestAdapterInit.js:947:3)\n    at /Users/user/Documents/Monash/CyberSecurity/Assesment2/Final Submission/TP6 25/EHR_draft/ehr-backend/node_modules/jest-circus/build/jestAdapterInit.js:849:7\n    at _runTestsForDescribeBlock (/Users/user/Documents/Monash/CyberSecurity/Assesment2/Final Submission/TP6 25/EHR_draft/ehr-backend/node_modules/jest-circus/build/jestAdapterInit.js:862:11)\n    at _runTestsForDescribeBlock (/Users/user/Documents/Monash/CyberSecurity/Assesment2/Final Submission/TP6 25/EHR_draft/ehr-backend/node_modules/jest-circus/build/jestAdapterInit.js:857:11)\n    at _runTestsForDescribeBlock (/Users/user/Documents/Monash/CyberSecurity/Assesment2/Final Submission/TP6 25/EHR_draft/ehr-backend/node_modules/jest-circus/build/jestAdapterInit.js:857:11)\n    at run (/Users/user/Documents/Monash/CyberSecurity/Assesment2/Final Submission/TP6 25/EHR_draft/ehr-backend/node_modules/jest-circus/build/jestAdapterInit.js:761:3)\n    at runAndTransformResultsToJestFormat (/Users/user/Documents/Monash/CyberSecurity/Assesment2/Final Submission/TP6 25/EHR_draft/ehr-backend/node_modules/jest-circus/build/jestAdapterInit.js:1918:21)\n    at jestAdapter (/Users/user/Documents/Monash/CyberSecurity/Assesment2/Final Submission/TP6 25/EHR_draft/ehr-backend/node_modules/jest-circus/build/runner.js:101:19)\n    at runTestInternal (/Users/user/Documents/Monash/CyberSecurity/Assesment2/Final Submission/TP6 25/EHR_draft/ehr-backend/node_modules/jest-runner/build/index.js:275:16)\n    at runTest (/Users/user/Documents/Monash/CyberSecurity/Assesment2/Final Submission/TP6 25/EHR_draft/ehr-backend/node_modules/jest-runner/build/index.js:343:7)","timestamp":"2025-12-16 00:11:47"}
{"level":"info","message":"Health check performed","service":"ehr-backend","services":{"api":"operational","mongodb":"connected"},"status":"unhealthy","timestamp":"2025-12-16 00:11:47"}
{"level":"error","message":"Health check failed: Cannot read properties of undefined (reading 'healthy')","service":"ehr-backend","stack":"TypeError: Cannot read properties of undefined (reading 'healthy')\n    at healthy (/Users/user/Documents/Monash/CyberSecurity/Assesment2/Final Submission/TP6 25/EHR_draft/ehr-backend/controllers/healthController.js:22:29)\n    at processTicksAndRejections (node:internal/process/task_queues:103:5)","timestamp":"2025-12-16 00:11:47"}
{"body":{},"ip":"::ffff:127.0.0.1","level":"error","message":"Not Found - /api/key-exchange/public-key","method":"GET","service":"ehr-backend","stack":"Error: Not Found - /api/key-exchange/public-key\n    at notFound (/Users/user/Documents/Monash/CyberSecurity/Assesment2/Final Submission/TP6 25/EHR_draft/ehr-backend/middlewares/errorHandler.js:34:17)\n    at Layer.handle [as handle_request] (/Users/user/Documents/Monash/CyberSecurity/Assesment2/Final Submission/TP6 25/EHR_draft/ehr-backend/node_modules/express/lib/router/layer.js:95:5)\n    at trim_prefix (/Users/user/Documents/Monash/CyberSecurity/Assesment2/Final Submission/TP6 25/EHR_draft/ehr-backend/node_modules/express/lib/router/index.js:328:13)\n    at /Users/user/Documents/Monash/CyberSecurity/Assesment2/Final Submission/TP6 25/EHR_draft/ehr-backend/node_modules/express/lib/router/index.js:286:9\n    at router.process_params (/Users/user/Documents/Monash/CyberSecurity/Assesment2/Final Submission/TP6 25/EHR_draft/ehr-backend/node_modules/express/lib/router/index.js:346:12)\n    at next (/Users/user/Documents/Monash/CyberSecurity/Assesment2/Final Submission/TP6 25/EHR_draft/ehr-backend/node_modules/express/lib/router/index.js:280:10)\n    at /Users/user/Documents/Monash/CyberSecurity/Assesment2/Final Submission/TP6 25/EHR_draft/ehr-backend/node_modules/express/lib/router/index.js:646:15\n    at next (/Users/user/Documents/Monash/CyberSecurity/Assesment2/Final Submission/TP6 25/EHR_draft/ehr-backend/node_modules/express/lib/router/index.js:265:14)\n    at router.handle (/Users/user/Documents/Monash/CyberSecurity/Assesment2/Final Submission/TP6 25/EHR_draft/ehr-backend/node_modules/express/lib/router/index.js:175:3)\n    at router (/Users/user/Documents/Monash/CyberSecurity/Assesment2/Final Submission/TP6 25/EHR_draft/ehr-backend/node_modules/express/lib/router/index.js:47:12)\n    at Layer.handle [as handle_request] (/Users/user/Documents/Monash/CyberSecurity/Assesment2/Final Submission/TP6 25/EHR_draft/ehr-backend/node_modules/express/lib/router/layer.js:95:5)\n    at trim_prefix (/Users/user/Documents/Monash/CyberSecurity/Assesment2/Final Submission/TP6 25/EHR_draft/ehr-backend/node_modules/express/lib/router/index.js:328:13)\n    at /Users/user/Documents/Monash/CyberSecurity/Assesment2/Final Submission/TP6 25/EHR_draft/ehr-backend/node_modules/express/lib/router/index.js:286:9\n    at router.process_params (/Users/user/Documents/Monash/CyberSecurity/Assesment2/Final Submission/TP6 25/EHR_draft/ehr-backend/node_modules/express/lib/router/index.js:346:12)\n    at next (/Users/user/Documents/Monash/CyberSecurity/Assesment2/Final Submission/TP6 25/EHR_draft/ehr-backend/node_modules/express/lib/router/index.js:280:10)\n    at /Users/user/Documents/Monash/CyberSecurity/Assesment2/Final Submission/TP6 25/EHR_draft/ehr-backend/node_modules/express-rate-limit/dist/index.cjs:807:7\n    at processTicksAndRejections (node:internal/process/task_queues:103:5)\n    at /Users/user/Documents/Monash/CyberSecurity/Assesment2/Final Submission/TP6 25/EHR_draft/ehr-backend/node_modules/express-rate-limit/dist/index.cjs:691:5","timestamp":"2025-12-16 00:11:52","url":"/api/key-exchange/public-key"}
{"body":{},"ip":"::ffff:127.0.0.1","level":"error","message":"Not Found - /api/key-exchange/public-key","method":"GET","service":"ehr-backend","stack":"Error: Not Found - /api/key-exchange/public-key\n    at notFound (/Users/user/Documents/Monash/CyberSecurity/Assesment2/Final Submission/TP6 25/EHR_draft/ehr-backend/middlewares/errorHandler.js:34:17)\n    at Layer.handle [as handle_request] (/Users/user/Documents/Monash/CyberSecurity/Assesment2/Final Submission/TP6 25/EHR_draft/ehr-backend/node_modules/express/lib/router/layer.js:95:5)\n    at trim_prefix (/Users/user/Documents/Monash/CyberSecurity/Assesment2/Final Submission/TP6 25/EHR_draft/ehr-backend/node_modules/express/lib/router/index.js:328:13)\n    at /Users/user/Documents/Monash/CyberSecurity/Assesment2/Final Submission/TP6 25/EHR_draft/ehr-backend/node_modules/express/lib/router/index.js:286:9\n    at router.process_params (/Users/user/Documents/Monash/CyberSecurity/Assesment2/Final Submission/TP6 25/EHR_draft/ehr-backend/node_modules/express/lib/router/index.js:346:12)\n    at next (/Users/user/Documents/Monash/CyberSecurity/Assesment2/Final Submission/TP6 25/EHR_draft/ehr-backend/node_modules/express/lib/router/index.js:280:10)\n    at /Users/user/Documents/Monash/CyberSecurity/Assesment2/Final Submission/TP6 25/EHR_draft/ehr-backend/node_modules/express/lib/router/index.js:646:15\n    at next (/Users/user/Documents/Monash/CyberSecurity/Assesment2/Final Submission/TP6 25/EHR_draft/ehr-backend/node_modules/express/lib/router/index.js:265:14)\n    at router.handle (/Users/user/Documents/Monash/CyberSecurity/Assesment2/Final Submission/TP6 25/EHR_draft/ehr-backend/node_modules/express/lib/router/index.js:175:3)\n    at router (/Users/user/Documents/Monash/CyberSecurity/Assesment2/Final Submission/TP6 25/EHR_draft/ehr-backend/node_modules/express/lib/router/index.js:47:12)\n    at Layer.handle [as handle_request] (/Users/user/Documents/Monash/CyberSecurity/Assesment2/Final Submission/TP6 25/EHR_draft/ehr-backend/node_modules/express/lib/router/layer.js:95:5)\n    at trim_prefix (/Users/user/Documents/Monash/CyberSecurity/Assesment2/Final Submission/TP6 25/EHR_draft/ehr-backend/node_modules/express/lib/router/index.js:328:13)\n    at /Users/user/Documents/Monash/CyberSecurity/Assesment2/Final Submission/TP6 25/EHR_draft/ehr-backend/node_modules/express/lib/router/index.js:286:9\n    at router.process_params (/Users/user/Documents/Monash/CyberSecurity/Assesment2/Final Submission/TP6 25/EHR_draft/ehr-backend/node_modules/express/lib/router/index.js:346:12)\n    at next (/Users/user/Documents/Monash/CyberSecurity/Assesment2/Final Submission/TP6 25/EHR_draft/ehr-backend/node_modules/express/lib/router/index.js:280:10)\n    at /Users/user/Documents/Monash/CyberSecurity/Assesment2/Final Submission/TP6 25/EHR_draft/ehr-backend/node_modules/express-rate-limit/dist/index.cjs:807:7\n    at processTicksAndRejections (node:internal/process/task_queues:103:5)\n    at /Users/user/Documents/Monash/CyberSecurity/Assesment2/Final Submission/TP6 25/EHR_draft/ehr-backend/node_modules/express-rate-limit/dist/index.cjs:691:5","timestamp":"2025-12-16 00:11:52","url":"/api/key-exchange/public-key"}
{"body":{},"ip":"::ffff:127.0.0.1","level":"error","message":"Not Found - /api/key-exchange/public-key","method":"GET","service":"ehr-backend","stack":"Error: Not Found - /api/key-exchange/public-key\n    at notFound (/Users/user/Documents/Monash/CyberSecurity/Assesment2/Final Submission/TP6 25/EHR_draft/ehr-backend/middlewares/errorHandler.js:34:17)\n    at Layer.handle [as handle_request] (/Users/user/Documents/Monash/CyberSecurity/Assesment2/Final Submission/TP6 25/EHR_draft/ehr-backend/node_modules/express/lib/router/layer.js:95:5)\n    at trim_prefix (/Users/user/Documents/Monash/CyberSecurity/Assesment2/Final Submission/TP6 25/EHR_draft/ehr-backend/node_modules/express/lib/router/index.js:328:13)\n    at /Users/user/Documents/Monash/CyberSecurity/Assesment2/Final Submission/TP6 25/EHR_draft/ehr-backend/node_modules/express/lib/router/index.js:286:9\n    at router.process_params (/Users/user/Documents/Monash/CyberSecurity/Assesment2/Final Submission/TP6 25/EHR_draft/ehr-backend/node_modules/express/lib/router/index.js:346:12)\n    at next (/Users/user/Documents/Monash/CyberSecurity/Assesment2/Final Submission/TP6 25/EHR_draft/ehr-backend/node_modules/express/lib/router/index.js:280:10)\n    at /Users/user/Documents/Monash/CyberSecurity/Assesment2/Final Submission/TP6 25/EHR_draft/ehr-backend/node_modules/express/lib/router/index.js:646:15\n    at next (/Users/user/Documents/Monash/CyberSecurity/Assesment2/Final Submission/TP6 25/EHR_draft/ehr-backend/node_modules/express/lib/router/index.js:265:14)\n    at router.handle (/Users/user/Documents/Monash/CyberSecurity/Assesment2/Final Submission/TP6 25/EHR_draft/ehr-backend/node_modules/express/lib/router/index.js:175:3)\n    at router (/Users/user/Documents/Monash/CyberSecurity/Assesment2/Final Submission/TP6 25/EHR_draft/ehr-backend/node_modules/express/lib/router/index.js:47:12)\n    at Layer.handle [as handle_request] (/Users/user/Documents/Monash/CyberSecurity/Assesment2/Final Submission/TP6 25/EHR_draft/ehr-backend/node_modules/express/lib/router/layer.js:95:5)\n    at trim_prefix (/Users/user/Documents/Monash/CyberSecurity/Assesment2/Final Submission/TP6 25/EHR_draft/ehr-backend/node_modules/express/lib/router/index.js:328:13)\n    at /Users/user/Documents/Monash/CyberSecurity/Assesment2/Final Submission/TP6 25/EHR_draft/ehr-backend/node_modules/express/lib/router/index.js:286:9\n    at router.process_params (/Users/user/Documents/Monash/CyberSecurity/Assesment2/Final Submission/TP6 25/EHR_draft/ehr-backend/node_modules/express/lib/router/index.js:346:12)\n    at next (/Users/user/Documents/Monash/CyberSecurity/Assesment2/Final Submission/TP6 25/EHR_draft/ehr-backend/node_modules/express/lib/router/index.js:280:10)\n    at /Users/user/Documents/Monash/CyberSecurity/Assesment2/Final Submission/TP6 25/EHR_draft/ehr-backend/node_modules/express-rate-limit/dist/index.cjs:807:7\n    at processTicksAndRejections (node:internal/process/task_queues:103:5)\n    at /Users/user/Documents/Monash/CyberSecurity/Assesment2/Final Submission/TP6 25/EHR_draft/ehr-backend/node_modules/express-rate-limit/dist/index.cjs:691:5","timestamp":"2025-12-16 00:11:52","url":"/api/key-exchange/public-key"}
{"body":{},"ip":"::ffff:127.0.0.1","level":"error","message":"Not Found - /api/key-exchange/public-key","method":"GET","service":"ehr-backend","stack":"Error: Not Found - /api/key-exchange/public-key\n    at notFound (/Users/user/Documents/Monash/CyberSecurity/Assesment2/Final Submission/TP6 25/EHR_draft/ehr-backend/middlewares/errorHandler.js:34:17)\n    at Layer.handle [as handle_request] (/Users/user/Documents/Monash/CyberSecurity/Assesment2/Final Submission/TP6 25/EHR_draft/ehr-backend/node_modules/express/lib/router/layer.js:95:5)\n    at trim_prefix (/Users/user/Documents/Monash/CyberSecurity/Assesment2/Final Submission/TP6 25/EHR_draft/ehr-backend/node_modules/express/lib/router/index.js:328:13)\n    at /Users/user/Documents/Monash/CyberSecurity/Assesment2/Final Submission/TP6 25/EHR_draft/ehr-backend/node_modules/express/lib/router/index.js:286:9\n    at router.process_params (/Users/user/Documents/Monash/CyberSecurity/Assesment2/Final Submission/TP6 25/EHR_draft/ehr-backend/node_modules/express/lib/router/index.js:346:12)\n    at next (/Users/user/Documents/Monash/CyberSecurity/Assesment2/Final Submission/TP6 25/EHR_draft/ehr-backend/node_modules/express/lib/router/index.js:280:10)\n    at /Users/user/Documents/Monash/CyberSecurity/Assesment2/Final Submission/TP6 25/EHR_draft/ehr-backend/node_modules/express/lib/router/index.js:646:15\n    at next (/Users/user/Documents/Monash/CyberSecurity/Assesment2/Final Submission/TP6 25/EHR_draft/ehr-backend/node_modules/express/lib/router/index.js:265:14)\n    at router.handle (/Users/user/Documents/Monash/CyberSecurity/Assesment2/Final Submission/TP6 25/EHR_draft/ehr-backend/node_modules/express/lib/router/index.js:175:3)\n    at router (/Users/user/Documents/Monash/CyberSecurity/Assesment2/Final Submission/TP6 25/EHR_draft/ehr-backend/node_modules/express/lib/router/index.js:47:12)\n    at Layer.handle [as handle_request] (/Users/user/Documents/Monash/CyberSecurity/Assesment2/Final Submission/TP6 25/EHR_draft/ehr-backend/node_modules/express/lib/router/layer.js:95:5)\n    at trim_prefix (/Users/user/Documents/Monash/CyberSecurity/Assesment2/Final Submission/TP6 25/EHR_draft/ehr-backend/node_modules/express/lib/router/index.js:328:13)\n    at /Users/user/Documents/Monash/CyberSecurity/Assesment2/Final Submission/TP6 25/EHR_draft/ehr-backend/node_modules/express/lib/router/index.js:286:9\n    at router.process_params (/Users/user/Documents/Monash/CyberSecurity/Assesment2/Final Submission/TP6 25/EHR_draft/ehr-backend/node_modules/express/lib/router/index.js:346:12)\n    at next (/Users/user/Documents/Monash/CyberSecurity/Assesment2/Final Submission/TP6 25/EHR_draft/ehr-backend/node_modules/express/lib/router/index.js:280:10)\n    at /Users/user/Documents/Monash/CyberSecurity/Assesment2/Final Submission/TP6 25/EHR_draft/ehr-backend/node_modules/express-rate-limit/dist/index.cjs:807:7\n    at processTicksAndRejections (node:internal/process/task_queues:103:5)\n    at /Users/user/Documents/Monash/CyberSecurity/Assesment2/Final Submission/TP6 25/EHR_draft/ehr-backend/node_modules/express-rate-limit/dist/index.cjs:691:5","timestamp":"2025-12-16 00:11:52","url":"/api/key-exchange/public-key"}
{"body":{},"ip":"::ffff:127.0.0.1","level":"error","message":"Not Found - /api/key-exchange/public-key","method":"GET","service":"ehr-backend","stack":"Error: Not Found - /api/key-exchange/public-key\n    at notFound (/Users/user/Documents/Monash/CyberSecurity/Assesment2/Final Submission/TP6 25/EHR_draft/ehr-backend/middlewares/errorHandler.js:34:17)\n    at Layer.handle [as handle_request] (/Users/user/Documents/Monash/CyberSecurity/Assesment2/Final Submission/TP6 25/EHR_draft/ehr-backend/node_modules/express/lib/router/layer.js:95:5)\n    at trim_prefix (/Users/user/Documents/Monash/CyberSecurity/Assesment2/Final Submission/TP6 25/EHR_draft/ehr-backend/node_modules/express/lib/router/index.js:328:13)\n    at /Users/user/Documents/Monash/CyberSecurity/Assesment2/Final Submission/TP6 25/EHR_draft/ehr-backend/node_modules/express/lib/router/index.js:286:9\n    at router.process_params (/Users/user/Documents/Monash/CyberSecurity/Assesment2/Final Submission/TP6 25/EHR_draft/ehr-backend/node_modules/express/lib/router/index.js:346:12)\n    at next (/Users/user/Documents/Monash/CyberSecurity/Assesment2/Final Submission/TP6 25/EHR_draft/ehr-backend/node_modules/express/lib/router/index.js:280:10)\n    at /Users/user/Documents/Monash/CyberSecurity/Assesment2/Final Submission/TP6 25/EHR_draft/ehr-backend/node_modules/express/lib/router/index.js:646:15\n    at next (/Users/user/Documents/Monash/CyberSecurity/Assesment2/Final Submission/TP6 25/EHR_draft/ehr-backend/node_modules/express/lib/router/index.js:265:14)\n    at router.handle (/Users/user/Documents/Monash/CyberSecurity/Assesment2/Final Submission/TP6 25/EHR_draft/ehr-backend/node_modules/express/lib/router/index.js:175:3)\n    at router (/Users/user/Documents/Monash/CyberSecurity/Assesment2/Final Submission/TP6 25/EHR_draft/ehr-backend/node_modules/express/lib/router/index.js:47:12)\n    at Layer.handle [as handle_request] (/Users/user/Documents/Monash/CyberSecurity/Assesment2/Final Submission/TP6 25/EHR_draft/ehr-backend/node_modules/express/lib/router/layer.js:95:5)\n    at trim_prefix (/Users/user/Documents/Monash/CyberSecurity/Assesment2/Final Submission/TP6 25/EHR_draft/ehr-backend/node_modules/express/lib/router/index.js:328:13)\n    at /Users/user/Documents/Monash/CyberSecurity/Assesment2/Final Submission/TP6 25/EHR_draft/ehr-backend/node_modules/express/lib/router/index.js:286:9\n    at router.process_params (/Users/user/Documents/Monash/CyberSecurity/Assesment2/Final Submission/TP6 25/EHR_draft/ehr-backend/node_modules/express/lib/router/index.js:346:12)\n    at next (/Users/user/Documents/Monash/CyberSecurity/Assesment2/Final Submission/TP6 25/EHR_draft/ehr-backend/node_modules/express/lib/router/index.js:280:10)\n    at /Users/user/Documents/Monash/CyberSecurity/Assesment2/Final Submission/TP6 25/EHR_draft/ehr-backend/node_modules/express-rate-limit/dist/index.cjs:807:7\n    at processTicksAndRejections (node:internal/process/task_queues:103:5)\n    at /Users/user/Documents/Monash/CyberSecurity/Assesment2/Final Submission/TP6 25/EHR_draft/ehr-backend/node_modules/express-rate-limit/dist/index.cjs:691:5","timestamp":"2025-12-16 00:11:53","url":"/api/key-exchange/public-key"}
{"body":{},"ip":"::ffff:127.0.0.1","level":"error","message":"Not Found - /api/key-exchange/public-key","method":"GET","service":"ehr-backend","stack":"Error: Not Found - /api/key-exchange/public-key\n    at notFound (/Users/user/Documents/Monash/CyberSecurity/Assesment2/Final Submission/TP6 25/EHR_draft/ehr-backend/middlewares/errorHandler.js:34:17)\n    at Layer.handle [as handle_request] (/Users/user/Documents/Monash/CyberSecurity/Assesment2/Final Submission/TP6 25/EHR_draft/ehr-backend/node_modules/express/lib/router/layer.js:95:5)\n    at trim_prefix (/Users/user/Documents/Monash/CyberSecurity/Assesment2/Final Submission/TP6 25/EHR_draft/ehr-backend/node_modules/express/lib/router/index.js:328:13)\n    at /Users/user/Documents/Monash/CyberSecurity/Assesment2/Final Submission/TP6 25/EHR_draft/ehr-backend/node_modules/express/lib/router/index.js:286:9\n    at router.process_params (/Users/user/Documents/Monash/CyberSecurity/Assesment2/Final Submission/TP6 25/EHR_draft/ehr-backend/node_modules/express/lib/router/index.js:346:12)\n    at next (/Users/user/Documents/Monash/CyberSecurity/Assesment2/Final Submission/TP6 25/EHR_draft/ehr-backend/node_modules/express/lib/router/index.js:280:10)\n    at /Users/user/Documents/Monash/CyberSecurity/Assesment2/Final Submission/TP6 25/EHR_draft/ehr-backend/node_modules/express/lib/router/index.js:646:15\n    at next (/Users/user/Documents/Monash/CyberSecurity/Assesment2/Final Submission/TP6 25/EHR_draft/ehr-backend/node_modules/express/lib/router/index.js:265:14)\n    at router.handle (/Users/user/Documents/Monash/CyberSecurity/Assesment2/Final Submission/TP6 25/EHR_draft/ehr-backend/node_modules/express/lib/router/index.js:175:3)\n    at router (/Users/user/Documents/Monash/CyberSecurity/Assesment2/Final Submission/TP6 25/EHR_draft/ehr-backend/node_modules/express/lib/router/index.js:47:12)\n    at Layer.handle [as handle_request] (/Users/user/Documents/Monash/CyberSecurity/Assesment2/Final Submission/TP6 25/EHR_draft/ehr-backend/node_modules/express/lib/router/layer.js:95:5)\n    at trim_prefix (/Users/user/Documents/Monash/CyberSecurity/Assesment2/Final Submission/TP6 25/EHR_draft/ehr-backend/node_modules/express/lib/router/index.js:328:13)\n    at /Users/user/Documents/Monash/CyberSecurity/Assesment2/Final Submission/TP6 25/EHR_draft/ehr-backend/node_modules/express/lib/router/index.js:286:9\n    at router.process_params (/Users/user/Documents/Monash/CyberSecurity/Assesment2/Final Submission/TP6 25/EHR_draft/ehr-backend/node_modules/express/lib/router/index.js:346:12)\n    at next (/Users/user/Documents/Monash/CyberSecurity/Assesment2/Final Submission/TP6 25/EHR_draft/ehr-backend/node_modules/express/lib/router/index.js:280:10)\n    at /Users/user/Documents/Monash/CyberSecurity/Assesment2/Final Submission/TP6 25/EHR_draft/ehr-backend/node_modules/express-rate-limit/dist/index.cjs:807:7\n    at processTicksAndRejections (node:internal/process/task_queues:103:5)\n    at /Users/user/Documents/Monash/CyberSecurity/Assesment2/Final Submission/TP6 25/EHR_draft/ehr-backend/node_modules/express-rate-limit/dist/index.cjs:691:5","timestamp":"2025-12-16 00:11:53","url":"/api/key-exchange/public-key"}
{"body":{},"ip":"::ffff:127.0.0.1","level":"error","message":"Not Found - /api/key-exchange/public-key","method":"GET","service":"ehr-backend","stack":"Error: Not Found - /api/key-exchange/public-key\n    at notFound (/Users/user/Documents/Monash/CyberSecurity/Assesment2/Final Submission/TP6 25/EHR_draft/ehr-backend/middlewares/errorHandler.js:34:17)\n    at Layer.handle [as handle_request] (/Users/user/Documents/Monash/CyberSecurity/Assesment2/Final Submission/TP6 25/EHR_draft/ehr-backend/node_modules/express/lib/router/layer.js:95:5)\n    at trim_prefix (/Users/user/Documents/Monash/CyberSecurity/Assesment2/Final Submission/TP6 25/EHR_draft/ehr-backend/node_modules/express/lib/router/index.js:328:13)\n    at /Users/user/Documents/Monash/CyberSecurity/Assesment2/Final Submission/TP6 25/EHR_draft/ehr-backend/node_modules/express/lib/router/index.js:286:9\n    at router.process_params (/Users/user/Documents/Monash/CyberSecurity/Assesment2/Final Submission/TP6 25/EHR_draft/ehr-backend/node_modules/express/lib/router/index.js:346:12)\n    at next (/Users/user/Documents/Monash/CyberSecurity/Assesment2/Final Submission/TP6 25/EHR_draft/ehr-backend/node_modules/express/lib/router/index.js:280:10)\n    at /Users/user/Documents/Monash/CyberSecurity/Assesment2/Final Submission/TP6 25/EHR_draft/ehr-backend/node_modules/express/lib/router/index.js:646:15\n    at next (/Users/user/Documents/Monash/CyberSecurity/Assesment2/Final Submission/TP6 25/EHR_draft/ehr-backend/node_modules/express/lib/router/index.js:265:14)\n    at router.handle (/Users/user/Documents/Monash/CyberSecurity/Assesment2/Final Submission/TP6 25/EHR_draft/ehr-backend/node_modules/express/lib/router/index.js:175:3)\n    at router (/Users/user/Documents/Monash/CyberSecurity/Assesment2/Final Submission/TP6 25/EHR_draft/ehr-backend/node_modules/express/lib/router/index.js:47:12)\n    at Layer.handle [as handle_request] (/Users/user/Documents/Monash/CyberSecurity/Assesment2/Final Submission/TP6 25/EHR_draft/ehr-backend/node_modules/express/lib/router/layer.js:95:5)\n    at trim_prefix (/Users/user/Documents/Monash/CyberSecurity/Assesment2/Final Submission/TP6 25/EHR_draft/ehr-backend/node_modules/express/lib/router/index.js:328:13)\n    at /Users/user/Documents/Monash/CyberSecurity/Assesment2/Final Submission/TP6 25/EHR_draft/ehr-backend/node_modules/express/lib/router/index.js:286:9\n    at router.process_params (/Users/user/Documents/Monash/CyberSecurity/Assesment2/Final Submission/TP6 25/EHR_draft/ehr-backend/node_modules/express/lib/router/index.js:346:12)\n    at next (/Users/user/Documents/Monash/CyberSecurity/Assesment2/Final Submission/TP6 25/EHR_draft/ehr-backend/node_modules/express/lib/router/index.js:280:10)\n    at /Users/user/Documents/Monash/CyberSecurity/Assesment2/Final Submission/TP6 25/EHR_draft/ehr-backend/node_modules/express-rate-limit/dist/index.cjs:807:7\n    at processTicksAndRejections (node:internal/process/task_queues:103:5)\n    at /Users/user/Documents/Monash/CyberSecurity/Assesment2/Final Submission/TP6 25/EHR_draft/ehr-backend/node_modules/express-rate-limit/dist/index.cjs:691:5","timestamp":"2025-12-16 00:11:53","url":"/api/key-exchange/public-key"}
{"body":{},"ip":"::ffff:127.0.0.1","level":"error","message":"Not Found - /api/key-exchange/public-key","method":"GET","service":"ehr-backend","stack":"Error: Not Found - /api/key-exchange/public-key\n    at notFound (/Users/user/Documents/Monash/CyberSecurity/Assesment2/Final Submission/TP6 25/EHR_draft/ehr-backend/middlewares/errorHandler.js:34:17)\n    at Layer.handle [as handle_request] (/Users/user/Documents/Monash/CyberSecurity/Assesment2/Final Submission/TP6 25/EHR_draft/ehr-backend/node_modules/express/lib/router/layer.js:95:5)\n    at trim_prefix (/Users/user/Documents/Monash/CyberSecurity/Assesment2/Final Submission/TP6 25/EHR_draft/ehr-backend/node_modules/express/lib/router/index.js:328:13)\n    at /Users/user/Documents/Monash/CyberSecurity/Assesment2/Final Submission/TP6 25/EHR_draft/ehr-backend/node_modules/express/lib/router/index.js:286:9\n    at router.process_params (/Users/user/Documents/Monash/CyberSecurity/Assesment2/Final Submission/TP6 25/EHR_draft/ehr-backend/node_modules/express/lib/router/index.js:346:12)\n    at next (/Users/user/Documents/Monash/CyberSecurity/Assesment2/Final Submission/TP6 25/EHR_draft/ehr-backend/node_modules/express/lib/router/index.js:280:10)\n    at /Users/user/Documents/Monash/CyberSecurity/Assesment2/Final Submission/TP6 25/EHR_draft/ehr-backend/node_modules/express/lib/router/index.js:646:15\n    at next (/Users/user/Documents/Monash/CyberSecurity/Assesment2/Final Submission/TP6 25/EHR_draft/ehr-backend/node_modules/express/lib/router/index.js:265:14)\n    at router.handle (/Users/user/Documents/Monash/CyberSecurity/Assesment2/Final Submission/TP6 25/EHR_draft/ehr-backend/node_modules/express/lib/router/index.js:175:3)\n    at router (/Users/user/Documents/Monash/CyberSecurity/Assesment2/Final Submission/TP6 25/EHR_draft/ehr-backend/node_modules/express/lib/router/index.js:47:12)\n    at Layer.handle [as handle_request] (/Users/user/Documents/Monash/CyberSecurity/Assesment2/Final Submission/TP6 25/EHR_draft/ehr-backend/node_modules/express/lib/router/layer.js:95:5)\n    at trim_prefix (/Users/user/Documents/Monash/CyberSecurity/Assesment2/Final Submission/TP6 25/EHR_draft/ehr-backend/node_modules/express/lib/router/index.js:328:13)\n    at /Users/user/Documents/Monash/CyberSecurity/Assesment2/Final Submission/TP6 25/EHR_draft/ehr-backend/node_modules/express/lib/router/index.js:286:9\n    at router.process_params (/Users/user/Documents/Monash/CyberSecurity/Assesment2/Final Submission/TP6 25/EHR_draft/ehr-backend/node_modules/express/lib/router/index.js:346:12)\n    at next (/Users/user/Documents/Monash/CyberSecurity/Assesment2/Final Submission/TP6 25/EHR_draft/ehr-backend/node_modules/express/lib/router/index.js:280:10)\n    at /Users/user/Documents/Monash/CyberSecurity/Assesment2/Final Submission/TP6 25/EHR_draft/ehr-backend/node_modules/express-rate-limit/dist/index.cjs:807:7\n    at processTicksAndRejections (node:internal/process/task_queues:103:5)\n    at /Users/user/Documents/Monash/CyberSecurity/Assesment2/Final Submission/TP6 25/EHR_draft/ehr-backend/node_modules/express-rate-limit/dist/index.cjs:691:5","timestamp":"2025-12-16 00:11:53","url":"/api/key-exchange/public-key"}
{"body":{},"ip":"::ffff:127.0.0.1","level":"error","message":"Not Found - /api/key-exchange/public-key","method":"GET","service":"ehr-backend","stack":"Error: Not Found - /api/key-exchange/public-key\n    at notFound (/Users/user/Documents/Monash/CyberSecurity/Assesment2/Final Submission/TP6 25/EHR_draft/ehr-backend/middlewares/errorHandler.js:34:17)\n    at Layer.handle [as handle_request] (/Users/user/Documents/Monash/CyberSecurity/Assesment2/Final Submission/TP6 25/EHR_draft/ehr-backend/node_modules/express/lib/router/layer.js:95:5)\n    at trim_prefix (/Users/user/Documents/Monash/CyberSecurity/Assesment2/Final Submission/TP6 25/EHR_draft/ehr-backend/node_modules/express/lib/router/index.js:328:13)\n    at /Users/user/Documents/Monash/CyberSecurity/Assesment2/Final Submission/TP6 25/EHR_draft/ehr-backend/node_modules/express/lib/router/index.js:286:9\n    at router.process_params (/Users/user/Documents/Monash/CyberSecurity/Assesment2/Final Submission/TP6 25/EHR_draft/ehr-backend/node_modules/express/lib/router/index.js:346:12)\n    at next (/Users/user/Documents/Monash/CyberSecurity/Assesment2/Final Submission/TP6 25/EHR_draft/ehr-backend/node_modules/express/lib/router/index.js:280:10)\n    at /Users/user/Documents/Monash/CyberSecurity/Assesment2/Final Submission/TP6 25/EHR_draft/ehr-backend/node_modules/express/lib/router/index.js:646:15\n    at next (/Users/user/Documents/Monash/CyberSecurity/Assesment2/Final Submission/TP6 25/EHR_draft/ehr-backend/node_modules/express/lib/router/index.js:265:14)\n    at router.handle (/Users/user/Documents/Monash/CyberSecurity/Assesment2/Final Submission/TP6 25/EHR_draft/ehr-backend/node_modules/express/lib/router/index.js:175:3)\n    at router (/Users/user/Documents/Monash/CyberSecurity/Assesment2/Final Submission/TP6 25/EHR_draft/ehr-backend/node_modules/express/lib/router/index.js:47:12)\n    at Layer.handle [as handle_request] (/Users/user/Documents/Monash/CyberSecurity/Assesment2/Final Submission/TP6 25/EHR_draft/ehr-backend/node_modules/express/lib/router/layer.js:95:5)\n    at trim_prefix (/Users/user/Documents/Monash/CyberSecurity/Assesment2/Final Submission/TP6 25/EHR_draft/ehr-backend/node_modules/express/lib/router/index.js:328:13)\n    at /Users/user/Documents/Monash/CyberSecurity/Assesment2/Final Submission/TP6 25/EHR_draft/ehr-backend/node_modules/express/lib/router/index.js:286:9\n    at router.process_params (/Users/user/Documents/Monash/CyberSecurity/Assesment2/Final Submission/TP6 25/EHR_draft/ehr-backend/node_modules/express/lib/router/index.js:346:12)\n    at next (/Users/user/Documents/Monash/CyberSecurity/Assesment2/Final Submission/TP6 25/EHR_draft/ehr-backend/node_modules/express/lib/router/index.js:280:10)\n    at /Users/user/Documents/Monash/CyberSecurity/Assesment2/Final Submission/TP6 25/EHR_draft/ehr-backend/node_modules/express-rate-limit/dist/index.cjs:807:7\n    at processTicksAndRejections (node:internal/process/task_queues:103:5)\n    at /Users/user/Documents/Monash/CyberSecurity/Assesment2/Final Submission/TP6 25/EHR_draft/ehr-backend/node_modules/express-rate-limit/dist/index.cjs:691:5","timestamp":"2025-12-16 00:11:53","url":"/api/key-exchange/public-key"}
{"email":"admin@test.com","level":"info","message":"User login successful","role":"Admin","service":"ehr-backend","timestamp":"2025-12-16 00:13:55","userId":"694009912e08e783dbba60e8"}
{"email":"manager@test.com","level":"info","message":"User login successful","role":"Manager","service":"ehr-backend","timestamp":"2025-12-16 00:13:55","userId":"694009922e08e783dbba60ef"}
{"email":"provider@test.com","level":"info","message":"User login successful","role":"Provider","service":"ehr-backend","timestamp":"2025-12-16 00:13:55","userId":"694009922e08e783dbba60f2"}
{"email":"employee@test.com","level":"info","message":"User login successful","role":"Employee","service":"ehr-backend","timestamp":"2025-12-16 00:13:55","userId":"694009922e08e783dbba60f4"}
{"email":"patient@test.com","level":"info","message":"User login successful","role":"Patient","service":"ehr-backend","timestamp":"2025-12-16 00:13:55","userId":"694009922e08e783dbba60f6"}
{"level":"info","message":"Authorization check","method":"POST","path":"/register","requiredRoles":["Employee","Manager","Admin"],"service":"ehr-backend","timestamp":"2025-12-16 00:13:55","userId":"694009912e08e783dbba60e8","userRole":"Admin"}
{"creatorId":"694009912e08e783dbba60e8","creatorRole":"Admin","level":"info","message":"User registered successfully","newUserId":"694009932e08e783dbba6108","newUserRole":"Patient","service":"ehr-backend","timestamp":"2025-12-16 00:13:55"}
{"level":"info","message":"Authorization check","method":"POST","path":"/register","requiredRoles":["Employee","Manager","Admin"],"service":"ehr-backend","timestamp":"2025-12-16 00:13:55","userId":"694009912e08e783dbba60e8","userRole":"Admin"}
{"creatorId":"694009912e08e783dbba60e8","creatorRole":"Admin","level":"info","message":"User registered successfully","newUserId":"694009932e08e783dbba610d","newUserRole":"Provider","service":"ehr-backend","timestamp":"2025-12-16 00:13:55"}
{"level":"info","message":"Authorization check","method":"POST","path":"/register","requiredRoles":["Employee","Manager","Admin"],"service":"ehr-backend","timestamp":"2025-12-16 00:13:55","userId":"694009912e08e783dbba60e8","userRole":"Admin"}
{"creatorId":"694009912e08e783dbba60e8","creatorRole":"Admin","level":"info","message":"User registered successfully","newUserId":"694009932e08e783dbba6112","newUserRole":"Employee","service":"ehr-backend","timestamp":"2025-12-16 00:13:55"}
{"level":"info","message":"Authorization check","method":"POST","path":"/register","requiredRoles":["Employee","Manager","Admin"],"service":"ehr-backend","timestamp":"2025-12-16 00:13:55","userId":"694009912e08e783dbba60e8","userRole":"Admin"}
{"creatorId":"694009912e08e783dbba60e8","creatorRole":"Admin","level":"info","message":"User registered successfully","newUserId":"694009932e08e783dbba6117","newUserRole":"Manager","service":"ehr-backend","timestamp":"2025-12-16 00:13:55"}
{"email":"admin@test.com","level":"info","message":"User login successful","role":"Admin","service":"ehr-backend","timestamp":"2025-12-16 00:13:56","userId":"694009932e08e783dbba6121"}
{"email":"manager@test.com","level":"info","message":"User login successful","role":"Manager","service":"ehr-backend","timestamp":"2025-12-16 00:13:56","userId":"694009932e08e783dbba6123"}
{"email":"provider@test.com","level":"info","message":"User login successful","role":"Provider","service":"ehr-backend","timestamp":"2025-12-16 00:13:56","userId":"694009932e08e783dbba6125"}
{"email":"employee@test.com","level":"info","message":"User login successful","role":"Employee","service":"ehr-backend","timestamp":"2025-12-16 00:13:56","userId":"694009942e08e783dbba6127"}
{"email":"patient@test.com","level":"info","message":"User login successful","role":"Patient","service":"ehr-backend","timestamp":"2025-12-16 00:13:56","userId":"694009942e08e783dbba6129"}
{"level":"info","message":"Authorization check","method":"POST","path":"/register","requiredRoles":["Employee","Manager","Admin"],"service":"ehr-backend","timestamp":"2025-12-16 00:13:56","userId":"694009932e08e783dbba6123","userRole":"Manager"}
{"creatorId":"694009932e08e783dbba6123","creatorRole":"Manager","level":"info","message":"User registered successfully","newUserId":"694009942e08e783dbba613b","newUserRole":"Employee","service":"ehr-backend","timestamp":"2025-12-16 00:13:56"}
{"level":"info","message":"Authorization check","method":"POST","path":"/register","requiredRoles":["Employee","Manager","Admin"],"service":"ehr-backend","timestamp":"2025-12-16 00:13:56","userId":"694009932e08e783dbba6123","userRole":"Manager"}
{"creatorId":"694009932e08e783dbba6123","creatorRole":"Manager","level":"info","message":"User registered successfully","newUserId":"694009942e08e783dbba6140","newUserRole":"Provider","service":"ehr-backend","timestamp":"2025-12-16 00:13:56"}
{"level":"info","message":"Authorization check","method":"POST","path":"/register","requiredRoles":["Employee","Manager","Admin"],"service":"ehr-backend","timestamp":"2025-12-16 00:13:56","userId":"694009932e08e783dbba6123","userRole":"Manager"}
{"creatorId":"694009932e08e783dbba6123","creatorRole":"Manager","level":"info","message":"User registered successfully","newUserId":"694009942e08e783dbba6145","newUserRole":"Patient","service":"ehr-backend","timestamp":"2025-12-16 00:13:56"}
{"email":"admin@test.com","level":"info","message":"User login successful","role":"Admin","service":"ehr-backend","timestamp":"2025-12-16 00:13:57","userId":"694009942e08e783dbba614f"}
{"email":"manager@test.com","level":"info","message":"User login successful","role":"Manager","service":"ehr-backend","timestamp":"2025-12-16 00:13:57","userId":"694009942e08e783dbba6151"}
{"email":"provider@test.com","level":"info","message":"User login successful","role":"Provider","service":"ehr-backend","timestamp":"2025-12-16 00:13:57","userId":"694009942e08e783dbba6153"}
{"email":"employee@test.com","level":"info","message":"User login successful","role":"Employee","service":"ehr-backend","timestamp":"2025-12-16 00:13:57","userId":"694009942e08e783dbba6155"}
{"email":"patient@test.com","level":"info","message":"User login successful","role":"Patient","service":"ehr-backend","timestamp":"2025-12-16 00:13:57","userId":"694009952e08e783dbba6157"}
{"level":"info","message":"Authorization check","method":"POST","path":"/register","requiredRoles":["Employee","Manager","Admin"],"service":"ehr-backend","timestamp":"2025-12-16 00:13:57","userId":"694009942e08e783dbba6151","userRole":"Manager"}
{"creatorId":"694009942e08e783dbba6151","creatorRole":"Manager","level":"warn","message":"Registration denied: Insufficient permissions","service":"ehr-backend","targetRole":"Manager","timestamp":"2025-12-16 00:13:57"}
{"email":"admin@test.com","level":"info","message":"User login successful","role":"Admin","service":"ehr-backend","timestamp":"2025-12-16 00:13:57","userId":"694009952e08e783dbba616e"}
{"email":"manager@test.com","level":"info","message":"User login successful","role":"Manager","service":"ehr-backend","timestamp":"2025-12-16 00:13:57","userId":"694009952e08e783dbba6170"}
{"email":"provider@test.com","level":"info","message":"User login successful","role":"Provider","service":"ehr-backend","timestamp":"2025-12-16 00:13:57","userId":"694009952e08e783dbba6172"}
{"email":"employee@test.com","level":"info","message":"User login successful","role":"Employee","service":"ehr-backend","timestamp":"2025-12-16 00:13:58","userId":"694009952e08e783dbba6174"}
{"email":"patient@test.com","level":"info","message":"User login successful","role":"Patient","service":"ehr-backend","timestamp":"2025-12-16 00:13:58","userId":"694009952e08e783dbba6176"}
{"level":"info","message":"Authorization check","method":"POST","path":"/register","requiredRoles":["Employee","Manager","Admin"],"service":"ehr-backend","timestamp":"2025-12-16 00:13:58","userId":"694009952e08e783dbba6174","userRole":"Employee"}
{"creatorId":"694009952e08e783dbba6174","creatorRole":"Employee","level":"info","message":"User registered successfully","newUserId":"694009962e08e783dbba6188","newUserRole":"Patient","service":"ehr-backend","timestamp":"2025-12-16 00:13:58"}
{"email":"admin@test.com","level":"info","message":"User login successful","role":"Admin","service":"ehr-backend","timestamp":"2025-12-16 00:13:58","userId":"694009962e08e783dbba6192"}
{"email":"manager@test.com","level":"info","message":"User login successful","role":"Manager","service":"ehr-backend","timestamp":"2025-12-16 00:13:58","userId":"694009962e08e783dbba6194"}
{"email":"provider@test.com","level":"info","message":"User login successful","role":"Provider","service":"ehr-backend","timestamp":"2025-12-16 00:13:58","userId":"694009962e08e783dbba6196"}
{"email":"employee@test.com","level":"info","message":"User login successful","role":"Employee","service":"ehr-backend","timestamp":"2025-12-16 00:13:58","userId":"694009962e08e783dbba6198"}
{"email":"patient@test.com","level":"info","message":"User login successful","role":"Patient","service":"ehr-backend","timestamp":"2025-12-16 00:13:58","userId":"694009962e08e783dbba619a"}
{"level":"info","message":"Authorization check","method":"POST","path":"/register","requiredRoles":["Employee","Manager","Admin"],"service":"ehr-backend","timestamp":"2025-12-16 00:13:58","userId":"694009962e08e783dbba6198","userRole":"Employee"}
{"creatorId":"694009962e08e783dbba6198","creatorRole":"Employee","level":"warn","message":"Registration denied: Insufficient permissions","service":"ehr-backend","targetRole":"Provider","timestamp":"2025-12-16 00:13:58"}
{"email":"admin@test.com","level":"info","message":"User login successful","role":"Admin","service":"ehr-backend","timestamp":"2025-12-16 00:13:59","userId":"694009962e08e783dbba61b1"}
{"email":"manager@test.com","level":"info","message":"User login successful","role":"Manager","service":"ehr-backend","timestamp":"2025-12-16 00:13:59","userId":"694009972e08e783dbba61b3"}
{"email":"provider@test.com","level":"info","message":"User login successful","role":"Provider","service":"ehr-backend","timestamp":"2025-12-16 00:13:59","userId":"694009972e08e783dbba61b5"}
{"email":"employee@test.com","level":"info","message":"User login successful","role":"Employee","service":"ehr-backend","timestamp":"2025-12-16 00:13:59","userId":"694009972e08e783dbba61b7"}
{"email":"patient@test.com","level":"info","message":"User login successful","role":"Patient","service":"ehr-backend","timestamp":"2025-12-16 00:13:59","userId":"694009972e08e783dbba61b9"}
{"level":"info","message":"Authorization check","method":"POST","path":"/register","requiredRoles":["Employee","Manager","Admin"],"service":"ehr-backend","timestamp":"2025-12-16 00:13:59","userId":"694009972e08e783dbba61b7","userRole":"Employee"}
{"creatorId":"694009972e08e783dbba61b7","creatorRole":"Employee","level":"warn","message":"Registration denied: Insufficient permissions","service":"ehr-backend","targetRole":"Employee","timestamp":"2025-12-16 00:13:59"}
{"email":"admin@test.com","level":"info","message":"User login successful","role":"Admin","service":"ehr-backend","timestamp":"2025-12-16 00:14:00","userId":"694009972e08e783dbba61d0"}
{"email":"manager@test.com","level":"info","message":"User login successful","role":"Manager","service":"ehr-backend","timestamp":"2025-12-16 00:14:00","userId":"694009972e08e783dbba61d2"}
{"email":"provider@test.com","level":"info","message":"User login successful","role":"Provider","service":"ehr-backend","timestamp":"2025-12-16 00:14:00","userId":"694009972e08e783dbba61d4"}
{"email":"employee@test.com","level":"info","message":"User login successful","role":"Employee","service":"ehr-backend","timestamp":"2025-12-16 00:14:00","userId":"694009972e08e783dbba61d6"}
{"email":"patient@test.com","level":"info","message":"User login successful","role":"Patient","service":"ehr-backend","timestamp":"2025-12-16 00:14:00","userId":"694009972e08e783dbba61d8"}
{"level":"info","message":"Authorization check","method":"POST","path":"/register","requiredRoles":["Employee","Manager","Admin"],"service":"ehr-backend","timestamp":"2025-12-16 00:14:00","userId":"694009972e08e783dbba61d4","userRole":"Provider"}
{"level":"warn","message":"Authorization denied: Insufficient permissions","method":"POST","path":"/register","requiredRoles":["Employee","Manager","Admin"],"service":"ehr-backend","timestamp":"2025-12-16 00:14:00","userId":"694009972e08e783dbba61d4","userRole":"Provider"}
{"email":"admin@test.com","level":"info","message":"User login successful","role":"Admin","service":"ehr-backend","timestamp":"2025-12-16 00:14:00","userId":"694009982e08e783dbba61f1"}
{"email":"manager@test.com","level":"info","message":"User login successful","role":"Manager","service":"ehr-backend","timestamp":"2025-12-16 00:14:00","userId":"694009982e08e783dbba61f3"}
{"email":"provider@test.com","level":"info","message":"User login successful","role":"Provider","service":"ehr-backend","timestamp":"2025-12-16 00:14:00","userId":"694009982e08e783dbba61f5"}
{"email":"employee@test.com","level":"info","message":"User login successful","role":"Employee","service":"ehr-backend","timestamp":"2025-12-16 00:14:00","userId":"694009982e08e783dbba61f7"}
{"email":"patient@test.com","level":"info","message":"User login successful","role":"Patient","service":"ehr-backend","timestamp":"2025-12-16 00:14:01","userId":"694009982e08e783dbba61f9"}
{"level":"info","message":"Authorization check","method":"POST","path":"/register","requiredRoles":["Employee","Manager","Admin"],"service":"ehr-backend","timestamp":"2025-12-16 00:14:01","userId":"694009982e08e783dbba61f9","userRole":"Patient"}
{"level":"warn","message":"Authorization denied: Insufficient permissions","method":"POST","path":"/register","requiredRoles":["Employee","Manager","Admin"],"service":"ehr-backend","timestamp":"2025-12-16 00:14:01","userId":"694009982e08e783dbba61f9","userRole":"Patient"}
{"email":"admin@test.com","level":"info","message":"User login successful","role":"Admin","service":"ehr-backend","timestamp":"2025-12-16 00:14:01","userId":"694009992e08e783dbba6212"}
{"email":"manager@test.com","level":"info","message":"User login successful","role":"Manager","service":"ehr-backend","timestamp":"2025-12-16 00:14:01","userId":"694009992e08e783dbba6214"}
{"email":"provider@test.com","level":"info","message":"User login successful","role":"Provider","service":"ehr-backend","timestamp":"2025-12-16 00:14:01","userId":"694009992e08e783dbba6216"}
{"email":"employee@test.com","level":"info","message":"User login successful","role":"Employee","service":"ehr-backend","timestamp":"2025-12-16 00:14:01","userId":"694009992e08e783dbba6218"}
{"email":"patient@test.com","level":"info","message":"User login successful","role":"Patient","service":"ehr-backend","timestamp":"2025-12-16 00:14:01","userId":"694009992e08e783dbba621a"}
{"level":"info","message":"Authorization check","method":"GET","path":"/audit-logs","requiredRoles":["Admin"],"service":"ehr-backend","timestamp":"2025-12-16 00:14:01","userId":"694009992e08e783dbba6212","userRole":"Admin"}
{"level":"info","message":"Admin 694009992e08e783dbba6212 retrieved 5 audit logs","service":"ehr-backend","timestamp":"2025-12-16 00:14:01"}
{"email":"admin@test.com","level":"info","message":"User login successful","role":"Admin","service":"ehr-backend","timestamp":"2025-12-16 00:14:02","userId":"694009992e08e783dbba6232"}
{"email":"manager@test.com","level":"info","message":"User login successful","role":"Manager","service":"ehr-backend","timestamp":"2025-12-16 00:14:02","userId":"694009992e08e783dbba6234"}
{"email":"provider@test.com","level":"info","message":"User login successful","role":"Provider","service":"ehr-backend","timestamp":"2025-12-16 00:14:02","userId":"694009992e08e783dbba6236"}
{"email":"employee@test.com","level":"info","message":"User login successful","role":"Employee","service":"ehr-backend","timestamp":"2025-12-16 00:14:02","userId":"694009992e08e783dbba6238"}
{"email":"patient@test.com","level":"info","message":"User login successful","role":"Patient","service":"ehr-backend","timestamp":"2025-12-16 00:14:02","userId":"6940099a2e08e783dbba623a"}
{"level":"info","message":"Authorization check","method":"GET","path":"/audit-logs","requiredRoles":["Admin"],"service":"ehr-backend","timestamp":"2025-12-16 00:14:02","userId":"694009992e08e783dbba6234","userRole":"Manager"}
{"level":"warn","message":"Authorization denied: Insufficient permissions","method":"GET","path":"/audit-logs","requiredRoles":["Admin"],"service":"ehr-backend","timestamp":"2025-12-16 00:14:02","userId":"694009992e08e783dbba6234","userRole":"Manager"}
{"email":"admin@test.com","level":"info","message":"User login successful","role":"Admin","service":"ehr-backend","timestamp":"2025-12-16 00:14:02","userId":"6940099a2e08e783dbba6253"}
{"email":"manager@test.com","level":"info","message":"User login successful","role":"Manager","service":"ehr-backend","timestamp":"2025-12-16 00:14:02","userId":"6940099a2e08e783dbba6255"}
{"email":"provider@test.com","level":"info","message":"User login successful","role":"Provider","service":"ehr-backend","timestamp":"2025-12-16 00:14:02","userId":"6940099a2e08e783dbba6257"}
{"email":"employee@test.com","level":"info","message":"User login successful","role":"Employee","service":"ehr-backend","timestamp":"2025-12-16 00:14:03","userId":"6940099a2e08e783dbba6259"}
{"email":"patient@test.com","level":"info","message":"User login successful","role":"Patient","service":"ehr-backend","timestamp":"2025-12-16 00:14:03","userId":"6940099a2e08e783dbba625b"}
{"level":"info","message":"Authorization check","method":"GET","path":"/audit-logs","requiredRoles":["Admin"],"service":"ehr-backend","timestamp":"2025-12-16 00:14:03","userId":"6940099a2e08e783dbba6257","userRole":"Provider"}
{"level":"warn","message":"Authorization denied: Insufficient permissions","method":"GET","path":"/audit-logs","requiredRoles":["Admin"],"service":"ehr-backend","timestamp":"2025-12-16 00:14:03","userId":"6940099a2e08e783dbba6257","userRole":"Provider"}
{"email":"admin@test.com","level":"info","message":"User login successful","role":"Admin","service":"ehr-backend","timestamp":"2025-12-16 00:14:03","userId":"6940099b2e08e783dbba6274"}
{"email":"manager@test.com","level":"info","message":"User login successful","role":"Manager","service":"ehr-backend","timestamp":"2025-12-16 00:14:03","userId":"6940099b2e08e783dbba6276"}
{"email":"provider@test.com","level":"info","message":"User login successful","role":"Provider","service":"ehr-backend","timestamp":"2025-12-16 00:14:03","userId":"6940099b2e08e783dbba6278"}
{"email":"employee@test.com","level":"info","message":"User login successful","role":"Employee","service":"ehr-backend","timestamp":"2025-12-16 00:14:03","userId":"6940099b2e08e783dbba627a"}
{"email":"patient@test.com","level":"info","message":"User login successful","role":"Patient","service":"ehr-backend","timestamp":"2025-12-16 00:14:03","userId":"6940099b2e08e783dbba627c"}
{"level":"info","message":"Authorization check","method":"GET","path":"/audit-logs","requiredRoles":["Admin"],"service":"ehr-backend","timestamp":"2025-12-16 00:14:03","userId":"6940099b2e08e783dbba627a","userRole":"Employee"}
{"level":"warn","message":"Authorization denied: Insufficient permissions","method":"GET","path":"/audit-logs","requiredRoles":["Admin"],"service":"ehr-backend","timestamp":"2025-12-16 00:14:03","userId":"6940099b2e08e783dbba627a","userRole":"Employee"}
{"email":"admin@test.com","level":"info","message":"User login successful","role":"Admin","service":"ehr-backend","timestamp":"2025-12-16 00:14:04","userId":"6940099b2e08e783dbba6295"}
{"email":"manager@test.com","level":"info","message":"User login successful","role":"Manager","service":"ehr-backend","timestamp":"2025-12-16 00:14:04","userId":"6940099b2e08e783dbba6297"}
{"email":"provider@test.com","level":"info","message":"User login successful","role":"Provider","service":"ehr-backend","timestamp":"2025-12-16 00:14:04","userId":"6940099b2e08e783dbba6299"}
{"email":"employee@test.com","level":"info","message":"User login successful","role":"Employee","service":"ehr-backend","timestamp":"2025-12-16 00:14:04","userId":"6940099c2e08e783dbba629b"}
{"email":"patient@test.com","level":"info","message":"User login successful","role":"Patient","service":"ehr-backend","timestamp":"2025-12-16 00:14:04","userId":"6940099c2e08e783dbba629d"}
{"level":"info","message":"Authorization check","method":"GET","path":"/audit-logs","requiredRoles":["Admin"],"service":"ehr-backend","timestamp":"2025-12-16 00:14:04","userId":"6940099c2e08e783dbba629d","userRole":"Patient"}
{"level":"warn","message":"Authorization denied: Insufficient permissions","method":"GET","path":"/audit-logs","requiredRoles":["Admin"],"service":"ehr-backend","timestamp":"2025-12-16 00:14:04","userId":"6940099c2e08e783dbba629d","userRole":"Patient"}
{"email":"admin@test.com","level":"info","message":"User login successful","role":"Admin","service":"ehr-backend","timestamp":"2025-12-16 00:14:04","userId":"6940099c2e08e783dbba62b6"}
{"email":"manager@test.com","level":"info","message":"User login successful","role":"Manager","service":"ehr-backend","timestamp":"2025-12-16 00:14:04","userId":"6940099c2e08e783dbba62b8"}
{"email":"provider@test.com","level":"info","message":"User login successful","role":"Provider","service":"ehr-backend","timestamp":"2025-12-16 00:14:05","userId":"6940099c2e08e783dbba62ba"}
{"email":"employee@test.com","level":"info","message":"User login successful","role":"Employee","service":"ehr-backend","timestamp":"2025-12-16 00:14:05","userId":"6940099c2e08e783dbba62bc"}
{"email":"patient@test.com","level":"info","message":"User login successful","role":"Patient","service":"ehr-backend","timestamp":"2025-12-16 00:14:05","userId":"6940099c2e08e783dbba62be"}
{"level":"info","message":"Authorization check","method":"POST","path":"/assign-patient","requiredRoles":["Admin","Manager"],"service":"ehr-backend","timestamp":"2025-12-16 00:14:05","userId":"6940099c2e08e783dbba62b6","userRole":"Admin"}
{"level":"info","message":"Patient 6940099c2e08e783dbba62be assigned to Provider 6940099c2e08e783dbba62ba by Admin 6940099c2e08e783dbba62b6","service":"ehr-backend","timestamp":"2025-12-16 00:14:05"}
{"email":"admin@test.com","level":"info","message":"User login successful","role":"Admin","service":"ehr-backend","timestamp":"2025-12-16 00:14:05","userId":"6940099d2e08e783dbba62d9"}
{"email":"manager@test.com","level":"info","message":"User login successful","role":"Manager","service":"ehr-backend","timestamp":"2025-12-16 00:14:05","userId":"6940099d2e08e783dbba62db"}
{"email":"provider@test.com","level":"info","message":"User login successful","role":"Provider","service":"ehr-backend","timestamp":"2025-12-16 00:14:05","userId":"6940099d2e08e783dbba62dd"}
{"email":"employee@test.com","level":"info","message":"User login successful","role":"Employee","service":"ehr-backend","timestamp":"2025-12-16 00:14:05","userId":"6940099d2e08e783dbba62df"}
{"email":"patient@test.com","level":"info","message":"User login successful","role":"Patient","service":"ehr-backend","timestamp":"2025-12-16 00:14:05","userId":"6940099d2e08e783dbba62e1"}
{"level":"info","message":"Authorization check","method":"POST","path":"/assign-patient","requiredRoles":["Admin","Manager"],"service":"ehr-backend","timestamp":"2025-12-16 00:14:05","userId":"6940099d2e08e783dbba62db","userRole":"Manager"}
{"level":"info","message":"Patient 6940099d2e08e783dbba62e1 assigned to Provider 6940099d2e08e783dbba62dd by Admin 6940099d2e08e783dbba62db","service":"ehr-backend","timestamp":"2025-12-16 00:14:05"}
{"email":"admin@test.com","level":"info","message":"User login successful","role":"Admin","service":"ehr-backend","timestamp":"2025-12-16 00:14:06","userId":"6940099d2e08e783dbba62fc"}
{"email":"manager@test.com","level":"info","message":"User login successful","role":"Manager","service":"ehr-backend","timestamp":"2025-12-16 00:14:06","userId":"6940099e2e08e783dbba62fe"}
{"email":"provider@test.com","level":"info","message":"User login successful","role":"Provider","service":"ehr-backend","timestamp":"2025-12-16 00:14:06","userId":"6940099e2e08e783dbba6300"}
{"email":"employee@test.com","level":"info","message":"User login successful","role":"Employee","service":"ehr-backend","timestamp":"2025-12-16 00:14:06","userId":"6940099e2e08e783dbba6302"}
{"email":"patient@test.com","level":"info","message":"User login successful","role":"Patient","service":"ehr-backend","timestamp":"2025-12-16 00:14:06","userId":"6940099e2e08e783dbba6304"}
{"email":"admin@test.com","level":"info","message":"User login successful","role":"Admin","service":"ehr-backend","timestamp":"2025-12-16 00:14:14","userId":"694009a49edf5cea22c656db"}
{"email":"manager@test.com","level":"info","message":"User login successful","role":"Manager","service":"ehr-backend","timestamp":"2025-12-16 00:14:14","userId":"694009a59edf5cea22c656e2"}
{"email":"provider@test.com","level":"info","message":"User login successful","role":"Provider","service":"ehr-backend","timestamp":"2025-12-16 00:14:14","userId":"694009a59edf5cea22c656e5"}
{"email":"assigned@test.com","level":"info","message":"User login successful","role":"Patient","service":"ehr-backend","timestamp":"2025-12-16 00:14:14","userId":"694009a59edf5cea22c656e9"}
{"error":"Invalid AES key format after unwrapping","level":"error","message":"Failed to load AES key","service":"ehr-backend","timestamp":"2025-12-16 00:14:14","userId":"694009a59edf5cea22c656e5"}
{"email":"admin@test.com","level":"info","message":"User login successful","role":"Admin","service":"ehr-backend","timestamp":"2025-12-16 00:14:14","userId":"694009a69edf5cea22c656fe"}
{"email":"manager@test.com","level":"info","message":"User login successful","role":"Manager","service":"ehr-backend","timestamp":"2025-12-16 00:14:14","userId":"694009a69edf5cea22c65700"}
{"email":"provider@test.com","level":"info","message":"User login successful","role":"Provider","service":"ehr-backend","timestamp":"2025-12-16 00:14:14","userId":"694009a69edf5cea22c65702"}
{"email":"assigned@test.com","level":"info","message":"User login successful","role":"Patient","service":"ehr-backend","timestamp":"2025-12-16 00:14:15","userId":"694009a69edf5cea22c65706"}
{"error":"Invalid AES key format after unwrapping","level":"error","message":"Failed to load AES key","service":"ehr-backend","timestamp":"2025-12-16 00:14:15","userId":"694009a69edf5cea22c65702"}
{"email":"admin@test.com","level":"info","message":"User login successful","role":"Admin","service":"ehr-backend","timestamp":"2025-12-16 00:14:15","userId":"694009a79edf5cea22c6571b"}
{"email":"manager@test.com","level":"info","message":"User login successful","role":"Manager","service":"ehr-backend","timestamp":"2025-12-16 00:14:15","userId":"694009a79edf5cea22c6571d"}
{"email":"provider@test.com","level":"info","message":"User login successful","role":"Provider","service":"ehr-backend","timestamp":"2025-12-16 00:14:15","userId":"694009a79edf5cea22c6571f"}
{"email":"assigned@test.com","level":"info","message":"User login successful","role":"Patient","service":"ehr-backend","timestamp":"2025-12-16 00:14:15","userId":"694009a79edf5cea22c65723"}
{"error":"Invalid AES key format after unwrapping","level":"error","message":"Failed to load AES key","service":"ehr-backend","timestamp":"2025-12-16 00:14:15","userId":"694009a79edf5cea22c6571d"}
{"email":"admin@test.com","level":"info","message":"User login successful","role":"Admin","service":"ehr-backend","timestamp":"2025-12-16 00:14:16","userId":"694009a79edf5cea22c65738"}
{"email":"manager@test.com","level":"info","message":"User login successful","role":"Manager","service":"ehr-backend","timestamp":"2025-12-16 00:14:16","userId":"694009a79edf5cea22c6573a"}
{"email":"provider@test.com","level":"info","message":"User login successful","role":"Provider","service":"ehr-backend","timestamp":"2025-12-16 00:14:16","userId":"694009a79edf5cea22c6573c"}
{"email":"assigned@test.com","level":"info","message":"User login successful","role":"Patient","service":"ehr-backend","timestamp":"2025-12-16 00:14:16","userId":"694009a79edf5cea22c65740"}
{"error":"Invalid AES key format after unwrapping","level":"error","message":"Failed to load AES key","service":"ehr-backend","timestamp":"2025-12-16 00:14:16","userId":"694009a79edf5cea22c65740"}
{"email":"admin@test.com","level":"info","message":"User login successful","role":"Admin","service":"ehr-backend","timestamp":"2025-12-16 00:14:16","userId":"694009a89edf5cea22c65755"}
{"email":"manager@test.com","level":"info","message":"User login successful","role":"Manager","service":"ehr-backend","timestamp":"2025-12-16 00:14:16","userId":"694009a89edf5cea22c65757"}
{"email":"provider@test.com","level":"info","message":"User login successful","role":"Provider","service":"ehr-backend","timestamp":"2025-12-16 00:14:16","userId":"694009a89edf5cea22c65759"}
{"email":"assigned@test.com","level":"info","message":"User login successful","role":"Patient","service":"ehr-backend","timestamp":"2025-12-16 00:14:16","userId":"694009a89edf5cea22c6575d"}
{"error":"Invalid AES key format after unwrapping","level":"error","message":"Failed to load AES key","service":"ehr-backend","timestamp":"2025-12-16 00:14:16","userId":"694009a89edf5cea22c65759"}
{"email":"admin@test.com","level":"info","message":"User login successful","role":"Admin","service":"ehr-backend","timestamp":"2025-12-16 00:14:17","userId":"694009a89edf5cea22c65772"}
{"email":"manager@test.com","level":"info","message":"User login successful","role":"Manager","service":"ehr-backend","timestamp":"2025-12-16 00:14:17","userId":"694009a99edf5cea22c65774"}
{"email":"provider@test.com","level":"info","message":"User login successful","role":"Provider","service":"ehr-backend","timestamp":"2025-12-16 00:14:17","userId":"694009a99edf5cea22c65776"}
{"email":"assigned@test.com","level":"info","message":"User login successful","role":"Patient","service":"ehr-backend","timestamp":"2025-12-16 00:14:17","userId":"694009a99edf5cea22c6577a"}
{"error":"Invalid AES key format after unwrapping","level":"error","message":"Failed to load AES key","service":"ehr-backend","timestamp":"2025-12-16 00:14:17","userId":"694009a99edf5cea22c65776"}
{"email":"admin@test.com","level":"info","message":"User login successful","role":"Admin","service":"ehr-backend","timestamp":"2025-12-16 00:14:17","userId":"694009a99edf5cea22c6578f"}
{"email":"manager@test.com","level":"info","message":"User login successful","role":"Manager","service":"ehr-backend","timestamp":"2025-12-16 00:14:18","userId":"694009a99edf5cea22c65791"}
{"email":"provider@test.com","level":"info","message":"User login successful","role":"Provider","service":"ehr-backend","timestamp":"2025-12-16 00:14:18","userId":"694009a99edf5cea22c65793"}
{"email":"assigned@test.com","level":"info","message":"User login successful","role":"Patient","service":"ehr-backend","timestamp":"2025-12-16 00:14:18","userId":"694009a99edf5cea22c65797"}
{"error":"Invalid AES key format after unwrapping","level":"error","message":"Failed to load AES key","service":"ehr-backend","timestamp":"2025-12-16 00:14:18","userId":"694009a99edf5cea22c65793"}
{"email":"admin@test.com","level":"info","message":"User login successful","role":"Admin","service":"ehr-backend","timestamp":"2025-12-16 00:14:18","userId":"694009aa9edf5cea22c657ac"}
{"email":"manager@test.com","level":"info","message":"User login successful","role":"Manager","service":"ehr-backend","timestamp":"2025-12-16 00:14:18","userId":"694009aa9edf5cea22c657ae"}
{"email":"provider@test.com","level":"info","message":"User login successful","role":"Provider","service":"ehr-backend","timestamp":"2025-12-16 00:14:18","userId":"694009aa9edf5cea22c657b0"}
{"email":"assigned@test.com","level":"info","message":"User login successful","role":"Patient","service":"ehr-backend","timestamp":"2025-12-16 00:14:18","userId":"694009aa9edf5cea22c657b4"}
{"level":"info","managerId":"694009aa9edf5cea22c657ae","message":"All records retrieved","recordCount":1,"service":"ehr-backend","timestamp":"2025-12-16 00:14:18"}
{"email":"admin@test.com","level":"info","message":"User login successful","role":"Admin","service":"ehr-backend","timestamp":"2025-12-16 00:14:19","userId":"694009aa9edf5cea22c657cf"}
{"email":"manager@test.com","level":"info","message":"User login successful","role":"Manager","service":"ehr-backend","timestamp":"2025-12-16 00:14:19","userId":"694009aa9edf5cea22c657d1"}
{"email":"provider@test.com","level":"info","message":"User login successful","role":"Provider","service":"ehr-backend","timestamp":"2025-12-16 00:14:19","userId":"694009aa9edf5cea22c657d3"}
{"email":"assigned@test.com","level":"info","message":"User login successful","role":"Patient","service":"ehr-backend","timestamp":"2025-12-16 00:14:19","userId":"694009ab9edf5cea22c657d7"}
{"email":"admin@test.com","level":"info","message":"User login successful","role":"Admin","service":"ehr-backend","timestamp":"2025-12-16 00:14:19","userId":"694009ab9edf5cea22c657ec"}
{"email":"manager@test.com","level":"info","message":"User login successful","role":"Manager","service":"ehr-backend","timestamp":"2025-12-16 00:14:19","userId":"694009ab9edf5cea22c657ee"}
{"email":"provider@test.com","level":"info","message":"User login successful","role":"Provider","service":"ehr-backend","timestamp":"2025-12-16 00:14:19","userId":"694009ab9edf5cea22c657f0"}
{"email":"assigned@test.com","level":"info","message":"User login successful","role":"Patient","service":"ehr-backend","timestamp":"2025-12-16 00:14:20","userId":"694009ab9edf5cea22c657f4"}
{"email":"admin@test.com","level":"info","message":"User login successful","role":"Admin","service":"ehr-backend","timestamp":"2025-12-16 00:14:20","userId":"694009ac9edf5cea22c65809"}
{"email":"manager@test.com","level":"info","message":"User login successful","role":"Manager","service":"ehr-backend","timestamp":"2025-12-16 00:14:20","userId":"694009ac9edf5cea22c6580b"}
{"email":"provider@test.com","level":"info","message":"User login successful","role":"Provider","service":"ehr-backend","timestamp":"2025-12-16 00:14:20","userId":"694009ac9edf5cea22c6580d"}
{"email":"assigned@test.com","level":"info","message":"User login successful","role":"Patient","service":"ehr-backend","timestamp":"2025-12-16 00:14:20","userId":"694009ac9edf5cea22c65811"}
{"error":"Cast to ObjectId failed for value \"my-records\" (type string) at path \"_id\" for model \"PatientRecord\"","level":"error","message":"Error retrieving record by ID","recordId":"my-records","service":"ehr-backend","timestamp":"2025-12-16 00:14:20","userId":"694009ac9edf5cea22c65811"}
{"email":"admin@test.com","level":"info","message":"User login successful","role":"Admin","service":"ehr-backend","timestamp":"2025-12-16 00:14:21","userId":"694009ac9edf5cea22c65828"}
{"email":"manager@test.com","level":"info","message":"User login successful","role":"Manager","service":"ehr-backend","timestamp":"2025-12-16 00:14:21","userId":"694009ac9edf5cea22c6582a"}
{"email":"provider@test.com","level":"info","message":"User login successful","role":"Provider","service":"ehr-backend","timestamp":"2025-12-16 00:14:21","userId":"694009ac9edf5cea22c6582c"}
{"email":"assigned@test.com","level":"info","message":"User login successful","role":"Patient","service":"ehr-backend","timestamp":"2025-12-16 00:14:21","userId":"694009ad9edf5cea22c65830"}
{"error":"Cast to ObjectId failed for value \"my-records\" (type string) at path \"_id\" for model \"PatientRecord\"","level":"error","message":"Error retrieving record by ID","recordId":"my-records","service":"ehr-backend","timestamp":"2025-12-16 00:14:21","userId":"694009ad9edf5cea22c65830"}
{"email":"admin@test.com","level":"info","message":"User login successful","role":"Admin","service":"ehr-backend","timestamp":"2025-12-16 00:14:21","userId":"694009ad9edf5cea22c65849"}
{"email":"manager@test.com","level":"info","message":"User login successful","role":"Manager","service":"ehr-backend","timestamp":"2025-12-16 00:14:21","userId":"694009ad9edf5cea22c6584b"}
{"email":"provider@test.com","level":"info","message":"User login successful","role":"Provider","service":"ehr-backend","timestamp":"2025-12-16 00:14:21","userId":"694009ad9edf5cea22c6584d"}
{"email":"assigned@test.com","level":"info","message":"User login successful","role":"Patient","service":"ehr-backend","timestamp":"2025-12-16 00:14:21","userId":"694009ad9edf5cea22c65851"}
{"error":"Cast to ObjectId failed for value \"my-records\" (type string) at path \"_id\" for model \"PatientRecord\"","level":"error","message":"Error retrieving record by ID","recordId":"my-records","service":"ehr-backend","timestamp":"2025-12-16 00:14:22","userId":"694009ad9edf5cea22c6584d"}
{"email":"admin@test.com","level":"info","message":"User login successful","role":"Admin","service":"ehr-backend","timestamp":"2025-12-16 00:14:22","userId":"694009ae9edf5cea22c65868"}
{"email":"manager@test.com","level":"info","message":"User login successful","role":"Manager","service":"ehr-backend","timestamp":"2025-12-16 00:14:22","userId":"694009ae9edf5cea22c6586a"}
{"email":"provider@test.com","level":"info","message":"User login successful","role":"Provider","service":"ehr-backend","timestamp":"2025-12-16 00:14:22","userId":"694009ae9edf5cea22c6586c"}
{"email":"assigned@test.com","level":"info","message":"User login successful","role":"Patient","service":"ehr-backend","timestamp":"2025-12-16 00:14:22","userId":"694009ae9edf5cea22c65870"}
{"level":"info","message":"Record retrieved by ID","recordId":"694009ae9edf5cea22c6587f","service":"ehr-backend","timestamp":"2025-12-16 00:14:22","userId":"694009ae9edf5cea22c6586c"}
{"email":"admin@test.com","level":"info","message":"User login successful","role":"Admin","service":"ehr-backend","timestamp":"2025-12-16 00:14:23","userId":"694009ae9edf5cea22c6588b"}
{"email":"manager@test.com","level":"info","message":"User login successful","role":"Manager","service":"ehr-backend","timestamp":"2025-12-16 00:14:23","userId":"694009ae9edf5cea22c6588d"}
{"email":"provider@test.com","level":"info","message":"User login successful","role":"Provider","service":"ehr-backend","timestamp":"2025-12-16 00:14:23","userId":"694009ae9edf5cea22c6588f"}
{"email":"assigned@test.com","level":"info","message":"User login successful","role":"Patient","service":"ehr-backend","timestamp":"2025-12-16 00:14:23","userId":"694009ae9edf5cea22c65893"}
{"level":"info","message":"Record retrieved by ID","recordId":"694009af9edf5cea22c658a2","service":"ehr-backend","timestamp":"2025-12-16 00:14:23","userId":"694009ae9edf5cea22c65893"}
{"email":"admin@test.com","level":"info","message":"User login successful","role":"Admin","service":"ehr-backend","timestamp":"2025-12-16 00:14:23","userId":"694009af9edf5cea22c658ae"}
{"email":"manager@test.com","level":"info","message":"User login successful","role":"Manager","service":"ehr-backend","timestamp":"2025-12-16 00:14:23","userId":"694009af9edf5cea22c658b0"}
{"email":"provider@test.com","level":"info","message":"User login successful","role":"Provider","service":"ehr-backend","timestamp":"2025-12-16 00:14:23","userId":"694009af9edf5cea22c658b2"}
{"email":"assigned@test.com","level":"info","message":"User login successful","role":"Patient","service":"ehr-backend","timestamp":"2025-12-16 00:14:23","userId":"694009af9edf5cea22c658b6"}
{"level":"info","message":"Record retrieved by ID","recordId":"694009af9edf5cea22c658c5","service":"ehr-backend","timestamp":"2025-12-16 00:14:23","userId":"694009af9edf5cea22c658b0"}
{"email":"admin@test.com","level":"info","message":"User login successful","role":"Admin","service":"ehr-backend","timestamp":"2025-12-16 00:14:24","userId":"694009af9edf5cea22c658d1"}
{"email":"manager@test.com","level":"info","message":"User login successful","role":"Manager","service":"ehr-backend","timestamp":"2025-12-16 00:14:24","userId":"694009af9edf5cea22c658d3"}
{"email":"provider@test.com","level":"info","message":"User login successful","role":"Provider","service":"ehr-backend","timestamp":"2025-12-16 00:14:24","userId":"694009b09edf5cea22c658d5"}
{"email":"assigned@test.com","level":"info","message":"User login successful","role":"Patient","service":"ehr-backend","timestamp":"2025-12-16 00:14:24","userId":"694009b09edf5cea22c658d9"}
{"email":"admin@test.com","level":"info","message":"User login successful","role":"Admin","service":"ehr-backend","timestamp":"2025-12-16 00:14:24","userId":"694009b09edf5cea22c658f4"}
{"email":"manager@test.com","level":"info","message":"User login successful","role":"Manager","service":"ehr-backend","timestamp":"2025-12-16 00:14:24","userId":"694009b09edf5cea22c658f6"}
{"email":"provider@test.com","level":"info","message":"User login successful","role":"Provider","service":"ehr-backend","timestamp":"2025-12-16 00:14:25","userId":"694009b09edf5cea22c658f8"}
{"email":"assigned@test.com","level":"info","message":"User login successful","role":"Patient","service":"ehr-backend","timestamp":"2025-12-16 00:14:25","userId":"694009b09edf5cea22c658fc"}
{"email":"admin@test.com","level":"info","message":"User login successful","role":"Admin","service":"ehr-backend","timestamp":"2025-12-16 00:14:25","userId":"694009b19edf5cea22c65914"}
{"email":"manager@test.com","level":"info","message":"User login successful","role":"Manager","service":"ehr-backend","timestamp":"2025-12-16 00:14:25","userId":"694009b19edf5cea22c65916"}
{"email":"provider@test.com","level":"info","message":"User login successful","role":"Provider","service":"ehr-backend","timestamp":"2025-12-16 00:14:25","userId":"694009b19edf5cea22c65918"}
{"email":"assigned@test.com","level":"info","message":"User login successful","role":"Patient","service":"ehr-backend","timestamp":"2025-12-16 00:14:25","userId":"694009b19edf5cea22c6591c"}
{"error":"Invalid AES key format after unwrapping","level":"error","message":"Failed to load AES key","service":"ehr-backend","timestamp":"2025-12-16 00:14:25","userId":"694009b19edf5cea22c65918"}
{"email":"admin@test.com","level":"info","message":"User login successful","role":"Admin","service":"ehr-backend","timestamp":"2025-12-16 00:14:26","userId":"694009b19edf5cea22c65931"}
{"email":"manager@test.com","level":"info","message":"User login successful","role":"Manager","service":"ehr-backend","timestamp":"2025-12-16 00:14:26","userId":"694009b19edf5cea22c65933"}
{"email":"provider@test.com","level":"info","message":"User login successful","role":"Provider","service":"ehr-backend","timestamp":"2025-12-16 00:14:26","userId":"694009b19edf5cea22c65935"}
{"email":"assigned@test.com","level":"info","message":"User login successful","role":"Patient","service":"ehr-backend","timestamp":"2025-12-16 00:14:26","userId":"694009b29edf5cea22c65939"}
{"email":"admin@test.com","level":"info","message":"User login successful","role":"Admin","service":"ehr-backend","timestamp":"2025-12-16 00:14:26","userId":"694009b29edf5cea22c65950"}
{"email":"admin@test.com","level":"info","message":"User login successful","role":"Admin","service":"ehr-backend","timestamp":"2025-12-16 00:14:31","userId":"694009b656a07a1ef604d911"}
{"email":"manager@test.com","level":"info","message":"User login successful","role":"Manager","service":"ehr-backend","timestamp":"2025-12-16 00:14:31","userId":"694009b756a07a1ef604d91f"}
{"email":"provider@test.com","level":"info","message":"User login successful","role":"Provider","service":"ehr-backend","timestamp":"2025-12-16 00:14:31","userId":"694009b756a07a1ef604d927"}
{"email":"employee@test.com","level":"info","message":"User login successful","role":"Employee","service":"ehr-backend","timestamp":"2025-12-16 00:14:31","userId":"694009b756a07a1ef604d92f"}
{"email":"patient@test.com","level":"info","message":"User login successful","role":"Patient","service":"ehr-backend","timestamp":"2025-12-16 00:14:32","userId":"694009b756a07a1ef604d937"}
{"email":"admin@test.com","level":"info","message":"User login successful","role":"Admin","service":"ehr-backend","timestamp":"2025-12-16 00:14:32","userId":"694009b856a07a1ef604d93f"}
{"email":"patient@test.com","ip":"::ffff:127.0.0.1","level":"warn","message":"Login attempt failed: Invalid password","service":"ehr-backend","timestamp":"2025-12-16 00:14:32","userId":"694009b856a07a1ef604d947"}
{"email":"nonexistent@example.com","ip":"::ffff:127.0.0.1","level":"warn","message":"Login attempt failed: User not found","service":"ehr-backend","timestamp":"2025-12-16 00:14:32"}
{"ip":"::ffff:127.0.0.1","level":"warn","message":"Login attempt failed: User not found","service":"ehr-backend","timestamp":"2025-12-16 00:14:32"}
{"email":"patient@test.com","error":"data and hash arguments required","level":"error","message":"Login error","service":"ehr-backend","timestamp":"2025-12-16 00:14:32"}
{"email":"admin@test.com","level":"info","message":"User login successful","role":"Admin","service":"ehr-backend","timestamp":"2025-12-16 00:14:32","userId":"694009b856a07a1ef604d95b"}
{"email":"admin@test.com","level":"info","message":"User login successful","role":"Admin","service":"ehr-backend","timestamp":"2025-12-16 00:14:32","userId":"694009b856a07a1ef604d973"}
{"level":"info","message":"User logout","service":"ehr-backend","timestamp":"2025-12-16 00:14:32"}
{"level":"info","message":"User logout","service":"ehr-backend","timestamp":"2025-12-16 00:14:32"}
{"email":"admin@test.com","level":"info","message":"User login successful","role":"Admin","service":"ehr-backend","timestamp":"2025-12-16 00:14:33","userId":"694009b856a07a1ef604d982"}
{"email":"admin@test.com","level":"info","message":"User login successful","role":"Admin","service":"ehr-backend","timestamp":"2025-12-16 00:14:33","userId":"694009b956a07a1ef604d98a"}
{"email":"admin@test.com","level":"info","message":"User login successful","role":"Admin","service":"ehr-backend","timestamp":"2025-12-16 00:14:33","userId":"694009b956a07a1ef604d992"}
{"level":"info","message":"Authorization check","method":"GET","path":"/audit-logs","requiredRoles":["Admin"],"service":"ehr-backend","timestamp":"2025-12-16 00:14:33","userId":"694009b956a07a1ef604d992","userRole":"Admin"}
{"level":"info","message":"Admin 694009b956a07a1ef604d992 retrieved 1 audit logs","service":"ehr-backend","timestamp":"2025-12-16 00:14:33"}
{"ip":"::ffff:127.0.0.1","level":"warn","message":"Authentication failed: Token missing","method":"GET","path":"/audit-logs","service":"ehr-backend","timestamp":"2025-12-16 00:14:33"}
{"error":"jwt expired","ip":"::ffff:127.0.0.1","level":"warn","message":"Authentication failed: JWT verification failed","method":"GET","path":"/audit-logs","service":"ehr-backend","timestamp":"2025-12-16 00:14:33"}
{"email":"patient@test.com","level":"info","message":"User login successful","role":"Patient","service":"ehr-backend","timestamp":"2025-12-16 00:14:37","userId":"694009bc897a24d9cb9e7ddb"}
{"email":"admin@test.com","level":"info","message":"User login successful","role":"Admin","service":"ehr-backend","timestamp":"2025-12-16 00:14:37","userId":"694009bd897a24d9cb9e7de7"}
{"email":"nonexistent@test.com","ip":"::ffff:127.0.0.1","level":"warn","message":"Login attempt failed: User not found","service":"ehr-backend","timestamp":"2025-12-16 00:14:37"}
{"email":"patient@test.com","ip":"::ffff:127.0.0.1","level":"warn","message":"Login attempt failed: Invalid password","service":"ehr-backend","timestamp":"2025-12-16 00:14:37","userId":"694009bd897a24d9cb9e7df6"}
{"ip":"::ffff:127.0.0.1","level":"warn","message":"Login attempt failed: User not found","service":"ehr-backend","timestamp":"2025-12-16 00:14:37"}
{"email":"patient@test.com","error":"data and hash arguments required","level":"error","message":"Login error","service":"ehr-backend","timestamp":"2025-12-16 00:14:38"}
{"email":"admin@test.com","level":"info","message":"User login successful","role":"Admin","service":"ehr-backend","timestamp":"2025-12-16 00:14:38","userId":"694009be897a24d9cb9e7e06"}
{"email":"provider@test.com","level":"info","message":"User login successful","role":"Provider","service":"ehr-backend","timestamp":"2025-12-16 00:14:38","userId":"694009be897a24d9cb9e7e0e"}
{"email":"patient@test.com","level":"info","message":"User login successful","role":"Patient","service":"ehr-backend","timestamp":"2025-12-16 00:14:38","userId":"694009be897a24d9cb9e7e16"}
{"email":"patient@test.com","level":"info","message":"User login successful","role":"Patient","service":"ehr-backend","timestamp":"2025-12-16 00:14:38","userId":"694009be897a24d9cb9e7e24"}
{"level":"info","message":"User logout","service":"ehr-backend","timestamp":"2025-12-16 00:14:38"}
{"level":"info","message":"User logout","service":"ehr-backend","timestamp":"2025-12-16 00:14:38"}
{"email":"admin@test.com","level":"info","message":"User login successful","role":"Admin","service":"ehr-backend","timestamp":"2025-12-16 00:14:38","userId":"694009be897a24d9cb9e7e33"}
{"level":"error","message":"Health check failed: Cannot read properties of undefined (reading 'healthy')","service":"ehr-backend","stack":"TypeError: Cannot read properties of undefined (reading 'healthy')\n    at healthy (/Users/user/Documents/Monash/CyberSecurity/Assesment2/Final Submission/TP6 25/EHR_draft/ehr-backend/controllers/healthController.js:22:29)\n    at processTicksAndRejections (node:internal/process/task_queues:103:5)","timestamp":"2025-12-16 00:14:41"}
{"level":"error","message":"Health check failed: Cannot read properties of undefined (reading 'healthy')","service":"ehr-backend","stack":"TypeError: Cannot read properties of undefined (reading 'healthy')\n    at healthy (/Users/user/Documents/Monash/CyberSecurity/Assesment2/Final Submission/TP6 25/EHR_draft/ehr-backend/controllers/healthController.js:22:29)\n    at processTicksAndRejections (node:internal/process/task_queues:103:5)","timestamp":"2025-12-16 00:14:41"}
{"level":"error","message":"Health check failed: Cannot read properties of undefined (reading 'healthy')","service":"ehr-backend","stack":"TypeError: Cannot read properties of undefined (reading 'healthy')\n    at healthy (/Users/user/Documents/Monash/CyberSecurity/Assesment2/Final Submission/TP6 25/EHR_draft/ehr-backend/controllers/healthController.js:22:29)\n    at processTicksAndRejections (node:internal/process/task_queues:103:5)","timestamp":"2025-12-16 00:14:41"}
{"level":"error","message":"Health check failed: Cannot read properties of undefined (reading 'healthy')","service":"ehr-backend","stack":"TypeError: Cannot read properties of undefined (reading 'healthy')\n    at healthy (/Users/user/Documents/Monash/CyberSecurity/Assesment2/Final Submission/TP6 25/EHR_draft/ehr-backend/controllers/healthController.js:22:29)\n    at processTicksAndRejections (node:internal/process/task_queues:103:5)","timestamp":"2025-12-16 00:14:41"}
{"level":"error","message":"Health check failed: Cannot read properties of undefined (reading 'healthy')","service":"ehr-backend","stack":"TypeError: Cannot read properties of undefined (reading 'healthy')\n    at healthy (/Users/user/Documents/Monash/CyberSecurity/Assesment2/Final Submission/TP6 25/EHR_draft/ehr-backend/controllers/healthController.js:22:29)\n    at processTicksAndRejections (node:internal/process/task_queues:103:5)","timestamp":"2025-12-16 00:14:41"}
{"level":"info","message":"Health check performed","service":"ehr-backend","services":{"api":"operational","mongodb":"connected"},"status":"unhealthy","timestamp":"2025-12-16 00:14:41"}
{"level":"error","message":"Health check failed: Cannot read properties of undefined (reading 'healthy')","service":"ehr-backend","stack":"TypeError: Cannot read properties of undefined (reading 'healthy')\n    at healthy (/Users/user/Documents/Monash/CyberSecurity/Assesment2/Final Submission/TP6 25/EHR_draft/ehr-backend/controllers/healthController.js:22:29)\n    at processTicksAndRejections (node:internal/process/task_queues:103:5)","timestamp":"2025-12-16 00:14:41"}
{"level":"error","message":"Health check failed: Cannot read properties of undefined (reading 'healthy')","service":"ehr-backend","stack":"TypeError: Cannot read properties of undefined (reading 'healthy')\n    at healthy (/Users/user/Documents/Monash/CyberSecurity/Assesment2/Final Submission/TP6 25/EHR_draft/ehr-backend/controllers/healthController.js:22:29)\n    at processTicksAndRejections (node:internal/process/task_queues:103:5)","timestamp":"2025-12-16 00:14:41"}
{"level":"error","message":"Health check failed: Cannot read properties of undefined (reading 'healthy')","service":"ehr-backend","stack":"TypeError: Cannot read properties of undefined (reading 'healthy')\n    at healthy (/Users/user/Documents/Monash/CyberSecurity/Assesment2/Final Submission/TP6 25/EHR_draft/ehr-backend/controllers/healthController.js:22:29)\n    at processTicksAndRejections (node:internal/process/task_queues:103:5)","timestamp":"2025-12-16 00:14:42"}
{"level":"error","message":"Health check failed: Health check failed","service":"ehr-backend","stack":"Error: Health check failed\n    at Object.<anonymous> (/Users/user/Documents/Monash/CyberSecurity/Assesment2/Final Submission/TP6 25/EHR_draft/ehr-backend/test/integration/health.integration.test.js:240:55)\n    at Promise.finally.completed (/Users/user/Documents/Monash/CyberSecurity/Assesment2/Final Submission/TP6 25/EHR_draft/ehr-backend/node_modules/jest-circus/build/jestAdapterInit.js:1557:28)\n    at new Promise (<anonymous>)\n    at callAsyncCircusFn (/Users/user/Documents/Monash/CyberSecurity/Assesment2/Final Submission/TP6 25/EHR_draft/ehr-backend/node_modules/jest-circus/build/jestAdapterInit.js:1497:10)\n    at _callCircusTest (/Users/user/Documents/Monash/CyberSecurity/Assesment2/Final Submission/TP6 25/EHR_draft/ehr-backend/node_modules/jest-circus/build/jestAdapterInit.js:1007:40)\n    at processTicksAndRejections (node:internal/process/task_queues:103:5)\n    at _runTest (/Users/user/Documents/Monash/CyberSecurity/Assesment2/Final Submission/TP6 25/EHR_draft/ehr-backend/node_modules/jest-circus/build/jestAdapterInit.js:947:3)\n    at /Users/user/Documents/Monash/CyberSecurity/Assesment2/Final Submission/TP6 25/EHR_draft/ehr-backend/node_modules/jest-circus/build/jestAdapterInit.js:849:7\n    at _runTestsForDescribeBlock (/Users/user/Documents/Monash/CyberSecurity/Assesment2/Final Submission/TP6 25/EHR_draft/ehr-backend/node_modules/jest-circus/build/jestAdapterInit.js:862:11)\n    at _runTestsForDescribeBlock (/Users/user/Documents/Monash/CyberSecurity/Assesment2/Final Submission/TP6 25/EHR_draft/ehr-backend/node_modules/jest-circus/build/jestAdapterInit.js:857:11)\n    at _runTestsForDescribeBlock (/Users/user/Documents/Monash/CyberSecurity/Assesment2/Final Submission/TP6 25/EHR_draft/ehr-backend/node_modules/jest-circus/build/jestAdapterInit.js:857:11)\n    at run (/Users/user/Documents/Monash/CyberSecurity/Assesment2/Final Submission/TP6 25/EHR_draft/ehr-backend/node_modules/jest-circus/build/jestAdapterInit.js:761:3)\n    at runAndTransformResultsToJestFormat (/Users/user/Documents/Monash/CyberSecurity/Assesment2/Final Submission/TP6 25/EHR_draft/ehr-backend/node_modules/jest-circus/build/jestAdapterInit.js:1918:21)\n    at jestAdapter (/Users/user/Documents/Monash/CyberSecurity/Assesment2/Final Submission/TP6 25/EHR_draft/ehr-backend/node_modules/jest-circus/build/runner.js:101:19)\n    at runTestInternal (/Users/user/Documents/Monash/CyberSecurity/Assesment2/Final Submission/TP6 25/EHR_draft/ehr-backend/node_modules/jest-runner/build/index.js:275:16)\n    at runTest (/Users/user/Documents/Monash/CyberSecurity/Assesment2/Final Submission/TP6 25/EHR_draft/ehr-backend/node_modules/jest-runner/build/index.js:343:7)","timestamp":"2025-12-16 00:14:42"}
{"level":"info","message":"Health check performed","service":"ehr-backend","services":{"api":"operational","mongodb":"connected"},"status":"unhealthy","timestamp":"2025-12-16 00:14:42"}
{"level":"error","message":"Health check failed: Cannot read properties of undefined (reading 'healthy')","service":"ehr-backend","stack":"TypeError: Cannot read properties of undefined (reading 'healthy')\n    at healthy (/Users/user/Documents/Monash/CyberSecurity/Assesment2/Final Submission/TP6 25/EHR_draft/ehr-backend/controllers/healthController.js:22:29)\n    at processTicksAndRejections (node:internal/process/task_queues:103:5)","timestamp":"2025-12-16 00:14:42"}
{"body":{},"ip":"::ffff:127.0.0.1","level":"error","message":"Not Found - /api/key-exchange/public-key","method":"GET","service":"ehr-backend","stack":"Error: Not Found - /api/key-exchange/public-key\n    at notFound (/Users/user/Documents/Monash/CyberSecurity/Assesment2/Final Submission/TP6 25/EHR_draft/ehr-backend/middlewares/errorHandler.js:34:17)\n    at Layer.handle [as handle_request] (/Users/user/Documents/Monash/CyberSecurity/Assesment2/Final Submission/TP6 25/EHR_draft/ehr-backend/node_modules/express/lib/router/layer.js:95:5)\n    at trim_prefix (/Users/user/Documents/Monash/CyberSecurity/Assesment2/Final Submission/TP6 25/EHR_draft/ehr-backend/node_modules/express/lib/router/index.js:328:13)\n    at /Users/user/Documents/Monash/CyberSecurity/Assesment2/Final Submission/TP6 25/EHR_draft/ehr-backend/node_modules/express/lib/router/index.js:286:9\n    at router.process_params (/Users/user/Documents/Monash/CyberSecurity/Assesment2/Final Submission/TP6 25/EHR_draft/ehr-backend/node_modules/express/lib/router/index.js:346:12)\n    at next (/Users/user/Documents/Monash/CyberSecurity/Assesment2/Final Submission/TP6 25/EHR_draft/ehr-backend/node_modules/express/lib/router/index.js:280:10)\n    at /Users/user/Documents/Monash/CyberSecurity/Assesment2/Final Submission/TP6 25/EHR_draft/ehr-backend/node_modules/express/lib/router/index.js:646:15\n    at next (/Users/user/Documents/Monash/CyberSecurity/Assesment2/Final Submission/TP6 25/EHR_draft/ehr-backend/node_modules/express/lib/router/index.js:265:14)\n    at router.handle (/Users/user/Documents/Monash/CyberSecurity/Assesment2/Final Submission/TP6 25/EHR_draft/ehr-backend/node_modules/express/lib/router/index.js:175:3)\n    at router (/Users/user/Documents/Monash/CyberSecurity/Assesment2/Final Submission/TP6 25/EHR_draft/ehr-backend/node_modules/express/lib/router/index.js:47:12)\n    at Layer.handle [as handle_request] (/Users/user/Documents/Monash/CyberSecurity/Assesment2/Final Submission/TP6 25/EHR_draft/ehr-backend/node_modules/express/lib/router/layer.js:95:5)\n    at trim_prefix (/Users/user/Documents/Monash/CyberSecurity/Assesment2/Final Submission/TP6 25/EHR_draft/ehr-backend/node_modules/express/lib/router/index.js:328:13)\n    at /Users/user/Documents/Monash/CyberSecurity/Assesment2/Final Submission/TP6 25/EHR_draft/ehr-backend/node_modules/express/lib/router/index.js:286:9\n    at router.process_params (/Users/user/Documents/Monash/CyberSecurity/Assesment2/Final Submission/TP6 25/EHR_draft/ehr-backend/node_modules/express/lib/router/index.js:346:12)\n    at next (/Users/user/Documents/Monash/CyberSecurity/Assesment2/Final Submission/TP6 25/EHR_draft/ehr-backend/node_modules/express/lib/router/index.js:280:10)\n    at /Users/user/Documents/Monash/CyberSecurity/Assesment2/Final Submission/TP6 25/EHR_draft/ehr-backend/node_modules/express-rate-limit/dist/index.cjs:807:7\n    at processTicksAndRejections (node:internal/process/task_queues:103:5)\n    at /Users/user/Documents/Monash/CyberSecurity/Assesment2/Final Submission/TP6 25/EHR_draft/ehr-backend/node_modules/express-rate-limit/dist/index.cjs:691:5","timestamp":"2025-12-16 00:14:46","url":"/api/key-exchange/public-key"}
{"body":{},"ip":"::ffff:127.0.0.1","level":"error","message":"Not Found - /api/key-exchange/public-key","method":"GET","service":"ehr-backend","stack":"Error: Not Found - /api/key-exchange/public-key\n    at notFound (/Users/user/Documents/Monash/CyberSecurity/Assesment2/Final Submission/TP6 25/EHR_draft/ehr-backend/middlewares/errorHandler.js:34:17)\n    at Layer.handle [as handle_request] (/Users/user/Documents/Monash/CyberSecurity/Assesment2/Final Submission/TP6 25/EHR_draft/ehr-backend/node_modules/express/lib/router/layer.js:95:5)\n    at trim_prefix (/Users/user/Documents/Monash/CyberSecurity/Assesment2/Final Submission/TP6 25/EHR_draft/ehr-backend/node_modules/express/lib/router/index.js:328:13)\n    at /Users/user/Documents/Monash/CyberSecurity/Assesment2/Final Submission/TP6 25/EHR_draft/ehr-backend/node_modules/express/lib/router/index.js:286:9\n    at router.process_params (/Users/user/Documents/Monash/CyberSecurity/Assesment2/Final Submission/TP6 25/EHR_draft/ehr-backend/node_modules/express/lib/router/index.js:346:12)\n    at next (/Users/user/Documents/Monash/CyberSecurity/Assesment2/Final Submission/TP6 25/EHR_draft/ehr-backend/node_modules/express/lib/router/index.js:280:10)\n    at /Users/user/Documents/Monash/CyberSecurity/Assesment2/Final Submission/TP6 25/EHR_draft/ehr-backend/node_modules/express/lib/router/index.js:646:15\n    at next (/Users/user/Documents/Monash/CyberSecurity/Assesment2/Final Submission/TP6 25/EHR_draft/ehr-backend/node_modules/express/lib/router/index.js:265:14)\n    at router.handle (/Users/user/Documents/Monash/CyberSecurity/Assesment2/Final Submission/TP6 25/EHR_draft/ehr-backend/node_modules/express/lib/router/index.js:175:3)\n    at router (/Users/user/Documents/Monash/CyberSecurity/Assesment2/Final Submission/TP6 25/EHR_draft/ehr-backend/node_modules/express/lib/router/index.js:47:12)\n    at Layer.handle [as handle_request] (/Users/user/Documents/Monash/CyberSecurity/Assesment2/Final Submission/TP6 25/EHR_draft/ehr-backend/node_modules/express/lib/router/layer.js:95:5)\n    at trim_prefix (/Users/user/Documents/Monash/CyberSecurity/Assesment2/Final Submission/TP6 25/EHR_draft/ehr-backend/node_modules/express/lib/router/index.js:328:13)\n    at /Users/user/Documents/Monash/CyberSecurity/Assesment2/Final Submission/TP6 25/EHR_draft/ehr-backend/node_modules/express/lib/router/index.js:286:9\n    at router.process_params (/Users/user/Documents/Monash/CyberSecurity/Assesment2/Final Submission/TP6 25/EHR_draft/ehr-backend/node_modules/express/lib/router/index.js:346:12)\n    at next (/Users/user/Documents/Monash/CyberSecurity/Assesment2/Final Submission/TP6 25/EHR_draft/ehr-backend/node_modules/express/lib/router/index.js:280:10)\n    at /Users/user/Documents/Monash/CyberSecurity/Assesment2/Final Submission/TP6 25/EHR_draft/ehr-backend/node_modules/express-rate-limit/dist/index.cjs:807:7\n    at processTicksAndRejections (node:internal/process/task_queues:103:5)\n    at /Users/user/Documents/Monash/CyberSecurity/Assesment2/Final Submission/TP6 25/EHR_draft/ehr-backend/node_modules/express-rate-limit/dist/index.cjs:691:5","timestamp":"2025-12-16 00:14:46","url":"/api/key-exchange/public-key"}
{"body":{},"ip":"::ffff:127.0.0.1","level":"error","message":"Not Found - /api/key-exchange/public-key","method":"GET","service":"ehr-backend","stack":"Error: Not Found - /api/key-exchange/public-key\n    at notFound (/Users/user/Documents/Monash/CyberSecurity/Assesment2/Final Submission/TP6 25/EHR_draft/ehr-backend/middlewares/errorHandler.js:34:17)\n    at Layer.handle [as handle_request] (/Users/user/Documents/Monash/CyberSecurity/Assesment2/Final Submission/TP6 25/EHR_draft/ehr-backend/node_modules/express/lib/router/layer.js:95:5)\n    at trim_prefix (/Users/user/Documents/Monash/CyberSecurity/Assesment2/Final Submission/TP6 25/EHR_draft/ehr-backend/node_modules/express/lib/router/index.js:328:13)\n    at /Users/user/Documents/Monash/CyberSecurity/Assesment2/Final Submission/TP6 25/EHR_draft/ehr-backend/node_modules/express/lib/router/index.js:286:9\n    at router.process_params (/Users/user/Documents/Monash/CyberSecurity/Assesment2/Final Submission/TP6 25/EHR_draft/ehr-backend/node_modules/express/lib/router/index.js:346:12)\n    at next (/Users/user/Documents/Monash/CyberSecurity/Assesment2/Final Submission/TP6 25/EHR_draft/ehr-backend/node_modules/express/lib/router/index.js:280:10)\n    at /Users/user/Documents/Monash/CyberSecurity/Assesment2/Final Submission/TP6 25/EHR_draft/ehr-backend/node_modules/express/lib/router/index.js:646:15\n    at next (/Users/user/Documents/Monash/CyberSecurity/Assesment2/Final Submission/TP6 25/EHR_draft/ehr-backend/node_modules/express/lib/router/index.js:265:14)\n    at router.handle (/Users/user/Documents/Monash/CyberSecurity/Assesment2/Final Submission/TP6 25/EHR_draft/ehr-backend/node_modules/express/lib/router/index.js:175:3)\n    at router (/Users/user/Documents/Monash/CyberSecurity/Assesment2/Final Submission/TP6 25/EHR_draft/ehr-backend/node_modules/express/lib/router/index.js:47:12)\n    at Layer.handle [as handle_request] (/Users/user/Documents/Monash/CyberSecurity/Assesment2/Final Submission/TP6 25/EHR_draft/ehr-backend/node_modules/express/lib/router/layer.js:95:5)\n    at trim_prefix (/Users/user/Documents/Monash/CyberSecurity/Assesment2/Final Submission/TP6 25/EHR_draft/ehr-backend/node_modules/express/lib/router/index.js:328:13)\n    at /Users/user/Documents/Monash/CyberSecurity/Assesment2/Final Submission/TP6 25/EHR_draft/ehr-backend/node_modules/express/lib/router/index.js:286:9\n    at router.process_params (/Users/user/Documents/Monash/CyberSecurity/Assesment2/Final Submission/TP6 25/EHR_draft/ehr-backend/node_modules/express/lib/router/index.js:346:12)\n    at next (/Users/user/Documents/Monash/CyberSecurity/Assesment2/Final Submission/TP6 25/EHR_draft/ehr-backend/node_modules/express/lib/router/index.js:280:10)\n    at /Users/user/Documents/Monash/CyberSecurity/Assesment2/Final Submission/TP6 25/EHR_draft/ehr-backend/node_modules/express-rate-limit/dist/index.cjs:807:7\n    at processTicksAndRejections (node:internal/process/task_queues:103:5)\n    at /Users/user/Documents/Monash/CyberSecurity/Assesment2/Final Submission/TP6 25/EHR_draft/ehr-backend/node_modules/express-rate-limit/dist/index.cjs:691:5","timestamp":"2025-12-16 00:14:46","url":"/api/key-exchange/public-key"}
{"body":{},"ip":"::ffff:127.0.0.1","level":"error","message":"Not Found - /api/key-exchange/public-key","method":"GET","service":"ehr-backend","stack":"Error: Not Found - /api/key-exchange/public-key\n    at notFound (/Users/user/Documents/Monash/CyberSecurity/Assesment2/Final Submission/TP6 25/EHR_draft/ehr-backend/middlewares/errorHandler.js:34:17)\n    at Layer.handle [as handle_request] (/Users/user/Documents/Monash/CyberSecurity/Assesment2/Final Submission/TP6 25/EHR_draft/ehr-backend/node_modules/express/lib/router/layer.js:95:5)\n    at trim_prefix (/Users/user/Documents/Monash/CyberSecurity/Assesment2/Final Submission/TP6 25/EHR_draft/ehr-backend/node_modules/express/lib/router/index.js:328:13)\n    at /Users/user/Documents/Monash/CyberSecurity/Assesment2/Final Submission/TP6 25/EHR_draft/ehr-backend/node_modules/express/lib/router/index.js:286:9\n    at router.process_params (/Users/user/Documents/Monash/CyberSecurity/Assesment2/Final Submission/TP6 25/EHR_draft/ehr-backend/node_modules/express/lib/router/index.js:346:12)\n    at next (/Users/user/Documents/Monash/CyberSecurity/Assesment2/Final Submission/TP6 25/EHR_draft/ehr-backend/node_modules/express/lib/router/index.js:280:10)\n    at /Users/user/Documents/Monash/CyberSecurity/Assesment2/Final Submission/TP6 25/EHR_draft/ehr-backend/node_modules/express/lib/router/index.js:646:15\n    at next (/Users/user/Documents/Monash/CyberSecurity/Assesment2/Final Submission/TP6 25/EHR_draft/ehr-backend/node_modules/express/lib/router/index.js:265:14)\n    at router.handle (/Users/user/Documents/Monash/CyberSecurity/Assesment2/Final Submission/TP6 25/EHR_draft/ehr-backend/node_modules/express/lib/router/index.js:175:3)\n    at router (/Users/user/Documents/Monash/CyberSecurity/Assesment2/Final Submission/TP6 25/EHR_draft/ehr-backend/node_modules/express/lib/router/index.js:47:12)\n    at Layer.handle [as handle_request] (/Users/user/Documents/Monash/CyberSecurity/Assesment2/Final Submission/TP6 25/EHR_draft/ehr-backend/node_modules/express/lib/router/layer.js:95:5)\n    at trim_prefix (/Users/user/Documents/Monash/CyberSecurity/Assesment2/Final Submission/TP6 25/EHR_draft/ehr-backend/node_modules/express/lib/router/index.js:328:13)\n    at /Users/user/Documents/Monash/CyberSecurity/Assesment2/Final Submission/TP6 25/EHR_draft/ehr-backend/node_modules/express/lib/router/index.js:286:9\n    at router.process_params (/Users/user/Documents/Monash/CyberSecurity/Assesment2/Final Submission/TP6 25/EHR_draft/ehr-backend/node_modules/express/lib/router/index.js:346:12)\n    at next (/Users/user/Documents/Monash/CyberSecurity/Assesment2/Final Submission/TP6 25/EHR_draft/ehr-backend/node_modules/express/lib/router/index.js:280:10)\n    at /Users/user/Documents/Monash/CyberSecurity/Assesment2/Final Submission/TP6 25/EHR_draft/ehr-backend/node_modules/express-rate-limit/dist/index.cjs:807:7\n    at processTicksAndRejections (node:internal/process/task_queues:103:5)\n    at /Users/user/Documents/Monash/CyberSecurity/Assesment2/Final Submission/TP6 25/EHR_draft/ehr-backend/node_modules/express-rate-limit/dist/index.cjs:691:5","timestamp":"2025-12-16 00:14:46","url":"/api/key-exchange/public-key"}
{"body":{},"ip":"::ffff:127.0.0.1","level":"error","message":"Not Found - /api/key-exchange/public-key","method":"GET","service":"ehr-backend","stack":"Error: Not Found - /api/key-exchange/public-key\n    at notFound (/Users/user/Documents/Monash/CyberSecurity/Assesment2/Final Submission/TP6 25/EHR_draft/ehr-backend/middlewares/errorHandler.js:34:17)\n    at Layer.handle [as handle_request] (/Users/user/Documents/Monash/CyberSecurity/Assesment2/Final Submission/TP6 25/EHR_draft/ehr-backend/node_modules/express/lib/router/layer.js:95:5)\n    at trim_prefix (/Users/user/Documents/Monash/CyberSecurity/Assesment2/Final Submission/TP6 25/EHR_draft/ehr-backend/node_modules/express/lib/router/index.js:328:13)\n    at /Users/user/Documents/Monash/CyberSecurity/Assesment2/Final Submission/TP6 25/EHR_draft/ehr-backend/node_modules/express/lib/router/index.js:286:9\n    at router.process_params (/Users/user/Documents/Monash/CyberSecurity/Assesment2/Final Submission/TP6 25/EHR_draft/ehr-backend/node_modules/express/lib/router/index.js:346:12)\n    at next (/Users/user/Documents/Monash/CyberSecurity/Assesment2/Final Submission/TP6 25/EHR_draft/ehr-backend/node_modules/express/lib/router/index.js:280:10)\n    at /Users/user/Documents/Monash/CyberSecurity/Assesment2/Final Submission/TP6 25/EHR_draft/ehr-backend/node_modules/express/lib/router/index.js:646:15\n    at next (/Users/user/Documents/Monash/CyberSecurity/Assesment2/Final Submission/TP6 25/EHR_draft/ehr-backend/node_modules/express/lib/router/index.js:265:14)\n    at router.handle (/Users/user/Documents/Monash/CyberSecurity/Assesment2/Final Submission/TP6 25/EHR_draft/ehr-backend/node_modules/express/lib/router/index.js:175:3)\n    at router (/Users/user/Documents/Monash/CyberSecurity/Assesment2/Final Submission/TP6 25/EHR_draft/ehr-backend/node_modules/express/lib/router/index.js:47:12)\n    at Layer.handle [as handle_request] (/Users/user/Documents/Monash/CyberSecurity/Assesment2/Final Submission/TP6 25/EHR_draft/ehr-backend/node_modules/express/lib/router/layer.js:95:5)\n    at trim_prefix (/Users/user/Documents/Monash/CyberSecurity/Assesment2/Final Submission/TP6 25/EHR_draft/ehr-backend/node_modules/express/lib/router/index.js:328:13)\n    at /Users/user/Documents/Monash/CyberSecurity/Assesment2/Final Submission/TP6 25/EHR_draft/ehr-backend/node_modules/express/lib/router/index.js:286:9\n    at router.process_params (/Users/user/Documents/Monash/CyberSecurity/Assesment2/Final Submission/TP6 25/EHR_draft/ehr-backend/node_modules/express/lib/router/index.js:346:12)\n    at next (/Users/user/Documents/Monash/CyberSecurity/Assesment2/Final Submission/TP6 25/EHR_draft/ehr-backend/node_modules/express/lib/router/index.js:280:10)\n    at /Users/user/Documents/Monash/CyberSecurity/Assesment2/Final Submission/TP6 25/EHR_draft/ehr-backend/node_modules/express-rate-limit/dist/index.cjs:807:7\n    at processTicksAndRejections (node:internal/process/task_queues:103:5)\n    at /Users/user/Documents/Monash/CyberSecurity/Assesment2/Final Submission/TP6 25/EHR_draft/ehr-backend/node_modules/express-rate-limit/dist/index.cjs:691:5","timestamp":"2025-12-16 00:14:46","url":"/api/key-exchange/public-key"}
{"body":{},"ip":"::ffff:127.0.0.1","level":"error","message":"Not Found - /api/key-exchange/public-key","method":"GET","service":"ehr-backend","stack":"Error: Not Found - /api/key-exchange/public-key\n    at notFound (/Users/user/Documents/Monash/CyberSecurity/Assesment2/Final Submission/TP6 25/EHR_draft/ehr-backend/middlewares/errorHandler.js:34:17)\n    at Layer.handle [as handle_request] (/Users/user/Documents/Monash/CyberSecurity/Assesment2/Final Submission/TP6 25/EHR_draft/ehr-backend/node_modules/express/lib/router/layer.js:95:5)\n    at trim_prefix (/Users/user/Documents/Monash/CyberSecurity/Assesment2/Final Submission/TP6 25/EHR_draft/ehr-backend/node_modules/express/lib/router/index.js:328:13)\n    at /Users/user/Documents/Monash/CyberSecurity/Assesment2/Final Submission/TP6 25/EHR_draft/ehr-backend/node_modules/express/lib/router/index.js:286:9\n    at router.process_params (/Users/user/Documents/Monash/CyberSecurity/Assesment2/Final Submission/TP6 25/EHR_draft/ehr-backend/node_modules/express/lib/router/index.js:346:12)\n    at next (/Users/user/Documents/Monash/CyberSecurity/Assesment2/Final Submission/TP6 25/EHR_draft/ehr-backend/node_modules/express/lib/router/index.js:280:10)\n    at /Users/user/Documents/Monash/CyberSecurity/Assesment2/Final Submission/TP6 25/EHR_draft/ehr-backend/node_modules/express/lib/router/index.js:646:15\n    at next (/Users/user/Documents/Monash/CyberSecurity/Assesment2/Final Submission/TP6 25/EHR_draft/ehr-backend/node_modules/express/lib/router/index.js:265:14)\n    at router.handle (/Users/user/Documents/Monash/CyberSecurity/Assesment2/Final Submission/TP6 25/EHR_draft/ehr-backend/node_modules/express/lib/router/index.js:175:3)\n    at router (/Users/user/Documents/Monash/CyberSecurity/Assesment2/Final Submission/TP6 25/EHR_draft/ehr-backend/node_modules/express/lib/router/index.js:47:12)\n    at Layer.handle [as handle_request] (/Users/user/Documents/Monash/CyberSecurity/Assesment2/Final Submission/TP6 25/EHR_draft/ehr-backend/node_modules/express/lib/router/layer.js:95:5)\n    at trim_prefix (/Users/user/Documents/Monash/CyberSecurity/Assesment2/Final Submission/TP6 25/EHR_draft/ehr-backend/node_modules/express/lib/router/index.js:328:13)\n    at /Users/user/Documents/Monash/CyberSecurity/Assesment2/Final Submission/TP6 25/EHR_draft/ehr-backend/node_modules/express/lib/router/index.js:286:9\n    at router.process_params (/Users/user/Documents/Monash/CyberSecurity/Assesment2/Final Submission/TP6 25/EHR_draft/ehr-backend/node_modules/express/lib/router/index.js:346:12)\n    at next (/Users/user/Documents/Monash/CyberSecurity/Assesment2/Final Submission/TP6 25/EHR_draft/ehr-backend/node_modules/express/lib/router/index.js:280:10)\n    at /Users/user/Documents/Monash/CyberSecurity/Assesment2/Final Submission/TP6 25/EHR_draft/ehr-backend/node_modules/express-rate-limit/dist/index.cjs:807:7\n    at processTicksAndRejections (node:internal/process/task_queues:103:5)\n    at /Users/user/Documents/Monash/CyberSecurity/Assesment2/Final Submission/TP6 25/EHR_draft/ehr-backend/node_modules/express-rate-limit/dist/index.cjs:691:5","timestamp":"2025-12-16 00:14:46","url":"/api/key-exchange/public-key"}
{"body":{},"ip":"::ffff:127.0.0.1","level":"error","message":"Not Found - /api/key-exchange/public-key","method":"GET","service":"ehr-backend","stack":"Error: Not Found - /api/key-exchange/public-key\n    at notFound (/Users/user/Documents/Monash/CyberSecurity/Assesment2/Final Submission/TP6 25/EHR_draft/ehr-backend/middlewares/errorHandler.js:34:17)\n    at Layer.handle [as handle_request] (/Users/user/Documents/Monash/CyberSecurity/Assesment2/Final Submission/TP6 25/EHR_draft/ehr-backend/node_modules/express/lib/router/layer.js:95:5)\n    at trim_prefix (/Users/user/Documents/Monash/CyberSecurity/Assesment2/Final Submission/TP6 25/EHR_draft/ehr-backend/node_modules/express/lib/router/index.js:328:13)\n    at /Users/user/Documents/Monash/CyberSecurity/Assesment2/Final Submission/TP6 25/EHR_draft/ehr-backend/node_modules/express/lib/router/index.js:286:9\n    at router.process_params (/Users/user/Documents/Monash/CyberSecurity/Assesment2/Final Submission/TP6 25/EHR_draft/ehr-backend/node_modules/express/lib/router/index.js:346:12)\n    at next (/Users/user/Documents/Monash/CyberSecurity/Assesment2/Final Submission/TP6 25/EHR_draft/ehr-backend/node_modules/express/lib/router/index.js:280:10)\n    at /Users/user/Documents/Monash/CyberSecurity/Assesment2/Final Submission/TP6 25/EHR_draft/ehr-backend/node_modules/express/lib/router/index.js:646:15\n    at next (/Users/user/Documents/Monash/CyberSecurity/Assesment2/Final Submission/TP6 25/EHR_draft/ehr-backend/node_modules/express/lib/router/index.js:265:14)\n    at router.handle (/Users/user/Documents/Monash/CyberSecurity/Assesment2/Final Submission/TP6 25/EHR_draft/ehr-backend/node_modules/express/lib/router/index.js:175:3)\n    at router (/Users/user/Documents/Monash/CyberSecurity/Assesment2/Final Submission/TP6 25/EHR_draft/ehr-backend/node_modules/express/lib/router/index.js:47:12)\n    at Layer.handle [as handle_request] (/Users/user/Documents/Monash/CyberSecurity/Assesment2/Final Submission/TP6 25/EHR_draft/ehr-backend/node_modules/express/lib/router/layer.js:95:5)\n    at trim_prefix (/Users/user/Documents/Monash/CyberSecurity/Assesment2/Final Submission/TP6 25/EHR_draft/ehr-backend/node_modules/express/lib/router/index.js:328:13)\n    at /Users/user/Documents/Monash/CyberSecurity/Assesment2/Final Submission/TP6 25/EHR_draft/ehr-backend/node_modules/express/lib/router/index.js:286:9\n    at router.process_params (/Users/user/Documents/Monash/CyberSecurity/Assesment2/Final Submission/TP6 25/EHR_draft/ehr-backend/node_modules/express/lib/router/index.js:346:12)\n    at next (/Users/user/Documents/Monash/CyberSecurity/Assesment2/Final Submission/TP6 25/EHR_draft/ehr-backend/node_modules/express/lib/router/index.js:280:10)\n    at /Users/user/Documents/Monash/CyberSecurity/Assesment2/Final Submission/TP6 25/EHR_draft/ehr-backend/node_modules/express-rate-limit/dist/index.cjs:807:7\n    at processTicksAndRejections (node:internal/process/task_queues:103:5)\n    at /Users/user/Documents/Monash/CyberSecurity/Assesment2/Final Submission/TP6 25/EHR_draft/ehr-backend/node_modules/express-rate-limit/dist/index.cjs:691:5","timestamp":"2025-12-16 00:14:46","url":"/api/key-exchange/public-key"}
{"body":{},"ip":"::ffff:127.0.0.1","level":"error","message":"Not Found - /api/key-exchange/public-key","method":"GET","service":"ehr-backend","stack":"Error: Not Found - /api/key-exchange/public-key\n    at notFound (/Users/user/Documents/Monash/CyberSecurity/Assesment2/Final Submission/TP6 25/EHR_draft/ehr-backend/middlewares/errorHandler.js:34:17)\n    at Layer.handle [as handle_request] (/Users/user/Documents/Monash/CyberSecurity/Assesment2/Final Submission/TP6 25/EHR_draft/ehr-backend/node_modules/express/lib/router/layer.js:95:5)\n    at trim_prefix (/Users/user/Documents/Monash/CyberSecurity/Assesment2/Final Submission/TP6 25/EHR_draft/ehr-backend/node_modules/express/lib/router/index.js:328:13)\n    at /Users/user/Documents/Monash/CyberSecurity/Assesment2/Final Submission/TP6 25/EHR_draft/ehr-backend/node_modules/express/lib/router/index.js:286:9\n    at router.process_params (/Users/user/Documents/Monash/CyberSecurity/Assesment2/Final Submission/TP6 25/EHR_draft/ehr-backend/node_modules/express/lib/router/index.js:346:12)\n    at next (/Users/user/Documents/Monash/CyberSecurity/Assesment2/Final Submission/TP6 25/EHR_draft/ehr-backend/node_modules/express/lib/router/index.js:280:10)\n    at /Users/user/Documents/Monash/CyberSecurity/Assesment2/Final Submission/TP6 25/EHR_draft/ehr-backend/node_modules/express/lib/router/index.js:646:15\n    at next (/Users/user/Documents/Monash/CyberSecurity/Assesment2/Final Submission/TP6 25/EHR_draft/ehr-backend/node_modules/express/lib/router/index.js:265:14)\n    at router.handle (/Users/user/Documents/Monash/CyberSecurity/Assesment2/Final Submission/TP6 25/EHR_draft/ehr-backend/node_modules/express/lib/router/index.js:175:3)\n    at router (/Users/user/Documents/Monash/CyberSecurity/Assesment2/Final Submission/TP6 25/EHR_draft/ehr-backend/node_modules/express/lib/router/index.js:47:12)\n    at Layer.handle [as handle_request] (/Users/user/Documents/Monash/CyberSecurity/Assesment2/Final Submission/TP6 25/EHR_draft/ehr-backend/node_modules/express/lib/router/layer.js:95:5)\n    at trim_prefix (/Users/user/Documents/Monash/CyberSecurity/Assesment2/Final Submission/TP6 25/EHR_draft/ehr-backend/node_modules/express/lib/router/index.js:328:13)\n    at /Users/user/Documents/Monash/CyberSecurity/Assesment2/Final Submission/TP6 25/EHR_draft/ehr-backend/node_modules/express/lib/router/index.js:286:9\n    at router.process_params (/Users/user/Documents/Monash/CyberSecurity/Assesment2/Final Submission/TP6 25/EHR_draft/ehr-backend/node_modules/express/lib/router/index.js:346:12)\n    at next (/Users/user/Documents/Monash/CyberSecurity/Assesment2/Final Submission/TP6 25/EHR_draft/ehr-backend/node_modules/express/lib/router/index.js:280:10)\n    at /Users/user/Documents/Monash/CyberSecurity/Assesment2/Final Submission/TP6 25/EHR_draft/ehr-backend/node_modules/express-rate-limit/dist/index.cjs:807:7\n    at processTicksAndRejections (node:internal/process/task_queues:103:5)\n    at /Users/user/Documents/Monash/CyberSecurity/Assesment2/Final Submission/TP6 25/EHR_draft/ehr-backend/node_modules/express-rate-limit/dist/index.cjs:691:5","timestamp":"2025-12-16 00:14:46","url":"/api/key-exchange/public-key"}
{"body":{},"ip":"::ffff:127.0.0.1","level":"error","message":"Not Found - /api/key-exchange/public-key","method":"GET","service":"ehr-backend","stack":"Error: Not Found - /api/key-exchange/public-key\n    at notFound (/Users/user/Documents/Monash/CyberSecurity/Assesment2/Final Submission/TP6 25/EHR_draft/ehr-backend/middlewares/errorHandler.js:34:17)\n    at Layer.handle [as handle_request] (/Users/user/Documents/Monash/CyberSecurity/Assesment2/Final Submission/TP6 25/EHR_draft/ehr-backend/node_modules/express/lib/router/layer.js:95:5)\n    at trim_prefix (/Users/user/Documents/Monash/CyberSecurity/Assesment2/Final Submission/TP6 25/EHR_draft/ehr-backend/node_modules/express/lib/router/index.js:328:13)\n    at /Users/user/Documents/Monash/CyberSecurity/Assesment2/Final Submission/TP6 25/EHR_draft/ehr-backend/node_modules/express/lib/router/index.js:286:9\n    at router.process_params (/Users/user/Documents/Monash/CyberSecurity/Assesment2/Final Submission/TP6 25/EHR_draft/ehr-backend/node_modules/express/lib/router/index.js:346:12)\n    at next (/Users/user/Documents/Monash/CyberSecurity/Assesment2/Final Submission/TP6 25/EHR_draft/ehr-backend/node_modules/express/lib/router/index.js:280:10)\n    at /Users/user/Documents/Monash/CyberSecurity/Assesment2/Final Submission/TP6 25/EHR_draft/ehr-backend/node_modules/express/lib/router/index.js:646:15\n    at next (/Users/user/Documents/Monash/CyberSecurity/Assesment2/Final Submission/TP6 25/EHR_draft/ehr-backend/node_modules/express/lib/router/index.js:265:14)\n    at router.handle (/Users/user/Documents/Monash/CyberSecurity/Assesment2/Final Submission/TP6 25/EHR_draft/ehr-backend/node_modules/express/lib/router/index.js:175:3)\n    at router (/Users/user/Documents/Monash/CyberSecurity/Assesment2/Final Submission/TP6 25/EHR_draft/ehr-backend/node_modules/express/lib/router/index.js:47:12)\n    at Layer.handle [as handle_request] (/Users/user/Documents/Monash/CyberSecurity/Assesment2/Final Submission/TP6 25/EHR_draft/ehr-backend/node_modules/express/lib/router/layer.js:95:5)\n    at trim_prefix (/Users/user/Documents/Monash/CyberSecurity/Assesment2/Final Submission/TP6 25/EHR_draft/ehr-backend/node_modules/express/lib/router/index.js:328:13)\n    at /Users/user/Documents/Monash/CyberSecurity/Assesment2/Final Submission/TP6 25/EHR_draft/ehr-backend/node_modules/express/lib/router/index.js:286:9\n    at router.process_params (/Users/user/Documents/Monash/CyberSecurity/Assesment2/Final Submission/TP6 25/EHR_draft/ehr-backend/node_modules/express/lib/router/index.js:346:12)\n    at next (/Users/user/Documents/Monash/CyberSecurity/Assesment2/Final Submission/TP6 25/EHR_draft/ehr-backend/node_modules/express/lib/router/index.js:280:10)\n    at /Users/user/Documents/Monash/CyberSecurity/Assesment2/Final Submission/TP6 25/EHR_draft/ehr-backend/node_modules/express-rate-limit/dist/index.cjs:807:7\n    at processTicksAndRejections (node:internal/process/task_queues:103:5)\n    at /Users/user/Documents/Monash/CyberSecurity/Assesment2/Final Submission/TP6 25/EHR_draft/ehr-backend/node_modules/express-rate-limit/dist/index.cjs:691:5","timestamp":"2025-12-16 00:14:46","url":"/api/key-exchange/public-key"}
{"email":"admin@test.com","level":"info","message":"User login successful","role":"Admin","service":"ehr-backend","timestamp":"2025-12-16 00:21:02","userId":"69400b3d4e56d2e3385720ee"}
{"email":"manager@test.com","level":"info","message":"User login successful","role":"Manager","service":"ehr-backend","timestamp":"2025-12-16 00:21:02","userId":"69400b3e4e56d2e3385720f6"}
{"email":"provider@test.com","level":"info","message":"User login successful","role":"Provider","service":"ehr-backend","timestamp":"2025-12-16 00:21:02","userId":"69400b3e4e56d2e3385720f8"}
{"email":"employee@test.com","level":"info","message":"User login successful","role":"Employee","service":"ehr-backend","timestamp":"2025-12-16 00:21:03","userId":"69400b3e4e56d2e3385720fa"}
{"email":"patient@test.com","level":"info","message":"User login successful","role":"Patient","service":"ehr-backend","timestamp":"2025-12-16 00:21:03","userId":"69400b3e4e56d2e3385720fc"}
{"level":"info","message":"Authorization check","method":"POST","path":"/register","requiredRoles":["Employee","Manager","Admin"],"service":"ehr-backend","timestamp":"2025-12-16 00:21:03","userId":"69400b3d4e56d2e3385720ee","userRole":"Admin"}
{"creatorId":"69400b3d4e56d2e3385720ee","creatorRole":"Admin","level":"info","message":"User registered successfully","newUserId":"69400b3f4e56d2e33857210e","newUserRole":"Patient","service":"ehr-backend","timestamp":"2025-12-16 00:21:03"}
{"level":"info","message":"Authorization check","method":"POST","path":"/register","requiredRoles":["Employee","Manager","Admin"],"service":"ehr-backend","timestamp":"2025-12-16 00:21:03","userId":"69400b3d4e56d2e3385720ee","userRole":"Admin"}
{"creatorId":"69400b3d4e56d2e3385720ee","creatorRole":"Admin","level":"info","message":"User registered successfully","newUserId":"69400b3f4e56d2e338572113","newUserRole":"Provider","service":"ehr-backend","timestamp":"2025-12-16 00:21:03"}
{"level":"info","message":"Authorization check","method":"POST","path":"/register","requiredRoles":["Employee","Manager","Admin"],"service":"ehr-backend","timestamp":"2025-12-16 00:21:03","userId":"69400b3d4e56d2e3385720ee","userRole":"Admin"}
{"creatorId":"69400b3d4e56d2e3385720ee","creatorRole":"Admin","level":"info","message":"User registered successfully","newUserId":"69400b3f4e56d2e338572118","newUserRole":"Employee","service":"ehr-backend","timestamp":"2025-12-16 00:21:03"}
{"level":"info","message":"Authorization check","method":"POST","path":"/register","requiredRoles":["Employee","Manager","Admin"],"service":"ehr-backend","timestamp":"2025-12-16 00:21:03","userId":"69400b3d4e56d2e3385720ee","userRole":"Admin"}
{"creatorId":"69400b3d4e56d2e3385720ee","creatorRole":"Admin","level":"info","message":"User registered successfully","newUserId":"69400b3f4e56d2e33857211d","newUserRole":"Manager","service":"ehr-backend","timestamp":"2025-12-16 00:21:03"}
{"email":"admin@test.com","level":"info","message":"User login successful","role":"Admin","service":"ehr-backend","timestamp":"2025-12-16 00:21:03","userId":"69400b3f4e56d2e338572127"}
{"email":"manager@test.com","level":"info","message":"User login successful","role":"Manager","service":"ehr-backend","timestamp":"2025-12-16 00:21:04","userId":"69400b3f4e56d2e338572129"}
{"email":"provider@test.com","level":"info","message":"User login successful","role":"Provider","service":"ehr-backend","timestamp":"2025-12-16 00:21:04","userId":"69400b3f4e56d2e33857212b"}
{"email":"employee@test.com","level":"info","message":"User login successful","role":"Employee","service":"ehr-backend","timestamp":"2025-12-16 00:21:04","userId":"69400b3f4e56d2e33857212d"}
{"email":"patient@test.com","level":"info","message":"User login successful","role":"Patient","service":"ehr-backend","timestamp":"2025-12-16 00:21:04","userId":"69400b3f4e56d2e33857212f"}
{"level":"info","message":"Authorization check","method":"POST","path":"/register","requiredRoles":["Employee","Manager","Admin"],"service":"ehr-backend","timestamp":"2025-12-16 00:21:04","userId":"69400b3f4e56d2e338572129","userRole":"Manager"}
{"creatorId":"69400b3f4e56d2e338572129","creatorRole":"Manager","level":"info","message":"User registered successfully","newUserId":"69400b404e56d2e338572141","newUserRole":"Employee","service":"ehr-backend","timestamp":"2025-12-16 00:21:04"}
{"level":"info","message":"Authorization check","method":"POST","path":"/register","requiredRoles":["Employee","Manager","Admin"],"service":"ehr-backend","timestamp":"2025-12-16 00:21:04","userId":"69400b3f4e56d2e338572129","userRole":"Manager"}
{"creatorId":"69400b3f4e56d2e338572129","creatorRole":"Manager","level":"info","message":"User registered successfully","newUserId":"69400b404e56d2e338572146","newUserRole":"Provider","service":"ehr-backend","timestamp":"2025-12-16 00:21:04"}
{"level":"info","message":"Authorization check","method":"POST","path":"/register","requiredRoles":["Employee","Manager","Admin"],"service":"ehr-backend","timestamp":"2025-12-16 00:21:04","userId":"69400b3f4e56d2e338572129","userRole":"Manager"}
{"creatorId":"69400b3f4e56d2e338572129","creatorRole":"Manager","level":"info","message":"User registered successfully","newUserId":"69400b404e56d2e33857214b","newUserRole":"Patient","service":"ehr-backend","timestamp":"2025-12-16 00:21:04"}
{"email":"admin@test.com","level":"info","message":"User login successful","role":"Admin","service":"ehr-backend","timestamp":"2025-12-16 00:21:04","userId":"69400b404e56d2e338572155"}
{"email":"manager@test.com","level":"info","message":"User login successful","role":"Manager","service":"ehr-backend","timestamp":"2025-12-16 00:21:05","userId":"69400b404e56d2e338572157"}
{"email":"provider@test.com","level":"info","message":"User login successful","role":"Provider","service":"ehr-backend","timestamp":"2025-12-16 00:21:05","userId":"69400b404e56d2e338572159"}
{"email":"employee@test.com","level":"info","message":"User login successful","role":"Employee","service":"ehr-backend","timestamp":"2025-12-16 00:21:05","userId":"69400b404e56d2e33857215b"}
{"email":"patient@test.com","level":"info","message":"User login successful","role":"Patient","service":"ehr-backend","timestamp":"2025-12-16 00:21:05","userId":"69400b404e56d2e33857215d"}
{"level":"info","message":"Authorization check","method":"POST","path":"/register","requiredRoles":["Employee","Manager","Admin"],"service":"ehr-backend","timestamp":"2025-12-16 00:21:05","userId":"69400b404e56d2e338572157","userRole":"Manager"}
{"creatorId":"69400b404e56d2e338572157","creatorRole":"Manager","level":"warn","message":"Registration denied: Insufficient permissions","service":"ehr-backend","targetRole":"Manager","timestamp":"2025-12-16 00:21:05"}
{"email":"admin@test.com","level":"info","message":"User login successful","role":"Admin","service":"ehr-backend","timestamp":"2025-12-16 00:21:05","userId":"69400b414e56d2e338572174"}
{"email":"manager@test.com","level":"info","message":"User login successful","role":"Manager","service":"ehr-backend","timestamp":"2025-12-16 00:21:05","userId":"69400b414e56d2e338572176"}
{"email":"provider@test.com","level":"info","message":"User login successful","role":"Provider","service":"ehr-backend","timestamp":"2025-12-16 00:21:05","userId":"69400b414e56d2e338572178"}
{"email":"employee@test.com","level":"info","message":"User login successful","role":"Employee","service":"ehr-backend","timestamp":"2025-12-16 00:21:05","userId":"69400b414e56d2e33857217a"}
{"email":"patient@test.com","level":"info","message":"User login successful","role":"Patient","service":"ehr-backend","timestamp":"2025-12-16 00:21:06","userId":"69400b414e56d2e33857217c"}
{"level":"info","message":"Authorization check","method":"POST","path":"/register","requiredRoles":["Employee","Manager","Admin"],"service":"ehr-backend","timestamp":"2025-12-16 00:21:06","userId":"69400b414e56d2e33857217a","userRole":"Employee"}
{"creatorId":"69400b414e56d2e33857217a","creatorRole":"Employee","level":"info","message":"User registered successfully","newUserId":"69400b424e56d2e33857218e","newUserRole":"Patient","service":"ehr-backend","timestamp":"2025-12-16 00:21:06"}
{"email":"admin@test.com","level":"info","message":"User login successful","role":"Admin","service":"ehr-backend","timestamp":"2025-12-16 00:21:06","userId":"69400b424e56d2e338572198"}
{"email":"manager@test.com","level":"info","message":"User login successful","role":"Manager","service":"ehr-backend","timestamp":"2025-12-16 00:21:06","userId":"69400b424e56d2e33857219a"}
{"email":"provider@test.com","level":"info","message":"User login successful","role":"Provider","service":"ehr-backend","timestamp":"2025-12-16 00:21:06","userId":"69400b424e56d2e33857219c"}
{"email":"employee@test.com","level":"info","message":"User login successful","role":"Employee","service":"ehr-backend","timestamp":"2025-12-16 00:21:06","userId":"69400b424e56d2e33857219e"}
{"email":"patient@test.com","level":"info","message":"User login successful","role":"Patient","service":"ehr-backend","timestamp":"2025-12-16 00:21:06","userId":"69400b424e56d2e3385721a0"}
{"level":"info","message":"Authorization check","method":"POST","path":"/register","requiredRoles":["Employee","Manager","Admin"],"service":"ehr-backend","timestamp":"2025-12-16 00:21:06","userId":"69400b424e56d2e33857219e","userRole":"Employee"}
{"creatorId":"69400b424e56d2e33857219e","creatorRole":"Employee","level":"warn","message":"Registration denied: Insufficient permissions","service":"ehr-backend","targetRole":"Provider","timestamp":"2025-12-16 00:21:06"}
{"email":"admin@test.com","level":"info","message":"User login successful","role":"Admin","service":"ehr-backend","timestamp":"2025-12-16 00:21:07","userId":"69400b424e56d2e3385721b7"}
{"email":"manager@test.com","level":"info","message":"User login successful","role":"Manager","service":"ehr-backend","timestamp":"2025-12-16 00:21:07","userId":"69400b424e56d2e3385721b9"}
{"email":"provider@test.com","level":"info","message":"User login successful","role":"Provider","service":"ehr-backend","timestamp":"2025-12-16 00:21:07","userId":"69400b424e56d2e3385721bb"}
{"email":"employee@test.com","level":"info","message":"User login successful","role":"Employee","service":"ehr-backend","timestamp":"2025-12-16 00:21:07","userId":"69400b434e56d2e3385721bd"}
{"email":"patient@test.com","level":"info","message":"User login successful","role":"Patient","service":"ehr-backend","timestamp":"2025-12-16 00:21:07","userId":"69400b434e56d2e3385721bf"}
{"level":"info","message":"Authorization check","method":"POST","path":"/register","requiredRoles":["Employee","Manager","Admin"],"service":"ehr-backend","timestamp":"2025-12-16 00:21:07","userId":"69400b434e56d2e3385721bd","userRole":"Employee"}
{"creatorId":"69400b434e56d2e3385721bd","creatorRole":"Employee","level":"warn","message":"Registration denied: Insufficient permissions","service":"ehr-backend","targetRole":"Employee","timestamp":"2025-12-16 00:21:07"}
{"email":"admin@test.com","level":"info","message":"User login successful","role":"Admin","service":"ehr-backend","timestamp":"2025-12-16 00:21:08","userId":"69400b434e56d2e3385721d6"}
{"email":"manager@test.com","level":"info","message":"User login successful","role":"Manager","service":"ehr-backend","timestamp":"2025-12-16 00:21:08","userId":"69400b434e56d2e3385721d8"}
{"email":"provider@test.com","level":"info","message":"User login successful","role":"Provider","service":"ehr-backend","timestamp":"2025-12-16 00:21:08","userId":"69400b434e56d2e3385721da"}
{"email":"employee@test.com","level":"info","message":"User login successful","role":"Employee","service":"ehr-backend","timestamp":"2025-12-16 00:21:08","userId":"69400b434e56d2e3385721dc"}
{"email":"patient@test.com","level":"info","message":"User login successful","role":"Patient","service":"ehr-backend","timestamp":"2025-12-16 00:21:08","userId":"69400b444e56d2e3385721de"}
{"level":"info","message":"Authorization check","method":"POST","path":"/register","requiredRoles":["Employee","Manager","Admin"],"service":"ehr-backend","timestamp":"2025-12-16 00:21:08","userId":"69400b434e56d2e3385721da","userRole":"Provider"}
{"level":"warn","message":"Authorization denied: Insufficient permissions","method":"POST","path":"/register","requiredRoles":["Employee","Manager","Admin"],"service":"ehr-backend","timestamp":"2025-12-16 00:21:08","userId":"69400b434e56d2e3385721da","userRole":"Provider"}
{"email":"admin@test.com","level":"info","message":"User login successful","role":"Admin","service":"ehr-backend","timestamp":"2025-12-16 00:21:09","userId":"69400b444e56d2e3385721f7"}
{"email":"manager@test.com","level":"info","message":"User login successful","role":"Manager","service":"ehr-backend","timestamp":"2025-12-16 00:21:09","userId":"69400b444e56d2e3385721f9"}
{"email":"provider@test.com","level":"info","message":"User login successful","role":"Provider","service":"ehr-backend","timestamp":"2025-12-16 00:21:09","userId":"69400b444e56d2e3385721fb"}
{"email":"employee@test.com","level":"info","message":"User login successful","role":"Employee","service":"ehr-backend","timestamp":"2025-12-16 00:21:09","userId":"69400b444e56d2e3385721fd"}
{"email":"patient@test.com","level":"info","message":"User login successful","role":"Patient","service":"ehr-backend","timestamp":"2025-12-16 00:21:09","userId":"69400b444e56d2e3385721ff"}
{"level":"info","message":"Authorization check","method":"POST","path":"/register","requiredRoles":["Employee","Manager","Admin"],"service":"ehr-backend","timestamp":"2025-12-16 00:21:09","userId":"69400b444e56d2e3385721ff","userRole":"Patient"}
{"level":"warn","message":"Authorization denied: Insufficient permissions","method":"POST","path":"/register","requiredRoles":["Employee","Manager","Admin"],"service":"ehr-backend","timestamp":"2025-12-16 00:21:09","userId":"69400b444e56d2e3385721ff","userRole":"Patient"}
{"email":"admin@test.com","level":"info","message":"User login successful","role":"Admin","service":"ehr-backend","timestamp":"2025-12-16 00:21:09","userId":"69400b454e56d2e338572218"}
{"email":"manager@test.com","level":"info","message":"User login successful","role":"Manager","service":"ehr-backend","timestamp":"2025-12-16 00:21:09","userId":"69400b454e56d2e33857221a"}
{"email":"provider@test.com","level":"info","message":"User login successful","role":"Provider","service":"ehr-backend","timestamp":"2025-12-16 00:21:10","userId":"69400b454e56d2e33857221c"}
{"email":"employee@test.com","level":"info","message":"User login successful","role":"Employee","service":"ehr-backend","timestamp":"2025-12-16 00:21:10","userId":"69400b454e56d2e33857221e"}
{"email":"patient@test.com","level":"info","message":"User login successful","role":"Patient","service":"ehr-backend","timestamp":"2025-12-16 00:21:10","userId":"69400b454e56d2e338572220"}
{"level":"info","message":"Authorization check","method":"GET","path":"/audit-logs","requiredRoles":["Admin"],"service":"ehr-backend","timestamp":"2025-12-16 00:21:10","userId":"69400b454e56d2e338572218","userRole":"Admin"}
{"level":"info","message":"Admin 69400b454e56d2e338572218 retrieved 5 audit logs","service":"ehr-backend","timestamp":"2025-12-16 00:21:10"}
{"email":"admin@test.com","level":"info","message":"User login successful","role":"Admin","service":"ehr-backend","timestamp":"2025-12-16 00:21:10","userId":"69400b464e56d2e338572238"}
{"email":"manager@test.com","level":"info","message":"User login successful","role":"Manager","service":"ehr-backend","timestamp":"2025-12-16 00:21:10","userId":"69400b464e56d2e33857223a"}
{"email":"provider@test.com","level":"info","message":"User login successful","role":"Provider","service":"ehr-backend","timestamp":"2025-12-16 00:21:10","userId":"69400b464e56d2e33857223c"}
{"email":"employee@test.com","level":"info","message":"User login successful","role":"Employee","service":"ehr-backend","timestamp":"2025-12-16 00:21:10","userId":"69400b464e56d2e33857223e"}
{"email":"patient@test.com","level":"info","message":"User login successful","role":"Patient","service":"ehr-backend","timestamp":"2025-12-16 00:21:10","userId":"69400b464e56d2e338572240"}
{"level":"info","message":"Authorization check","method":"GET","path":"/audit-logs","requiredRoles":["Admin"],"service":"ehr-backend","timestamp":"2025-12-16 00:21:10","userId":"69400b464e56d2e33857223a","userRole":"Manager"}
{"level":"warn","message":"Authorization denied: Insufficient permissions","method":"GET","path":"/audit-logs","requiredRoles":["Admin"],"service":"ehr-backend","timestamp":"2025-12-16 00:21:10","userId":"69400b464e56d2e33857223a","userRole":"Manager"}
{"email":"admin@test.com","level":"info","message":"User login successful","role":"Admin","service":"ehr-backend","timestamp":"2025-12-16 00:21:11","userId":"69400b474e56d2e338572259"}
{"email":"manager@test.com","level":"info","message":"User login successful","role":"Manager","service":"ehr-backend","timestamp":"2025-12-16 00:21:11","userId":"69400b474e56d2e33857225b"}
{"email":"provider@test.com","level":"info","message":"User login successful","role":"Provider","service":"ehr-backend","timestamp":"2025-12-16 00:21:11","userId":"69400b474e56d2e33857225d"}
{"email":"employee@test.com","level":"info","message":"User login successful","role":"Employee","service":"ehr-backend","timestamp":"2025-12-16 00:21:11","userId":"69400b474e56d2e33857225f"}
{"email":"patient@test.com","level":"info","message":"User login successful","role":"Patient","service":"ehr-backend","timestamp":"2025-12-16 00:21:11","userId":"69400b474e56d2e338572261"}
{"level":"info","message":"Authorization check","method":"GET","path":"/audit-logs","requiredRoles":["Admin"],"service":"ehr-backend","timestamp":"2025-12-16 00:21:11","userId":"69400b474e56d2e33857225d","userRole":"Provider"}
{"level":"warn","message":"Authorization denied: Insufficient permissions","method":"GET","path":"/audit-logs","requiredRoles":["Admin"],"service":"ehr-backend","timestamp":"2025-12-16 00:21:11","userId":"69400b474e56d2e33857225d","userRole":"Provider"}
{"email":"admin@test.com","level":"info","message":"User login successful","role":"Admin","service":"ehr-backend","timestamp":"2025-12-16 00:21:12","userId":"69400b474e56d2e33857227a"}
{"email":"manager@test.com","level":"info","message":"User login successful","role":"Manager","service":"ehr-backend","timestamp":"2025-12-16 00:21:12","userId":"69400b474e56d2e33857227c"}
{"email":"provider@test.com","level":"info","message":"User login successful","role":"Provider","service":"ehr-backend","timestamp":"2025-12-16 00:21:12","userId":"69400b474e56d2e33857227e"}
{"email":"employee@test.com","level":"info","message":"User login successful","role":"Employee","service":"ehr-backend","timestamp":"2025-12-16 00:21:12","userId":"69400b474e56d2e338572280"}
{"email":"patient@test.com","level":"info","message":"User login successful","role":"Patient","service":"ehr-backend","timestamp":"2025-12-16 00:21:12","userId":"69400b474e56d2e338572282"}
{"level":"info","message":"Authorization check","method":"GET","path":"/audit-logs","requiredRoles":["Admin"],"service":"ehr-backend","timestamp":"2025-12-16 00:21:12","userId":"69400b474e56d2e338572280","userRole":"Employee"}
{"level":"warn","message":"Authorization denied: Insufficient permissions","method":"GET","path":"/audit-logs","requiredRoles":["Admin"],"service":"ehr-backend","timestamp":"2025-12-16 00:21:12","userId":"69400b474e56d2e338572280","userRole":"Employee"}
{"email":"admin@test.com","level":"info","message":"User login successful","role":"Admin","service":"ehr-backend","timestamp":"2025-12-16 00:21:12","userId":"69400b484e56d2e33857229b"}
{"email":"manager@test.com","level":"info","message":"User login successful","role":"Manager","service":"ehr-backend","timestamp":"2025-12-16 00:21:12","userId":"69400b484e56d2e33857229d"}
{"email":"provider@test.com","level":"info","message":"User login successful","role":"Provider","service":"ehr-backend","timestamp":"2025-12-16 00:21:13","userId":"69400b484e56d2e33857229f"}
{"email":"employee@test.com","level":"info","message":"User login successful","role":"Employee","service":"ehr-backend","timestamp":"2025-12-16 00:21:13","userId":"69400b484e56d2e3385722a1"}
{"email":"patient@test.com","level":"info","message":"User login successful","role":"Patient","service":"ehr-backend","timestamp":"2025-12-16 00:21:13","userId":"69400b484e56d2e3385722a3"}
{"level":"info","message":"Authorization check","method":"GET","path":"/audit-logs","requiredRoles":["Admin"],"service":"ehr-backend","timestamp":"2025-12-16 00:21:13","userId":"69400b484e56d2e3385722a3","userRole":"Patient"}
{"level":"warn","message":"Authorization denied: Insufficient permissions","method":"GET","path":"/audit-logs","requiredRoles":["Admin"],"service":"ehr-backend","timestamp":"2025-12-16 00:21:13","userId":"69400b484e56d2e3385722a3","userRole":"Patient"}
{"email":"admin@test.com","level":"info","message":"User login successful","role":"Admin","service":"ehr-backend","timestamp":"2025-12-16 00:21:13","userId":"69400b494e56d2e3385722bc"}
{"email":"manager@test.com","level":"info","message":"User login successful","role":"Manager","service":"ehr-backend","timestamp":"2025-12-16 00:21:13","userId":"69400b494e56d2e3385722be"}
{"email":"provider@test.com","level":"info","message":"User login successful","role":"Provider","service":"ehr-backend","timestamp":"2025-12-16 00:21:13","userId":"69400b494e56d2e3385722c0"}
{"email":"employee@test.com","level":"info","message":"User login successful","role":"Employee","service":"ehr-backend","timestamp":"2025-12-16 00:21:13","userId":"69400b494e56d2e3385722c2"}
{"email":"patient@test.com","level":"info","message":"User login successful","role":"Patient","service":"ehr-backend","timestamp":"2025-12-16 00:21:13","userId":"69400b494e56d2e3385722c4"}
{"level":"info","message":"Authorization check","method":"POST","path":"/assign-patient","requiredRoles":["Admin","Manager"],"service":"ehr-backend","timestamp":"2025-12-16 00:21:13","userId":"69400b494e56d2e3385722bc","userRole":"Admin"}
{"level":"info","message":"Patient 69400b494e56d2e3385722c4 assigned to Provider 69400b494e56d2e3385722c0 by Admin 69400b494e56d2e3385722bc","service":"ehr-backend","timestamp":"2025-12-16 00:21:13"}
{"email":"admin@test.com","level":"info","message":"User login successful","role":"Admin","service":"ehr-backend","timestamp":"2025-12-16 00:21:14","userId":"69400b494e56d2e3385722df"}
{"email":"manager@test.com","level":"info","message":"User login successful","role":"Manager","service":"ehr-backend","timestamp":"2025-12-16 00:21:14","userId":"69400b4a4e56d2e3385722e1"}
{"email":"provider@test.com","level":"info","message":"User login successful","role":"Provider","service":"ehr-backend","timestamp":"2025-12-16 00:21:14","userId":"69400b4a4e56d2e3385722e3"}
{"email":"employee@test.com","level":"info","message":"User login successful","role":"Employee","service":"ehr-backend","timestamp":"2025-12-16 00:21:14","userId":"69400b4a4e56d2e3385722e5"}
{"email":"patient@test.com","level":"info","message":"User login successful","role":"Patient","service":"ehr-backend","timestamp":"2025-12-16 00:21:14","userId":"69400b4a4e56d2e3385722e7"}
{"level":"info","message":"Authorization check","method":"POST","path":"/assign-patient","requiredRoles":["Admin","Manager"],"service":"ehr-backend","timestamp":"2025-12-16 00:21:14","userId":"69400b4a4e56d2e3385722e1","userRole":"Manager"}
{"level":"info","message":"Patient 69400b4a4e56d2e3385722e7 assigned to Provider 69400b4a4e56d2e3385722e3 by Admin 69400b4a4e56d2e3385722e1","service":"ehr-backend","timestamp":"2025-12-16 00:21:14"}
{"email":"admin@test.com","level":"info","message":"User login successful","role":"Admin","service":"ehr-backend","timestamp":"2025-12-16 00:21:15","userId":"69400b4a4e56d2e338572302"}
{"email":"manager@test.com","level":"info","message":"User login successful","role":"Manager","service":"ehr-backend","timestamp":"2025-12-16 00:21:15","userId":"69400b4a4e56d2e338572304"}
{"email":"provider@test.com","level":"info","message":"User login successful","role":"Provider","service":"ehr-backend","timestamp":"2025-12-16 00:21:15","userId":"69400b4a4e56d2e338572306"}
{"email":"employee@test.com","level":"info","message":"User login successful","role":"Employee","service":"ehr-backend","timestamp":"2025-12-16 00:21:15","userId":"69400b4a4e56d2e338572308"}
{"email":"patient@test.com","level":"info","message":"User login successful","role":"Patient","service":"ehr-backend","timestamp":"2025-12-16 00:21:15","userId":"69400b4a4e56d2e33857230a"}
{"email":"admin@test.com","level":"info","message":"User login successful","role":"Admin","service":"ehr-backend","timestamp":"2025-12-16 00:21:23","userId":"69400b5289b15b5ee6843e23"}
{"email":"manager@test.com","level":"info","message":"User login successful","role":"Manager","service":"ehr-backend","timestamp":"2025-12-16 00:21:23","userId":"69400b5389b15b5ee6843e2b"}
{"email":"provider@test.com","level":"info","message":"User login successful","role":"Provider","service":"ehr-backend","timestamp":"2025-12-16 00:21:23","userId":"69400b5389b15b5ee6843e2d"}
{"email":"assigned@test.com","level":"info","message":"User login successful","role":"Patient","service":"ehr-backend","timestamp":"2025-12-16 00:21:23","userId":"69400b5389b15b5ee6843e31"}
{"email":"admin@test.com","level":"info","message":"User login successful","role":"Admin","service":"ehr-backend","timestamp":"2025-12-16 00:21:24","userId":"69400b5389b15b5ee6843e46"}
{"email":"manager@test.com","level":"info","message":"User login successful","role":"Manager","service":"ehr-backend","timestamp":"2025-12-16 00:21:24","userId":"69400b5389b15b5ee6843e48"}
{"email":"provider@test.com","level":"info","message":"User login successful","role":"Provider","service":"ehr-backend","timestamp":"2025-12-16 00:21:24","userId":"69400b5389b15b5ee6843e4a"}
{"email":"assigned@test.com","level":"info","message":"User login successful","role":"Patient","service":"ehr-backend","timestamp":"2025-12-16 00:21:24","userId":"69400b5489b15b5ee6843e4e"}
{"email":"admin@test.com","level":"info","message":"User login successful","role":"Admin","service":"ehr-backend","timestamp":"2025-12-16 00:21:24","userId":"69400b5489b15b5ee6843e63"}
{"email":"manager@test.com","level":"info","message":"User login successful","role":"Manager","service":"ehr-backend","timestamp":"2025-12-16 00:21:25","userId":"69400b5489b15b5ee6843e65"}
{"email":"provider@test.com","level":"info","message":"User login successful","role":"Provider","service":"ehr-backend","timestamp":"2025-12-16 00:21:25","userId":"69400b5489b15b5ee6843e67"}
{"email":"assigned@test.com","level":"info","message":"User login successful","role":"Patient","service":"ehr-backend","timestamp":"2025-12-16 00:21:25","userId":"69400b5489b15b5ee6843e6b"}
{"email":"admin@test.com","level":"info","message":"User login successful","role":"Admin","service":"ehr-backend","timestamp":"2025-12-16 00:21:25","userId":"69400b5589b15b5ee6843e80"}
{"email":"manager@test.com","level":"info","message":"User login successful","role":"Manager","service":"ehr-backend","timestamp":"2025-12-16 00:21:25","userId":"69400b5589b15b5ee6843e82"}
{"email":"provider@test.com","level":"info","message":"User login successful","role":"Provider","service":"ehr-backend","timestamp":"2025-12-16 00:21:25","userId":"69400b5589b15b5ee6843e84"}
{"email":"assigned@test.com","level":"info","message":"User login successful","role":"Patient","service":"ehr-backend","timestamp":"2025-12-16 00:21:25","userId":"69400b5589b15b5ee6843e88"}
{"email":"admin@test.com","level":"info","message":"User login successful","role":"Admin","service":"ehr-backend","timestamp":"2025-12-16 00:21:26","userId":"69400b5589b15b5ee6843e9d"}
{"email":"manager@test.com","level":"info","message":"User login successful","role":"Manager","service":"ehr-backend","timestamp":"2025-12-16 00:21:26","userId":"69400b5589b15b5ee6843e9f"}
{"email":"provider@test.com","level":"info","message":"User login successful","role":"Provider","service":"ehr-backend","timestamp":"2025-12-16 00:21:26","userId":"69400b5689b15b5ee6843ea1"}
{"email":"assigned@test.com","level":"info","message":"User login successful","role":"Patient","service":"ehr-backend","timestamp":"2025-12-16 00:21:26","userId":"69400b5689b15b5ee6843ea5"}
{"email":"admin@test.com","level":"info","message":"User login successful","role":"Admin","service":"ehr-backend","timestamp":"2025-12-16 00:21:26","userId":"69400b5689b15b5ee6843eba"}
{"email":"manager@test.com","level":"info","message":"User login successful","role":"Manager","service":"ehr-backend","timestamp":"2025-12-16 00:21:27","userId":"69400b5689b15b5ee6843ebc"}
{"email":"provider@test.com","level":"info","message":"User login successful","role":"Provider","service":"ehr-backend","timestamp":"2025-12-16 00:21:27","userId":"69400b5689b15b5ee6843ebe"}
{"email":"assigned@test.com","level":"info","message":"User login successful","role":"Patient","service":"ehr-backend","timestamp":"2025-12-16 00:21:27","userId":"69400b5689b15b5ee6843ec2"}
{"email":"admin@test.com","level":"info","message":"User login successful","role":"Admin","service":"ehr-backend","timestamp":"2025-12-16 00:21:27","userId":"69400b5789b15b5ee6843ed7"}
{"email":"manager@test.com","level":"info","message":"User login successful","role":"Manager","service":"ehr-backend","timestamp":"2025-12-16 00:21:27","userId":"69400b5789b15b5ee6843ed9"}
{"email":"provider@test.com","level":"info","message":"User login successful","role":"Provider","service":"ehr-backend","timestamp":"2025-12-16 00:21:27","userId":"69400b5789b15b5ee6843edb"}
{"email":"assigned@test.com","level":"info","message":"User login successful","role":"Patient","service":"ehr-backend","timestamp":"2025-12-16 00:21:27","userId":"69400b5789b15b5ee6843edf"}
{"email":"admin@test.com","level":"info","message":"User login successful","role":"Admin","service":"ehr-backend","timestamp":"2025-12-16 00:21:28","userId":"69400b5789b15b5ee6843ef4"}
{"email":"manager@test.com","level":"info","message":"User login successful","role":"Manager","service":"ehr-backend","timestamp":"2025-12-16 00:21:28","userId":"69400b5789b15b5ee6843ef6"}
{"email":"provider@test.com","level":"info","message":"User login successful","role":"Provider","service":"ehr-backend","timestamp":"2025-12-16 00:21:28","userId":"69400b5789b15b5ee6843ef8"}
{"email":"assigned@test.com","level":"info","message":"User login successful","role":"Patient","service":"ehr-backend","timestamp":"2025-12-16 00:21:28","userId":"69400b5889b15b5ee6843efc"}
{"email":"admin@test.com","level":"info","message":"User login successful","role":"Admin","service":"ehr-backend","timestamp":"2025-12-16 00:21:28","userId":"69400b5889b15b5ee6843f11"}
{"email":"manager@test.com","level":"info","message":"User login successful","role":"Manager","service":"ehr-backend","timestamp":"2025-12-16 00:21:28","userId":"69400b5889b15b5ee6843f13"}
{"email":"provider@test.com","level":"info","message":"User login successful","role":"Provider","service":"ehr-backend","timestamp":"2025-12-16 00:21:29","userId":"69400b5889b15b5ee6843f15"}
{"email":"assigned@test.com","level":"info","message":"User login successful","role":"Patient","service":"ehr-backend","timestamp":"2025-12-16 00:21:29","userId":"69400b5889b15b5ee6843f19"}
{"email":"admin@test.com","level":"info","message":"User login successful","role":"Admin","service":"ehr-backend","timestamp":"2025-12-16 00:21:29","userId":"69400b5989b15b5ee6843f2e"}
{"email":"manager@test.com","level":"info","message":"User login successful","role":"Manager","service":"ehr-backend","timestamp":"2025-12-16 00:21:29","userId":"69400b5989b15b5ee6843f30"}
{"email":"provider@test.com","level":"info","message":"User login successful","role":"Provider","service":"ehr-backend","timestamp":"2025-12-16 00:21:29","userId":"69400b5989b15b5ee6843f32"}
{"email":"assigned@test.com","level":"info","message":"User login successful","role":"Patient","service":"ehr-backend","timestamp":"2025-12-16 00:21:29","userId":"69400b5989b15b5ee6843f36"}
{"email":"admin@test.com","level":"info","message":"User login successful","role":"Admin","service":"ehr-backend","timestamp":"2025-12-16 00:21:30","userId":"69400b5989b15b5ee6843f4b"}
{"email":"manager@test.com","level":"info","message":"User login successful","role":"Manager","service":"ehr-backend","timestamp":"2025-12-16 00:21:30","userId":"69400b5989b15b5ee6843f4d"}
{"email":"provider@test.com","level":"info","message":"User login successful","role":"Provider","service":"ehr-backend","timestamp":"2025-12-16 00:21:30","userId":"69400b5989b15b5ee6843f4f"}
{"email":"assigned@test.com","level":"info","message":"User login successful","role":"Patient","service":"ehr-backend","timestamp":"2025-12-16 00:21:30","userId":"69400b5a89b15b5ee6843f53"}
{"email":"admin@test.com","level":"info","message":"User login successful","role":"Admin","service":"ehr-backend","timestamp":"2025-12-16 00:21:30","userId":"69400b5a89b15b5ee6843f68"}
{"email":"manager@test.com","level":"info","message":"User login successful","role":"Manager","service":"ehr-backend","timestamp":"2025-12-16 00:21:30","userId":"69400b5a89b15b5ee6843f6a"}
{"email":"provider@test.com","level":"info","message":"User login successful","role":"Provider","service":"ehr-backend","timestamp":"2025-12-16 00:21:31","userId":"69400b5a89b15b5ee6843f6c"}
{"email":"assigned@test.com","level":"info","message":"User login successful","role":"Patient","service":"ehr-backend","timestamp":"2025-12-16 00:21:31","userId":"69400b5a89b15b5ee6843f70"}
{"email":"admin@test.com","level":"info","message":"User login successful","role":"Admin","service":"ehr-backend","timestamp":"2025-12-16 00:21:31","userId":"69400b5b89b15b5ee6843f85"}
{"email":"manager@test.com","level":"info","message":"User login successful","role":"Manager","service":"ehr-backend","timestamp":"2025-12-16 00:21:31","userId":"69400b5b89b15b5ee6843f87"}
{"email":"provider@test.com","level":"info","message":"User login successful","role":"Provider","service":"ehr-backend","timestamp":"2025-12-16 00:21:31","userId":"69400b5b89b15b5ee6843f89"}
{"email":"assigned@test.com","level":"info","message":"User login successful","role":"Patient","service":"ehr-backend","timestamp":"2025-12-16 00:21:31","userId":"69400b5b89b15b5ee6843f8d"}
{"email":"admin@test.com","level":"info","message":"User login successful","role":"Admin","service":"ehr-backend","timestamp":"2025-12-16 00:21:32","userId":"69400b5b89b15b5ee6843fa2"}
{"email":"manager@test.com","level":"info","message":"User login successful","role":"Manager","service":"ehr-backend","timestamp":"2025-12-16 00:21:32","userId":"69400b5b89b15b5ee6843fa4"}
{"email":"provider@test.com","level":"info","message":"User login successful","role":"Provider","service":"ehr-backend","timestamp":"2025-12-16 00:21:32","userId":"69400b5b89b15b5ee6843fa6"}
{"email":"assigned@test.com","level":"info","message":"User login successful","role":"Patient","service":"ehr-backend","timestamp":"2025-12-16 00:21:32","userId":"69400b5c89b15b5ee6843faa"}
{"email":"admin@test.com","level":"info","message":"User login successful","role":"Admin","service":"ehr-backend","timestamp":"2025-12-16 00:21:32","userId":"69400b5c89b15b5ee6843fbf"}
{"email":"manager@test.com","level":"info","message":"User login successful","role":"Manager","service":"ehr-backend","timestamp":"2025-12-16 00:21:32","userId":"69400b5c89b15b5ee6843fc1"}
{"email":"provider@test.com","level":"info","message":"User login successful","role":"Provider","service":"ehr-backend","timestamp":"2025-12-16 00:21:32","userId":"69400b5c89b15b5ee6843fc3"}
{"email":"assigned@test.com","level":"info","message":"User login successful","role":"Patient","service":"ehr-backend","timestamp":"2025-12-16 00:21:33","userId":"69400b5c89b15b5ee6843fc7"}
{"email":"admin@test.com","level":"info","message":"User login successful","role":"Admin","service":"ehr-backend","timestamp":"2025-12-16 00:21:33","userId":"69400b5d89b15b5ee6843fdc"}
{"email":"manager@test.com","level":"info","message":"User login successful","role":"Manager","service":"ehr-backend","timestamp":"2025-12-16 00:21:33","userId":"69400b5d89b15b5ee6843fde"}
{"email":"provider@test.com","level":"info","message":"User login successful","role":"Provider","service":"ehr-backend","timestamp":"2025-12-16 00:21:33","userId":"69400b5d89b15b5ee6843fe0"}
{"email":"assigned@test.com","level":"info","message":"User login successful","role":"Patient","service":"ehr-backend","timestamp":"2025-12-16 00:21:33","userId":"69400b5d89b15b5ee6843fe4"}
{"email":"admin@test.com","level":"info","message":"User login successful","role":"Admin","service":"ehr-backend","timestamp":"2025-12-16 00:21:34","userId":"69400b5d89b15b5ee6843ff9"}
{"email":"manager@test.com","level":"info","message":"User login successful","role":"Manager","service":"ehr-backend","timestamp":"2025-12-16 00:21:34","userId":"69400b5d89b15b5ee6843ffb"}
{"email":"provider@test.com","level":"info","message":"User login successful","role":"Provider","service":"ehr-backend","timestamp":"2025-12-16 00:21:34","userId":"69400b5d89b15b5ee6843ffd"}
{"email":"assigned@test.com","level":"info","message":"User login successful","role":"Patient","service":"ehr-backend","timestamp":"2025-12-16 00:21:34","userId":"69400b5d89b15b5ee6844001"}
{"email":"admin@test.com","level":"info","message":"User login successful","role":"Admin","service":"ehr-backend","timestamp":"2025-12-16 00:21:34","userId":"69400b5e89b15b5ee6844016"}
{"email":"manager@test.com","level":"info","message":"User login successful","role":"Manager","service":"ehr-backend","timestamp":"2025-12-16 00:21:34","userId":"69400b5e89b15b5ee6844018"}
{"email":"provider@test.com","level":"info","message":"User login successful","role":"Provider","service":"ehr-backend","timestamp":"2025-12-16 00:21:34","userId":"69400b5e89b15b5ee684401a"}
{"email":"assigned@test.com","level":"info","message":"User login successful","role":"Patient","service":"ehr-backend","timestamp":"2025-12-16 00:21:34","userId":"69400b5e89b15b5ee684401e"}
{"email":"admin@test.com","level":"info","message":"User login successful","role":"Admin","service":"ehr-backend","timestamp":"2025-12-16 00:21:35","userId":"69400b5e89b15b5ee6844033"}
{"email":"manager@test.com","level":"info","message":"User login successful","role":"Manager","service":"ehr-backend","timestamp":"2025-12-16 00:21:35","userId":"69400b5f89b15b5ee6844035"}
{"email":"provider@test.com","level":"info","message":"User login successful","role":"Provider","service":"ehr-backend","timestamp":"2025-12-16 00:21:35","userId":"69400b5f89b15b5ee6844037"}
{"email":"assigned@test.com","level":"info","message":"User login successful","role":"Patient","service":"ehr-backend","timestamp":"2025-12-16 00:21:35","userId":"69400b5f89b15b5ee684403b"}
{"email":"admin@test.com","level":"info","message":"User login successful","role":"Admin","service":"ehr-backend","timestamp":"2025-12-16 00:21:36","userId":"69400b5f89b15b5ee6844050"}
{"email":"manager@test.com","level":"info","message":"User login successful","role":"Manager","service":"ehr-backend","timestamp":"2025-12-16 00:21:36","userId":"69400b5f89b15b5ee6844052"}
{"email":"provider@test.com","level":"info","message":"User login successful","role":"Provider","service":"ehr-backend","timestamp":"2025-12-16 00:21:36","userId":"69400b5f89b15b5ee6844054"}
{"email":"assigned@test.com","level":"info","message":"User login successful","role":"Patient","service":"ehr-backend","timestamp":"2025-12-16 00:21:36","userId":"69400b5f89b15b5ee6844058"}
{"email":"admin@test.com","level":"info","message":"User login successful","role":"Admin","service":"ehr-backend","timestamp":"2025-12-16 00:21:36","userId":"69400b6089b15b5ee684406d"}
{"email":"manager@test.com","level":"info","message":"User login successful","role":"Manager","service":"ehr-backend","timestamp":"2025-12-16 00:21:36","userId":"69400b6089b15b5ee684406f"}
{"email":"provider@test.com","level":"info","message":"User login successful","role":"Provider","service":"ehr-backend","timestamp":"2025-12-16 00:21:36","userId":"69400b6089b15b5ee6844071"}
{"email":"assigned@test.com","level":"info","message":"User login successful","role":"Patient","service":"ehr-backend","timestamp":"2025-12-16 00:21:36","userId":"69400b6089b15b5ee6844075"}
{"email":"admin@test.com","level":"info","message":"User login successful","role":"Admin","service":"ehr-backend","timestamp":"2025-12-16 00:21:37","userId":"69400b6089b15b5ee684408a"}
{"email":"manager@test.com","level":"info","message":"User login successful","role":"Manager","service":"ehr-backend","timestamp":"2025-12-16 00:21:37","userId":"69400b6089b15b5ee684408c"}
{"email":"provider@test.com","level":"info","message":"User login successful","role":"Provider","service":"ehr-backend","timestamp":"2025-12-16 00:21:37","userId":"69400b6189b15b5ee684408e"}
{"email":"assigned@test.com","level":"info","message":"User login successful","role":"Patient","service":"ehr-backend","timestamp":"2025-12-16 00:21:37","userId":"69400b6189b15b5ee6844092"}
{"email":"admin@test.com","level":"info","message":"User login successful","role":"Admin","service":"ehr-backend","timestamp":"2025-12-16 00:21:42","userId":"69400b6507226d4098e2272f"}
{"email":"manager@test.com","level":"info","message":"User login successful","role":"Manager","service":"ehr-backend","timestamp":"2025-12-16 00:21:42","userId":"69400b6607226d4098e2273d"}
{"email":"provider@test.com","level":"info","message":"User login successful","role":"Provider","service":"ehr-backend","timestamp":"2025-12-16 00:21:42","userId":"69400b6607226d4098e22745"}
{"email":"employee@test.com","level":"info","message":"User login successful","role":"Employee","service":"ehr-backend","timestamp":"2025-12-16 00:21:42","userId":"69400b6607226d4098e2274d"}
{"email":"patient@test.com","level":"info","message":"User login successful","role":"Patient","service":"ehr-backend","timestamp":"2025-12-16 00:21:42","userId":"69400b6607226d4098e22755"}
{"email":"admin@test.com","level":"info","message":"User login successful","role":"Admin","service":"ehr-backend","timestamp":"2025-12-16 00:21:43","userId":"69400b6607226d4098e2275d"}
{"email":"patient@test.com","ip":"::ffff:127.0.0.1","level":"warn","message":"Login attempt failed: Invalid password","service":"ehr-backend","timestamp":"2025-12-16 00:21:43","userId":"69400b6707226d4098e22765"}
{"email":"nonexistent@example.com","ip":"::ffff:127.0.0.1","level":"warn","message":"Login attempt failed: User not found","service":"ehr-backend","timestamp":"2025-12-16 00:21:43"}
{"ip":"::ffff:127.0.0.1","level":"warn","message":"Login attempt failed: User not found","service":"ehr-backend","timestamp":"2025-12-16 00:21:43"}
{"email":"patient@test.com","error":"data and hash arguments required","level":"error","message":"Login error","service":"ehr-backend","timestamp":"2025-12-16 00:21:43"}
{"email":"admin@test.com","level":"info","message":"User login successful","role":"Admin","service":"ehr-backend","timestamp":"2025-12-16 00:21:43","userId":"69400b6707226d4098e22779"}
{"email":"admin@test.com","level":"info","message":"User login successful","role":"Admin","service":"ehr-backend","timestamp":"2025-12-16 00:21:43","userId":"69400b6707226d4098e22791"}
{"level":"info","message":"User logout","service":"ehr-backend","timestamp":"2025-12-16 00:21:43"}
{"level":"info","message":"User logout","service":"ehr-backend","timestamp":"2025-12-16 00:21:43"}
{"email":"admin@test.com","level":"info","message":"User login successful","role":"Admin","service":"ehr-backend","timestamp":"2025-12-16 00:21:44","userId":"69400b6707226d4098e227a0"}
{"email":"admin@test.com","level":"info","message":"User login successful","role":"Admin","service":"ehr-backend","timestamp":"2025-12-16 00:21:44","userId":"69400b6807226d4098e227a8"}
{"email":"admin@test.com","level":"info","message":"User login successful","role":"Admin","service":"ehr-backend","timestamp":"2025-12-16 00:21:44","userId":"69400b6807226d4098e227b0"}
{"level":"info","message":"Authorization check","method":"GET","path":"/audit-logs","requiredRoles":["Admin"],"service":"ehr-backend","timestamp":"2025-12-16 00:21:44","userId":"69400b6807226d4098e227b0","userRole":"Admin"}
{"level":"info","message":"Admin 69400b6807226d4098e227b0 retrieved 1 audit logs","service":"ehr-backend","timestamp":"2025-12-16 00:21:44"}
{"ip":"::ffff:127.0.0.1","level":"warn","message":"Authentication failed: Token missing","method":"GET","path":"/audit-logs","service":"ehr-backend","timestamp":"2025-12-16 00:21:44"}
{"error":"jwt expired","ip":"::ffff:127.0.0.1","level":"warn","message":"Authentication failed: JWT verification failed","method":"GET","path":"/audit-logs","service":"ehr-backend","timestamp":"2025-12-16 00:21:44"}
{"email":"patient@test.com","level":"info","message":"User login successful","role":"Patient","service":"ehr-backend","timestamp":"2025-12-16 00:21:49","userId":"69400b6b5a8bba68e8a1a448"}
{"email":"admin@test.com","level":"info","message":"User login successful","role":"Admin","service":"ehr-backend","timestamp":"2025-12-16 00:21:49","userId":"69400b6d5a8bba68e8a1a454"}
{"email":"nonexistent@test.com","ip":"::ffff:127.0.0.1","level":"warn","message":"Login attempt failed: User not found","service":"ehr-backend","timestamp":"2025-12-16 00:21:49"}
{"email":"patient@test.com","ip":"::ffff:127.0.0.1","level":"warn","message":"Login attempt failed: Invalid password","service":"ehr-backend","timestamp":"2025-12-16 00:21:49","userId":"69400b6d5a8bba68e8a1a463"}
{"ip":"::ffff:127.0.0.1","level":"warn","message":"Login attempt failed: User not found","service":"ehr-backend","timestamp":"2025-12-16 00:21:49"}
{"email":"patient@test.com","error":"data and hash arguments required","level":"error","message":"Login error","service":"ehr-backend","timestamp":"2025-12-16 00:21:49"}
{"email":"admin@test.com","level":"info","message":"User login successful","role":"Admin","service":"ehr-backend","timestamp":"2025-12-16 00:21:49","userId":"69400b6d5a8bba68e8a1a473"}
{"email":"provider@test.com","level":"info","message":"User login successful","role":"Provider","service":"ehr-backend","timestamp":"2025-12-16 00:21:49","userId":"69400b6d5a8bba68e8a1a47b"}
{"email":"patient@test.com","level":"info","message":"User login successful","role":"Patient","service":"ehr-backend","timestamp":"2025-12-16 00:21:50","userId":"69400b6d5a8bba68e8a1a483"}
{"email":"patient@test.com","level":"info","message":"User login successful","role":"Patient","service":"ehr-backend","timestamp":"2025-12-16 00:21:50","userId":"69400b6e5a8bba68e8a1a491"}
{"level":"info","message":"User logout","service":"ehr-backend","timestamp":"2025-12-16 00:21:50"}
{"level":"info","message":"User logout","service":"ehr-backend","timestamp":"2025-12-16 00:21:50"}
{"email":"admin@test.com","level":"info","message":"User login successful","role":"Admin","service":"ehr-backend","timestamp":"2025-12-16 00:21:50","userId":"69400b6e5a8bba68e8a1a4a0"}
{"keyVersion":1,"level":"info","message":"Public key retrieved successfully","service":"ehr-backend","timestamp":"2025-12-16 00:21:53"}
{"keyVersion":1,"level":"info","message":"Public key retrieved successfully","service":"ehr-backend","timestamp":"2025-12-16 00:21:53"}
{"keyVersion":1,"level":"info","message":"Public key retrieved successfully","service":"ehr-backend","timestamp":"2025-12-16 00:21:53"}
{"keyVersion":1,"level":"info","message":"Public key retrieved successfully","service":"ehr-backend","timestamp":"2025-12-16 00:21:53"}
{"keyVersion":1,"level":"info","message":"Public key retrieved successfully","service":"ehr-backend","timestamp":"2025-12-16 00:21:53"}
{"error":"Service unavailable","level":"error","message":"Failed to retrieve public key","service":"ehr-backend","timestamp":"2025-12-16 00:21:53"}
{"keyVersion":1,"level":"info","message":"Public key retrieved successfully","service":"ehr-backend","timestamp":"2025-12-16 00:21:53"}
{"keyVersion":1,"level":"info","message":"Public key retrieved successfully","service":"ehr-backend","timestamp":"2025-12-16 00:21:53"}
{"keyVersion":1,"level":"info","message":"Public key retrieved successfully","service":"ehr-backend","timestamp":"2025-12-16 00:21:53"}
{"level":"error","message":"Health check failed: Cannot read properties of undefined (reading 'healthy')","service":"ehr-backend","stack":"TypeError: Cannot read properties of undefined (reading 'healthy')\n    at healthy (/Users/user/Documents/Monash/CyberSecurity/Assesment2/Final Submission/TP6 25/EHR_draft/ehr-backend/controllers/healthController.js:22:29)\n    at processTicksAndRejections (node:internal/process/task_queues:103:5)","timestamp":"2025-12-16 00:21:57"}
{"level":"error","message":"Health check failed: Cannot read properties of undefined (reading 'healthy')","service":"ehr-backend","stack":"TypeError: Cannot read properties of undefined (reading 'healthy')\n    at healthy (/Users/user/Documents/Monash/CyberSecurity/Assesment2/Final Submission/TP6 25/EHR_draft/ehr-backend/controllers/healthController.js:22:29)\n    at processTicksAndRejections (node:internal/process/task_queues:103:5)","timestamp":"2025-12-16 00:21:57"}
{"level":"error","message":"Health check failed: Cannot read properties of undefined (reading 'healthy')","service":"ehr-backend","stack":"TypeError: Cannot read properties of undefined (reading 'healthy')\n    at healthy (/Users/user/Documents/Monash/CyberSecurity/Assesment2/Final Submission/TP6 25/EHR_draft/ehr-backend/controllers/healthController.js:22:29)\n    at processTicksAndRejections (node:internal/process/task_queues:103:5)","timestamp":"2025-12-16 00:21:58"}
{"level":"error","message":"Health check failed: Cannot read properties of undefined (reading 'healthy')","service":"ehr-backend","stack":"TypeError: Cannot read properties of undefined (reading 'healthy')\n    at healthy (/Users/user/Documents/Monash/CyberSecurity/Assesment2/Final Submission/TP6 25/EHR_draft/ehr-backend/controllers/healthController.js:22:29)\n    at processTicksAndRejections (node:internal/process/task_queues:103:5)","timestamp":"2025-12-16 00:21:58"}
{"level":"error","message":"Health check failed: Cannot read properties of undefined (reading 'healthy')","service":"ehr-backend","stack":"TypeError: Cannot read properties of undefined (reading 'healthy')\n    at healthy (/Users/user/Documents/Monash/CyberSecurity/Assesment2/Final Submission/TP6 25/EHR_draft/ehr-backend/controllers/healthController.js:22:29)\n    at processTicksAndRejections (node:internal/process/task_queues:103:5)","timestamp":"2025-12-16 00:21:58"}
{"level":"info","message":"Health check performed","service":"ehr-backend","services":{"api":"operational","mongodb":"connected"},"status":"unhealthy","timestamp":"2025-12-16 00:21:58"}
{"level":"error","message":"Health check failed: Cannot read properties of undefined (reading 'healthy')","service":"ehr-backend","stack":"TypeError: Cannot read properties of undefined (reading 'healthy')\n    at healthy (/Users/user/Documents/Monash/CyberSecurity/Assesment2/Final Submission/TP6 25/EHR_draft/ehr-backend/controllers/healthController.js:22:29)\n    at processTicksAndRejections (node:internal/process/task_queues:103:5)","timestamp":"2025-12-16 00:21:58"}
{"level":"error","message":"Health check failed: Cannot read properties of undefined (reading 'healthy')","service":"ehr-backend","stack":"TypeError: Cannot read properties of undefined (reading 'healthy')\n    at healthy (/Users/user/Documents/Monash/CyberSecurity/Assesment2/Final Submission/TP6 25/EHR_draft/ehr-backend/controllers/healthController.js:22:29)\n    at processTicksAndRejections (node:internal/process/task_queues:103:5)","timestamp":"2025-12-16 00:21:58"}
{"level":"error","message":"Health check failed: Cannot read properties of undefined (reading 'healthy')","service":"ehr-backend","stack":"TypeError: Cannot read properties of undefined (reading 'healthy')\n    at healthy (/Users/user/Documents/Monash/CyberSecurity/Assesment2/Final Submission/TP6 25/EHR_draft/ehr-backend/controllers/healthController.js:22:29)\n    at processTicksAndRejections (node:internal/process/task_queues:103:5)","timestamp":"2025-12-16 00:21:58"}
{"level":"error","message":"Health check failed: Health check failed","service":"ehr-backend","stack":"Error: Health check failed\n    at Object.<anonymous> (/Users/user/Documents/Monash/CyberSecurity/Assesment2/Final Submission/TP6 25/EHR_draft/ehr-backend/test/integration/health.integration.test.js:240:55)\n    at Promise.finally.completed (/Users/user/Documents/Monash/CyberSecurity/Assesment2/Final Submission/TP6 25/EHR_draft/ehr-backend/node_modules/jest-circus/build/jestAdapterInit.js:1557:28)\n    at new Promise (<anonymous>)\n    at callAsyncCircusFn (/Users/user/Documents/Monash/CyberSecurity/Assesment2/Final Submission/TP6 25/EHR_draft/ehr-backend/node_modules/jest-circus/build/jestAdapterInit.js:1497:10)\n    at _callCircusTest (/Users/user/Documents/Monash/CyberSecurity/Assesment2/Final Submission/TP6 25/EHR_draft/ehr-backend/node_modules/jest-circus/build/jestAdapterInit.js:1007:40)\n    at processTicksAndRejections (node:internal/process/task_queues:103:5)\n    at _runTest (/Users/user/Documents/Monash/CyberSecurity/Assesment2/Final Submission/TP6 25/EHR_draft/ehr-backend/node_modules/jest-circus/build/jestAdapterInit.js:947:3)\n    at /Users/user/Documents/Monash/CyberSecurity/Assesment2/Final Submission/TP6 25/EHR_draft/ehr-backend/node_modules/jest-circus/build/jestAdapterInit.js:849:7\n    at _runTestsForDescribeBlock (/Users/user/Documents/Monash/CyberSecurity/Assesment2/Final Submission/TP6 25/EHR_draft/ehr-backend/node_modules/jest-circus/build/jestAdapterInit.js:862:11)\n    at _runTestsForDescribeBlock (/Users/user/Documents/Monash/CyberSecurity/Assesment2/Final Submission/TP6 25/EHR_draft/ehr-backend/node_modules/jest-circus/build/jestAdapterInit.js:857:11)\n    at _runTestsForDescribeBlock (/Users/user/Documents/Monash/CyberSecurity/Assesment2/Final Submission/TP6 25/EHR_draft/ehr-backend/node_modules/jest-circus/build/jestAdapterInit.js:857:11)\n    at run (/Users/user/Documents/Monash/CyberSecurity/Assesment2/Final Submission/TP6 25/EHR_draft/ehr-backend/node_modules/jest-circus/build/jestAdapterInit.js:761:3)\n    at runAndTransformResultsToJestFormat (/Users/user/Documents/Monash/CyberSecurity/Assesment2/Final Submission/TP6 25/EHR_draft/ehr-backend/node_modules/jest-circus/build/jestAdapterInit.js:1918:21)\n    at jestAdapter (/Users/user/Documents/Monash/CyberSecurity/Assesment2/Final Submission/TP6 25/EHR_draft/ehr-backend/node_modules/jest-circus/build/runner.js:101:19)\n    at runTestInternal (/Users/user/Documents/Monash/CyberSecurity/Assesment2/Final Submission/TP6 25/EHR_draft/ehr-backend/node_modules/jest-runner/build/index.js:275:16)\n    at runTest (/Users/user/Documents/Monash/CyberSecurity/Assesment2/Final Submission/TP6 25/EHR_draft/ehr-backend/node_modules/jest-runner/build/index.js:343:7)","timestamp":"2025-12-16 00:21:58"}
{"level":"info","message":"Health check performed","service":"ehr-backend","services":{"api":"operational","mongodb":"connected"},"status":"unhealthy","timestamp":"2025-12-16 00:21:58"}
{"level":"error","message":"Health check failed: Cannot read properties of undefined (reading 'healthy')","service":"ehr-backend","stack":"TypeError: Cannot read properties of undefined (reading 'healthy')\n    at healthy (/Users/user/Documents/Monash/CyberSecurity/Assesment2/Final Submission/TP6 25/EHR_draft/ehr-backend/controllers/healthController.js:22:29)\n    at processTicksAndRejections (node:internal/process/task_queues:103:5)","timestamp":"2025-12-16 00:21:58"}
{"email":"admin@test.com","level":"info","message":"User login successful","role":"Admin","service":"ehr-backend","timestamp":"2025-12-16 00:27:13","userId":"69400cb03b800a4235b497cd"}
{"email":"manager@test.com","level":"info","message":"User login successful","role":"Manager","service":"ehr-backend","timestamp":"2025-12-16 00:27:13","userId":"69400cb13b800a4235b497d5"}
{"email":"provider@test.com","level":"info","message":"User login successful","role":"Provider","service":"ehr-backend","timestamp":"2025-12-16 00:27:14","userId":"69400cb13b800a4235b497d7"}
{"email":"employee@test.com","level":"info","message":"User login successful","role":"Employee","service":"ehr-backend","timestamp":"2025-12-16 00:27:14","userId":"69400cb13b800a4235b497d9"}
{"email":"patient@test.com","level":"info","message":"User login successful","role":"Patient","service":"ehr-backend","timestamp":"2025-12-16 00:27:14","userId":"69400cb13b800a4235b497db"}
{"level":"info","message":"Authorization check","method":"POST","path":"/register","requiredRoles":["Employee","Manager","Admin"],"service":"ehr-backend","timestamp":"2025-12-16 00:27:14","userId":"69400cb03b800a4235b497cd","userRole":"Admin"}
{"creatorId":"69400cb03b800a4235b497cd","creatorRole":"Admin","level":"info","message":"User registered successfully","newUserId":"69400cb23b800a4235b497ed","newUserRole":"Patient","service":"ehr-backend","timestamp":"2025-12-16 00:27:14"}
{"level":"info","message":"Authorization check","method":"POST","path":"/register","requiredRoles":["Employee","Manager","Admin"],"service":"ehr-backend","timestamp":"2025-12-16 00:27:14","userId":"69400cb03b800a4235b497cd","userRole":"Admin"}
{"creatorId":"69400cb03b800a4235b497cd","creatorRole":"Admin","level":"info","message":"User registered successfully","newUserId":"69400cb23b800a4235b497f2","newUserRole":"Provider","service":"ehr-backend","timestamp":"2025-12-16 00:27:14"}
{"level":"info","message":"Authorization check","method":"POST","path":"/register","requiredRoles":["Employee","Manager","Admin"],"service":"ehr-backend","timestamp":"2025-12-16 00:27:14","userId":"69400cb03b800a4235b497cd","userRole":"Admin"}
{"creatorId":"69400cb03b800a4235b497cd","creatorRole":"Admin","level":"info","message":"User registered successfully","newUserId":"69400cb23b800a4235b497f7","newUserRole":"Employee","service":"ehr-backend","timestamp":"2025-12-16 00:27:14"}
{"level":"info","message":"Authorization check","method":"POST","path":"/register","requiredRoles":["Employee","Manager","Admin"],"service":"ehr-backend","timestamp":"2025-12-16 00:27:14","userId":"69400cb03b800a4235b497cd","userRole":"Admin"}
{"creatorId":"69400cb03b800a4235b497cd","creatorRole":"Admin","level":"info","message":"User registered successfully","newUserId":"69400cb23b800a4235b497fc","newUserRole":"Manager","service":"ehr-backend","timestamp":"2025-12-16 00:27:14"}
{"email":"admin@test.com","level":"info","message":"User login successful","role":"Admin","service":"ehr-backend","timestamp":"2025-12-16 00:27:15","userId":"69400cb23b800a4235b49806"}
{"email":"manager@test.com","level":"info","message":"User login successful","role":"Manager","service":"ehr-backend","timestamp":"2025-12-16 00:27:15","userId":"69400cb23b800a4235b49808"}
{"email":"provider@test.com","level":"info","message":"User login successful","role":"Provider","service":"ehr-backend","timestamp":"2025-12-16 00:27:15","userId":"69400cb23b800a4235b4980a"}
{"email":"employee@test.com","level":"info","message":"User login successful","role":"Employee","service":"ehr-backend","timestamp":"2025-12-16 00:27:15","userId":"69400cb23b800a4235b4980c"}
{"email":"patient@test.com","level":"info","message":"User login successful","role":"Patient","service":"ehr-backend","timestamp":"2025-12-16 00:27:15","userId":"69400cb23b800a4235b4980e"}
{"level":"info","message":"Authorization check","method":"POST","path":"/register","requiredRoles":["Employee","Manager","Admin"],"service":"ehr-backend","timestamp":"2025-12-16 00:27:15","userId":"69400cb23b800a4235b49808","userRole":"Manager"}
{"creatorId":"69400cb23b800a4235b49808","creatorRole":"Manager","level":"info","message":"User registered successfully","newUserId":"69400cb33b800a4235b49820","newUserRole":"Employee","service":"ehr-backend","timestamp":"2025-12-16 00:27:15"}
{"level":"info","message":"Authorization check","method":"POST","path":"/register","requiredRoles":["Employee","Manager","Admin"],"service":"ehr-backend","timestamp":"2025-12-16 00:27:15","userId":"69400cb23b800a4235b49808","userRole":"Manager"}
{"creatorId":"69400cb23b800a4235b49808","creatorRole":"Manager","level":"info","message":"User registered successfully","newUserId":"69400cb33b800a4235b49825","newUserRole":"Provider","service":"ehr-backend","timestamp":"2025-12-16 00:27:15"}
{"level":"info","message":"Authorization check","method":"POST","path":"/register","requiredRoles":["Employee","Manager","Admin"],"service":"ehr-backend","timestamp":"2025-12-16 00:27:15","userId":"69400cb23b800a4235b49808","userRole":"Manager"}
{"creatorId":"69400cb23b800a4235b49808","creatorRole":"Manager","level":"info","message":"User registered successfully","newUserId":"69400cb33b800a4235b4982a","newUserRole":"Patient","service":"ehr-backend","timestamp":"2025-12-16 00:27:15"}
{"email":"admin@test.com","level":"info","message":"User login successful","role":"Admin","service":"ehr-backend","timestamp":"2025-12-16 00:27:16","userId":"69400cb33b800a4235b49834"}
{"email":"manager@test.com","level":"info","message":"User login successful","role":"Manager","service":"ehr-backend","timestamp":"2025-12-16 00:27:16","userId":"69400cb33b800a4235b49836"}
{"email":"provider@test.com","level":"info","message":"User login successful","role":"Provider","service":"ehr-backend","timestamp":"2025-12-16 00:27:16","userId":"69400cb33b800a4235b49838"}
{"email":"employee@test.com","level":"info","message":"User login successful","role":"Employee","service":"ehr-backend","timestamp":"2025-12-16 00:27:16","userId":"69400cb33b800a4235b4983a"}
{"email":"patient@test.com","level":"info","message":"User login successful","role":"Patient","service":"ehr-backend","timestamp":"2025-12-16 00:27:16","userId":"69400cb43b800a4235b4983c"}
{"level":"info","message":"Authorization check","method":"POST","path":"/register","requiredRoles":["Employee","Manager","Admin"],"service":"ehr-backend","timestamp":"2025-12-16 00:27:16","userId":"69400cb33b800a4235b49836","userRole":"Manager"}
{"creatorId":"69400cb33b800a4235b49836","creatorRole":"Manager","level":"warn","message":"Registration denied: Insufficient permissions","service":"ehr-backend","targetRole":"Manager","timestamp":"2025-12-16 00:27:16"}
{"email":"admin@test.com","level":"info","message":"User login successful","role":"Admin","service":"ehr-backend","timestamp":"2025-12-16 00:27:16","userId":"69400cb43b800a4235b49853"}
{"email":"manager@test.com","level":"info","message":"User login successful","role":"Manager","service":"ehr-backend","timestamp":"2025-12-16 00:27:17","userId":"69400cb43b800a4235b49855"}
{"email":"provider@test.com","level":"info","message":"User login successful","role":"Provider","service":"ehr-backend","timestamp":"2025-12-16 00:27:17","userId":"69400cb43b800a4235b49857"}
{"email":"employee@test.com","level":"info","message":"User login successful","role":"Employee","service":"ehr-backend","timestamp":"2025-12-16 00:27:17","userId":"69400cb43b800a4235b49859"}
{"email":"patient@test.com","level":"info","message":"User login successful","role":"Patient","service":"ehr-backend","timestamp":"2025-12-16 00:27:17","userId":"69400cb43b800a4235b4985b"}
{"level":"info","message":"Authorization check","method":"POST","path":"/register","requiredRoles":["Employee","Manager","Admin"],"service":"ehr-backend","timestamp":"2025-12-16 00:27:17","userId":"69400cb43b800a4235b49859","userRole":"Employee"}
{"creatorId":"69400cb43b800a4235b49859","creatorRole":"Employee","level":"info","message":"User registered successfully","newUserId":"69400cb53b800a4235b4986d","newUserRole":"Patient","service":"ehr-backend","timestamp":"2025-12-16 00:27:17"}
{"email":"admin@test.com","level":"info","message":"User login successful","role":"Admin","service":"ehr-backend","timestamp":"2025-12-16 00:27:17","userId":"69400cb53b800a4235b49877"}
{"email":"manager@test.com","level":"info","message":"User login successful","role":"Manager","service":"ehr-backend","timestamp":"2025-12-16 00:27:17","userId":"69400cb53b800a4235b49879"}
{"email":"provider@test.com","level":"info","message":"User login successful","role":"Provider","service":"ehr-backend","timestamp":"2025-12-16 00:27:17","userId":"69400cb53b800a4235b4987b"}
{"email":"employee@test.com","level":"info","message":"User login successful","role":"Employee","service":"ehr-backend","timestamp":"2025-12-16 00:27:18","userId":"69400cb53b800a4235b4987d"}
{"email":"patient@test.com","level":"info","message":"User login successful","role":"Patient","service":"ehr-backend","timestamp":"2025-12-16 00:27:18","userId":"69400cb53b800a4235b4987f"}
{"level":"info","message":"Authorization check","method":"POST","path":"/register","requiredRoles":["Employee","Manager","Admin"],"service":"ehr-backend","timestamp":"2025-12-16 00:27:18","userId":"69400cb53b800a4235b4987d","userRole":"Employee"}
{"creatorId":"69400cb53b800a4235b4987d","creatorRole":"Employee","level":"warn","message":"Registration denied: Insufficient permissions","service":"ehr-backend","targetRole":"Provider","timestamp":"2025-12-16 00:27:18"}
{"email":"admin@test.com","level":"info","message":"User login successful","role":"Admin","service":"ehr-backend","timestamp":"2025-12-16 00:27:18","userId":"69400cb63b800a4235b49896"}
{"email":"manager@test.com","level":"info","message":"User login successful","role":"Manager","service":"ehr-backend","timestamp":"2025-12-16 00:27:18","userId":"69400cb63b800a4235b49898"}
{"email":"provider@test.com","level":"info","message":"User login successful","role":"Provider","service":"ehr-backend","timestamp":"2025-12-16 00:27:18","userId":"69400cb63b800a4235b4989a"}
{"email":"employee@test.com","level":"info","message":"User login successful","role":"Employee","service":"ehr-backend","timestamp":"2025-12-16 00:27:18","userId":"69400cb63b800a4235b4989c"}
{"email":"patient@test.com","level":"info","message":"User login successful","role":"Patient","service":"ehr-backend","timestamp":"2025-12-16 00:27:18","userId":"69400cb63b800a4235b4989e"}
{"level":"info","message":"Authorization check","method":"POST","path":"/register","requiredRoles":["Employee","Manager","Admin"],"service":"ehr-backend","timestamp":"2025-12-16 00:27:18","userId":"69400cb63b800a4235b4989c","userRole":"Employee"}
{"creatorId":"69400cb63b800a4235b4989c","creatorRole":"Employee","level":"warn","message":"Registration denied: Insufficient permissions","service":"ehr-backend","targetRole":"Employee","timestamp":"2025-12-16 00:27:18"}
{"email":"admin@test.com","level":"info","message":"User login successful","role":"Admin","service":"ehr-backend","timestamp":"2025-12-16 00:27:19","userId":"69400cb63b800a4235b498b5"}
{"email":"manager@test.com","level":"info","message":"User login successful","role":"Manager","service":"ehr-backend","timestamp":"2025-12-16 00:27:19","userId":"69400cb63b800a4235b498b7"}
{"email":"provider@test.com","level":"info","message":"User login successful","role":"Provider","service":"ehr-backend","timestamp":"2025-12-16 00:27:19","userId":"69400cb73b800a4235b498b9"}
{"email":"employee@test.com","level":"info","message":"User login successful","role":"Employee","service":"ehr-backend","timestamp":"2025-12-16 00:27:19","userId":"69400cb73b800a4235b498bb"}
{"email":"patient@test.com","level":"info","message":"User login successful","role":"Patient","service":"ehr-backend","timestamp":"2025-12-16 00:27:19","userId":"69400cb73b800a4235b498bd"}
{"level":"info","message":"Authorization check","method":"POST","path":"/register","requiredRoles":["Employee","Manager","Admin"],"service":"ehr-backend","timestamp":"2025-12-16 00:27:19","userId":"69400cb73b800a4235b498b9","userRole":"Provider"}
{"level":"warn","message":"Authorization denied: Insufficient permissions","method":"POST","path":"/register","requiredRoles":["Employee","Manager","Admin"],"service":"ehr-backend","timestamp":"2025-12-16 00:27:19","userId":"69400cb73b800a4235b498b9","userRole":"Provider"}
{"email":"admin@test.com","level":"info","message":"User login successful","role":"Admin","service":"ehr-backend","timestamp":"2025-12-16 00:27:20","userId":"69400cb73b800a4235b498d6"}
{"email":"manager@test.com","level":"info","message":"User login successful","role":"Manager","service":"ehr-backend","timestamp":"2025-12-16 00:27:20","userId":"69400cb73b800a4235b498d8"}
{"email":"provider@test.com","level":"info","message":"User login successful","role":"Provider","service":"ehr-backend","timestamp":"2025-12-16 00:27:20","userId":"69400cb73b800a4235b498da"}
{"email":"employee@test.com","level":"info","message":"User login successful","role":"Employee","service":"ehr-backend","timestamp":"2025-12-16 00:27:20","userId":"69400cb73b800a4235b498dc"}
{"email":"patient@test.com","level":"info","message":"User login successful","role":"Patient","service":"ehr-backend","timestamp":"2025-12-16 00:27:20","userId":"69400cb73b800a4235b498de"}
{"level":"info","message":"Authorization check","method":"POST","path":"/register","requiredRoles":["Employee","Manager","Admin"],"service":"ehr-backend","timestamp":"2025-12-16 00:27:20","userId":"69400cb73b800a4235b498de","userRole":"Patient"}
{"level":"warn","message":"Authorization denied: Insufficient permissions","method":"POST","path":"/register","requiredRoles":["Employee","Manager","Admin"],"service":"ehr-backend","timestamp":"2025-12-16 00:27:20","userId":"69400cb73b800a4235b498de","userRole":"Patient"}
{"email":"admin@test.com","level":"info","message":"User login successful","role":"Admin","service":"ehr-backend","timestamp":"2025-12-16 00:27:20","userId":"69400cb83b800a4235b498f7"}
{"email":"manager@test.com","level":"info","message":"User login successful","role":"Manager","service":"ehr-backend","timestamp":"2025-12-16 00:27:20","userId":"69400cb83b800a4235b498f9"}
{"email":"provider@test.com","level":"info","message":"User login successful","role":"Provider","service":"ehr-backend","timestamp":"2025-12-16 00:27:21","userId":"69400cb83b800a4235b498fb"}
{"email":"employee@test.com","level":"info","message":"User login successful","role":"Employee","service":"ehr-backend","timestamp":"2025-12-16 00:27:21","userId":"69400cb83b800a4235b498fd"}
{"email":"patient@test.com","level":"info","message":"User login successful","role":"Patient","service":"ehr-backend","timestamp":"2025-12-16 00:27:21","userId":"69400cb83b800a4235b498ff"}
{"level":"info","message":"Authorization check","method":"GET","path":"/audit-logs","requiredRoles":["Admin"],"service":"ehr-backend","timestamp":"2025-12-16 00:27:21","userId":"69400cb83b800a4235b498f7","userRole":"Admin"}
{"level":"info","message":"Admin 69400cb83b800a4235b498f7 retrieved 5 audit logs","service":"ehr-backend","timestamp":"2025-12-16 00:27:21"}
{"email":"admin@test.com","level":"info","message":"User login successful","role":"Admin","service":"ehr-backend","timestamp":"2025-12-16 00:27:21","userId":"69400cb93b800a4235b49917"}
{"email":"manager@test.com","level":"info","message":"User login successful","role":"Manager","service":"ehr-backend","timestamp":"2025-12-16 00:27:21","userId":"69400cb93b800a4235b49919"}
{"email":"provider@test.com","level":"info","message":"User login successful","role":"Provider","service":"ehr-backend","timestamp":"2025-12-16 00:27:21","userId":"69400cb93b800a4235b4991b"}
{"email":"employee@test.com","level":"info","message":"User login successful","role":"Employee","service":"ehr-backend","timestamp":"2025-12-16 00:27:21","userId":"69400cb93b800a4235b4991d"}
{"email":"patient@test.com","level":"info","message":"User login successful","role":"Patient","service":"ehr-backend","timestamp":"2025-12-16 00:27:21","userId":"69400cb93b800a4235b4991f"}
{"level":"info","message":"Authorization check","method":"GET","path":"/audit-logs","requiredRoles":["Admin"],"service":"ehr-backend","timestamp":"2025-12-16 00:27:22","userId":"69400cb93b800a4235b49919","userRole":"Manager"}
{"level":"warn","message":"Authorization denied: Insufficient permissions","method":"GET","path":"/audit-logs","requiredRoles":["Admin"],"service":"ehr-backend","timestamp":"2025-12-16 00:27:22","userId":"69400cb93b800a4235b49919","userRole":"Manager"}
{"email":"admin@test.com","level":"info","message":"User login successful","role":"Admin","service":"ehr-backend","timestamp":"2025-12-16 00:27:22","userId":"69400cba3b800a4235b49938"}
{"email":"manager@test.com","level":"info","message":"User login successful","role":"Manager","service":"ehr-backend","timestamp":"2025-12-16 00:27:22","userId":"69400cba3b800a4235b4993a"}
{"email":"provider@test.com","level":"info","message":"User login successful","role":"Provider","service":"ehr-backend","timestamp":"2025-12-16 00:27:22","userId":"69400cba3b800a4235b4993c"}
{"email":"employee@test.com","level":"info","message":"User login successful","role":"Employee","service":"ehr-backend","timestamp":"2025-12-16 00:27:22","userId":"69400cba3b800a4235b4993e"}
{"email":"patient@test.com","level":"info","message":"User login successful","role":"Patient","service":"ehr-backend","timestamp":"2025-12-16 00:27:22","userId":"69400cba3b800a4235b49940"}
{"level":"info","message":"Authorization check","method":"GET","path":"/audit-logs","requiredRoles":["Admin"],"service":"ehr-backend","timestamp":"2025-12-16 00:27:22","userId":"69400cba3b800a4235b4993c","userRole":"Provider"}
{"level":"warn","message":"Authorization denied: Insufficient permissions","method":"GET","path":"/audit-logs","requiredRoles":["Admin"],"service":"ehr-backend","timestamp":"2025-12-16 00:27:22","userId":"69400cba3b800a4235b4993c","userRole":"Provider"}
{"email":"admin@test.com","level":"info","message":"User login successful","role":"Admin","service":"ehr-backend","timestamp":"2025-12-16 00:27:23","userId":"69400cba3b800a4235b49959"}
{"email":"manager@test.com","level":"info","message":"User login successful","role":"Manager","service":"ehr-backend","timestamp":"2025-12-16 00:27:23","userId":"69400cba3b800a4235b4995b"}
{"email":"provider@test.com","level":"info","message":"User login successful","role":"Provider","service":"ehr-backend","timestamp":"2025-12-16 00:27:23","userId":"69400cba3b800a4235b4995d"}
{"email":"employee@test.com","level":"info","message":"User login successful","role":"Employee","service":"ehr-backend","timestamp":"2025-12-16 00:27:23","userId":"69400cba3b800a4235b4995f"}
{"email":"patient@test.com","level":"info","message":"User login successful","role":"Patient","service":"ehr-backend","timestamp":"2025-12-16 00:27:23","userId":"69400cbb3b800a4235b49961"}
{"level":"info","message":"Authorization check","method":"GET","path":"/audit-logs","requiredRoles":["Admin"],"service":"ehr-backend","timestamp":"2025-12-16 00:27:23","userId":"69400cba3b800a4235b4995f","userRole":"Employee"}
{"level":"warn","message":"Authorization denied: Insufficient permissions","method":"GET","path":"/audit-logs","requiredRoles":["Admin"],"service":"ehr-backend","timestamp":"2025-12-16 00:27:23","userId":"69400cba3b800a4235b4995f","userRole":"Employee"}
{"email":"admin@test.com","level":"info","message":"User login successful","role":"Admin","service":"ehr-backend","timestamp":"2025-12-16 00:27:24","userId":"69400cbb3b800a4235b4997a"}
{"email":"manager@test.com","level":"info","message":"User login successful","role":"Manager","service":"ehr-backend","timestamp":"2025-12-16 00:27:24","userId":"69400cbb3b800a4235b4997c"}
{"email":"provider@test.com","level":"info","message":"User login successful","role":"Provider","service":"ehr-backend","timestamp":"2025-12-16 00:27:24","userId":"69400cbb3b800a4235b4997e"}
{"email":"employee@test.com","level":"info","message":"User login successful","role":"Employee","service":"ehr-backend","timestamp":"2025-12-16 00:27:24","userId":"69400cbb3b800a4235b49980"}
{"email":"patient@test.com","level":"info","message":"User login successful","role":"Patient","service":"ehr-backend","timestamp":"2025-12-16 00:27:24","userId":"69400cbb3b800a4235b49982"}
{"level":"info","message":"Authorization check","method":"GET","path":"/audit-logs","requiredRoles":["Admin"],"service":"ehr-backend","timestamp":"2025-12-16 00:27:24","userId":"69400cbb3b800a4235b49982","userRole":"Patient"}
{"level":"warn","message":"Authorization denied: Insufficient permissions","method":"GET","path":"/audit-logs","requiredRoles":["Admin"],"service":"ehr-backend","timestamp":"2025-12-16 00:27:24","userId":"69400cbb3b800a4235b49982","userRole":"Patient"}
{"email":"admin@test.com","level":"info","message":"User login successful","role":"Admin","service":"ehr-backend","timestamp":"2025-12-16 00:27:24","userId":"69400cbc3b800a4235b4999b"}
{"email":"manager@test.com","level":"info","message":"User login successful","role":"Manager","service":"ehr-backend","timestamp":"2025-12-16 00:27:24","userId":"69400cbc3b800a4235b4999d"}
{"email":"provider@test.com","level":"info","message":"User login successful","role":"Provider","service":"ehr-backend","timestamp":"2025-12-16 00:27:25","userId":"69400cbc3b800a4235b4999f"}
{"email":"employee@test.com","level":"info","message":"User login successful","role":"Employee","service":"ehr-backend","timestamp":"2025-12-16 00:27:25","userId":"69400cbc3b800a4235b499a1"}
{"email":"patient@test.com","level":"info","message":"User login successful","role":"Patient","service":"ehr-backend","timestamp":"2025-12-16 00:27:25","userId":"69400cbc3b800a4235b499a3"}
{"level":"info","message":"Authorization check","method":"POST","path":"/assign-patient","requiredRoles":["Admin","Manager"],"service":"ehr-backend","timestamp":"2025-12-16 00:27:25","userId":"69400cbc3b800a4235b4999b","userRole":"Admin"}
{"level":"info","message":"Patient 69400cbc3b800a4235b499a3 assigned to Provider 69400cbc3b800a4235b4999f by Admin 69400cbc3b800a4235b4999b","service":"ehr-backend","timestamp":"2025-12-16 00:27:25"}
{"email":"admin@test.com","level":"info","message":"User login successful","role":"Admin","service":"ehr-backend","timestamp":"2025-12-16 00:27:25","userId":"69400cbd3b800a4235b499be"}
{"email":"manager@test.com","level":"info","message":"User login successful","role":"Manager","service":"ehr-backend","timestamp":"2025-12-16 00:27:25","userId":"69400cbd3b800a4235b499c0"}
{"email":"provider@test.com","level":"info","message":"User login successful","role":"Provider","service":"ehr-backend","timestamp":"2025-12-16 00:27:25","userId":"69400cbd3b800a4235b499c2"}
{"email":"employee@test.com","level":"info","message":"User login successful","role":"Employee","service":"ehr-backend","timestamp":"2025-12-16 00:27:25","userId":"69400cbd3b800a4235b499c4"}
{"email":"patient@test.com","level":"info","message":"User login successful","role":"Patient","service":"ehr-backend","timestamp":"2025-12-16 00:27:25","userId":"69400cbd3b800a4235b499c6"}
{"level":"info","message":"Authorization check","method":"POST","path":"/assign-patient","requiredRoles":["Admin","Manager"],"service":"ehr-backend","timestamp":"2025-12-16 00:27:25","userId":"69400cbd3b800a4235b499c0","userRole":"Manager"}
{"level":"info","message":"Patient 69400cbd3b800a4235b499c6 assigned to Provider 69400cbd3b800a4235b499c2 by Admin 69400cbd3b800a4235b499c0","service":"ehr-backend","timestamp":"2025-12-16 00:27:25"}
{"email":"admin@test.com","level":"info","message":"User login successful","role":"Admin","service":"ehr-backend","timestamp":"2025-12-16 00:27:26","userId":"69400cbe3b800a4235b499e1"}
{"email":"manager@test.com","level":"info","message":"User login successful","role":"Manager","service":"ehr-backend","timestamp":"2025-12-16 00:27:26","userId":"69400cbe3b800a4235b499e3"}
{"email":"provider@test.com","level":"info","message":"User login successful","role":"Provider","service":"ehr-backend","timestamp":"2025-12-16 00:27:26","userId":"69400cbe3b800a4235b499e5"}
{"email":"employee@test.com","level":"info","message":"User login successful","role":"Employee","service":"ehr-backend","timestamp":"2025-12-16 00:27:26","userId":"69400cbe3b800a4235b499e7"}
{"email":"patient@test.com","level":"info","message":"User login successful","role":"Patient","service":"ehr-backend","timestamp":"2025-12-16 00:27:26","userId":"69400cbe3b800a4235b499e9"}
{"email":"admin@test.com","level":"info","message":"User login successful","role":"Admin","service":"ehr-backend","timestamp":"2025-12-16 00:27:34","userId":"69400cc5db6eafe7456b568e"}
{"email":"manager@test.com","level":"info","message":"User login successful","role":"Manager","service":"ehr-backend","timestamp":"2025-12-16 00:27:34","userId":"69400cc6db6eafe7456b5696"}
{"email":"provider@test.com","level":"info","message":"User login successful","role":"Provider","service":"ehr-backend","timestamp":"2025-12-16 00:27:34","userId":"69400cc6db6eafe7456b5698"}
{"email":"assigned@test.com","level":"info","message":"User login successful","role":"Patient","service":"ehr-backend","timestamp":"2025-12-16 00:27:35","userId":"69400cc6db6eafe7456b569c"}
{"error":"Invalid AES key format after unwrapping","level":"error","message":"Failed to load AES key","service":"ehr-backend","timestamp":"2025-12-16 00:27:35","userId":"69400cc6db6eafe7456b5698"}
{"email":"admin@test.com","level":"info","message":"User login successful","role":"Admin","service":"ehr-backend","timestamp":"2025-12-16 00:27:35","userId":"69400cc7db6eafe7456b56b1"}
{"email":"manager@test.com","level":"info","message":"User login successful","role":"Manager","service":"ehr-backend","timestamp":"2025-12-16 00:27:35","userId":"69400cc7db6eafe7456b56b3"}
{"email":"provider@test.com","level":"info","message":"User login successful","role":"Provider","service":"ehr-backend","timestamp":"2025-12-16 00:27:35","userId":"69400cc7db6eafe7456b56b5"}
{"email":"assigned@test.com","level":"info","message":"User login successful","role":"Patient","service":"ehr-backend","timestamp":"2025-12-16 00:27:35","userId":"69400cc7db6eafe7456b56b9"}
{"error":"Invalid AES key format after unwrapping","level":"error","message":"Failed to load AES key","service":"ehr-backend","timestamp":"2025-12-16 00:27:35","userId":"69400cc7db6eafe7456b56b5"}
{"email":"admin@test.com","level":"info","message":"User login successful","role":"Admin","service":"ehr-backend","timestamp":"2025-12-16 00:27:36","userId":"69400cc7db6eafe7456b56ce"}
{"email":"manager@test.com","level":"info","message":"User login successful","role":"Manager","service":"ehr-backend","timestamp":"2025-12-16 00:27:36","userId":"69400cc7db6eafe7456b56d0"}
{"email":"provider@test.com","level":"info","message":"User login successful","role":"Provider","service":"ehr-backend","timestamp":"2025-12-16 00:27:36","userId":"69400cc7db6eafe7456b56d2"}
{"email":"assigned@test.com","level":"info","message":"User login successful","role":"Patient","service":"ehr-backend","timestamp":"2025-12-16 00:27:36","userId":"69400cc7db6eafe7456b56d6"}
{"error":"Invalid AES key format after unwrapping","level":"error","message":"Failed to load AES key","service":"ehr-backend","timestamp":"2025-12-16 00:27:36","userId":"69400cc7db6eafe7456b56d0"}
{"email":"admin@test.com","level":"info","message":"User login successful","role":"Admin","service":"ehr-backend","timestamp":"2025-12-16 00:27:36","userId":"69400cc8db6eafe7456b56eb"}
{"email":"manager@test.com","level":"info","message":"User login successful","role":"Manager","service":"ehr-backend","timestamp":"2025-12-16 00:27:36","userId":"69400cc8db6eafe7456b56ed"}
{"email":"provider@test.com","level":"info","message":"User login successful","role":"Provider","service":"ehr-backend","timestamp":"2025-12-16 00:27:36","userId":"69400cc8db6eafe7456b56ef"}
{"email":"assigned@test.com","level":"info","message":"User login successful","role":"Patient","service":"ehr-backend","timestamp":"2025-12-16 00:27:37","userId":"69400cc8db6eafe7456b56f3"}
{"error":"Invalid AES key format after unwrapping","level":"error","message":"Failed to load AES key","service":"ehr-backend","timestamp":"2025-12-16 00:27:37","userId":"69400cc8db6eafe7456b56f3"}
{"email":"admin@test.com","level":"info","message":"User login successful","role":"Admin","service":"ehr-backend","timestamp":"2025-12-16 00:27:37","userId":"69400cc9db6eafe7456b5708"}
{"email":"manager@test.com","level":"info","message":"User login successful","role":"Manager","service":"ehr-backend","timestamp":"2025-12-16 00:27:37","userId":"69400cc9db6eafe7456b570a"}
{"email":"provider@test.com","level":"info","message":"User login successful","role":"Provider","service":"ehr-backend","timestamp":"2025-12-16 00:27:37","userId":"69400cc9db6eafe7456b570c"}
{"email":"assigned@test.com","level":"info","message":"User login successful","role":"Patient","service":"ehr-backend","timestamp":"2025-12-16 00:27:37","userId":"69400cc9db6eafe7456b5710"}
{"error":"Invalid AES key format after unwrapping","level":"error","message":"Failed to load AES key","service":"ehr-backend","timestamp":"2025-12-16 00:27:37","userId":"69400cc9db6eafe7456b570c"}
{"email":"admin@test.com","level":"info","message":"User login successful","role":"Admin","service":"ehr-backend","timestamp":"2025-12-16 00:27:38","userId":"69400cc9db6eafe7456b5725"}
{"email":"manager@test.com","level":"info","message":"User login successful","role":"Manager","service":"ehr-backend","timestamp":"2025-12-16 00:27:38","userId":"69400cc9db6eafe7456b5727"}
{"email":"provider@test.com","level":"info","message":"User login successful","role":"Provider","service":"ehr-backend","timestamp":"2025-12-16 00:27:38","userId":"69400cc9db6eafe7456b5729"}
{"email":"assigned@test.com","level":"info","message":"User login successful","role":"Patient","service":"ehr-backend","timestamp":"2025-12-16 00:27:38","userId":"69400ccadb6eafe7456b572d"}
{"error":"Invalid AES key format after unwrapping","level":"error","message":"Failed to load AES key","service":"ehr-backend","timestamp":"2025-12-16 00:27:38","userId":"69400cc9db6eafe7456b5729"}
{"email":"admin@test.com","level":"info","message":"User login successful","role":"Admin","service":"ehr-backend","timestamp":"2025-12-16 00:27:38","userId":"69400ccadb6eafe7456b5742"}
{"email":"manager@test.com","level":"info","message":"User login successful","role":"Manager","service":"ehr-backend","timestamp":"2025-12-16 00:27:38","userId":"69400ccadb6eafe7456b5744"}
{"email":"provider@test.com","level":"info","message":"User login successful","role":"Provider","service":"ehr-backend","timestamp":"2025-12-16 00:27:38","userId":"69400ccadb6eafe7456b5746"}
{"email":"assigned@test.com","level":"info","message":"User login successful","role":"Patient","service":"ehr-backend","timestamp":"2025-12-16 00:27:39","userId":"69400ccadb6eafe7456b574a"}
{"error":"Invalid AES key format after unwrapping","level":"error","message":"Failed to load AES key","service":"ehr-backend","timestamp":"2025-12-16 00:27:39","userId":"69400ccadb6eafe7456b5746"}
{"email":"admin@test.com","level":"info","message":"User login successful","role":"Admin","service":"ehr-backend","timestamp":"2025-12-16 00:27:39","userId":"69400ccbdb6eafe7456b575f"}
{"email":"manager@test.com","level":"info","message":"User login successful","role":"Manager","service":"ehr-backend","timestamp":"2025-12-16 00:27:39","userId":"69400ccbdb6eafe7456b5761"}
{"email":"provider@test.com","level":"info","message":"User login successful","role":"Provider","service":"ehr-backend","timestamp":"2025-12-16 00:27:39","userId":"69400ccbdb6eafe7456b5763"}
{"email":"assigned@test.com","level":"info","message":"User login successful","role":"Patient","service":"ehr-backend","timestamp":"2025-12-16 00:27:39","userId":"69400ccbdb6eafe7456b5767"}
{"level":"info","managerId":"69400ccbdb6eafe7456b5761","message":"All records retrieved","recordCount":1,"service":"ehr-backend","timestamp":"2025-12-16 00:27:39"}
{"email":"admin@test.com","level":"info","message":"User login successful","role":"Admin","service":"ehr-backend","timestamp":"2025-12-16 00:27:40","userId":"69400ccbdb6eafe7456b5782"}
{"email":"manager@test.com","level":"info","message":"User login successful","role":"Manager","service":"ehr-backend","timestamp":"2025-12-16 00:27:40","userId":"69400ccbdb6eafe7456b5784"}
{"email":"provider@test.com","level":"info","message":"User login successful","role":"Provider","service":"ehr-backend","timestamp":"2025-12-16 00:27:40","userId":"69400ccbdb6eafe7456b5786"}
{"email":"assigned@test.com","level":"info","message":"User login successful","role":"Patient","service":"ehr-backend","timestamp":"2025-12-16 00:27:40","userId":"69400cccdb6eafe7456b578a"}
{"email":"admin@test.com","level":"info","message":"User login successful","role":"Admin","service":"ehr-backend","timestamp":"2025-12-16 00:27:40","userId":"69400cccdb6eafe7456b579f"}
{"email":"manager@test.com","level":"info","message":"User login successful","role":"Manager","service":"ehr-backend","timestamp":"2025-12-16 00:27:41","userId":"69400cccdb6eafe7456b57a1"}
{"email":"provider@test.com","level":"info","message":"User login successful","role":"Provider","service":"ehr-backend","timestamp":"2025-12-16 00:27:41","userId":"69400cccdb6eafe7456b57a3"}
{"email":"assigned@test.com","level":"info","message":"User login successful","role":"Patient","service":"ehr-backend","timestamp":"2025-12-16 00:27:41","userId":"69400cccdb6eafe7456b57a7"}
{"email":"admin@test.com","level":"info","message":"User login successful","role":"Admin","service":"ehr-backend","timestamp":"2025-12-16 00:27:41","userId":"69400ccddb6eafe7456b57bc"}
{"email":"manager@test.com","level":"info","message":"User login successful","role":"Manager","service":"ehr-backend","timestamp":"2025-12-16 00:27:41","userId":"69400ccddb6eafe7456b57be"}
{"email":"provider@test.com","level":"info","message":"User login successful","role":"Provider","service":"ehr-backend","timestamp":"2025-12-16 00:27:41","userId":"69400ccddb6eafe7456b57c0"}
{"email":"assigned@test.com","level":"info","message":"User login successful","role":"Patient","service":"ehr-backend","timestamp":"2025-12-16 00:27:41","userId":"69400ccddb6eafe7456b57c4"}
{"error":"Cast to ObjectId failed for value \"my-records\" (type string) at path \"_id\" for model \"PatientRecord\"","level":"error","message":"Error retrieving record by ID","recordId":"my-records","service":"ehr-backend","timestamp":"2025-12-16 00:27:41","userId":"69400ccddb6eafe7456b57c4"}
{"email":"admin@test.com","level":"info","message":"User login successful","role":"Admin","service":"ehr-backend","timestamp":"2025-12-16 00:27:42","userId":"69400ccddb6eafe7456b57db"}
{"email":"manager@test.com","level":"info","message":"User login successful","role":"Manager","service":"ehr-backend","timestamp":"2025-12-16 00:27:42","userId":"69400ccddb6eafe7456b57dd"}
{"email":"provider@test.com","level":"info","message":"User login successful","role":"Provider","service":"ehr-backend","timestamp":"2025-12-16 00:27:42","userId":"69400ccedb6eafe7456b57df"}
{"email":"assigned@test.com","level":"info","message":"User login successful","role":"Patient","service":"ehr-backend","timestamp":"2025-12-16 00:27:42","userId":"69400ccedb6eafe7456b57e3"}
{"error":"Cast to ObjectId failed for value \"my-records\" (type string) at path \"_id\" for model \"PatientRecord\"","level":"error","message":"Error retrieving record by ID","recordId":"my-records","service":"ehr-backend","timestamp":"2025-12-16 00:27:42","userId":"69400ccedb6eafe7456b57e3"}
{"email":"admin@test.com","level":"info","message":"User login successful","role":"Admin","service":"ehr-backend","timestamp":"2025-12-16 00:27:42","userId":"69400ccedb6eafe7456b57fc"}
{"email":"manager@test.com","level":"info","message":"User login successful","role":"Manager","service":"ehr-backend","timestamp":"2025-12-16 00:27:43","userId":"69400ccedb6eafe7456b57fe"}
{"email":"provider@test.com","level":"info","message":"User login successful","role":"Provider","service":"ehr-backend","timestamp":"2025-12-16 00:27:43","userId":"69400ccedb6eafe7456b5800"}
{"email":"assigned@test.com","level":"info","message":"User login successful","role":"Patient","service":"ehr-backend","timestamp":"2025-12-16 00:27:43","userId":"69400ccedb6eafe7456b5804"}
{"error":"Cast to ObjectId failed for value \"my-records\" (type string) at path \"_id\" for model \"PatientRecord\"","level":"error","message":"Error retrieving record by ID","recordId":"my-records","service":"ehr-backend","timestamp":"2025-12-16 00:27:43","userId":"69400ccedb6eafe7456b5800"}
{"email":"admin@test.com","level":"info","message":"User login successful","role":"Admin","service":"ehr-backend","timestamp":"2025-12-16 00:27:43","userId":"69400ccfdb6eafe7456b581b"}
{"email":"manager@test.com","level":"info","message":"User login successful","role":"Manager","service":"ehr-backend","timestamp":"2025-12-16 00:27:43","userId":"69400ccfdb6eafe7456b581d"}
{"email":"provider@test.com","level":"info","message":"User login successful","role":"Provider","service":"ehr-backend","timestamp":"2025-12-16 00:27:43","userId":"69400ccfdb6eafe7456b581f"}
{"email":"assigned@test.com","level":"info","message":"User login successful","role":"Patient","service":"ehr-backend","timestamp":"2025-12-16 00:27:43","userId":"69400ccfdb6eafe7456b5823"}
{"level":"info","message":"Record retrieved by ID","recordId":"69400ccfdb6eafe7456b5832","service":"ehr-backend","timestamp":"2025-12-16 00:27:43","userId":"69400ccfdb6eafe7456b581f"}
{"email":"admin@test.com","level":"info","message":"User login successful","role":"Admin","service":"ehr-backend","timestamp":"2025-12-16 00:27:44","userId":"69400ccfdb6eafe7456b583e"}
{"email":"manager@test.com","level":"info","message":"User login successful","role":"Manager","service":"ehr-backend","timestamp":"2025-12-16 00:27:44","userId":"69400ccfdb6eafe7456b5840"}
{"email":"provider@test.com","level":"info","message":"User login successful","role":"Provider","service":"ehr-backend","timestamp":"2025-12-16 00:27:44","userId":"69400cd0db6eafe7456b5842"}
{"email":"assigned@test.com","level":"info","message":"User login successful","role":"Patient","service":"ehr-backend","timestamp":"2025-12-16 00:27:44","userId":"69400cd0db6eafe7456b5846"}
{"level":"info","message":"Record retrieved by ID","recordId":"69400cd0db6eafe7456b5855","service":"ehr-backend","timestamp":"2025-12-16 00:27:44","userId":"69400cd0db6eafe7456b5846"}
{"email":"admin@test.com","level":"info","message":"User login successful","role":"Admin","service":"ehr-backend","timestamp":"2025-12-16 00:27:45","userId":"69400cd0db6eafe7456b5861"}
{"email":"manager@test.com","level":"info","message":"User login successful","role":"Manager","service":"ehr-backend","timestamp":"2025-12-16 00:27:45","userId":"69400cd0db6eafe7456b5863"}
{"email":"provider@test.com","level":"info","message":"User login successful","role":"Provider","service":"ehr-backend","timestamp":"2025-12-16 00:27:45","userId":"69400cd0db6eafe7456b5865"}
{"email":"assigned@test.com","level":"info","message":"User login successful","role":"Patient","service":"ehr-backend","timestamp":"2025-12-16 00:27:45","userId":"69400cd0db6eafe7456b5869"}
{"level":"info","message":"Record retrieved by ID","recordId":"69400cd1db6eafe7456b5878","service":"ehr-backend","timestamp":"2025-12-16 00:27:45","userId":"69400cd0db6eafe7456b5863"}
{"email":"admin@test.com","level":"info","message":"User login successful","role":"Admin","service":"ehr-backend","timestamp":"2025-12-16 00:27:45","userId":"69400cd1db6eafe7456b5884"}
{"email":"manager@test.com","level":"info","message":"User login successful","role":"Manager","service":"ehr-backend","timestamp":"2025-12-16 00:27:45","userId":"69400cd1db6eafe7456b5886"}
{"email":"provider@test.com","level":"info","message":"User login successful","role":"Provider","service":"ehr-backend","timestamp":"2025-12-16 00:27:45","userId":"69400cd1db6eafe7456b5888"}
{"email":"assigned@test.com","level":"info","message":"User login successful","role":"Patient","service":"ehr-backend","timestamp":"2025-12-16 00:27:45","userId":"69400cd1db6eafe7456b588c"}
{"email":"admin@test.com","level":"info","message":"User login successful","role":"Admin","service":"ehr-backend","timestamp":"2025-12-16 00:27:46","userId":"69400cd2db6eafe7456b58a7"}
{"email":"manager@test.com","level":"info","message":"User login successful","role":"Manager","service":"ehr-backend","timestamp":"2025-12-16 00:27:46","userId":"69400cd2db6eafe7456b58a9"}
{"email":"provider@test.com","level":"info","message":"User login successful","role":"Provider","service":"ehr-backend","timestamp":"2025-12-16 00:27:46","userId":"69400cd2db6eafe7456b58ab"}
{"email":"assigned@test.com","level":"info","message":"User login successful","role":"Patient","service":"ehr-backend","timestamp":"2025-12-16 00:27:46","userId":"69400cd2db6eafe7456b58af"}
{"email":"admin@test.com","level":"info","message":"User login successful","role":"Admin","service":"ehr-backend","timestamp":"2025-12-16 00:27:47","userId":"69400cd2db6eafe7456b58c7"}
{"email":"manager@test.com","level":"info","message":"User login successful","role":"Manager","service":"ehr-backend","timestamp":"2025-12-16 00:27:47","userId":"69400cd2db6eafe7456b58c9"}
{"email":"provider@test.com","level":"info","message":"User login successful","role":"Provider","service":"ehr-backend","timestamp":"2025-12-16 00:27:47","userId":"69400cd2db6eafe7456b58cb"}
{"email":"assigned@test.com","level":"info","message":"User login successful","role":"Patient","service":"ehr-backend","timestamp":"2025-12-16 00:27:47","userId":"69400cd2db6eafe7456b58cf"}
{"error":"Invalid AES key format after unwrapping","level":"error","message":"Failed to load AES key","service":"ehr-backend","timestamp":"2025-12-16 00:27:47","userId":"69400cd2db6eafe7456b58cb"}
{"email":"admin@test.com","level":"info","message":"User login successful","role":"Admin","service":"ehr-backend","timestamp":"2025-12-16 00:27:47","userId":"69400cd3db6eafe7456b58e4"}
{"email":"manager@test.com","level":"info","message":"User login successful","role":"Manager","service":"ehr-backend","timestamp":"2025-12-16 00:27:47","userId":"69400cd3db6eafe7456b58e6"}
{"email":"provider@test.com","level":"info","message":"User login successful","role":"Provider","service":"ehr-backend","timestamp":"2025-12-16 00:27:47","userId":"69400cd3db6eafe7456b58e8"}
{"email":"assigned@test.com","level":"info","message":"User login successful","role":"Patient","service":"ehr-backend","timestamp":"2025-12-16 00:27:48","userId":"69400cd3db6eafe7456b58ec"}
{"email":"admin@test.com","level":"info","message":"User login successful","role":"Admin","service":"ehr-backend","timestamp":"2025-12-16 00:27:48","userId":"69400cd4db6eafe7456b5903"}
{"email":"admin@test.com","level":"info","message":"User login successful","role":"Admin","service":"ehr-backend","timestamp":"2025-12-16 00:27:53","userId":"69400cd8296251ed4a1ed192"}
{"email":"manager@test.com","level":"info","message":"User login successful","role":"Manager","service":"ehr-backend","timestamp":"2025-12-16 00:27:53","userId":"69400cd9296251ed4a1ed1a0"}
{"email":"provider@test.com","level":"info","message":"User login successful","role":"Provider","service":"ehr-backend","timestamp":"2025-12-16 00:27:53","userId":"69400cd9296251ed4a1ed1a8"}
{"email":"employee@test.com","level":"info","message":"User login successful","role":"Employee","service":"ehr-backend","timestamp":"2025-12-16 00:27:54","userId":"69400cd9296251ed4a1ed1b0"}
{"email":"patient@test.com","level":"info","message":"User login successful","role":"Patient","service":"ehr-backend","timestamp":"2025-12-16 00:27:54","userId":"69400cda296251ed4a1ed1b8"}
{"email":"admin@test.com","level":"info","message":"User login successful","role":"Admin","service":"ehr-backend","timestamp":"2025-12-16 00:27:54","userId":"69400cda296251ed4a1ed1c0"}
{"email":"patient@test.com","ip":"::ffff:127.0.0.1","level":"warn","message":"Login attempt failed: Invalid password","service":"ehr-backend","timestamp":"2025-12-16 00:27:54","userId":"69400cda296251ed4a1ed1c8"}
{"email":"nonexistent@example.com","ip":"::ffff:127.0.0.1","level":"warn","message":"Login attempt failed: User not found","service":"ehr-backend","timestamp":"2025-12-16 00:27:54"}
{"ip":"::ffff:127.0.0.1","level":"warn","message":"Login attempt failed: User not found","service":"ehr-backend","timestamp":"2025-12-16 00:27:54"}
{"email":"patient@test.com","error":"data and hash arguments required","level":"error","message":"Login error","service":"ehr-backend","timestamp":"2025-12-16 00:27:54"}
{"email":"admin@test.com","level":"info","message":"User login successful","role":"Admin","service":"ehr-backend","timestamp":"2025-12-16 00:27:54","userId":"69400cda296251ed4a1ed1dc"}
{"email":"admin@test.com","level":"info","message":"User login successful","role":"Admin","service":"ehr-backend","timestamp":"2025-12-16 00:27:55","userId":"69400cda296251ed4a1ed1f4"}
{"level":"info","message":"User logout","service":"ehr-backend","timestamp":"2025-12-16 00:27:55"}
{"level":"info","message":"User logout","service":"ehr-backend","timestamp":"2025-12-16 00:27:55"}
{"email":"admin@test.com","level":"info","message":"User login successful","role":"Admin","service":"ehr-backend","timestamp":"2025-12-16 00:27:55","userId":"69400cdb296251ed4a1ed203"}
{"email":"admin@test.com","level":"info","message":"User login successful","role":"Admin","service":"ehr-backend","timestamp":"2025-12-16 00:27:55","userId":"69400cdb296251ed4a1ed20b"}
{"email":"admin@test.com","level":"info","message":"User login successful","role":"Admin","service":"ehr-backend","timestamp":"2025-12-16 00:27:55","userId":"69400cdb296251ed4a1ed213"}
{"level":"info","message":"Authorization check","method":"GET","path":"/audit-logs","requiredRoles":["Admin"],"service":"ehr-backend","timestamp":"2025-12-16 00:27:55","userId":"69400cdb296251ed4a1ed213","userRole":"Admin"}
{"level":"info","message":"Admin 69400cdb296251ed4a1ed213 retrieved 1 audit logs","service":"ehr-backend","timestamp":"2025-12-16 00:27:55"}
{"ip":"::ffff:127.0.0.1","level":"warn","message":"Authentication failed: Token missing","method":"GET","path":"/audit-logs","service":"ehr-backend","timestamp":"2025-12-16 00:27:55"}
{"error":"jwt expired","ip":"::ffff:127.0.0.1","level":"warn","message":"Authentication failed: JWT verification failed","method":"GET","path":"/audit-logs","service":"ehr-backend","timestamp":"2025-12-16 00:27:55"}
{"email":"patient@test.com","level":"info","message":"User login successful","role":"Patient","service":"ehr-backend","timestamp":"2025-12-16 00:28:00","userId":"69400cdf2c537396b04a15a5"}
{"email":"admin@test.com","level":"info","message":"User login successful","role":"Admin","service":"ehr-backend","timestamp":"2025-12-16 00:28:00","userId":"69400ce02c537396b04a15b1"}
{"email":"nonexistent@test.com","ip":"::ffff:127.0.0.1","level":"warn","message":"Login attempt failed: User not found","service":"ehr-backend","timestamp":"2025-12-16 00:28:00"}
{"email":"patient@test.com","ip":"::ffff:127.0.0.1","level":"warn","message":"Login attempt failed: Invalid password","service":"ehr-backend","timestamp":"2025-12-16 00:28:00","userId":"69400ce02c537396b04a15c0"}
{"ip":"::ffff:127.0.0.1","level":"warn","message":"Login attempt failed: User not found","service":"ehr-backend","timestamp":"2025-12-16 00:28:00"}
{"email":"patient@test.com","error":"data and hash arguments required","level":"error","message":"Login error","service":"ehr-backend","timestamp":"2025-12-16 00:28:00"}
{"email":"admin@test.com","level":"info","message":"User login successful","role":"Admin","service":"ehr-backend","timestamp":"2025-12-16 00:28:00","userId":"69400ce02c537396b04a15d0"}
{"email":"provider@test.com","level":"info","message":"User login successful","role":"Provider","service":"ehr-backend","timestamp":"2025-12-16 00:28:01","userId":"69400ce02c537396b04a15d8"}
{"email":"patient@test.com","level":"info","message":"User login successful","role":"Patient","service":"ehr-backend","timestamp":"2025-12-16 00:28:01","userId":"69400ce12c537396b04a15e0"}
{"email":"patient@test.com","level":"info","message":"User login successful","role":"Patient","service":"ehr-backend","timestamp":"2025-12-16 00:28:01","userId":"69400ce12c537396b04a15ee"}
{"level":"info","message":"User logout","service":"ehr-backend","timestamp":"2025-12-16 00:28:01"}
{"level":"info","message":"User logout","service":"ehr-backend","timestamp":"2025-12-16 00:28:01"}
{"email":"admin@test.com","level":"info","message":"User login successful","role":"Admin","service":"ehr-backend","timestamp":"2025-12-16 00:28:01","userId":"69400ce12c537396b04a15fd"}
{"level":"error","message":"Health check failed: Cannot read properties of undefined (reading 'healthy')","service":"ehr-backend","stack":"TypeError: Cannot read properties of undefined (reading 'healthy')\n    at healthy (/Users/user/Documents/Monash/CyberSecurity/Assesment2/Final Submission/TP6 25/EHR_draft/ehr-backend/controllers/healthController.js:22:29)\n    at processTicksAndRejections (node:internal/process/task_queues:103:5)","timestamp":"2025-12-16 00:28:04"}
{"level":"error","message":"Health check failed: Cannot read properties of undefined (reading 'healthy')","service":"ehr-backend","stack":"TypeError: Cannot read properties of undefined (reading 'healthy')\n    at healthy (/Users/user/Documents/Monash/CyberSecurity/Assesment2/Final Submission/TP6 25/EHR_draft/ehr-backend/controllers/healthController.js:22:29)\n    at processTicksAndRejections (node:internal/process/task_queues:103:5)","timestamp":"2025-12-16 00:28:04"}
{"level":"error","message":"Health check failed: Cannot read properties of undefined (reading 'healthy')","service":"ehr-backend","stack":"TypeError: Cannot read properties of undefined (reading 'healthy')\n    at healthy (/Users/user/Documents/Monash/CyberSecurity/Assesment2/Final Submission/TP6 25/EHR_draft/ehr-backend/controllers/healthController.js:22:29)\n    at processTicksAndRejections (node:internal/process/task_queues:103:5)","timestamp":"2025-12-16 00:28:04"}
{"level":"error","message":"Health check failed: Cannot read properties of undefined (reading 'healthy')","service":"ehr-backend","stack":"TypeError: Cannot read properties of undefined (reading 'healthy')\n    at healthy (/Users/user/Documents/Monash/CyberSecurity/Assesment2/Final Submission/TP6 25/EHR_draft/ehr-backend/controllers/healthController.js:22:29)\n    at processTicksAndRejections (node:internal/process/task_queues:103:5)","timestamp":"2025-12-16 00:28:04"}
{"level":"error","message":"Health check failed: Cannot read properties of undefined (reading 'healthy')","service":"ehr-backend","stack":"TypeError: Cannot read properties of undefined (reading 'healthy')\n    at healthy (/Users/user/Documents/Monash/CyberSecurity/Assesment2/Final Submission/TP6 25/EHR_draft/ehr-backend/controllers/healthController.js:22:29)\n    at processTicksAndRejections (node:internal/process/task_queues:103:5)","timestamp":"2025-12-16 00:28:04"}
{"level":"info","message":"Health check performed","service":"ehr-backend","services":{"api":"operational","mongodb":"connected"},"status":"unhealthy","timestamp":"2025-12-16 00:28:04"}
{"level":"error","message":"Health check failed: Cannot read properties of undefined (reading 'healthy')","service":"ehr-backend","stack":"TypeError: Cannot read properties of undefined (reading 'healthy')\n    at healthy (/Users/user/Documents/Monash/CyberSecurity/Assesment2/Final Submission/TP6 25/EHR_draft/ehr-backend/controllers/healthController.js:22:29)\n    at processTicksAndRejections (node:internal/process/task_queues:103:5)","timestamp":"2025-12-16 00:28:04"}
{"level":"error","message":"Health check failed: Cannot read properties of undefined (reading 'healthy')","service":"ehr-backend","stack":"TypeError: Cannot read properties of undefined (reading 'healthy')\n    at healthy (/Users/user/Documents/Monash/CyberSecurity/Assesment2/Final Submission/TP6 25/EHR_draft/ehr-backend/controllers/healthController.js:22:29)\n    at processTicksAndRejections (node:internal/process/task_queues:103:5)","timestamp":"2025-12-16 00:28:04"}
{"level":"error","message":"Health check failed: Cannot read properties of undefined (reading 'healthy')","service":"ehr-backend","stack":"TypeError: Cannot read properties of undefined (reading 'healthy')\n    at healthy (/Users/user/Documents/Monash/CyberSecurity/Assesment2/Final Submission/TP6 25/EHR_draft/ehr-backend/controllers/healthController.js:22:29)\n    at processTicksAndRejections (node:internal/process/task_queues:103:5)","timestamp":"2025-12-16 00:28:05"}
{"level":"error","message":"Health check failed: Health check failed","service":"ehr-backend","stack":"Error: Health check failed\n    at Object.<anonymous> (/Users/user/Documents/Monash/CyberSecurity/Assesment2/Final Submission/TP6 25/EHR_draft/ehr-backend/test/integration/health.integration.test.js:240:55)\n    at Promise.finally.completed (/Users/user/Documents/Monash/CyberSecurity/Assesment2/Final Submission/TP6 25/EHR_draft/ehr-backend/node_modules/jest-circus/build/jestAdapterInit.js:1557:28)\n    at new Promise (<anonymous>)\n    at callAsyncCircusFn (/Users/user/Documents/Monash/CyberSecurity/Assesment2/Final Submission/TP6 25/EHR_draft/ehr-backend/node_modules/jest-circus/build/jestAdapterInit.js:1497:10)\n    at _callCircusTest (/Users/user/Documents/Monash/CyberSecurity/Assesment2/Final Submission/TP6 25/EHR_draft/ehr-backend/node_modules/jest-circus/build/jestAdapterInit.js:1007:40)\n    at processTicksAndRejections (node:internal/process/task_queues:103:5)\n    at _runTest (/Users/user/Documents/Monash/CyberSecurity/Assesment2/Final Submission/TP6 25/EHR_draft/ehr-backend/node_modules/jest-circus/build/jestAdapterInit.js:947:3)\n    at /Users/user/Documents/Monash/CyberSecurity/Assesment2/Final Submission/TP6 25/EHR_draft/ehr-backend/node_modules/jest-circus/build/jestAdapterInit.js:849:7\n    at _runTestsForDescribeBlock (/Users/user/Documents/Monash/CyberSecurity/Assesment2/Final Submission/TP6 25/EHR_draft/ehr-backend/node_modules/jest-circus/build/jestAdapterInit.js:862:11)\n    at _runTestsForDescribeBlock (/Users/user/Documents/Monash/CyberSecurity/Assesment2/Final Submission/TP6 25/EHR_draft/ehr-backend/node_modules/jest-circus/build/jestAdapterInit.js:857:11)\n    at _runTestsForDescribeBlock (/Users/user/Documents/Monash/CyberSecurity/Assesment2/Final Submission/TP6 25/EHR_draft/ehr-backend/node_modules/jest-circus/build/jestAdapterInit.js:857:11)\n    at run (/Users/user/Documents/Monash/CyberSecurity/Assesment2/Final Submission/TP6 25/EHR_draft/ehr-backend/node_modules/jest-circus/build/jestAdapterInit.js:761:3)\n    at runAndTransformResultsToJestFormat (/Users/user/Documents/Monash/CyberSecurity/Assesment2/Final Submission/TP6 25/EHR_draft/ehr-backend/node_modules/jest-circus/build/jestAdapterInit.js:1918:21)\n    at jestAdapter (/Users/user/Documents/Monash/CyberSecurity/Assesment2/Final Submission/TP6 25/EHR_draft/ehr-backend/node_modules/jest-circus/build/runner.js:101:19)\n    at runTestInternal (/Users/user/Documents/Monash/CyberSecurity/Assesment2/Final Submission/TP6 25/EHR_draft/ehr-backend/node_modules/jest-runner/build/index.js:275:16)\n    at runTest (/Users/user/Documents/Monash/CyberSecurity/Assesment2/Final Submission/TP6 25/EHR_draft/ehr-backend/node_modules/jest-runner/build/index.js:343:7)","timestamp":"2025-12-16 00:28:05"}
{"level":"info","message":"Health check performed","service":"ehr-backend","services":{"api":"operational","mongodb":"connected"},"status":"unhealthy","timestamp":"2025-12-16 00:28:05"}
{"level":"error","message":"Health check failed: Cannot read properties of undefined (reading 'healthy')","service":"ehr-backend","stack":"TypeError: Cannot read properties of undefined (reading 'healthy')\n    at healthy (/Users/user/Documents/Monash/CyberSecurity/Assesment2/Final Submission/TP6 25/EHR_draft/ehr-backend/controllers/healthController.js:22:29)\n    at processTicksAndRejections (node:internal/process/task_queues:103:5)","timestamp":"2025-12-16 00:28:05"}
{"keyVersion":1,"level":"info","message":"Public key retrieved successfully","service":"ehr-backend","timestamp":"2025-12-16 00:28:09"}
{"keyVersion":1,"level":"info","message":"Public key retrieved successfully","service":"ehr-backend","timestamp":"2025-12-16 00:28:09"}
{"keyVersion":1,"level":"info","message":"Public key retrieved successfully","service":"ehr-backend","timestamp":"2025-12-16 00:28:09"}
{"keyVersion":1,"level":"info","message":"Public key retrieved successfully","service":"ehr-backend","timestamp":"2025-12-16 00:28:09"}
{"keyVersion":1,"level":"info","message":"Public key retrieved successfully","service":"ehr-backend","timestamp":"2025-12-16 00:28:09"}
{"error":"Service unavailable","level":"error","message":"Failed to retrieve public key","service":"ehr-backend","timestamp":"2025-12-16 00:28:09"}
{"keyVersion":1,"level":"info","message":"Public key retrieved successfully","service":"ehr-backend","timestamp":"2025-12-16 00:28:09"}
{"keyVersion":1,"level":"info","message":"Public key retrieved successfully","service":"ehr-backend","timestamp":"2025-12-16 00:28:09"}
{"keyVersion":1,"level":"info","message":"Public key retrieved successfully","service":"ehr-backend","timestamp":"2025-12-16 00:28:09"}
{"email":"admin@test.com","level":"info","message":"User login successful","role":"Admin","service":"ehr-backend","timestamp":"2025-12-16 00:32:51","userId":"69400e017edac2e1374634da"}
{"email":"manager@test.com","level":"info","message":"User login successful","role":"Manager","service":"ehr-backend","timestamp":"2025-12-16 00:32:51","userId":"69400e027edac2e1374634e2"}
{"email":"provider@test.com","level":"info","message":"User login successful","role":"Provider","service":"ehr-backend","timestamp":"2025-12-16 00:32:51","userId":"69400e037edac2e1374634e4"}
{"email":"employee@test.com","level":"info","message":"User login successful","role":"Employee","service":"ehr-backend","timestamp":"2025-12-16 00:32:51","userId":"69400e037edac2e1374634e6"}
{"email":"patient@test.com","level":"info","message":"User login successful","role":"Patient","service":"ehr-backend","timestamp":"2025-12-16 00:32:51","userId":"69400e037edac2e1374634e8"}
{"level":"info","message":"Authorization check","method":"POST","path":"/register","requiredRoles":["Employee","Manager","Admin"],"service":"ehr-backend","timestamp":"2025-12-16 00:32:51","userId":"69400e017edac2e1374634da","userRole":"Admin"}
{"creatorId":"69400e017edac2e1374634da","creatorRole":"Admin","level":"info","message":"User registered successfully","newUserId":"69400e037edac2e1374634fa","newUserRole":"Patient","service":"ehr-backend","timestamp":"2025-12-16 00:32:51"}
{"level":"info","message":"Authorization check","method":"POST","path":"/register","requiredRoles":["Employee","Manager","Admin"],"service":"ehr-backend","timestamp":"2025-12-16 00:32:51","userId":"69400e017edac2e1374634da","userRole":"Admin"}
{"creatorId":"69400e017edac2e1374634da","creatorRole":"Admin","level":"info","message":"User registered successfully","newUserId":"69400e037edac2e1374634ff","newUserRole":"Provider","service":"ehr-backend","timestamp":"2025-12-16 00:32:52"}
{"level":"info","message":"Authorization check","method":"POST","path":"/register","requiredRoles":["Employee","Manager","Admin"],"service":"ehr-backend","timestamp":"2025-12-16 00:32:52","userId":"69400e017edac2e1374634da","userRole":"Admin"}
{"creatorId":"69400e017edac2e1374634da","creatorRole":"Admin","level":"info","message":"User registered successfully","newUserId":"69400e047edac2e137463504","newUserRole":"Employee","service":"ehr-backend","timestamp":"2025-12-16 00:32:52"}
{"level":"info","message":"Authorization check","method":"POST","path":"/register","requiredRoles":["Employee","Manager","Admin"],"service":"ehr-backend","timestamp":"2025-12-16 00:32:52","userId":"69400e017edac2e1374634da","userRole":"Admin"}
{"creatorId":"69400e017edac2e1374634da","creatorRole":"Admin","level":"info","message":"User registered successfully","newUserId":"69400e047edac2e137463509","newUserRole":"Manager","service":"ehr-backend","timestamp":"2025-12-16 00:32:52"}
{"email":"admin@test.com","level":"info","message":"User login successful","role":"Admin","service":"ehr-backend","timestamp":"2025-12-16 00:32:52","userId":"69400e047edac2e137463513"}
{"email":"manager@test.com","level":"info","message":"User login successful","role":"Manager","service":"ehr-backend","timestamp":"2025-12-16 00:32:52","userId":"69400e047edac2e137463515"}
{"email":"provider@test.com","level":"info","message":"User login successful","role":"Provider","service":"ehr-backend","timestamp":"2025-12-16 00:32:52","userId":"69400e047edac2e137463517"}
{"email":"employee@test.com","level":"info","message":"User login successful","role":"Employee","service":"ehr-backend","timestamp":"2025-12-16 00:32:52","userId":"69400e047edac2e137463519"}
{"email":"patient@test.com","level":"info","message":"User login successful","role":"Patient","service":"ehr-backend","timestamp":"2025-12-16 00:32:52","userId":"69400e047edac2e13746351b"}
{"level":"info","message":"Authorization check","method":"POST","path":"/register","requiredRoles":["Employee","Manager","Admin"],"service":"ehr-backend","timestamp":"2025-12-16 00:32:52","userId":"69400e047edac2e137463515","userRole":"Manager"}
{"creatorId":"69400e047edac2e137463515","creatorRole":"Manager","level":"info","message":"User registered successfully","newUserId":"69400e047edac2e13746352d","newUserRole":"Employee","service":"ehr-backend","timestamp":"2025-12-16 00:32:53"}
{"level":"info","message":"Authorization check","method":"POST","path":"/register","requiredRoles":["Employee","Manager","Admin"],"service":"ehr-backend","timestamp":"2025-12-16 00:32:53","userId":"69400e047edac2e137463515","userRole":"Manager"}
{"creatorId":"69400e047edac2e137463515","creatorRole":"Manager","level":"info","message":"User registered successfully","newUserId":"69400e057edac2e137463532","newUserRole":"Provider","service":"ehr-backend","timestamp":"2025-12-16 00:32:53"}
{"level":"info","message":"Authorization check","method":"POST","path":"/register","requiredRoles":["Employee","Manager","Admin"],"service":"ehr-backend","timestamp":"2025-12-16 00:32:53","userId":"69400e047edac2e137463515","userRole":"Manager"}
{"creatorId":"69400e047edac2e137463515","creatorRole":"Manager","level":"info","message":"User registered successfully","newUserId":"69400e057edac2e137463537","newUserRole":"Patient","service":"ehr-backend","timestamp":"2025-12-16 00:32:53"}
{"email":"admin@test.com","level":"info","message":"User login successful","role":"Admin","service":"ehr-backend","timestamp":"2025-12-16 00:32:53","userId":"69400e057edac2e137463541"}
{"email":"manager@test.com","level":"info","message":"User login successful","role":"Manager","service":"ehr-backend","timestamp":"2025-12-16 00:32:53","userId":"69400e057edac2e137463543"}
{"email":"provider@test.com","level":"info","message":"User login successful","role":"Provider","service":"ehr-backend","timestamp":"2025-12-16 00:32:53","userId":"69400e057edac2e137463545"}
{"email":"employee@test.com","level":"info","message":"User login successful","role":"Employee","service":"ehr-backend","timestamp":"2025-12-16 00:32:53","userId":"69400e057edac2e137463547"}
{"email":"patient@test.com","level":"info","message":"User login successful","role":"Patient","service":"ehr-backend","timestamp":"2025-12-16 00:32:53","userId":"69400e057edac2e137463549"}
{"level":"info","message":"Authorization check","method":"POST","path":"/register","requiredRoles":["Employee","Manager","Admin"],"service":"ehr-backend","timestamp":"2025-12-16 00:32:53","userId":"69400e057edac2e137463543","userRole":"Manager"}
{"creatorId":"69400e057edac2e137463543","creatorRole":"Manager","level":"warn","message":"Registration denied: Insufficient permissions","service":"ehr-backend","targetRole":"Manager","timestamp":"2025-12-16 00:32:53"}
{"email":"admin@test.com","level":"info","message":"User login successful","role":"Admin","service":"ehr-backend","timestamp":"2025-12-16 00:32:54","userId":"69400e067edac2e137463560"}
{"email":"manager@test.com","level":"info","message":"User login successful","role":"Manager","service":"ehr-backend","timestamp":"2025-12-16 00:32:54","userId":"69400e067edac2e137463562"}
{"email":"provider@test.com","level":"info","message":"User login successful","role":"Provider","service":"ehr-backend","timestamp":"2025-12-16 00:32:54","userId":"69400e067edac2e137463564"}
{"email":"employee@test.com","level":"info","message":"User login successful","role":"Employee","service":"ehr-backend","timestamp":"2025-12-16 00:32:54","userId":"69400e067edac2e137463566"}
{"email":"patient@test.com","level":"info","message":"User login successful","role":"Patient","service":"ehr-backend","timestamp":"2025-12-16 00:32:54","userId":"69400e067edac2e137463568"}
{"level":"info","message":"Authorization check","method":"POST","path":"/register","requiredRoles":["Employee","Manager","Admin"],"service":"ehr-backend","timestamp":"2025-12-16 00:32:54","userId":"69400e067edac2e137463566","userRole":"Employee"}
{"creatorId":"69400e067edac2e137463566","creatorRole":"Employee","level":"info","message":"User registered successfully","newUserId":"69400e067edac2e13746357a","newUserRole":"Patient","service":"ehr-backend","timestamp":"2025-12-16 00:32:54"}
{"email":"admin@test.com","level":"info","message":"User login successful","role":"Admin","service":"ehr-backend","timestamp":"2025-12-16 00:32:55","userId":"69400e067edac2e137463584"}
{"email":"manager@test.com","level":"info","message":"User login successful","role":"Manager","service":"ehr-backend","timestamp":"2025-12-16 00:32:55","userId":"69400e067edac2e137463586"}
{"email":"provider@test.com","level":"info","message":"User login successful","role":"Provider","service":"ehr-backend","timestamp":"2025-12-16 00:32:55","userId":"69400e067edac2e137463588"}
{"email":"employee@test.com","level":"info","message":"User login successful","role":"Employee","service":"ehr-backend","timestamp":"2025-12-16 00:32:55","userId":"69400e077edac2e13746358a"}
{"email":"patient@test.com","level":"info","message":"User login successful","role":"Patient","service":"ehr-backend","timestamp":"2025-12-16 00:32:55","userId":"69400e077edac2e13746358c"}
{"level":"info","message":"Authorization check","method":"POST","path":"/register","requiredRoles":["Employee","Manager","Admin"],"service":"ehr-backend","timestamp":"2025-12-16 00:32:55","userId":"69400e077edac2e13746358a","userRole":"Employee"}
{"creatorId":"69400e077edac2e13746358a","creatorRole":"Employee","level":"warn","message":"Registration denied: Insufficient permissions","service":"ehr-backend","targetRole":"Provider","timestamp":"2025-12-16 00:32:55"}
{"email":"admin@test.com","level":"info","message":"User login successful","role":"Admin","service":"ehr-backend","timestamp":"2025-12-16 00:32:56","userId":"69400e077edac2e1374635a3"}
{"email":"manager@test.com","level":"info","message":"User login successful","role":"Manager","service":"ehr-backend","timestamp":"2025-12-16 00:32:56","userId":"69400e077edac2e1374635a5"}
{"email":"provider@test.com","level":"info","message":"User login successful","role":"Provider","service":"ehr-backend","timestamp":"2025-12-16 00:32:56","userId":"69400e077edac2e1374635a7"}
{"email":"employee@test.com","level":"info","message":"User login successful","role":"Employee","service":"ehr-backend","timestamp":"2025-12-16 00:32:56","userId":"69400e077edac2e1374635a9"}
{"email":"patient@test.com","level":"info","message":"User login successful","role":"Patient","service":"ehr-backend","timestamp":"2025-12-16 00:32:56","userId":"69400e077edac2e1374635ab"}
{"level":"info","message":"Authorization check","method":"POST","path":"/register","requiredRoles":["Employee","Manager","Admin"],"service":"ehr-backend","timestamp":"2025-12-16 00:32:56","userId":"69400e077edac2e1374635a9","userRole":"Employee"}
{"creatorId":"69400e077edac2e1374635a9","creatorRole":"Employee","level":"warn","message":"Registration denied: Insufficient permissions","service":"ehr-backend","targetRole":"Employee","timestamp":"2025-12-16 00:32:56"}
{"email":"admin@test.com","level":"info","message":"User login successful","role":"Admin","service":"ehr-backend","timestamp":"2025-12-16 00:32:56","userId":"69400e087edac2e1374635c2"}
{"email":"manager@test.com","level":"info","message":"User login successful","role":"Manager","service":"ehr-backend","timestamp":"2025-12-16 00:32:56","userId":"69400e087edac2e1374635c4"}
{"email":"provider@test.com","level":"info","message":"User login successful","role":"Provider","service":"ehr-backend","timestamp":"2025-12-16 00:32:56","userId":"69400e087edac2e1374635c6"}
{"email":"employee@test.com","level":"info","message":"User login successful","role":"Employee","service":"ehr-backend","timestamp":"2025-12-16 00:32:57","userId":"69400e087edac2e1374635c8"}
{"email":"patient@test.com","level":"info","message":"User login successful","role":"Patient","service":"ehr-backend","timestamp":"2025-12-16 00:32:57","userId":"69400e087edac2e1374635ca"}
{"level":"info","message":"Authorization check","method":"POST","path":"/register","requiredRoles":["Employee","Manager","Admin"],"service":"ehr-backend","timestamp":"2025-12-16 00:32:57","userId":"69400e087edac2e1374635c6","userRole":"Provider"}
{"level":"warn","message":"Authorization denied: Insufficient permissions","method":"POST","path":"/register","requiredRoles":["Employee","Manager","Admin"],"service":"ehr-backend","timestamp":"2025-12-16 00:32:57","userId":"69400e087edac2e1374635c6","userRole":"Provider"}
{"email":"admin@test.com","level":"info","message":"User login successful","role":"Admin","service":"ehr-backend","timestamp":"2025-12-16 00:32:57","userId":"69400e097edac2e1374635e3"}
{"email":"manager@test.com","level":"info","message":"User login successful","role":"Manager","service":"ehr-backend","timestamp":"2025-12-16 00:32:57","userId":"69400e097edac2e1374635e5"}
{"email":"provider@test.com","level":"info","message":"User login successful","role":"Provider","service":"ehr-backend","timestamp":"2025-12-16 00:32:57","userId":"69400e097edac2e1374635e7"}
{"email":"employee@test.com","level":"info","message":"User login successful","role":"Employee","service":"ehr-backend","timestamp":"2025-12-16 00:32:57","userId":"69400e097edac2e1374635e9"}
{"email":"patient@test.com","level":"info","message":"User login successful","role":"Patient","service":"ehr-backend","timestamp":"2025-12-16 00:32:57","userId":"69400e097edac2e1374635eb"}
{"level":"info","message":"Authorization check","method":"POST","path":"/register","requiredRoles":["Employee","Manager","Admin"],"service":"ehr-backend","timestamp":"2025-12-16 00:32:57","userId":"69400e097edac2e1374635eb","userRole":"Patient"}
{"level":"warn","message":"Authorization denied: Insufficient permissions","method":"POST","path":"/register","requiredRoles":["Employee","Manager","Admin"],"service":"ehr-backend","timestamp":"2025-12-16 00:32:57","userId":"69400e097edac2e1374635eb","userRole":"Patient"}
{"email":"admin@test.com","level":"info","message":"User login successful","role":"Admin","service":"ehr-backend","timestamp":"2025-12-16 00:32:58","userId":"69400e097edac2e137463604"}
{"email":"manager@test.com","level":"info","message":"User login successful","role":"Manager","service":"ehr-backend","timestamp":"2025-12-16 00:32:58","userId":"69400e097edac2e137463606"}
{"email":"provider@test.com","level":"info","message":"User login successful","role":"Provider","service":"ehr-backend","timestamp":"2025-12-16 00:32:58","userId":"69400e0a7edac2e137463608"}
{"email":"employee@test.com","level":"info","message":"User login successful","role":"Employee","service":"ehr-backend","timestamp":"2025-12-16 00:32:58","userId":"69400e0a7edac2e13746360a"}
{"email":"patient@test.com","level":"info","message":"User login successful","role":"Patient","service":"ehr-backend","timestamp":"2025-12-16 00:32:58","userId":"69400e0a7edac2e13746360c"}
{"level":"info","message":"Authorization check","method":"GET","path":"/audit-logs","requiredRoles":["Admin"],"service":"ehr-backend","timestamp":"2025-12-16 00:32:58","userId":"69400e097edac2e137463604","userRole":"Admin"}
{"level":"info","message":"Admin 69400e097edac2e137463604 retrieved 5 audit logs","service":"ehr-backend","timestamp":"2025-12-16 00:32:58"}
{"email":"admin@test.com","level":"info","message":"User login successful","role":"Admin","service":"ehr-backend","timestamp":"2025-12-16 00:32:59","userId":"69400e0a7edac2e137463624"}
{"email":"manager@test.com","level":"info","message":"User login successful","role":"Manager","service":"ehr-backend","timestamp":"2025-12-16 00:32:59","userId":"69400e0a7edac2e137463626"}
{"email":"provider@test.com","level":"info","message":"User login successful","role":"Provider","service":"ehr-backend","timestamp":"2025-12-16 00:32:59","userId":"69400e0a7edac2e137463628"}
{"email":"employee@test.com","level":"info","message":"User login successful","role":"Employee","service":"ehr-backend","timestamp":"2025-12-16 00:32:59","userId":"69400e0a7edac2e13746362a"}
{"email":"patient@test.com","level":"info","message":"User login successful","role":"Patient","service":"ehr-backend","timestamp":"2025-12-16 00:32:59","userId":"69400e0a7edac2e13746362c"}
{"level":"info","message":"Authorization check","method":"GET","path":"/audit-logs","requiredRoles":["Admin"],"service":"ehr-backend","timestamp":"2025-12-16 00:32:59","userId":"69400e0a7edac2e137463626","userRole":"Manager"}
{"level":"warn","message":"Authorization denied: Insufficient permissions","method":"GET","path":"/audit-logs","requiredRoles":["Admin"],"service":"ehr-backend","timestamp":"2025-12-16 00:32:59","userId":"69400e0a7edac2e137463626","userRole":"Manager"}
{"email":"admin@test.com","level":"info","message":"User login successful","role":"Admin","service":"ehr-backend","timestamp":"2025-12-16 00:33:00","userId":"69400e0b7edac2e137463645"}
{"email":"manager@test.com","level":"info","message":"User login successful","role":"Manager","service":"ehr-backend","timestamp":"2025-12-16 00:33:00","userId":"69400e0b7edac2e137463647"}
{"email":"provider@test.com","level":"info","message":"User login successful","role":"Provider","service":"ehr-backend","timestamp":"2025-12-16 00:33:00","userId":"69400e0b7edac2e137463649"}
{"email":"employee@test.com","level":"info","message":"User login successful","role":"Employee","service":"ehr-backend","timestamp":"2025-12-16 00:33:00","userId":"69400e0b7edac2e13746364b"}
{"email":"patient@test.com","level":"info","message":"User login successful","role":"Patient","service":"ehr-backend","timestamp":"2025-12-16 00:33:00","userId":"69400e0b7edac2e13746364d"}
{"level":"info","message":"Authorization check","method":"GET","path":"/audit-logs","requiredRoles":["Admin"],"service":"ehr-backend","timestamp":"2025-12-16 00:33:00","userId":"69400e0b7edac2e137463649","userRole":"Provider"}
{"level":"warn","message":"Authorization denied: Insufficient permissions","method":"GET","path":"/audit-logs","requiredRoles":["Admin"],"service":"ehr-backend","timestamp":"2025-12-16 00:33:00","userId":"69400e0b7edac2e137463649","userRole":"Provider"}
{"email":"admin@test.com","level":"info","message":"User login successful","role":"Admin","service":"ehr-backend","timestamp":"2025-12-16 00:33:00","userId":"69400e0c7edac2e137463666"}
{"email":"manager@test.com","level":"info","message":"User login successful","role":"Manager","service":"ehr-backend","timestamp":"2025-12-16 00:33:00","userId":"69400e0c7edac2e137463668"}
{"email":"provider@test.com","level":"info","message":"User login successful","role":"Provider","service":"ehr-backend","timestamp":"2025-12-16 00:33:01","userId":"69400e0c7edac2e13746366a"}
{"email":"employee@test.com","level":"info","message":"User login successful","role":"Employee","service":"ehr-backend","timestamp":"2025-12-16 00:33:01","userId":"69400e0c7edac2e13746366c"}
{"email":"patient@test.com","level":"info","message":"User login successful","role":"Patient","service":"ehr-backend","timestamp":"2025-12-16 00:33:01","userId":"69400e0c7edac2e13746366e"}
{"level":"info","message":"Authorization check","method":"GET","path":"/audit-logs","requiredRoles":["Admin"],"service":"ehr-backend","timestamp":"2025-12-16 00:33:01","userId":"69400e0c7edac2e13746366c","userRole":"Employee"}
{"level":"warn","message":"Authorization denied: Insufficient permissions","method":"GET","path":"/audit-logs","requiredRoles":["Admin"],"service":"ehr-backend","timestamp":"2025-12-16 00:33:01","userId":"69400e0c7edac2e13746366c","userRole":"Employee"}
{"email":"admin@test.com","level":"info","message":"User login successful","role":"Admin","service":"ehr-backend","timestamp":"2025-12-16 00:33:01","userId":"69400e0d7edac2e137463687"}
{"email":"manager@test.com","level":"info","message":"User login successful","role":"Manager","service":"ehr-backend","timestamp":"2025-12-16 00:33:01","userId":"69400e0d7edac2e137463689"}
{"email":"provider@test.com","level":"info","message":"User login successful","role":"Provider","service":"ehr-backend","timestamp":"2025-12-16 00:33:01","userId":"69400e0d7edac2e13746368b"}
{"email":"employee@test.com","level":"info","message":"User login successful","role":"Employee","service":"ehr-backend","timestamp":"2025-12-16 00:33:01","userId":"69400e0d7edac2e13746368d"}
{"email":"patient@test.com","level":"info","message":"User login successful","role":"Patient","service":"ehr-backend","timestamp":"2025-12-16 00:33:01","userId":"69400e0d7edac2e13746368f"}
{"level":"info","message":"Authorization check","method":"GET","path":"/audit-logs","requiredRoles":["Admin"],"service":"ehr-backend","timestamp":"2025-12-16 00:33:01","userId":"69400e0d7edac2e13746368f","userRole":"Patient"}
{"level":"warn","message":"Authorization denied: Insufficient permissions","method":"GET","path":"/audit-logs","requiredRoles":["Admin"],"service":"ehr-backend","timestamp":"2025-12-16 00:33:01","userId":"69400e0d7edac2e13746368f","userRole":"Patient"}
{"email":"admin@test.com","level":"info","message":"User login successful","role":"Admin","service":"ehr-backend","timestamp":"2025-12-16 00:33:02","userId":"69400e0e7edac2e1374636a8"}
{"email":"manager@test.com","level":"info","message":"User login successful","role":"Manager","service":"ehr-backend","timestamp":"2025-12-16 00:33:02","userId":"69400e0e7edac2e1374636aa"}
{"email":"provider@test.com","level":"info","message":"User login successful","role":"Provider","service":"ehr-backend","timestamp":"2025-12-16 00:33:02","userId":"69400e0e7edac2e1374636ac"}
{"email":"employee@test.com","level":"info","message":"User login successful","role":"Employee","service":"ehr-backend","timestamp":"2025-12-16 00:33:02","userId":"69400e0e7edac2e1374636ae"}
{"email":"patient@test.com","level":"info","message":"User login successful","role":"Patient","service":"ehr-backend","timestamp":"2025-12-16 00:33:02","userId":"69400e0e7edac2e1374636b0"}
{"level":"info","message":"Authorization check","method":"POST","path":"/assign-patient","requiredRoles":["Admin","Manager"],"service":"ehr-backend","timestamp":"2025-12-16 00:33:02","userId":"69400e0e7edac2e1374636a8","userRole":"Admin"}
{"level":"info","message":"Patient 69400e0e7edac2e1374636b0 assigned to Provider 69400e0e7edac2e1374636ac by Admin 69400e0e7edac2e1374636a8","service":"ehr-backend","timestamp":"2025-12-16 00:33:02"}
{"email":"admin@test.com","level":"info","message":"User login successful","role":"Admin","service":"ehr-backend","timestamp":"2025-12-16 00:33:03","userId":"69400e0e7edac2e1374636cb"}
{"email":"manager@test.com","level":"info","message":"User login successful","role":"Manager","service":"ehr-backend","timestamp":"2025-12-16 00:33:03","userId":"69400e0e7edac2e1374636cd"}
{"email":"provider@test.com","level":"info","message":"User login successful","role":"Provider","service":"ehr-backend","timestamp":"2025-12-16 00:33:03","userId":"69400e0e7edac2e1374636cf"}
{"email":"employee@test.com","level":"info","message":"User login successful","role":"Employee","service":"ehr-backend","timestamp":"2025-12-16 00:33:03","userId":"69400e0f7edac2e1374636d1"}
{"email":"patient@test.com","level":"info","message":"User login successful","role":"Patient","service":"ehr-backend","timestamp":"2025-12-16 00:33:03","userId":"69400e0f7edac2e1374636d3"}
{"level":"info","message":"Authorization check","method":"POST","path":"/assign-patient","requiredRoles":["Admin","Manager"],"service":"ehr-backend","timestamp":"2025-12-16 00:33:03","userId":"69400e0e7edac2e1374636cd","userRole":"Manager"}
{"level":"info","message":"Patient 69400e0f7edac2e1374636d3 assigned to Provider 69400e0e7edac2e1374636cf by Admin 69400e0e7edac2e1374636cd","service":"ehr-backend","timestamp":"2025-12-16 00:33:03"}
{"email":"admin@test.com","level":"info","message":"User login successful","role":"Admin","service":"ehr-backend","timestamp":"2025-12-16 00:33:03","userId":"69400e0f7edac2e1374636ee"}
{"email":"manager@test.com","level":"info","message":"User login successful","role":"Manager","service":"ehr-backend","timestamp":"2025-12-16 00:33:04","userId":"69400e0f7edac2e1374636f0"}
{"email":"provider@test.com","level":"info","message":"User login successful","role":"Provider","service":"ehr-backend","timestamp":"2025-12-16 00:33:04","userId":"69400e0f7edac2e1374636f2"}
{"email":"employee@test.com","level":"info","message":"User login successful","role":"Employee","service":"ehr-backend","timestamp":"2025-12-16 00:33:04","userId":"69400e0f7edac2e1374636f4"}
{"email":"patient@test.com","level":"info","message":"User login successful","role":"Patient","service":"ehr-backend","timestamp":"2025-12-16 00:33:04","userId":"69400e0f7edac2e1374636f6"}
{"email":"admin@test.com","level":"info","message":"User login successful","role":"Admin","service":"ehr-backend","timestamp":"2025-12-16 00:33:12","userId":"69400e1675a6d766dd0312c3"}
{"email":"manager@test.com","level":"info","message":"User login successful","role":"Manager","service":"ehr-backend","timestamp":"2025-12-16 00:33:12","userId":"69400e1775a6d766dd0312ca"}
{"email":"provider@test.com","level":"info","message":"User login successful","role":"Provider","service":"ehr-backend","timestamp":"2025-12-16 00:33:12","userId":"69400e1775a6d766dd0312cd"}
{"email":"assigned@test.com","level":"info","message":"User login successful","role":"Patient","service":"ehr-backend","timestamp":"2025-12-16 00:33:12","userId":"69400e1775a6d766dd0312d1"}
{"error":"invalid ciphertext format","level":"error","message":"Decryption failed","service":"ehr-backend","timestamp":"2025-12-16 00:33:12"}
{"error":"Decryption failed","fields":["diagnosis","notes","medications"],"level":"error","message":"transitDecryptMiddleware error","service":"ehr-backend","timestamp":"2025-12-16 00:33:12"}
{"email":"admin@test.com","level":"info","message":"User login successful","role":"Admin","service":"ehr-backend","timestamp":"2025-12-16 00:33:12","userId":"69400e1875a6d766dd0312e6"}
{"email":"manager@test.com","level":"info","message":"User login successful","role":"Manager","service":"ehr-backend","timestamp":"2025-12-16 00:33:12","userId":"69400e1875a6d766dd0312e8"}
{"email":"provider@test.com","level":"info","message":"User login successful","role":"Provider","service":"ehr-backend","timestamp":"2025-12-16 00:33:12","userId":"69400e1875a6d766dd0312ea"}
{"email":"assigned@test.com","level":"info","message":"User login successful","role":"Patient","service":"ehr-backend","timestamp":"2025-12-16 00:33:13","userId":"69400e1875a6d766dd0312ee"}
{"error":"invalid ciphertext format","level":"error","message":"Decryption failed","service":"ehr-backend","timestamp":"2025-12-16 00:33:13"}
{"error":"Decryption failed","fields":["diagnosis","notes","medications"],"level":"error","message":"transitDecryptMiddleware error","service":"ehr-backend","timestamp":"2025-12-16 00:33:13"}
{"email":"admin@test.com","level":"info","message":"User login successful","role":"Admin","service":"ehr-backend","timestamp":"2025-12-16 00:33:13","userId":"69400e1975a6d766dd031303"}
{"email":"manager@test.com","level":"info","message":"User login successful","role":"Manager","service":"ehr-backend","timestamp":"2025-12-16 00:33:13","userId":"69400e1975a6d766dd031305"}
{"email":"provider@test.com","level":"info","message":"User login successful","role":"Provider","service":"ehr-backend","timestamp":"2025-12-16 00:33:13","userId":"69400e1975a6d766dd031307"}
{"email":"assigned@test.com","level":"info","message":"User login successful","role":"Patient","service":"ehr-backend","timestamp":"2025-12-16 00:33:13","userId":"69400e1975a6d766dd03130b"}
{"error":"invalid ciphertext format","level":"error","message":"Decryption failed","service":"ehr-backend","timestamp":"2025-12-16 00:33:13"}
{"error":"Decryption failed","fields":["diagnosis","notes","medications"],"level":"error","message":"transitDecryptMiddleware error","service":"ehr-backend","timestamp":"2025-12-16 00:33:13"}
{"email":"admin@test.com","level":"info","message":"User login successful","role":"Admin","service":"ehr-backend","timestamp":"2025-12-16 00:33:14","userId":"69400e1975a6d766dd031320"}
{"email":"manager@test.com","level":"info","message":"User login successful","role":"Manager","service":"ehr-backend","timestamp":"2025-12-16 00:33:14","userId":"69400e1975a6d766dd031322"}
{"email":"provider@test.com","level":"info","message":"User login successful","role":"Provider","service":"ehr-backend","timestamp":"2025-12-16 00:33:14","userId":"69400e1975a6d766dd031324"}
{"email":"assigned@test.com","level":"info","message":"User login successful","role":"Patient","service":"ehr-backend","timestamp":"2025-12-16 00:33:14","userId":"69400e1a75a6d766dd031328"}
{"error":"invalid ciphertext format","level":"error","message":"Decryption failed","service":"ehr-backend","timestamp":"2025-12-16 00:33:14"}
{"error":"Decryption failed","fields":["diagnosis","notes","medications"],"level":"error","message":"transitDecryptMiddleware error","service":"ehr-backend","timestamp":"2025-12-16 00:33:14"}
{"email":"admin@test.com","level":"info","message":"User login successful","role":"Admin","service":"ehr-backend","timestamp":"2025-12-16 00:33:14","userId":"69400e1a75a6d766dd03133d"}
{"email":"manager@test.com","level":"info","message":"User login successful","role":"Manager","service":"ehr-backend","timestamp":"2025-12-16 00:33:14","userId":"69400e1a75a6d766dd03133f"}
{"email":"provider@test.com","level":"info","message":"User login successful","role":"Provider","service":"ehr-backend","timestamp":"2025-12-16 00:33:15","userId":"69400e1a75a6d766dd031341"}
{"email":"assigned@test.com","level":"info","message":"User login successful","role":"Patient","service":"ehr-backend","timestamp":"2025-12-16 00:33:15","userId":"69400e1a75a6d766dd031345"}
{"error":"invalid ciphertext format","level":"error","message":"Decryption failed","service":"ehr-backend","timestamp":"2025-12-16 00:33:15"}
{"error":"Decryption failed","fields":["diagnosis","notes","medications"],"level":"error","message":"transitDecryptMiddleware error","service":"ehr-backend","timestamp":"2025-12-16 00:33:15"}
{"email":"admin@test.com","level":"info","message":"User login successful","role":"Admin","service":"ehr-backend","timestamp":"2025-12-16 00:33:15","userId":"69400e1b75a6d766dd03135a"}
{"email":"manager@test.com","level":"info","message":"User login successful","role":"Manager","service":"ehr-backend","timestamp":"2025-12-16 00:33:15","userId":"69400e1b75a6d766dd03135c"}
{"email":"provider@test.com","level":"info","message":"User login successful","role":"Provider","service":"ehr-backend","timestamp":"2025-12-16 00:33:15","userId":"69400e1b75a6d766dd03135e"}
{"email":"assigned@test.com","level":"info","message":"User login successful","role":"Patient","service":"ehr-backend","timestamp":"2025-12-16 00:33:15","userId":"69400e1b75a6d766dd031362"}
{"error":"invalid ciphertext format","level":"error","message":"Decryption failed","service":"ehr-backend","timestamp":"2025-12-16 00:33:15"}
{"error":"Decryption failed","fields":["diagnosis","notes","medications"],"level":"error","message":"transitDecryptMiddleware error","service":"ehr-backend","timestamp":"2025-12-16 00:33:15"}
{"email":"admin@test.com","level":"info","message":"User login successful","role":"Admin","service":"ehr-backend","timestamp":"2025-12-16 00:33:16","userId":"69400e1b75a6d766dd031377"}
{"email":"manager@test.com","level":"info","message":"User login successful","role":"Manager","service":"ehr-backend","timestamp":"2025-12-16 00:33:16","userId":"69400e1b75a6d766dd031379"}
{"email":"provider@test.com","level":"info","message":"User login successful","role":"Provider","service":"ehr-backend","timestamp":"2025-12-16 00:33:16","userId":"69400e1c75a6d766dd03137b"}
{"email":"assigned@test.com","level":"info","message":"User login successful","role":"Patient","service":"ehr-backend","timestamp":"2025-12-16 00:33:16","userId":"69400e1c75a6d766dd03137f"}
{"error":"invalid ciphertext format","level":"error","message":"Decryption failed","service":"ehr-backend","timestamp":"2025-12-16 00:33:16"}
{"error":"Decryption failed","fields":["diagnosis","notes","medications"],"level":"error","message":"transitDecryptMiddleware error","service":"ehr-backend","timestamp":"2025-12-16 00:33:16"}
{"email":"admin@test.com","level":"info","message":"User login successful","role":"Admin","service":"ehr-backend","timestamp":"2025-12-16 00:33:16","userId":"69400e1c75a6d766dd031394"}
{"email":"manager@test.com","level":"info","message":"User login successful","role":"Manager","service":"ehr-backend","timestamp":"2025-12-16 00:33:17","userId":"69400e1c75a6d766dd031396"}
{"email":"provider@test.com","level":"info","message":"User login successful","role":"Provider","service":"ehr-backend","timestamp":"2025-12-16 00:33:17","userId":"69400e1c75a6d766dd031398"}
{"email":"assigned@test.com","level":"info","message":"User login successful","role":"Patient","service":"ehr-backend","timestamp":"2025-12-16 00:33:17","userId":"69400e1c75a6d766dd03139c"}
{"level":"info","managerId":"69400e1c75a6d766dd031396","message":"All records retrieved","recordCount":1,"service":"ehr-backend","timestamp":"2025-12-16 00:33:17"}
{"email":"admin@test.com","level":"info","message":"User login successful","role":"Admin","service":"ehr-backend","timestamp":"2025-12-16 00:33:17","userId":"69400e1d75a6d766dd0313b7"}
{"email":"manager@test.com","level":"info","message":"User login successful","role":"Manager","service":"ehr-backend","timestamp":"2025-12-16 00:33:17","userId":"69400e1d75a6d766dd0313b9"}
{"email":"provider@test.com","level":"info","message":"User login successful","role":"Provider","service":"ehr-backend","timestamp":"2025-12-16 00:33:18","userId":"69400e1d75a6d766dd0313bb"}
{"email":"assigned@test.com","level":"info","message":"User login successful","role":"Patient","service":"ehr-backend","timestamp":"2025-12-16 00:33:18","userId":"69400e1d75a6d766dd0313bf"}
{"email":"admin@test.com","level":"info","message":"User login successful","role":"Admin","service":"ehr-backend","timestamp":"2025-12-16 00:33:18","userId":"69400e1e75a6d766dd0313d4"}
{"email":"manager@test.com","level":"info","message":"User login successful","role":"Manager","service":"ehr-backend","timestamp":"2025-12-16 00:33:18","userId":"69400e1e75a6d766dd0313d6"}
{"email":"provider@test.com","level":"info","message":"User login successful","role":"Provider","service":"ehr-backend","timestamp":"2025-12-16 00:33:18","userId":"69400e1e75a6d766dd0313d8"}
{"email":"assigned@test.com","level":"info","message":"User login successful","role":"Patient","service":"ehr-backend","timestamp":"2025-12-16 00:33:18","userId":"69400e1e75a6d766dd0313dc"}
{"email":"admin@test.com","level":"info","message":"User login successful","role":"Admin","service":"ehr-backend","timestamp":"2025-12-16 00:33:19","userId":"69400e1e75a6d766dd0313f1"}
{"email":"manager@test.com","level":"info","message":"User login successful","role":"Manager","service":"ehr-backend","timestamp":"2025-12-16 00:33:19","userId":"69400e1e75a6d766dd0313f3"}
{"email":"provider@test.com","level":"info","message":"User login successful","role":"Provider","service":"ehr-backend","timestamp":"2025-12-16 00:33:19","userId":"69400e1e75a6d766dd0313f5"}
{"email":"assigned@test.com","level":"info","message":"User login successful","role":"Patient","service":"ehr-backend","timestamp":"2025-12-16 00:33:19","userId":"69400e1f75a6d766dd0313f9"}
{"error":"Cast to ObjectId failed for value \"my-records\" (type string) at path \"_id\" for model \"PatientRecord\"","level":"error","message":"Error retrieving record by ID","recordId":"my-records","service":"ehr-backend","timestamp":"2025-12-16 00:33:19","userId":"69400e1f75a6d766dd0313f9"}
{"email":"admin@test.com","level":"info","message":"User login successful","role":"Admin","service":"ehr-backend","timestamp":"2025-12-16 00:33:19","userId":"69400e1f75a6d766dd031410"}
{"email":"manager@test.com","level":"info","message":"User login successful","role":"Manager","service":"ehr-backend","timestamp":"2025-12-16 00:33:20","userId":"69400e1f75a6d766dd031412"}
{"email":"provider@test.com","level":"info","message":"User login successful","role":"Provider","service":"ehr-backend","timestamp":"2025-12-16 00:33:20","userId":"69400e1f75a6d766dd031414"}
{"email":"assigned@test.com","level":"info","message":"User login successful","role":"Patient","service":"ehr-backend","timestamp":"2025-12-16 00:33:20","userId":"69400e1f75a6d766dd031418"}
{"error":"Cast to ObjectId failed for value \"my-records\" (type string) at path \"_id\" for model \"PatientRecord\"","level":"error","message":"Error retrieving record by ID","recordId":"my-records","service":"ehr-backend","timestamp":"2025-12-16 00:33:20","userId":"69400e1f75a6d766dd031418"}
{"email":"admin@test.com","level":"info","message":"User login successful","role":"Admin","service":"ehr-backend","timestamp":"2025-12-16 00:33:20","userId":"69400e2075a6d766dd031431"}
{"email":"manager@test.com","level":"info","message":"User login successful","role":"Manager","service":"ehr-backend","timestamp":"2025-12-16 00:33:20","userId":"69400e2075a6d766dd031433"}
{"email":"provider@test.com","level":"info","message":"User login successful","role":"Provider","service":"ehr-backend","timestamp":"2025-12-16 00:33:20","userId":"69400e2075a6d766dd031435"}
{"email":"assigned@test.com","level":"info","message":"User login successful","role":"Patient","service":"ehr-backend","timestamp":"2025-12-16 00:33:20","userId":"69400e2075a6d766dd031439"}
{"error":"Cast to ObjectId failed for value \"my-records\" (type string) at path \"_id\" for model \"PatientRecord\"","level":"error","message":"Error retrieving record by ID","recordId":"my-records","service":"ehr-backend","timestamp":"2025-12-16 00:33:20","userId":"69400e2075a6d766dd031435"}
{"email":"admin@test.com","level":"info","message":"User login successful","role":"Admin","service":"ehr-backend","timestamp":"2025-12-16 00:33:21","userId":"69400e2075a6d766dd031450"}
{"email":"manager@test.com","level":"info","message":"User login successful","role":"Manager","service":"ehr-backend","timestamp":"2025-12-16 00:33:21","userId":"69400e2175a6d766dd031452"}
{"email":"provider@test.com","level":"info","message":"User login successful","role":"Provider","service":"ehr-backend","timestamp":"2025-12-16 00:33:21","userId":"69400e2175a6d766dd031454"}
{"email":"assigned@test.com","level":"info","message":"User login successful","role":"Patient","service":"ehr-backend","timestamp":"2025-12-16 00:33:21","userId":"69400e2175a6d766dd031458"}
{"level":"info","message":"Record retrieved by ID","recordId":"69400e2175a6d766dd031467","service":"ehr-backend","timestamp":"2025-12-16 00:33:21","userId":"69400e2175a6d766dd031454"}
{"email":"admin@test.com","level":"info","message":"User login successful","role":"Admin","service":"ehr-backend","timestamp":"2025-12-16 00:33:22","userId":"69400e2175a6d766dd031473"}
{"email":"manager@test.com","level":"info","message":"User login successful","role":"Manager","service":"ehr-backend","timestamp":"2025-12-16 00:33:22","userId":"69400e2175a6d766dd031475"}
{"email":"provider@test.com","level":"info","message":"User login successful","role":"Provider","service":"ehr-backend","timestamp":"2025-12-16 00:33:22","userId":"69400e2175a6d766dd031477"}
{"email":"assigned@test.com","level":"info","message":"User login successful","role":"Patient","service":"ehr-backend","timestamp":"2025-12-16 00:33:22","userId":"69400e2175a6d766dd03147b"}
{"level":"info","message":"Record retrieved by ID","recordId":"69400e2275a6d766dd03148a","service":"ehr-backend","timestamp":"2025-12-16 00:33:22","userId":"69400e2175a6d766dd03147b"}
{"email":"admin@test.com","level":"info","message":"User login successful","role":"Admin","service":"ehr-backend","timestamp":"2025-12-16 00:33:22","userId":"69400e2275a6d766dd031496"}
{"email":"manager@test.com","level":"info","message":"User login successful","role":"Manager","service":"ehr-backend","timestamp":"2025-12-16 00:33:22","userId":"69400e2275a6d766dd031498"}
{"email":"provider@test.com","level":"info","message":"User login successful","role":"Provider","service":"ehr-backend","timestamp":"2025-12-16 00:33:22","userId":"69400e2275a6d766dd03149a"}
{"email":"assigned@test.com","level":"info","message":"User login successful","role":"Patient","service":"ehr-backend","timestamp":"2025-12-16 00:33:22","userId":"69400e2275a6d766dd03149e"}
{"level":"info","message":"Record retrieved by ID","recordId":"69400e2375a6d766dd0314ad","service":"ehr-backend","timestamp":"2025-12-16 00:33:23","userId":"69400e2275a6d766dd031498"}
{"email":"admin@test.com","level":"info","message":"User login successful","role":"Admin","service":"ehr-backend","timestamp":"2025-12-16 00:33:23","userId":"69400e2375a6d766dd0314b9"}
{"email":"manager@test.com","level":"info","message":"User login successful","role":"Manager","service":"ehr-backend","timestamp":"2025-12-16 00:33:23","userId":"69400e2375a6d766dd0314bb"}
{"email":"provider@test.com","level":"info","message":"User login successful","role":"Provider","service":"ehr-backend","timestamp":"2025-12-16 00:33:23","userId":"69400e2375a6d766dd0314bd"}
{"email":"assigned@test.com","level":"info","message":"User login successful","role":"Patient","service":"ehr-backend","timestamp":"2025-12-16 00:33:23","userId":"69400e2375a6d766dd0314c1"}
{"email":"admin@test.com","level":"info","message":"User login successful","role":"Admin","service":"ehr-backend","timestamp":"2025-12-16 00:33:24","userId":"69400e2375a6d766dd0314dc"}
{"email":"manager@test.com","level":"info","message":"User login successful","role":"Manager","service":"ehr-backend","timestamp":"2025-12-16 00:33:24","userId":"69400e2375a6d766dd0314de"}
{"email":"provider@test.com","level":"info","message":"User login successful","role":"Provider","service":"ehr-backend","timestamp":"2025-12-16 00:33:24","userId":"69400e2375a6d766dd0314e0"}
{"email":"assigned@test.com","level":"info","message":"User login successful","role":"Patient","service":"ehr-backend","timestamp":"2025-12-16 00:33:24","userId":"69400e2375a6d766dd0314e4"}
{"email":"admin@test.com","level":"info","message":"User login successful","role":"Admin","service":"ehr-backend","timestamp":"2025-12-16 00:33:24","userId":"69400e2475a6d766dd0314fc"}
{"email":"manager@test.com","level":"info","message":"User login successful","role":"Manager","service":"ehr-backend","timestamp":"2025-12-16 00:33:24","userId":"69400e2475a6d766dd0314fe"}
{"email":"provider@test.com","level":"info","message":"User login successful","role":"Provider","service":"ehr-backend","timestamp":"2025-12-16 00:33:24","userId":"69400e2475a6d766dd031500"}
{"email":"assigned@test.com","level":"info","message":"User login successful","role":"Patient","service":"ehr-backend","timestamp":"2025-12-16 00:33:25","userId":"69400e2475a6d766dd031504"}
{"error":"invalid ciphertext format","level":"error","message":"Decryption failed","service":"ehr-backend","timestamp":"2025-12-16 00:33:25"}
{"error":"Decryption failed","fields":["diagnosis","notes","medications"],"level":"error","message":"transitDecryptMiddleware error","service":"ehr-backend","timestamp":"2025-12-16 00:33:25"}
{"email":"admin@test.com","level":"info","message":"User login successful","role":"Admin","service":"ehr-backend","timestamp":"2025-12-16 00:33:25","userId":"69400e2575a6d766dd031519"}
{"email":"manager@test.com","level":"info","message":"User login successful","role":"Manager","service":"ehr-backend","timestamp":"2025-12-16 00:33:25","userId":"69400e2575a6d766dd03151b"}
{"email":"provider@test.com","level":"info","message":"User login successful","role":"Provider","service":"ehr-backend","timestamp":"2025-12-16 00:33:25","userId":"69400e2575a6d766dd03151d"}
{"email":"assigned@test.com","level":"info","message":"User login successful","role":"Patient","service":"ehr-backend","timestamp":"2025-12-16 00:33:25","userId":"69400e2575a6d766dd031521"}
{"email":"admin@test.com","level":"info","message":"User login successful","role":"Admin","service":"ehr-backend","timestamp":"2025-12-16 00:33:26","userId":"69400e2575a6d766dd031538"}
{"email":"admin@test.com","level":"info","message":"User login successful","role":"Admin","service":"ehr-backend","timestamp":"2025-12-16 00:33:31","userId":"69400e29b878251a24baec90"}
{"email":"manager@test.com","level":"info","message":"User login successful","role":"Manager","service":"ehr-backend","timestamp":"2025-12-16 00:33:31","userId":"69400e2bb878251a24baec9e"}
{"email":"provider@test.com","level":"info","message":"User login successful","role":"Provider","service":"ehr-backend","timestamp":"2025-12-16 00:33:31","userId":"69400e2bb878251a24baeca6"}
{"email":"employee@test.com","level":"info","message":"User login successful","role":"Employee","service":"ehr-backend","timestamp":"2025-12-16 00:33:31","userId":"69400e2bb878251a24baecae"}
{"email":"patient@test.com","level":"info","message":"User login successful","role":"Patient","service":"ehr-backend","timestamp":"2025-12-16 00:33:31","userId":"69400e2bb878251a24baecb6"}
{"email":"admin@test.com","level":"info","message":"User login successful","role":"Admin","service":"ehr-backend","timestamp":"2025-12-16 00:33:31","userId":"69400e2bb878251a24baecbe"}
{"email":"patient@test.com","ip":"::ffff:127.0.0.1","level":"warn","message":"Login attempt failed: Invalid password","service":"ehr-backend","timestamp":"2025-12-16 00:33:32","userId":"69400e2bb878251a24baecc6"}
{"email":"nonexistent@example.com","ip":"::ffff:127.0.0.1","level":"warn","message":"Login attempt failed: User not found","service":"ehr-backend","timestamp":"2025-12-16 00:33:32"}
{"ip":"::ffff:127.0.0.1","level":"warn","message":"Login attempt failed: User not found","service":"ehr-backend","timestamp":"2025-12-16 00:33:32"}
{"email":"patient@test.com","error":"data and hash arguments required","level":"error","message":"Login error","service":"ehr-backend","timestamp":"2025-12-16 00:33:32"}
{"email":"admin@test.com","level":"info","message":"User login successful","role":"Admin","service":"ehr-backend","timestamp":"2025-12-16 00:33:32","userId":"69400e2cb878251a24baecda"}
{"ip":"::ffff:127.0.0.1","level":"warn","message":"Authentication failed: Token missing","method":"GET","path":"/me","service":"ehr-backend","timestamp":"2025-12-16 00:33:32"}
{"error":"jwt malformed","ip":"::ffff:127.0.0.1","level":"warn","message":"Authentication failed: JWT verification failed","method":"GET","path":"/me","service":"ehr-backend","timestamp":"2025-12-16 00:33:32"}
{"error":"jwt expired","ip":"::ffff:127.0.0.1","level":"warn","message":"Authentication failed: JWT verification failed","method":"GET","path":"/me","service":"ehr-backend","timestamp":"2025-12-16 00:33:32"}
{"error":"invalid token","ip":"::ffff:127.0.0.1","level":"warn","message":"Authentication failed: JWT verification failed","method":"GET","path":"/me","service":"ehr-backend","timestamp":"2025-12-16 00:33:32"}
{"email":"admin@test.com","level":"info","message":"User login successful","role":"Admin","service":"ehr-backend","timestamp":"2025-12-16 00:33:32","userId":"69400e2cb878251a24baecf8"}
{"level":"info","message":"User logout","service":"ehr-backend","timestamp":"2025-12-16 00:33:32"}
{"level":"info","message":"User logout","service":"ehr-backend","timestamp":"2025-12-16 00:33:32"}
{"email":"admin@test.com","level":"info","message":"User login successful","role":"Admin","service":"ehr-backend","timestamp":"2025-12-16 00:33:33","userId":"69400e2db878251a24baed07"}
{"email":"admin@test.com","level":"info","message":"User login successful","role":"Admin","service":"ehr-backend","timestamp":"2025-12-16 00:33:33","userId":"69400e2db878251a24baed0f"}
{"level":"info","message":"User logout","service":"ehr-backend","timestamp":"2025-12-16 00:33:33"}
{"ip":"::ffff:127.0.0.1","level":"warn","message":"Authentication failed: Token missing","method":"GET","path":"/me","service":"ehr-backend","timestamp":"2025-12-16 00:33:33"}
{"email":"admin@test.com","level":"info","message":"User login successful","role":"Admin","service":"ehr-backend","timestamp":"2025-12-16 00:33:33","userId":"69400e2db878251a24baed19"}
{"level":"info","message":"Authorization check","method":"GET","path":"/audit-logs","requiredRoles":["Admin"],"service":"ehr-backend","timestamp":"2025-12-16 00:33:33","userId":"69400e2db878251a24baed19","userRole":"Admin"}
{"level":"info","message":"Admin 69400e2db878251a24baed19 retrieved 1 audit logs","service":"ehr-backend","timestamp":"2025-12-16 00:33:33"}
{"ip":"::ffff:127.0.0.1","level":"warn","message":"Authentication failed: Token missing","method":"GET","path":"/audit-logs","service":"ehr-backend","timestamp":"2025-12-16 00:33:33"}
{"error":"jwt expired","ip":"::ffff:127.0.0.1","level":"warn","message":"Authentication failed: JWT verification failed","method":"GET","path":"/audit-logs","service":"ehr-backend","timestamp":"2025-12-16 00:33:33"}
{"email":"patient@test.com","level":"info","message":"User login successful","role":"Patient","service":"ehr-backend","timestamp":"2025-12-16 00:33:37","userId":"69400e30cacd666079b632dc"}
{"email":"admin@test.com","level":"info","message":"User login successful","role":"Admin","service":"ehr-backend","timestamp":"2025-12-16 00:33:37","userId":"69400e31cacd666079b632e8"}
{"email":"nonexistent@test.com","ip":"::ffff:127.0.0.1","level":"warn","message":"Login attempt failed: User not found","service":"ehr-backend","timestamp":"2025-12-16 00:33:38"}
{"email":"patient@test.com","ip":"::ffff:127.0.0.1","level":"warn","message":"Login attempt failed: Invalid password","service":"ehr-backend","timestamp":"2025-12-16 00:33:38","userId":"69400e32cacd666079b632f7"}
{"ip":"::ffff:127.0.0.1","level":"warn","message":"Login attempt failed: User not found","service":"ehr-backend","timestamp":"2025-12-16 00:33:38"}
{"email":"patient@test.com","error":"data and hash arguments required","level":"error","message":"Login error","service":"ehr-backend","timestamp":"2025-12-16 00:33:38"}
{"email":"admin@test.com","level":"info","message":"User login successful","role":"Admin","service":"ehr-backend","timestamp":"2025-12-16 00:33:38","userId":"69400e32cacd666079b63307"}
{"email":"provider@test.com","level":"info","message":"User login successful","role":"Provider","service":"ehr-backend","timestamp":"2025-12-16 00:33:38","userId":"69400e32cacd666079b6330f"}
{"email":"patient@test.com","level":"info","message":"User login successful","role":"Patient","service":"ehr-backend","timestamp":"2025-12-16 00:33:38","userId":"69400e32cacd666079b63317"}
{"ip":"::ffff:127.0.0.1","level":"warn","message":"Authentication failed: Token missing","method":"GET","path":"/me","service":"ehr-backend","timestamp":"2025-12-16 00:33:38"}
{"error":"jwt malformed","ip":"::ffff:127.0.0.1","level":"warn","message":"Authentication failed: JWT verification failed","method":"GET","path":"/me","service":"ehr-backend","timestamp":"2025-12-16 00:33:38"}
{"email":"patient@test.com","level":"info","message":"User login successful","role":"Patient","service":"ehr-backend","timestamp":"2025-12-16 00:33:39","userId":"69400e32cacd666079b63327"}
{"level":"info","message":"User logout","service":"ehr-backend","timestamp":"2025-12-16 00:33:39"}
{"level":"info","message":"User logout","service":"ehr-backend","timestamp":"2025-12-16 00:33:39"}
{"email":"admin@test.com","level":"info","message":"User login successful","role":"Admin","service":"ehr-backend","timestamp":"2025-12-16 00:33:39","userId":"69400e33cacd666079b63336"}
{"level":"info","message":"User logout","service":"ehr-backend","timestamp":"2025-12-16 00:33:39"}
{"ip":"::ffff:127.0.0.1","level":"warn","message":"Authentication failed: Token missing","method":"GET","path":"/me","service":"ehr-backend","timestamp":"2025-12-16 00:33:39"}
{"keyVersion":1,"level":"info","message":"Public key retrieved successfully","service":"ehr-backend","timestamp":"2025-12-16 00:33:42"}
{"keyVersion":1,"level":"info","message":"Public key retrieved successfully","service":"ehr-backend","timestamp":"2025-12-16 00:33:42"}
{"keyVersion":1,"level":"info","message":"Public key retrieved successfully","service":"ehr-backend","timestamp":"2025-12-16 00:33:42"}
{"keyVersion":1,"level":"info","message":"Public key retrieved successfully","service":"ehr-backend","timestamp":"2025-12-16 00:33:42"}
{"keyVersion":1,"level":"info","message":"Public key retrieved successfully","service":"ehr-backend","timestamp":"2025-12-16 00:33:42"}
{"error":"Service unavailable","level":"error","message":"Failed to retrieve public key","service":"ehr-backend","timestamp":"2025-12-16 00:33:42"}
{"keyVersion":1,"level":"info","message":"Public key retrieved successfully","service":"ehr-backend","timestamp":"2025-12-16 00:33:42"}
{"keyVersion":1,"level":"info","message":"Public key retrieved successfully","service":"ehr-backend","timestamp":"2025-12-16 00:33:42"}
{"keyVersion":1,"level":"info","message":"Public key retrieved successfully","service":"ehr-backend","timestamp":"2025-12-16 00:33:42"}
{"level":"info","message":"Health check performed","service":"ehr-backend","services":{"api":"operational","mongodb":"connected"},"status":"unhealthy","timestamp":"2025-12-16 00:33:46"}
{"level":"info","message":"Health check performed","service":"ehr-backend","services":{"api":"operational","mongodb":"connected"},"status":"unhealthy","timestamp":"2025-12-16 00:33:46"}
{"level":"info","message":"Health check performed","service":"ehr-backend","services":{"api":"operational","mongodb":"connected"},"status":"unhealthy","timestamp":"2025-12-16 00:33:47"}
{"level":"info","message":"Health check performed","service":"ehr-backend","services":{"api":"operational","mongodb":"connected"},"status":"unhealthy","timestamp":"2025-12-16 00:33:47"}
{"level":"info","message":"Health check performed","service":"ehr-backend","services":{"api":"operational","mongodb":"connected"},"status":"unhealthy","timestamp":"2025-12-16 00:33:47"}
{"level":"info","message":"Health check performed","service":"ehr-backend","services":{"api":"operational","mongodb":"connected"},"status":"unhealthy","timestamp":"2025-12-16 00:33:47"}
{"level":"info","message":"Health check performed","service":"ehr-backend","services":{"api":"operational","mongodb":"connected"},"status":"unhealthy","timestamp":"2025-12-16 00:33:47"}
{"level":"info","message":"Health check performed","service":"ehr-backend","services":{"api":"operational","mongodb":"connected"},"status":"unhealthy","timestamp":"2025-12-16 00:33:47"}
{"level":"info","message":"Health check performed","service":"ehr-backend","services":{"api":"operational","mongodb":"connected"},"status":"unhealthy","timestamp":"2025-12-16 00:33:47"}
{"level":"error","message":"Health check failed: Health check failed","service":"ehr-backend","stack":"Error: Health check failed\n    at Object.<anonymous> (/Users/user/Documents/Monash/CyberSecurity/Assesment2/Final Submission/TP6 25/EHR_draft/ehr-backend/test/integration/health.integration.test.js:240:55)\n    at Promise.finally.completed (/Users/user/Documents/Monash/CyberSecurity/Assesment2/Final Submission/TP6 25/EHR_draft/ehr-backend/node_modules/jest-circus/build/jestAdapterInit.js:1557:28)\n    at new Promise (<anonymous>)\n    at callAsyncCircusFn (/Users/user/Documents/Monash/CyberSecurity/Assesment2/Final Submission/TP6 25/EHR_draft/ehr-backend/node_modules/jest-circus/build/jestAdapterInit.js:1497:10)\n    at _callCircusTest (/Users/user/Documents/Monash/CyberSecurity/Assesment2/Final Submission/TP6 25/EHR_draft/ehr-backend/node_modules/jest-circus/build/jestAdapterInit.js:1007:40)\n    at processTicksAndRejections (node:internal/process/task_queues:103:5)\n    at _runTest (/Users/user/Documents/Monash/CyberSecurity/Assesment2/Final Submission/TP6 25/EHR_draft/ehr-backend/node_modules/jest-circus/build/jestAdapterInit.js:947:3)\n    at /Users/user/Documents/Monash/CyberSecurity/Assesment2/Final Submission/TP6 25/EHR_draft/ehr-backend/node_modules/jest-circus/build/jestAdapterInit.js:849:7\n    at _runTestsForDescribeBlock (/Users/user/Documents/Monash/CyberSecurity/Assesment2/Final Submission/TP6 25/EHR_draft/ehr-backend/node_modules/jest-circus/build/jestAdapterInit.js:862:11)\n    at _runTestsForDescribeBlock (/Users/user/Documents/Monash/CyberSecurity/Assesment2/Final Submission/TP6 25/EHR_draft/ehr-backend/node_modules/jest-circus/build/jestAdapterInit.js:857:11)\n    at _runTestsForDescribeBlock (/Users/user/Documents/Monash/CyberSecurity/Assesment2/Final Submission/TP6 25/EHR_draft/ehr-backend/node_modules/jest-circus/build/jestAdapterInit.js:857:11)\n    at run (/Users/user/Documents/Monash/CyberSecurity/Assesment2/Final Submission/TP6 25/EHR_draft/ehr-backend/node_modules/jest-circus/build/jestAdapterInit.js:761:3)\n    at runAndTransformResultsToJestFormat (/Users/user/Documents/Monash/CyberSecurity/Assesment2/Final Submission/TP6 25/EHR_draft/ehr-backend/node_modules/jest-circus/build/jestAdapterInit.js:1918:21)\n    at jestAdapter (/Users/user/Documents/Monash/CyberSecurity/Assesment2/Final Submission/TP6 25/EHR_draft/ehr-backend/node_modules/jest-circus/build/runner.js:101:19)\n    at runTestInternal (/Users/user/Documents/Monash/CyberSecurity/Assesment2/Final Submission/TP6 25/EHR_draft/ehr-backend/node_modules/jest-runner/build/index.js:275:16)\n    at runTest (/Users/user/Documents/Monash/CyberSecurity/Assesment2/Final Submission/TP6 25/EHR_draft/ehr-backend/node_modules/jest-runner/build/index.js:343:7)","timestamp":"2025-12-16 00:33:47"}
{"level":"info","message":"Health check performed","service":"ehr-backend","services":{"api":"operational","mongodb":"connected"},"status":"unhealthy","timestamp":"2025-12-16 00:33:47"}
{"level":"info","message":"Health check performed","service":"ehr-backend","services":{"api":"operational","mongodb":"connected"},"status":"unhealthy","timestamp":"2025-12-16 00:33:47"}
{"email":"admin@test.com","level":"info","message":"User login successful","role":"Admin","service":"ehr-backend","timestamp":"2025-12-16 00:35:43","userId":"69400ead122956b94aeeab0d"}
{"email":"manager@test.com","level":"info","message":"User login successful","role":"Manager","service":"ehr-backend","timestamp":"2025-12-16 00:35:43","userId":"69400eae122956b94aeeab14"}
{"email":"provider@test.com","level":"info","message":"User login successful","role":"Provider","service":"ehr-backend","timestamp":"2025-12-16 00:35:43","userId":"69400eae122956b94aeeab17"}
{"email":"employee@test.com","level":"info","message":"User login successful","role":"Employee","service":"ehr-backend","timestamp":"2025-12-16 00:35:43","userId":"69400eaf122956b94aeeab19"}
{"email":"patient@test.com","level":"info","message":"User login successful","role":"Patient","service":"ehr-backend","timestamp":"2025-12-16 00:35:43","userId":"69400eaf122956b94aeeab1b"}
{"level":"info","message":"Authorization check","method":"POST","path":"/register","requiredRoles":["Employee","Manager","Admin"],"service":"ehr-backend","timestamp":"2025-12-16 00:35:43","userId":"69400ead122956b94aeeab0d","userRole":"Admin"}
{"creatorId":"69400ead122956b94aeeab0d","creatorRole":"Admin","level":"info","message":"User registered successfully","newUserId":"69400eaf122956b94aeeab2d","newUserRole":"Patient","service":"ehr-backend","timestamp":"2025-12-16 00:35:43"}
{"level":"info","message":"Authorization check","method":"POST","path":"/register","requiredRoles":["Employee","Manager","Admin"],"service":"ehr-backend","timestamp":"2025-12-16 00:35:43","userId":"69400ead122956b94aeeab0d","userRole":"Admin"}
{"creatorId":"69400ead122956b94aeeab0d","creatorRole":"Admin","level":"info","message":"User registered successfully","newUserId":"69400eaf122956b94aeeab32","newUserRole":"Provider","service":"ehr-backend","timestamp":"2025-12-16 00:35:43"}
{"level":"info","message":"Authorization check","method":"POST","path":"/register","requiredRoles":["Employee","Manager","Admin"],"service":"ehr-backend","timestamp":"2025-12-16 00:35:43","userId":"69400ead122956b94aeeab0d","userRole":"Admin"}
{"creatorId":"69400ead122956b94aeeab0d","creatorRole":"Admin","level":"info","message":"User registered successfully","newUserId":"69400eaf122956b94aeeab37","newUserRole":"Employee","service":"ehr-backend","timestamp":"2025-12-16 00:35:43"}
{"level":"info","message":"Authorization check","method":"POST","path":"/register","requiredRoles":["Employee","Manager","Admin"],"service":"ehr-backend","timestamp":"2025-12-16 00:35:43","userId":"69400ead122956b94aeeab0d","userRole":"Admin"}
{"creatorId":"69400ead122956b94aeeab0d","creatorRole":"Admin","level":"info","message":"User registered successfully","newUserId":"69400eaf122956b94aeeab3c","newUserRole":"Manager","service":"ehr-backend","timestamp":"2025-12-16 00:35:44"}
{"email":"admin@test.com","level":"info","message":"User login successful","role":"Admin","service":"ehr-backend","timestamp":"2025-12-16 00:35:44","userId":"69400eb0122956b94aeeab46"}
{"email":"manager@test.com","level":"info","message":"User login successful","role":"Manager","service":"ehr-backend","timestamp":"2025-12-16 00:35:44","userId":"69400eb0122956b94aeeab48"}
{"email":"provider@test.com","level":"info","message":"User login successful","role":"Provider","service":"ehr-backend","timestamp":"2025-12-16 00:35:44","userId":"69400eb0122956b94aeeab4a"}
{"email":"employee@test.com","level":"info","message":"User login successful","role":"Employee","service":"ehr-backend","timestamp":"2025-12-16 00:35:44","userId":"69400eb0122956b94aeeab4c"}
{"email":"patient@test.com","level":"info","message":"User login successful","role":"Patient","service":"ehr-backend","timestamp":"2025-12-16 00:35:44","userId":"69400eb0122956b94aeeab4e"}
{"level":"info","message":"Authorization check","method":"POST","path":"/register","requiredRoles":["Employee","Manager","Admin"],"service":"ehr-backend","timestamp":"2025-12-16 00:35:44","userId":"69400eb0122956b94aeeab48","userRole":"Manager"}
{"creatorId":"69400eb0122956b94aeeab48","creatorRole":"Manager","level":"info","message":"User registered successfully","newUserId":"69400eb0122956b94aeeab60","newUserRole":"Employee","service":"ehr-backend","timestamp":"2025-12-16 00:35:44"}
{"level":"info","message":"Authorization check","method":"POST","path":"/register","requiredRoles":["Employee","Manager","Admin"],"service":"ehr-backend","timestamp":"2025-12-16 00:35:44","userId":"69400eb0122956b94aeeab48","userRole":"Manager"}
{"creatorId":"69400eb0122956b94aeeab48","creatorRole":"Manager","level":"info","message":"User registered successfully","newUserId":"69400eb0122956b94aeeab65","newUserRole":"Provider","service":"ehr-backend","timestamp":"2025-12-16 00:35:44"}
{"level":"info","message":"Authorization check","method":"POST","path":"/register","requiredRoles":["Employee","Manager","Admin"],"service":"ehr-backend","timestamp":"2025-12-16 00:35:44","userId":"69400eb0122956b94aeeab48","userRole":"Manager"}
{"creatorId":"69400eb0122956b94aeeab48","creatorRole":"Manager","level":"info","message":"User registered successfully","newUserId":"69400eb0122956b94aeeab6a","newUserRole":"Patient","service":"ehr-backend","timestamp":"2025-12-16 00:35:44"}
{"email":"admin@test.com","level":"info","message":"User login successful","role":"Admin","service":"ehr-backend","timestamp":"2025-12-16 00:35:45","userId":"69400eb1122956b94aeeab74"}
{"email":"manager@test.com","level":"info","message":"User login successful","role":"Manager","service":"ehr-backend","timestamp":"2025-12-16 00:35:45","userId":"69400eb1122956b94aeeab76"}
{"email":"provider@test.com","level":"info","message":"User login successful","role":"Provider","service":"ehr-backend","timestamp":"2025-12-16 00:35:45","userId":"69400eb1122956b94aeeab78"}
{"email":"employee@test.com","level":"info","message":"User login successful","role":"Employee","service":"ehr-backend","timestamp":"2025-12-16 00:35:45","userId":"69400eb1122956b94aeeab7a"}
{"email":"patient@test.com","level":"info","message":"User login successful","role":"Patient","service":"ehr-backend","timestamp":"2025-12-16 00:35:45","userId":"69400eb1122956b94aeeab7c"}
{"level":"info","message":"Authorization check","method":"POST","path":"/register","requiredRoles":["Employee","Manager","Admin"],"service":"ehr-backend","timestamp":"2025-12-16 00:35:45","userId":"69400eb1122956b94aeeab76","userRole":"Manager"}
{"creatorId":"69400eb1122956b94aeeab76","creatorRole":"Manager","level":"warn","message":"Registration denied: Insufficient permissions","service":"ehr-backend","targetRole":"Manager","timestamp":"2025-12-16 00:35:45"}
{"email":"admin@test.com","level":"info","message":"User login successful","role":"Admin","service":"ehr-backend","timestamp":"2025-12-16 00:35:46","userId":"69400eb1122956b94aeeab93"}
{"email":"manager@test.com","level":"info","message":"User login successful","role":"Manager","service":"ehr-backend","timestamp":"2025-12-16 00:35:46","userId":"69400eb1122956b94aeeab95"}
{"email":"provider@test.com","level":"info","message":"User login successful","role":"Provider","service":"ehr-backend","timestamp":"2025-12-16 00:35:46","userId":"69400eb1122956b94aeeab97"}
{"email":"employee@test.com","level":"info","message":"User login successful","role":"Employee","service":"ehr-backend","timestamp":"2025-12-16 00:35:46","userId":"69400eb1122956b94aeeab99"}
{"email":"patient@test.com","level":"info","message":"User login successful","role":"Patient","service":"ehr-backend","timestamp":"2025-12-16 00:35:46","userId":"69400eb2122956b94aeeab9b"}
{"level":"info","message":"Authorization check","method":"POST","path":"/register","requiredRoles":["Employee","Manager","Admin"],"service":"ehr-backend","timestamp":"2025-12-16 00:35:46","userId":"69400eb1122956b94aeeab99","userRole":"Employee"}
{"creatorId":"69400eb1122956b94aeeab99","creatorRole":"Employee","level":"info","message":"User registered successfully","newUserId":"69400eb2122956b94aeeabad","newUserRole":"Patient","service":"ehr-backend","timestamp":"2025-12-16 00:35:46"}
{"email":"admin@test.com","level":"info","message":"User login successful","role":"Admin","service":"ehr-backend","timestamp":"2025-12-16 00:35:46","userId":"69400eb2122956b94aeeabb7"}
{"email":"manager@test.com","level":"info","message":"User login successful","role":"Manager","service":"ehr-backend","timestamp":"2025-12-16 00:35:47","userId":"69400eb2122956b94aeeabb9"}
{"email":"provider@test.com","level":"info","message":"User login successful","role":"Provider","service":"ehr-backend","timestamp":"2025-12-16 00:35:47","userId":"69400eb2122956b94aeeabbb"}
{"email":"employee@test.com","level":"info","message":"User login successful","role":"Employee","service":"ehr-backend","timestamp":"2025-12-16 00:35:47","userId":"69400eb2122956b94aeeabbd"}
{"email":"patient@test.com","level":"info","message":"User login successful","role":"Patient","service":"ehr-backend","timestamp":"2025-12-16 00:35:47","userId":"69400eb2122956b94aeeabbf"}
{"level":"info","message":"Authorization check","method":"POST","path":"/register","requiredRoles":["Employee","Manager","Admin"],"service":"ehr-backend","timestamp":"2025-12-16 00:35:47","userId":"69400eb2122956b94aeeabbd","userRole":"Employee"}
{"creatorId":"69400eb2122956b94aeeabbd","creatorRole":"Employee","level":"warn","message":"Registration denied: Insufficient permissions","service":"ehr-backend","targetRole":"Provider","timestamp":"2025-12-16 00:35:47"}
{"email":"admin@test.com","level":"info","message":"User login successful","role":"Admin","service":"ehr-backend","timestamp":"2025-12-16 00:35:47","userId":"69400eb3122956b94aeeabd6"}
{"email":"manager@test.com","level":"info","message":"User login successful","role":"Manager","service":"ehr-backend","timestamp":"2025-12-16 00:35:47","userId":"69400eb3122956b94aeeabd8"}
{"email":"provider@test.com","level":"info","message":"User login successful","role":"Provider","service":"ehr-backend","timestamp":"2025-12-16 00:35:47","userId":"69400eb3122956b94aeeabda"}
{"email":"employee@test.com","level":"info","message":"User login successful","role":"Employee","service":"ehr-backend","timestamp":"2025-12-16 00:35:47","userId":"69400eb3122956b94aeeabdc"}
{"email":"patient@test.com","level":"info","message":"User login successful","role":"Patient","service":"ehr-backend","timestamp":"2025-12-16 00:35:48","userId":"69400eb3122956b94aeeabde"}
{"level":"info","message":"Authorization check","method":"POST","path":"/register","requiredRoles":["Employee","Manager","Admin"],"service":"ehr-backend","timestamp":"2025-12-16 00:35:48","userId":"69400eb3122956b94aeeabdc","userRole":"Employee"}
{"creatorId":"69400eb3122956b94aeeabdc","creatorRole":"Employee","level":"warn","message":"Registration denied: Insufficient permissions","service":"ehr-backend","targetRole":"Employee","timestamp":"2025-12-16 00:35:48"}
{"email":"admin@test.com","level":"info","message":"User login successful","role":"Admin","service":"ehr-backend","timestamp":"2025-12-16 00:35:48","userId":"69400eb4122956b94aeeabf5"}
{"email":"manager@test.com","level":"info","message":"User login successful","role":"Manager","service":"ehr-backend","timestamp":"2025-12-16 00:35:48","userId":"69400eb4122956b94aeeabf7"}
{"email":"provider@test.com","level":"info","message":"User login successful","role":"Provider","service":"ehr-backend","timestamp":"2025-12-16 00:35:48","userId":"69400eb4122956b94aeeabf9"}
{"email":"employee@test.com","level":"info","message":"User login successful","role":"Employee","service":"ehr-backend","timestamp":"2025-12-16 00:35:48","userId":"69400eb4122956b94aeeabfb"}
{"email":"patient@test.com","level":"info","message":"User login successful","role":"Patient","service":"ehr-backend","timestamp":"2025-12-16 00:35:48","userId":"69400eb4122956b94aeeabfd"}
{"level":"info","message":"Authorization check","method":"POST","path":"/register","requiredRoles":["Employee","Manager","Admin"],"service":"ehr-backend","timestamp":"2025-12-16 00:35:48","userId":"69400eb4122956b94aeeabf9","userRole":"Provider"}
{"level":"warn","message":"Authorization denied: Insufficient permissions","method":"POST","path":"/register","requiredRoles":["Employee","Manager","Admin"],"service":"ehr-backend","timestamp":"2025-12-16 00:35:48","userId":"69400eb4122956b94aeeabf9","userRole":"Provider"}
{"email":"admin@test.com","level":"info","message":"User login successful","role":"Admin","service":"ehr-backend","timestamp":"2025-12-16 00:35:49","userId":"69400eb4122956b94aeeac16"}
{"email":"manager@test.com","level":"info","message":"User login successful","role":"Manager","service":"ehr-backend","timestamp":"2025-12-16 00:35:49","userId":"69400eb4122956b94aeeac18"}
{"email":"provider@test.com","level":"info","message":"User login successful","role":"Provider","service":"ehr-backend","timestamp":"2025-12-16 00:35:49","userId":"69400eb4122956b94aeeac1a"}
{"email":"employee@test.com","level":"info","message":"User login successful","role":"Employee","service":"ehr-backend","timestamp":"2025-12-16 00:35:49","userId":"69400eb5122956b94aeeac1c"}
{"email":"patient@test.com","level":"info","message":"User login successful","role":"Patient","service":"ehr-backend","timestamp":"2025-12-16 00:35:49","userId":"69400eb5122956b94aeeac1e"}
{"level":"info","message":"Authorization check","method":"POST","path":"/register","requiredRoles":["Employee","Manager","Admin"],"service":"ehr-backend","timestamp":"2025-12-16 00:35:49","userId":"69400eb5122956b94aeeac1e","userRole":"Patient"}
{"level":"warn","message":"Authorization denied: Insufficient permissions","method":"POST","path":"/register","requiredRoles":["Employee","Manager","Admin"],"service":"ehr-backend","timestamp":"2025-12-16 00:35:49","userId":"69400eb5122956b94aeeac1e","userRole":"Patient"}
{"email":"admin@test.com","level":"info","message":"User login successful","role":"Admin","service":"ehr-backend","timestamp":"2025-12-16 00:35:49","userId":"69400eb5122956b94aeeac37"}
{"email":"manager@test.com","level":"info","message":"User login successful","role":"Manager","service":"ehr-backend","timestamp":"2025-12-16 00:35:50","userId":"69400eb5122956b94aeeac39"}
{"email":"provider@test.com","level":"info","message":"User login successful","role":"Provider","service":"ehr-backend","timestamp":"2025-12-16 00:35:50","userId":"69400eb5122956b94aeeac3b"}
{"email":"employee@test.com","level":"info","message":"User login successful","role":"Employee","service":"ehr-backend","timestamp":"2025-12-16 00:35:50","userId":"69400eb5122956b94aeeac3d"}
{"email":"patient@test.com","level":"info","message":"User login successful","role":"Patient","service":"ehr-backend","timestamp":"2025-12-16 00:35:50","userId":"69400eb5122956b94aeeac3f"}
{"level":"info","message":"Authorization check","method":"GET","path":"/audit-logs","requiredRoles":["Admin"],"service":"ehr-backend","timestamp":"2025-12-16 00:35:50","userId":"69400eb5122956b94aeeac37","userRole":"Admin"}
{"level":"info","message":"Admin 69400eb5122956b94aeeac37 retrieved 5 audit logs","service":"ehr-backend","timestamp":"2025-12-16 00:35:50"}
{"email":"admin@test.com","level":"info","message":"User login successful","role":"Admin","service":"ehr-backend","timestamp":"2025-12-16 00:35:50","userId":"69400eb6122956b94aeeac57"}
{"email":"manager@test.com","level":"info","message":"User login successful","role":"Manager","service":"ehr-backend","timestamp":"2025-12-16 00:35:50","userId":"69400eb6122956b94aeeac59"}
{"email":"provider@test.com","level":"info","message":"User login successful","role":"Provider","service":"ehr-backend","timestamp":"2025-12-16 00:35:50","userId":"69400eb6122956b94aeeac5b"}
{"email":"employee@test.com","level":"info","message":"User login successful","role":"Employee","service":"ehr-backend","timestamp":"2025-12-16 00:35:50","userId":"69400eb6122956b94aeeac5d"}
{"email":"patient@test.com","level":"info","message":"User login successful","role":"Patient","service":"ehr-backend","timestamp":"2025-12-16 00:35:51","userId":"69400eb6122956b94aeeac5f"}
{"level":"info","message":"Authorization check","method":"GET","path":"/audit-logs","requiredRoles":["Admin"],"service":"ehr-backend","timestamp":"2025-12-16 00:35:51","userId":"69400eb6122956b94aeeac59","userRole":"Manager"}
{"level":"warn","message":"Authorization denied: Insufficient permissions","method":"GET","path":"/audit-logs","requiredRoles":["Admin"],"service":"ehr-backend","timestamp":"2025-12-16 00:35:51","userId":"69400eb6122956b94aeeac59","userRole":"Manager"}
{"email":"admin@test.com","level":"info","message":"User login successful","role":"Admin","service":"ehr-backend","timestamp":"2025-12-16 00:35:51","userId":"69400eb7122956b94aeeac78"}
{"email":"manager@test.com","level":"info","message":"User login successful","role":"Manager","service":"ehr-backend","timestamp":"2025-12-16 00:35:51","userId":"69400eb7122956b94aeeac7a"}
{"email":"provider@test.com","level":"info","message":"User login successful","role":"Provider","service":"ehr-backend","timestamp":"2025-12-16 00:35:51","userId":"69400eb7122956b94aeeac7c"}
{"email":"employee@test.com","level":"info","message":"User login successful","role":"Employee","service":"ehr-backend","timestamp":"2025-12-16 00:35:51","userId":"69400eb7122956b94aeeac7e"}
{"email":"patient@test.com","level":"info","message":"User login successful","role":"Patient","service":"ehr-backend","timestamp":"2025-12-16 00:35:51","userId":"69400eb7122956b94aeeac80"}
{"level":"info","message":"Authorization check","method":"GET","path":"/audit-logs","requiredRoles":["Admin"],"service":"ehr-backend","timestamp":"2025-12-16 00:35:51","userId":"69400eb7122956b94aeeac7c","userRole":"Provider"}
{"level":"warn","message":"Authorization denied: Insufficient permissions","method":"GET","path":"/audit-logs","requiredRoles":["Admin"],"service":"ehr-backend","timestamp":"2025-12-16 00:35:51","userId":"69400eb7122956b94aeeac7c","userRole":"Provider"}
{"email":"admin@test.com","level":"info","message":"User login successful","role":"Admin","service":"ehr-backend","timestamp":"2025-12-16 00:35:52","userId":"69400eb7122956b94aeeac99"}
{"email":"manager@test.com","level":"info","message":"User login successful","role":"Manager","service":"ehr-backend","timestamp":"2025-12-16 00:35:52","userId":"69400eb7122956b94aeeac9b"}
{"email":"provider@test.com","level":"info","message":"User login successful","role":"Provider","service":"ehr-backend","timestamp":"2025-12-16 00:35:52","userId":"69400eb8122956b94aeeac9d"}
{"email":"employee@test.com","level":"info","message":"User login successful","role":"Employee","service":"ehr-backend","timestamp":"2025-12-16 00:35:52","userId":"69400eb8122956b94aeeac9f"}
{"email":"patient@test.com","level":"info","message":"User login successful","role":"Patient","service":"ehr-backend","timestamp":"2025-12-16 00:35:52","userId":"69400eb8122956b94aeeaca1"}
{"level":"info","message":"Authorization check","method":"GET","path":"/audit-logs","requiredRoles":["Admin"],"service":"ehr-backend","timestamp":"2025-12-16 00:35:52","userId":"69400eb8122956b94aeeac9f","userRole":"Employee"}
{"level":"warn","message":"Authorization denied: Insufficient permissions","method":"GET","path":"/audit-logs","requiredRoles":["Admin"],"service":"ehr-backend","timestamp":"2025-12-16 00:35:52","userId":"69400eb8122956b94aeeac9f","userRole":"Employee"}
{"email":"admin@test.com","level":"info","message":"User login successful","role":"Admin","service":"ehr-backend","timestamp":"2025-12-16 00:35:53","userId":"69400eb8122956b94aeeacba"}
{"email":"manager@test.com","level":"info","message":"User login successful","role":"Manager","service":"ehr-backend","timestamp":"2025-12-16 00:35:53","userId":"69400eb8122956b94aeeacbc"}
{"email":"provider@test.com","level":"info","message":"User login successful","role":"Provider","service":"ehr-backend","timestamp":"2025-12-16 00:35:53","userId":"69400eb9122956b94aeeacbe"}
{"email":"employee@test.com","level":"info","message":"User login successful","role":"Employee","service":"ehr-backend","timestamp":"2025-12-16 00:35:53","userId":"69400eb9122956b94aeeacc0"}
{"email":"patient@test.com","level":"info","message":"User login successful","role":"Patient","service":"ehr-backend","timestamp":"2025-12-16 00:35:53","userId":"69400eb9122956b94aeeacc2"}
{"level":"info","message":"Authorization check","method":"GET","path":"/audit-logs","requiredRoles":["Admin"],"service":"ehr-backend","timestamp":"2025-12-16 00:35:53","userId":"69400eb9122956b94aeeacc2","userRole":"Patient"}
{"level":"warn","message":"Authorization denied: Insufficient permissions","method":"GET","path":"/audit-logs","requiredRoles":["Admin"],"service":"ehr-backend","timestamp":"2025-12-16 00:35:53","userId":"69400eb9122956b94aeeacc2","userRole":"Patient"}
{"email":"admin@test.com","level":"info","message":"User login successful","role":"Admin","service":"ehr-backend","timestamp":"2025-12-16 00:35:54","userId":"69400eb9122956b94aeeacdb"}
{"email":"manager@test.com","level":"info","message":"User login successful","role":"Manager","service":"ehr-backend","timestamp":"2025-12-16 00:35:54","userId":"69400eb9122956b94aeeacdd"}
{"email":"provider@test.com","level":"info","message":"User login successful","role":"Provider","service":"ehr-backend","timestamp":"2025-12-16 00:35:54","userId":"69400eb9122956b94aeeacdf"}
{"email":"employee@test.com","level":"info","message":"User login successful","role":"Employee","service":"ehr-backend","timestamp":"2025-12-16 00:35:54","userId":"69400eb9122956b94aeeace1"}
{"email":"patient@test.com","level":"info","message":"User login successful","role":"Patient","service":"ehr-backend","timestamp":"2025-12-16 00:35:54","userId":"69400eb9122956b94aeeace3"}
{"level":"info","message":"Authorization check","method":"POST","path":"/assign-patient","requiredRoles":["Admin","Manager"],"service":"ehr-backend","timestamp":"2025-12-16 00:35:54","userId":"69400eb9122956b94aeeacdb","userRole":"Admin"}
{"level":"info","message":"Patient 69400eb9122956b94aeeace3 assigned to Provider 69400eb9122956b94aeeacdf by Admin 69400eb9122956b94aeeacdb","service":"ehr-backend","timestamp":"2025-12-16 00:35:54"}
{"email":"admin@test.com","level":"info","message":"User login successful","role":"Admin","service":"ehr-backend","timestamp":"2025-12-16 00:35:54","userId":"69400eba122956b94aeeacfe"}
{"email":"manager@test.com","level":"info","message":"User login successful","role":"Manager","service":"ehr-backend","timestamp":"2025-12-16 00:35:54","userId":"69400eba122956b94aeead00"}
{"email":"provider@test.com","level":"info","message":"User login successful","role":"Provider","service":"ehr-backend","timestamp":"2025-12-16 00:35:54","userId":"69400eba122956b94aeead02"}
{"email":"employee@test.com","level":"info","message":"User login successful","role":"Employee","service":"ehr-backend","timestamp":"2025-12-16 00:35:55","userId":"69400eba122956b94aeead04"}
{"email":"patient@test.com","level":"info","message":"User login successful","role":"Patient","service":"ehr-backend","timestamp":"2025-12-16 00:35:55","userId":"69400eba122956b94aeead06"}
{"level":"info","message":"Authorization check","method":"POST","path":"/assign-patient","requiredRoles":["Admin","Manager"],"service":"ehr-backend","timestamp":"2025-12-16 00:35:55","userId":"69400eba122956b94aeead00","userRole":"Manager"}
{"level":"info","message":"Patient 69400eba122956b94aeead06 assigned to Provider 69400eba122956b94aeead02 by Admin 69400eba122956b94aeead00","service":"ehr-backend","timestamp":"2025-12-16 00:35:55"}
{"email":"admin@test.com","level":"info","message":"User login successful","role":"Admin","service":"ehr-backend","timestamp":"2025-12-16 00:35:55","userId":"69400ebb122956b94aeead21"}
{"email":"manager@test.com","level":"info","message":"User login successful","role":"Manager","service":"ehr-backend","timestamp":"2025-12-16 00:35:55","userId":"69400ebb122956b94aeead23"}
{"email":"provider@test.com","level":"info","message":"User login successful","role":"Provider","service":"ehr-backend","timestamp":"2025-12-16 00:35:55","userId":"69400ebb122956b94aeead25"}
{"email":"employee@test.com","level":"info","message":"User login successful","role":"Employee","service":"ehr-backend","timestamp":"2025-12-16 00:35:55","userId":"69400ebb122956b94aeead27"}
{"email":"patient@test.com","level":"info","message":"User login successful","role":"Patient","service":"ehr-backend","timestamp":"2025-12-16 00:35:55","userId":"69400ebb122956b94aeead29"}
{"email":"admin@test.com","level":"info","message":"User login successful","role":"Admin","service":"ehr-backend","timestamp":"2025-12-16 00:36:03","userId":"69400ec2c360065c9fad11b0"}
{"email":"manager@test.com","level":"info","message":"User login successful","role":"Manager","service":"ehr-backend","timestamp":"2025-12-16 00:36:03","userId":"69400ec3c360065c9fad11b8"}
{"email":"provider@test.com","level":"info","message":"User login successful","role":"Provider","service":"ehr-backend","timestamp":"2025-12-16 00:36:03","userId":"69400ec3c360065c9fad11ba"}
{"email":"assigned@test.com","level":"info","message":"User login successful","role":"Patient","service":"ehr-backend","timestamp":"2025-12-16 00:36:03","userId":"69400ec3c360065c9fad11be"}
{"email":"admin@test.com","level":"info","message":"User login successful","role":"Admin","service":"ehr-backend","timestamp":"2025-12-16 00:36:04","userId":"69400ec3c360065c9fad11d3"}
{"email":"manager@test.com","level":"info","message":"User login successful","role":"Manager","service":"ehr-backend","timestamp":"2025-12-16 00:36:04","userId":"69400ec3c360065c9fad11d5"}
{"email":"provider@test.com","level":"info","message":"User login successful","role":"Provider","service":"ehr-backend","timestamp":"2025-12-16 00:36:04","userId":"69400ec3c360065c9fad11d7"}
{"email":"assigned@test.com","level":"info","message":"User login successful","role":"Patient","service":"ehr-backend","timestamp":"2025-12-16 00:36:04","userId":"69400ec4c360065c9fad11db"}
{"email":"admin@test.com","level":"info","message":"User login successful","role":"Admin","service":"ehr-backend","timestamp":"2025-12-16 00:36:04","userId":"69400ec4c360065c9fad11f0"}
{"email":"manager@test.com","level":"info","message":"User login successful","role":"Manager","service":"ehr-backend","timestamp":"2025-12-16 00:36:04","userId":"69400ec4c360065c9fad11f2"}
{"email":"provider@test.com","level":"info","message":"User login successful","role":"Provider","service":"ehr-backend","timestamp":"2025-12-16 00:36:05","userId":"69400ec4c360065c9fad11f4"}
{"email":"assigned@test.com","level":"info","message":"User login successful","role":"Patient","service":"ehr-backend","timestamp":"2025-12-16 00:36:05","userId":"69400ec4c360065c9fad11f8"}
{"email":"admin@test.com","level":"info","message":"User login successful","role":"Admin","service":"ehr-backend","timestamp":"2025-12-16 00:36:05","userId":"69400ec5c360065c9fad120d"}
{"email":"manager@test.com","level":"info","message":"User login successful","role":"Manager","service":"ehr-backend","timestamp":"2025-12-16 00:36:05","userId":"69400ec5c360065c9fad120f"}
{"email":"provider@test.com","level":"info","message":"User login successful","role":"Provider","service":"ehr-backend","timestamp":"2025-12-16 00:36:05","userId":"69400ec5c360065c9fad1211"}
{"email":"assigned@test.com","level":"info","message":"User login successful","role":"Patient","service":"ehr-backend","timestamp":"2025-12-16 00:36:05","userId":"69400ec5c360065c9fad1215"}
{"email":"admin@test.com","level":"info","message":"User login successful","role":"Admin","service":"ehr-backend","timestamp":"2025-12-16 00:36:06","userId":"69400ec5c360065c9fad122a"}
{"email":"manager@test.com","level":"info","message":"User login successful","role":"Manager","service":"ehr-backend","timestamp":"2025-12-16 00:36:06","userId":"69400ec5c360065c9fad122c"}
{"email":"provider@test.com","level":"info","message":"User login successful","role":"Provider","service":"ehr-backend","timestamp":"2025-12-16 00:36:06","userId":"69400ec5c360065c9fad122e"}
{"email":"assigned@test.com","level":"info","message":"User login successful","role":"Patient","service":"ehr-backend","timestamp":"2025-12-16 00:36:06","userId":"69400ec6c360065c9fad1232"}
{"email":"admin@test.com","level":"info","message":"User login successful","role":"Admin","service":"ehr-backend","timestamp":"2025-12-16 00:36:06","userId":"69400ec6c360065c9fad1247"}
{"email":"manager@test.com","level":"info","message":"User login successful","role":"Manager","service":"ehr-backend","timestamp":"2025-12-16 00:36:06","userId":"69400ec6c360065c9fad1249"}
{"email":"provider@test.com","level":"info","message":"User login successful","role":"Provider","service":"ehr-backend","timestamp":"2025-12-16 00:36:07","userId":"69400ec6c360065c9fad124b"}
{"email":"assigned@test.com","level":"info","message":"User login successful","role":"Patient","service":"ehr-backend","timestamp":"2025-12-16 00:36:07","userId":"69400ec6c360065c9fad124f"}
{"email":"admin@test.com","level":"info","message":"User login successful","role":"Admin","service":"ehr-backend","timestamp":"2025-12-16 00:36:07","userId":"69400ec7c360065c9fad1264"}
{"email":"manager@test.com","level":"info","message":"User login successful","role":"Manager","service":"ehr-backend","timestamp":"2025-12-16 00:36:07","userId":"69400ec7c360065c9fad1266"}
{"email":"provider@test.com","level":"info","message":"User login successful","role":"Provider","service":"ehr-backend","timestamp":"2025-12-16 00:36:07","userId":"69400ec7c360065c9fad1268"}
{"email":"assigned@test.com","level":"info","message":"User login successful","role":"Patient","service":"ehr-backend","timestamp":"2025-12-16 00:36:07","userId":"69400ec7c360065c9fad126c"}
{"email":"admin@test.com","level":"info","message":"User login successful","role":"Admin","service":"ehr-backend","timestamp":"2025-12-16 00:36:08","userId":"69400ec7c360065c9fad1281"}
{"email":"manager@test.com","level":"info","message":"User login successful","role":"Manager","service":"ehr-backend","timestamp":"2025-12-16 00:36:08","userId":"69400ec7c360065c9fad1283"}
{"email":"provider@test.com","level":"info","message":"User login successful","role":"Provider","service":"ehr-backend","timestamp":"2025-12-16 00:36:08","userId":"69400ec7c360065c9fad1285"}
{"email":"assigned@test.com","level":"info","message":"User login successful","role":"Patient","service":"ehr-backend","timestamp":"2025-12-16 00:36:08","userId":"69400ec8c360065c9fad1289"}
{"level":"info","managerId":"69400ec7c360065c9fad1283","message":"All records retrieved","recordCount":1,"service":"ehr-backend","timestamp":"2025-12-16 00:36:08"}
{"email":"admin@test.com","level":"info","message":"User login successful","role":"Admin","service":"ehr-backend","timestamp":"2025-12-16 00:36:08","userId":"69400ec8c360065c9fad12a4"}
{"email":"manager@test.com","level":"info","message":"User login successful","role":"Manager","service":"ehr-backend","timestamp":"2025-12-16 00:36:08","userId":"69400ec8c360065c9fad12a6"}
{"email":"provider@test.com","level":"info","message":"User login successful","role":"Provider","service":"ehr-backend","timestamp":"2025-12-16 00:36:09","userId":"69400ec8c360065c9fad12a8"}
{"email":"assigned@test.com","level":"info","message":"User login successful","role":"Patient","service":"ehr-backend","timestamp":"2025-12-16 00:36:09","userId":"69400ec8c360065c9fad12ac"}
{"email":"admin@test.com","level":"info","message":"User login successful","role":"Admin","service":"ehr-backend","timestamp":"2025-12-16 00:36:09","userId":"69400ec9c360065c9fad12c1"}
{"email":"manager@test.com","level":"info","message":"User login successful","role":"Manager","service":"ehr-backend","timestamp":"2025-12-16 00:36:09","userId":"69400ec9c360065c9fad12c3"}
{"email":"provider@test.com","level":"info","message":"User login successful","role":"Provider","service":"ehr-backend","timestamp":"2025-12-16 00:36:09","userId":"69400ec9c360065c9fad12c5"}
{"email":"assigned@test.com","level":"info","message":"User login successful","role":"Patient","service":"ehr-backend","timestamp":"2025-12-16 00:36:09","userId":"69400ec9c360065c9fad12c9"}
{"email":"admin@test.com","level":"info","message":"User login successful","role":"Admin","service":"ehr-backend","timestamp":"2025-12-16 00:36:10","userId":"69400ec9c360065c9fad12de"}
{"email":"manager@test.com","level":"info","message":"User login successful","role":"Manager","service":"ehr-backend","timestamp":"2025-12-16 00:36:10","userId":"69400ec9c360065c9fad12e0"}
{"email":"provider@test.com","level":"info","message":"User login successful","role":"Provider","service":"ehr-backend","timestamp":"2025-12-16 00:36:10","userId":"69400ec9c360065c9fad12e2"}
{"email":"assigned@test.com","level":"info","message":"User login successful","role":"Patient","service":"ehr-backend","timestamp":"2025-12-16 00:36:10","userId":"69400ecac360065c9fad12e6"}
{"error":"Cast to ObjectId failed for value \"my-records\" (type string) at path \"_id\" for model \"PatientRecord\"","level":"error","message":"Error retrieving record by ID","recordId":"my-records","service":"ehr-backend","timestamp":"2025-12-16 00:36:10","userId":"69400ecac360065c9fad12e6"}
{"email":"admin@test.com","level":"info","message":"User login successful","role":"Admin","service":"ehr-backend","timestamp":"2025-12-16 00:36:10","userId":"69400ecac360065c9fad12fd"}
{"email":"manager@test.com","level":"info","message":"User login successful","role":"Manager","service":"ehr-backend","timestamp":"2025-12-16 00:36:10","userId":"69400ecac360065c9fad12ff"}
{"email":"provider@test.com","level":"info","message":"User login successful","role":"Provider","service":"ehr-backend","timestamp":"2025-12-16 00:36:11","userId":"69400ecac360065c9fad1301"}
{"email":"assigned@test.com","level":"info","message":"User login successful","role":"Patient","service":"ehr-backend","timestamp":"2025-12-16 00:36:11","userId":"69400ecac360065c9fad1305"}
{"error":"Cast to ObjectId failed for value \"my-records\" (type string) at path \"_id\" for model \"PatientRecord\"","level":"error","message":"Error retrieving record by ID","recordId":"my-records","service":"ehr-backend","timestamp":"2025-12-16 00:36:11","userId":"69400ecac360065c9fad1305"}
{"email":"admin@test.com","level":"info","message":"User login successful","role":"Admin","service":"ehr-backend","timestamp":"2025-12-16 00:36:11","userId":"69400ecbc360065c9fad131e"}
{"email":"manager@test.com","level":"info","message":"User login successful","role":"Manager","service":"ehr-backend","timestamp":"2025-12-16 00:36:11","userId":"69400ecbc360065c9fad1320"}
{"email":"provider@test.com","level":"info","message":"User login successful","role":"Provider","service":"ehr-backend","timestamp":"2025-12-16 00:36:11","userId":"69400ecbc360065c9fad1322"}
{"email":"assigned@test.com","level":"info","message":"User login successful","role":"Patient","service":"ehr-backend","timestamp":"2025-12-16 00:36:11","userId":"69400ecbc360065c9fad1326"}
{"error":"Cast to ObjectId failed for value \"my-records\" (type string) at path \"_id\" for model \"PatientRecord\"","level":"error","message":"Error retrieving record by ID","recordId":"my-records","service":"ehr-backend","timestamp":"2025-12-16 00:36:11","userId":"69400ecbc360065c9fad1322"}
{"email":"admin@test.com","level":"info","message":"User login successful","role":"Admin","service":"ehr-backend","timestamp":"2025-12-16 00:36:12","userId":"69400ecbc360065c9fad133d"}
{"email":"manager@test.com","level":"info","message":"User login successful","role":"Manager","service":"ehr-backend","timestamp":"2025-12-16 00:36:12","userId":"69400ecbc360065c9fad133f"}
{"email":"provider@test.com","level":"info","message":"User login successful","role":"Provider","service":"ehr-backend","timestamp":"2025-12-16 00:36:12","userId":"69400ecbc360065c9fad1341"}
{"email":"assigned@test.com","level":"info","message":"User login successful","role":"Patient","service":"ehr-backend","timestamp":"2025-12-16 00:36:12","userId":"69400eccc360065c9fad1345"}
{"level":"info","message":"Record retrieved by ID","recordId":"69400eccc360065c9fad1354","service":"ehr-backend","timestamp":"2025-12-16 00:36:12","userId":"69400ecbc360065c9fad1341"}
{"email":"admin@test.com","level":"info","message":"User login successful","role":"Admin","service":"ehr-backend","timestamp":"2025-12-16 00:36:12","userId":"69400eccc360065c9fad1360"}
{"email":"manager@test.com","level":"info","message":"User login successful","role":"Manager","service":"ehr-backend","timestamp":"2025-12-16 00:36:13","userId":"69400eccc360065c9fad1362"}
{"email":"provider@test.com","level":"info","message":"User login successful","role":"Provider","service":"ehr-backend","timestamp":"2025-12-16 00:36:13","userId":"69400eccc360065c9fad1364"}
{"email":"assigned@test.com","level":"info","message":"User login successful","role":"Patient","service":"ehr-backend","timestamp":"2025-12-16 00:36:13","userId":"69400eccc360065c9fad1368"}
{"level":"info","message":"Record retrieved by ID","recordId":"69400ecdc360065c9fad1377","service":"ehr-backend","timestamp":"2025-12-16 00:36:13","userId":"69400eccc360065c9fad1368"}
{"email":"admin@test.com","level":"info","message":"User login successful","role":"Admin","service":"ehr-backend","timestamp":"2025-12-16 00:36:13","userId":"69400ecdc360065c9fad1383"}
{"email":"manager@test.com","level":"info","message":"User login successful","role":"Manager","service":"ehr-backend","timestamp":"2025-12-16 00:36:13","userId":"69400ecdc360065c9fad1385"}
{"email":"provider@test.com","level":"info","message":"User login successful","role":"Provider","service":"ehr-backend","timestamp":"2025-12-16 00:36:13","userId":"69400ecdc360065c9fad1387"}
{"email":"assigned@test.com","level":"info","message":"User login successful","role":"Patient","service":"ehr-backend","timestamp":"2025-12-16 00:36:13","userId":"69400ecdc360065c9fad138b"}
{"level":"info","message":"Record retrieved by ID","recordId":"69400ecdc360065c9fad139a","service":"ehr-backend","timestamp":"2025-12-16 00:36:13","userId":"69400ecdc360065c9fad1385"}
{"email":"admin@test.com","level":"info","message":"User login successful","role":"Admin","service":"ehr-backend","timestamp":"2025-12-16 00:36:14","userId":"69400ecdc360065c9fad13a6"}
{"email":"manager@test.com","level":"info","message":"User login successful","role":"Manager","service":"ehr-backend","timestamp":"2025-12-16 00:36:14","userId":"69400ecdc360065c9fad13a8"}
{"email":"provider@test.com","level":"info","message":"User login successful","role":"Provider","service":"ehr-backend","timestamp":"2025-12-16 00:36:14","userId":"69400ecec360065c9fad13aa"}
{"email":"assigned@test.com","level":"info","message":"User login successful","role":"Patient","service":"ehr-backend","timestamp":"2025-12-16 00:36:14","userId":"69400ecec360065c9fad13ae"}
{"email":"admin@test.com","level":"info","message":"User login successful","role":"Admin","service":"ehr-backend","timestamp":"2025-12-16 00:36:14","userId":"69400ecec360065c9fad13c9"}
{"email":"manager@test.com","level":"info","message":"User login successful","role":"Manager","service":"ehr-backend","timestamp":"2025-12-16 00:36:15","userId":"69400ecec360065c9fad13cb"}
{"email":"provider@test.com","level":"info","message":"User login successful","role":"Provider","service":"ehr-backend","timestamp":"2025-12-16 00:36:15","userId":"69400ecec360065c9fad13cd"}
{"email":"assigned@test.com","level":"info","message":"User login successful","role":"Patient","service":"ehr-backend","timestamp":"2025-12-16 00:36:15","userId":"69400ecec360065c9fad13d1"}
{"email":"admin@test.com","level":"info","message":"User login successful","role":"Admin","service":"ehr-backend","timestamp":"2025-12-16 00:36:15","userId":"69400ecfc360065c9fad13e9"}
{"email":"manager@test.com","level":"info","message":"User login successful","role":"Manager","service":"ehr-backend","timestamp":"2025-12-16 00:36:15","userId":"69400ecfc360065c9fad13eb"}
{"email":"provider@test.com","level":"info","message":"User login successful","role":"Provider","service":"ehr-backend","timestamp":"2025-12-16 00:36:15","userId":"69400ecfc360065c9fad13ed"}
{"email":"assigned@test.com","level":"info","message":"User login successful","role":"Patient","service":"ehr-backend","timestamp":"2025-12-16 00:36:15","userId":"69400ecfc360065c9fad13f1"}
{"email":"admin@test.com","level":"info","message":"User login successful","role":"Admin","service":"ehr-backend","timestamp":"2025-12-16 00:36:16","userId":"69400ecfc360065c9fad1406"}
{"email":"manager@test.com","level":"info","message":"User login successful","role":"Manager","service":"ehr-backend","timestamp":"2025-12-16 00:36:16","userId":"69400ecfc360065c9fad1408"}
{"email":"provider@test.com","level":"info","message":"User login successful","role":"Provider","service":"ehr-backend","timestamp":"2025-12-16 00:36:16","userId":"69400ed0c360065c9fad140a"}
{"email":"assigned@test.com","level":"info","message":"User login successful","role":"Patient","service":"ehr-backend","timestamp":"2025-12-16 00:36:16","userId":"69400ed0c360065c9fad140e"}
{"email":"admin@test.com","level":"info","message":"User login successful","role":"Admin","service":"ehr-backend","timestamp":"2025-12-16 00:36:17","userId":"69400ed0c360065c9fad1425"}
{"level":"info","message":"Health check performed","service":"ehr-backend","services":{"api":"operational","mongodb":"connected"},"status":"unhealthy","timestamp":"2025-12-16 00:36:20"}
{"level":"info","message":"Health check performed","service":"ehr-backend","services":{"api":"operational","mongodb":"connected"},"status":"unhealthy","timestamp":"2025-12-16 00:36:20"}
{"level":"info","message":"Health check performed","service":"ehr-backend","services":{"api":"operational","mongodb":"connected"},"status":"unhealthy","timestamp":"2025-12-16 00:36:20"}
{"level":"info","message":"Health check performed","service":"ehr-backend","services":{"api":"operational","mongodb":"connected"},"status":"unhealthy","timestamp":"2025-12-16 00:36:20"}
{"level":"info","message":"Health check performed","service":"ehr-backend","services":{"api":"operational","mongodb":"connected"},"status":"unhealthy","timestamp":"2025-12-16 00:36:20"}
{"level":"info","message":"Health check performed","service":"ehr-backend","services":{"api":"operational","mongodb":"connected"},"status":"unhealthy","timestamp":"2025-12-16 00:36:20"}
{"level":"info","message":"Health check performed","service":"ehr-backend","services":{"api":"operational","mongodb":"connected"},"status":"unhealthy","timestamp":"2025-12-16 00:36:20"}
{"level":"info","message":"Health check performed","service":"ehr-backend","services":{"api":"operational","mongodb":"connected"},"status":"unhealthy","timestamp":"2025-12-16 00:36:20"}
{"level":"info","message":"Health check performed","service":"ehr-backend","services":{"api":"operational","mongodb":"connected"},"status":"unhealthy","timestamp":"2025-12-16 00:36:20"}
{"level":"error","message":"Health check failed: Health check failed","service":"ehr-backend","stack":"Error: Health check failed\n    at Object.<anonymous> (/Users/user/Documents/Monash/CyberSecurity/Assesment2/Final Submission/TP6 25/EHR_draft/ehr-backend/test/integration/health.integration.test.js:240:55)\n    at Promise.finally.completed (/Users/user/Documents/Monash/CyberSecurity/Assesment2/Final Submission/TP6 25/EHR_draft/ehr-backend/node_modules/jest-circus/build/jestAdapterInit.js:1557:28)\n    at new Promise (<anonymous>)\n    at callAsyncCircusFn (/Users/user/Documents/Monash/CyberSecurity/Assesment2/Final Submission/TP6 25/EHR_draft/ehr-backend/node_modules/jest-circus/build/jestAdapterInit.js:1497:10)\n    at _callCircusTest (/Users/user/Documents/Monash/CyberSecurity/Assesment2/Final Submission/TP6 25/EHR_draft/ehr-backend/node_modules/jest-circus/build/jestAdapterInit.js:1007:40)\n    at processTicksAndRejections (node:internal/process/task_queues:103:5)\n    at _runTest (/Users/user/Documents/Monash/CyberSecurity/Assesment2/Final Submission/TP6 25/EHR_draft/ehr-backend/node_modules/jest-circus/build/jestAdapterInit.js:947:3)\n    at /Users/user/Documents/Monash/CyberSecurity/Assesment2/Final Submission/TP6 25/EHR_draft/ehr-backend/node_modules/jest-circus/build/jestAdapterInit.js:849:7\n    at _runTestsForDescribeBlock (/Users/user/Documents/Monash/CyberSecurity/Assesment2/Final Submission/TP6 25/EHR_draft/ehr-backend/node_modules/jest-circus/build/jestAdapterInit.js:862:11)\n    at _runTestsForDescribeBlock (/Users/user/Documents/Monash/CyberSecurity/Assesment2/Final Submission/TP6 25/EHR_draft/ehr-backend/node_modules/jest-circus/build/jestAdapterInit.js:857:11)\n    at _runTestsForDescribeBlock (/Users/user/Documents/Monash/CyberSecurity/Assesment2/Final Submission/TP6 25/EHR_draft/ehr-backend/node_modules/jest-circus/build/jestAdapterInit.js:857:11)\n    at run (/Users/user/Documents/Monash/CyberSecurity/Assesment2/Final Submission/TP6 25/EHR_draft/ehr-backend/node_modules/jest-circus/build/jestAdapterInit.js:761:3)\n    at runAndTransformResultsToJestFormat (/Users/user/Documents/Monash/CyberSecurity/Assesment2/Final Submission/TP6 25/EHR_draft/ehr-backend/node_modules/jest-circus/build/jestAdapterInit.js:1918:21)\n    at jestAdapter (/Users/user/Documents/Monash/CyberSecurity/Assesment2/Final Submission/TP6 25/EHR_draft/ehr-backend/node_modules/jest-circus/build/runner.js:101:19)\n    at runTestInternal (/Users/user/Documents/Monash/CyberSecurity/Assesment2/Final Submission/TP6 25/EHR_draft/ehr-backend/node_modules/jest-runner/build/index.js:275:16)\n    at runTest (/Users/user/Documents/Monash/CyberSecurity/Assesment2/Final Submission/TP6 25/EHR_draft/ehr-backend/node_modules/jest-runner/build/index.js:343:7)","timestamp":"2025-12-16 00:36:20"}
{"level":"info","message":"Health check performed","service":"ehr-backend","services":{"api":"operational","mongodb":"connected"},"status":"unhealthy","timestamp":"2025-12-16 00:36:20"}
{"level":"info","message":"Health check performed","service":"ehr-backend","services":{"api":"operational","mongodb":"connected"},"status":"unhealthy","timestamp":"2025-12-16 00:36:20"}
{"email":"admin@test.com","level":"info","message":"User login successful","role":"Admin","service":"ehr-backend","timestamp":"2025-12-16 00:36:27","userId":"69400ed9b21f87d19844f417"}
{"email":"manager@test.com","level":"info","message":"User login successful","role":"Manager","service":"ehr-backend","timestamp":"2025-12-16 00:36:27","userId":"69400edbb21f87d19844f425"}
{"email":"provider@test.com","level":"info","message":"User login successful","role":"Provider","service":"ehr-backend","timestamp":"2025-12-16 00:36:27","userId":"69400edbb21f87d19844f42d"}
{"email":"employee@test.com","level":"info","message":"User login successful","role":"Employee","service":"ehr-backend","timestamp":"2025-12-16 00:36:27","userId":"69400edbb21f87d19844f435"}
{"email":"patient@test.com","level":"info","message":"User login successful","role":"Patient","service":"ehr-backend","timestamp":"2025-12-16 00:36:27","userId":"69400edbb21f87d19844f43d"}
{"email":"admin@test.com","level":"info","message":"User login successful","role":"Admin","service":"ehr-backend","timestamp":"2025-12-16 00:36:27","userId":"69400edbb21f87d19844f445"}
{"email":"patient@test.com","ip":"::ffff:127.0.0.1","level":"warn","message":"Login attempt failed: Invalid password","service":"ehr-backend","timestamp":"2025-12-16 00:36:28","userId":"69400edbb21f87d19844f44d"}
{"email":"nonexistent@example.com","ip":"::ffff:127.0.0.1","level":"warn","message":"Login attempt failed: User not found","service":"ehr-backend","timestamp":"2025-12-16 00:36:28"}
{"ip":"::ffff:127.0.0.1","level":"warn","message":"Login attempt failed: User not found","service":"ehr-backend","timestamp":"2025-12-16 00:36:28"}
{"email":"patient@test.com","error":"data and hash arguments required","level":"error","message":"Login error","service":"ehr-backend","timestamp":"2025-12-16 00:36:28"}
{"email":"admin@test.com","level":"info","message":"User login successful","role":"Admin","service":"ehr-backend","timestamp":"2025-12-16 00:36:28","userId":"69400edcb21f87d19844f461"}
{"ip":"::ffff:127.0.0.1","level":"warn","message":"Authentication failed: Token missing","method":"GET","path":"/me","service":"ehr-backend","timestamp":"2025-12-16 00:36:28"}
{"error":"jwt malformed","ip":"::ffff:127.0.0.1","level":"warn","message":"Authentication failed: JWT verification failed","method":"GET","path":"/me","service":"ehr-backend","timestamp":"2025-12-16 00:36:28"}
{"error":"jwt expired","ip":"::ffff:127.0.0.1","level":"warn","message":"Authentication failed: JWT verification failed","method":"GET","path":"/me","service":"ehr-backend","timestamp":"2025-12-16 00:36:28"}
{"error":"invalid token","ip":"::ffff:127.0.0.1","level":"warn","message":"Authentication failed: JWT verification failed","method":"GET","path":"/me","service":"ehr-backend","timestamp":"2025-12-16 00:36:28"}
{"email":"admin@test.com","level":"info","message":"User login successful","role":"Admin","service":"ehr-backend","timestamp":"2025-12-16 00:36:28","userId":"69400edcb21f87d19844f47f"}
{"level":"info","message":"User logout","service":"ehr-backend","timestamp":"2025-12-16 00:36:28"}
{"level":"info","message":"User logout","service":"ehr-backend","timestamp":"2025-12-16 00:36:28"}
{"email":"admin@test.com","level":"info","message":"User login successful","role":"Admin","service":"ehr-backend","timestamp":"2025-12-16 00:36:28","userId":"69400edcb21f87d19844f48e"}
{"email":"admin@test.com","level":"info","message":"User login successful","role":"Admin","service":"ehr-backend","timestamp":"2025-12-16 00:36:29","userId":"69400edcb21f87d19844f496"}
{"level":"info","message":"User logout","service":"ehr-backend","timestamp":"2025-12-16 00:36:29"}
{"ip":"::ffff:127.0.0.1","level":"warn","message":"Authentication failed: Token missing","method":"GET","path":"/me","service":"ehr-backend","timestamp":"2025-12-16 00:36:29"}
{"email":"admin@test.com","level":"info","message":"User login successful","role":"Admin","service":"ehr-backend","timestamp":"2025-12-16 00:36:29","userId":"69400eddb21f87d19844f4a0"}
{"level":"info","message":"Authorization check","method":"GET","path":"/audit-logs","requiredRoles":["Admin"],"service":"ehr-backend","timestamp":"2025-12-16 00:36:29","userId":"69400eddb21f87d19844f4a0","userRole":"Admin"}
{"level":"info","message":"Admin 69400eddb21f87d19844f4a0 retrieved 1 audit logs","service":"ehr-backend","timestamp":"2025-12-16 00:36:29"}
{"ip":"::ffff:127.0.0.1","level":"warn","message":"Authentication failed: Token missing","method":"GET","path":"/audit-logs","service":"ehr-backend","timestamp":"2025-12-16 00:36:29"}
{"error":"jwt expired","ip":"::ffff:127.0.0.1","level":"warn","message":"Authentication failed: JWT verification failed","method":"GET","path":"/audit-logs","service":"ehr-backend","timestamp":"2025-12-16 00:36:29"}
{"email":"patient@test.com","level":"info","message":"User login successful","role":"Patient","service":"ehr-backend","timestamp":"2025-12-16 00:36:33","userId":"69400ee0405fd3528ac8d7b3"}
{"email":"admin@test.com","level":"info","message":"User login successful","role":"Admin","service":"ehr-backend","timestamp":"2025-12-16 00:36:33","userId":"69400ee1405fd3528ac8d7bf"}
{"email":"nonexistent@test.com","ip":"::ffff:127.0.0.1","level":"warn","message":"Login attempt failed: User not found","service":"ehr-backend","timestamp":"2025-12-16 00:36:34"}
{"email":"patient@test.com","ip":"::ffff:127.0.0.1","level":"warn","message":"Login attempt failed: Invalid password","service":"ehr-backend","timestamp":"2025-12-16 00:36:34","userId":"69400ee2405fd3528ac8d7ce"}
{"ip":"::ffff:127.0.0.1","level":"warn","message":"Login attempt failed: User not found","service":"ehr-backend","timestamp":"2025-12-16 00:36:34"}
{"email":"patient@test.com","error":"data and hash arguments required","level":"error","message":"Login error","service":"ehr-backend","timestamp":"2025-12-16 00:36:34"}
{"email":"admin@test.com","level":"info","message":"User login successful","role":"Admin","service":"ehr-backend","timestamp":"2025-12-16 00:36:34","userId":"69400ee2405fd3528ac8d7de"}
{"email":"provider@test.com","level":"info","message":"User login successful","role":"Provider","service":"ehr-backend","timestamp":"2025-12-16 00:36:34","userId":"69400ee2405fd3528ac8d7e6"}
{"email":"patient@test.com","level":"info","message":"User login successful","role":"Patient","service":"ehr-backend","timestamp":"2025-12-16 00:36:34","userId":"69400ee2405fd3528ac8d7ee"}
{"ip":"::ffff:127.0.0.1","level":"warn","message":"Authentication failed: Token missing","method":"GET","path":"/me","service":"ehr-backend","timestamp":"2025-12-16 00:36:34"}
{"error":"jwt malformed","ip":"::ffff:127.0.0.1","level":"warn","message":"Authentication failed: JWT verification failed","method":"GET","path":"/me","service":"ehr-backend","timestamp":"2025-12-16 00:36:34"}
{"email":"patient@test.com","level":"info","message":"User login successful","role":"Patient","service":"ehr-backend","timestamp":"2025-12-16 00:36:35","userId":"69400ee2405fd3528ac8d7fe"}
{"level":"info","message":"User logout","service":"ehr-backend","timestamp":"2025-12-16 00:36:35"}
{"level":"info","message":"User logout","service":"ehr-backend","timestamp":"2025-12-16 00:36:35"}
{"email":"admin@test.com","level":"info","message":"User login successful","role":"Admin","service":"ehr-backend","timestamp":"2025-12-16 00:36:35","userId":"69400ee3405fd3528ac8d80d"}
{"level":"info","message":"User logout","service":"ehr-backend","timestamp":"2025-12-16 00:36:35"}
{"ip":"::ffff:127.0.0.1","level":"warn","message":"Authentication failed: Token missing","method":"GET","path":"/me","service":"ehr-backend","timestamp":"2025-12-16 00:36:35"}
{"keyVersion":1,"level":"info","message":"Public key retrieved successfully","service":"ehr-backend","timestamp":"2025-12-16 00:36:38"}
{"keyVersion":1,"level":"info","message":"Public key retrieved successfully","service":"ehr-backend","timestamp":"2025-12-16 00:36:38"}
{"keyVersion":1,"level":"info","message":"Public key retrieved successfully","service":"ehr-backend","timestamp":"2025-12-16 00:36:38"}
{"keyVersion":1,"level":"info","message":"Public key retrieved successfully","service":"ehr-backend","timestamp":"2025-12-16 00:36:38"}
{"keyVersion":1,"level":"info","message":"Public key retrieved successfully","service":"ehr-backend","timestamp":"2025-12-16 00:36:38"}
{"error":"Service unavailable","level":"error","message":"Failed to retrieve public key","service":"ehr-backend","timestamp":"2025-12-16 00:36:38"}
{"keyVersion":1,"level":"info","message":"Public key retrieved successfully","service":"ehr-backend","timestamp":"2025-12-16 00:36:38"}
{"keyVersion":1,"level":"info","message":"Public key retrieved successfully","service":"ehr-backend","timestamp":"2025-12-16 00:36:38"}
{"keyVersion":1,"level":"info","message":"Public key retrieved successfully","service":"ehr-backend","timestamp":"2025-12-16 00:36:38"}
{"email":"admin@test.com","level":"info","message":"User login successful","role":"Admin","service":"ehr-backend","timestamp":"2025-12-16 00:36:56","userId":"69400ef7da03709f2a4f9254"}
{"email":"manager@test.com","level":"info","message":"User login successful","role":"Manager","service":"ehr-backend","timestamp":"2025-12-16 00:36:56","userId":"69400ef8da03709f2a4f925b"}
{"email":"provider@test.com","level":"info","message":"User login successful","role":"Provider","service":"ehr-backend","timestamp":"2025-12-16 00:36:56","userId":"69400ef8da03709f2a4f925e"}
{"email":"employee@test.com","level":"info","message":"User login successful","role":"Employee","service":"ehr-backend","timestamp":"2025-12-16 00:36:57","userId":"69400ef8da03709f2a4f9260"}
{"email":"patient@test.com","level":"info","message":"User login successful","role":"Patient","service":"ehr-backend","timestamp":"2025-12-16 00:36:57","userId":"69400ef8da03709f2a4f9262"}
{"level":"info","message":"Authorization check","method":"POST","path":"/register","requiredRoles":["Employee","Manager","Admin"],"service":"ehr-backend","timestamp":"2025-12-16 00:36:57","userId":"69400ef7da03709f2a4f9254","userRole":"Admin"}
{"creatorId":"69400ef7da03709f2a4f9254","creatorRole":"Admin","level":"info","message":"User registered successfully","newUserId":"69400ef9da03709f2a4f9274","newUserRole":"Patient","service":"ehr-backend","timestamp":"2025-12-16 00:36:57"}
{"level":"info","message":"Authorization check","method":"POST","path":"/register","requiredRoles":["Employee","Manager","Admin"],"service":"ehr-backend","timestamp":"2025-12-16 00:36:57","userId":"69400ef7da03709f2a4f9254","userRole":"Admin"}
{"creatorId":"69400ef7da03709f2a4f9254","creatorRole":"Admin","level":"info","message":"User registered successfully","newUserId":"69400ef9da03709f2a4f9279","newUserRole":"Provider","service":"ehr-backend","timestamp":"2025-12-16 00:36:57"}
{"level":"info","message":"Authorization check","method":"POST","path":"/register","requiredRoles":["Employee","Manager","Admin"],"service":"ehr-backend","timestamp":"2025-12-16 00:36:57","userId":"69400ef7da03709f2a4f9254","userRole":"Admin"}
{"creatorId":"69400ef7da03709f2a4f9254","creatorRole":"Admin","level":"info","message":"User registered successfully","newUserId":"69400ef9da03709f2a4f927e","newUserRole":"Employee","service":"ehr-backend","timestamp":"2025-12-16 00:36:57"}
{"level":"info","message":"Authorization check","method":"POST","path":"/register","requiredRoles":["Employee","Manager","Admin"],"service":"ehr-backend","timestamp":"2025-12-16 00:36:57","userId":"69400ef7da03709f2a4f9254","userRole":"Admin"}
{"creatorId":"69400ef7da03709f2a4f9254","creatorRole":"Admin","level":"info","message":"User registered successfully","newUserId":"69400ef9da03709f2a4f9283","newUserRole":"Manager","service":"ehr-backend","timestamp":"2025-12-16 00:36:57"}
{"email":"admin@test.com","level":"info","message":"User login successful","role":"Admin","service":"ehr-backend","timestamp":"2025-12-16 00:36:57","userId":"69400ef9da03709f2a4f928d"}
{"email":"manager@test.com","level":"info","message":"User login successful","role":"Manager","service":"ehr-backend","timestamp":"2025-12-16 00:36:58","userId":"69400ef9da03709f2a4f928f"}
{"email":"provider@test.com","level":"info","message":"User login successful","role":"Provider","service":"ehr-backend","timestamp":"2025-12-16 00:36:58","userId":"69400ef9da03709f2a4f9291"}
{"email":"employee@test.com","level":"info","message":"User login successful","role":"Employee","service":"ehr-backend","timestamp":"2025-12-16 00:36:58","userId":"69400ef9da03709f2a4f9293"}
{"email":"patient@test.com","level":"info","message":"User login successful","role":"Patient","service":"ehr-backend","timestamp":"2025-12-16 00:36:58","userId":"69400ef9da03709f2a4f9295"}
{"level":"info","message":"Authorization check","method":"POST","path":"/register","requiredRoles":["Employee","Manager","Admin"],"service":"ehr-backend","timestamp":"2025-12-16 00:36:58","userId":"69400ef9da03709f2a4f928f","userRole":"Manager"}
{"creatorId":"69400ef9da03709f2a4f928f","creatorRole":"Manager","level":"info","message":"User registered successfully","newUserId":"69400efada03709f2a4f92a7","newUserRole":"Employee","service":"ehr-backend","timestamp":"2025-12-16 00:36:58"}
{"level":"info","message":"Authorization check","method":"POST","path":"/register","requiredRoles":["Employee","Manager","Admin"],"service":"ehr-backend","timestamp":"2025-12-16 00:36:58","userId":"69400ef9da03709f2a4f928f","userRole":"Manager"}
{"creatorId":"69400ef9da03709f2a4f928f","creatorRole":"Manager","level":"info","message":"User registered successfully","newUserId":"69400efada03709f2a4f92ac","newUserRole":"Provider","service":"ehr-backend","timestamp":"2025-12-16 00:36:58"}
{"level":"info","message":"Authorization check","method":"POST","path":"/register","requiredRoles":["Employee","Manager","Admin"],"service":"ehr-backend","timestamp":"2025-12-16 00:36:58","userId":"69400ef9da03709f2a4f928f","userRole":"Manager"}
{"creatorId":"69400ef9da03709f2a4f928f","creatorRole":"Manager","level":"info","message":"User registered successfully","newUserId":"69400efada03709f2a4f92b1","newUserRole":"Patient","service":"ehr-backend","timestamp":"2025-12-16 00:36:58"}
{"email":"admin@test.com","level":"info","message":"User login successful","role":"Admin","service":"ehr-backend","timestamp":"2025-12-16 00:36:58","userId":"69400efada03709f2a4f92bb"}
{"email":"manager@test.com","level":"info","message":"User login successful","role":"Manager","service":"ehr-backend","timestamp":"2025-12-16 00:36:59","userId":"69400efada03709f2a4f92bd"}
{"email":"provider@test.com","level":"info","message":"User login successful","role":"Provider","service":"ehr-backend","timestamp":"2025-12-16 00:36:59","userId":"69400efada03709f2a4f92bf"}
{"email":"employee@test.com","level":"info","message":"User login successful","role":"Employee","service":"ehr-backend","timestamp":"2025-12-16 00:36:59","userId":"69400efada03709f2a4f92c1"}
{"email":"patient@test.com","level":"info","message":"User login successful","role":"Patient","service":"ehr-backend","timestamp":"2025-12-16 00:36:59","userId":"69400efada03709f2a4f92c3"}
{"level":"info","message":"Authorization check","method":"POST","path":"/register","requiredRoles":["Employee","Manager","Admin"],"service":"ehr-backend","timestamp":"2025-12-16 00:36:59","userId":"69400efada03709f2a4f92bd","userRole":"Manager"}
{"creatorId":"69400efada03709f2a4f92bd","creatorRole":"Manager","level":"warn","message":"Registration denied: Insufficient permissions","service":"ehr-backend","targetRole":"Manager","timestamp":"2025-12-16 00:36:59"}
{"email":"admin@test.com","level":"info","message":"User login successful","role":"Admin","service":"ehr-backend","timestamp":"2025-12-16 00:36:59","userId":"69400efbda03709f2a4f92da"}
{"email":"manager@test.com","level":"info","message":"User login successful","role":"Manager","service":"ehr-backend","timestamp":"2025-12-16 00:36:59","userId":"69400efbda03709f2a4f92dc"}
{"email":"provider@test.com","level":"info","message":"User login successful","role":"Provider","service":"ehr-backend","timestamp":"2025-12-16 00:36:59","userId":"69400efbda03709f2a4f92de"}
{"email":"employee@test.com","level":"info","message":"User login successful","role":"Employee","service":"ehr-backend","timestamp":"2025-12-16 00:36:59","userId":"69400efbda03709f2a4f92e0"}
{"email":"patient@test.com","level":"info","message":"User login successful","role":"Patient","service":"ehr-backend","timestamp":"2025-12-16 00:37:00","userId":"69400efbda03709f2a4f92e2"}
{"level":"info","message":"Authorization check","method":"POST","path":"/register","requiredRoles":["Employee","Manager","Admin"],"service":"ehr-backend","timestamp":"2025-12-16 00:37:00","userId":"69400efbda03709f2a4f92e0","userRole":"Employee"}
{"creatorId":"69400efbda03709f2a4f92e0","creatorRole":"Employee","level":"info","message":"User registered successfully","newUserId":"69400efcda03709f2a4f92f4","newUserRole":"Patient","service":"ehr-backend","timestamp":"2025-12-16 00:37:00"}
{"email":"admin@test.com","level":"info","message":"User login successful","role":"Admin","service":"ehr-backend","timestamp":"2025-12-16 00:37:00","userId":"69400efcda03709f2a4f92fe"}
{"email":"manager@test.com","level":"info","message":"User login successful","role":"Manager","service":"ehr-backend","timestamp":"2025-12-16 00:37:00","userId":"69400efcda03709f2a4f9300"}
{"email":"provider@test.com","level":"info","message":"User login successful","role":"Provider","service":"ehr-backend","timestamp":"2025-12-16 00:37:00","userId":"69400efcda03709f2a4f9302"}
{"email":"employee@test.com","level":"info","message":"User login successful","role":"Employee","service":"ehr-backend","timestamp":"2025-12-16 00:37:00","userId":"69400efcda03709f2a4f9304"}
{"email":"patient@test.com","level":"info","message":"User login successful","role":"Patient","service":"ehr-backend","timestamp":"2025-12-16 00:37:00","userId":"69400efcda03709f2a4f9306"}
{"level":"info","message":"Authorization check","method":"POST","path":"/register","requiredRoles":["Employee","Manager","Admin"],"service":"ehr-backend","timestamp":"2025-12-16 00:37:00","userId":"69400efcda03709f2a4f9304","userRole":"Employee"}
{"creatorId":"69400efcda03709f2a4f9304","creatorRole":"Employee","level":"warn","message":"Registration denied: Insufficient permissions","service":"ehr-backend","targetRole":"Provider","timestamp":"2025-12-16 00:37:00"}
{"email":"admin@test.com","level":"info","message":"User login successful","role":"Admin","service":"ehr-backend","timestamp":"2025-12-16 00:37:01","userId":"69400efcda03709f2a4f931d"}
{"email":"manager@test.com","level":"info","message":"User login successful","role":"Manager","service":"ehr-backend","timestamp":"2025-12-16 00:37:01","userId":"69400efcda03709f2a4f931f"}
{"email":"provider@test.com","level":"info","message":"User login successful","role":"Provider","service":"ehr-backend","timestamp":"2025-12-16 00:37:01","userId":"69400efdda03709f2a4f9321"}
{"email":"employee@test.com","level":"info","message":"User login successful","role":"Employee","service":"ehr-backend","timestamp":"2025-12-16 00:37:01","userId":"69400efdda03709f2a4f9323"}
{"email":"patient@test.com","level":"info","message":"User login successful","role":"Patient","service":"ehr-backend","timestamp":"2025-12-16 00:37:01","userId":"69400efdda03709f2a4f9325"}
{"level":"info","message":"Authorization check","method":"POST","path":"/register","requiredRoles":["Employee","Manager","Admin"],"service":"ehr-backend","timestamp":"2025-12-16 00:37:01","userId":"69400efdda03709f2a4f9323","userRole":"Employee"}
{"creatorId":"69400efdda03709f2a4f9323","creatorRole":"Employee","level":"warn","message":"Registration denied: Insufficient permissions","service":"ehr-backend","targetRole":"Employee","timestamp":"2025-12-16 00:37:01"}
{"email":"admin@test.com","level":"info","message":"User login successful","role":"Admin","service":"ehr-backend","timestamp":"2025-12-16 00:37:02","userId":"69400efdda03709f2a4f933c"}
{"email":"manager@test.com","level":"info","message":"User login successful","role":"Manager","service":"ehr-backend","timestamp":"2025-12-16 00:37:02","userId":"69400efdda03709f2a4f933e"}
{"email":"provider@test.com","level":"info","message":"User login successful","role":"Provider","service":"ehr-backend","timestamp":"2025-12-16 00:37:02","userId":"69400efdda03709f2a4f9340"}
{"email":"employee@test.com","level":"info","message":"User login successful","role":"Employee","service":"ehr-backend","timestamp":"2025-12-16 00:37:02","userId":"69400efdda03709f2a4f9342"}
{"email":"patient@test.com","level":"info","message":"User login successful","role":"Patient","service":"ehr-backend","timestamp":"2025-12-16 00:37:02","userId":"69400efdda03709f2a4f9344"}
{"level":"info","message":"Authorization check","method":"POST","path":"/register","requiredRoles":["Employee","Manager","Admin"],"service":"ehr-backend","timestamp":"2025-12-16 00:37:02","userId":"69400efdda03709f2a4f9340","userRole":"Provider"}
{"level":"warn","message":"Authorization denied: Insufficient permissions","method":"POST","path":"/register","requiredRoles":["Employee","Manager","Admin"],"service":"ehr-backend","timestamp":"2025-12-16 00:37:02","userId":"69400efdda03709f2a4f9340","userRole":"Provider"}
{"email":"admin@test.com","level":"info","message":"User login successful","role":"Admin","service":"ehr-backend","timestamp":"2025-12-16 00:37:02","userId":"69400efeda03709f2a4f935d"}
{"email":"manager@test.com","level":"info","message":"User login successful","role":"Manager","service":"ehr-backend","timestamp":"2025-12-16 00:37:02","userId":"69400efeda03709f2a4f935f"}
{"email":"provider@test.com","level":"info","message":"User login successful","role":"Provider","service":"ehr-backend","timestamp":"2025-12-16 00:37:03","userId":"69400efeda03709f2a4f9361"}
{"email":"employee@test.com","level":"info","message":"User login successful","role":"Employee","service":"ehr-backend","timestamp":"2025-12-16 00:37:03","userId":"69400efeda03709f2a4f9363"}
{"email":"patient@test.com","level":"info","message":"User login successful","role":"Patient","service":"ehr-backend","timestamp":"2025-12-16 00:37:03","userId":"69400efeda03709f2a4f9365"}
{"level":"info","message":"Authorization check","method":"POST","path":"/register","requiredRoles":["Employee","Manager","Admin"],"service":"ehr-backend","timestamp":"2025-12-16 00:37:03","userId":"69400efeda03709f2a4f9365","userRole":"Patient"}
{"level":"warn","message":"Authorization denied: Insufficient permissions","method":"POST","path":"/register","requiredRoles":["Employee","Manager","Admin"],"service":"ehr-backend","timestamp":"2025-12-16 00:37:03","userId":"69400efeda03709f2a4f9365","userRole":"Patient"}
{"email":"admin@test.com","level":"info","message":"User login successful","role":"Admin","service":"ehr-backend","timestamp":"2025-12-16 00:37:03","userId":"69400effda03709f2a4f937e"}
{"email":"manager@test.com","level":"info","message":"User login successful","role":"Manager","service":"ehr-backend","timestamp":"2025-12-16 00:37:03","userId":"69400effda03709f2a4f9380"}
{"email":"provider@test.com","level":"info","message":"User login successful","role":"Provider","service":"ehr-backend","timestamp":"2025-12-16 00:37:03","userId":"69400effda03709f2a4f9382"}
{"email":"employee@test.com","level":"info","message":"User login successful","role":"Employee","service":"ehr-backend","timestamp":"2025-12-16 00:37:03","userId":"69400effda03709f2a4f9384"}
{"email":"patient@test.com","level":"info","message":"User login successful","role":"Patient","service":"ehr-backend","timestamp":"2025-12-16 00:37:03","userId":"69400effda03709f2a4f9386"}
{"level":"info","message":"Authorization check","method":"GET","path":"/audit-logs","requiredRoles":["Admin"],"service":"ehr-backend","timestamp":"2025-12-16 00:37:03","userId":"69400effda03709f2a4f937e","userRole":"Admin"}
{"level":"info","message":"Admin 69400effda03709f2a4f937e retrieved 5 audit logs","service":"ehr-backend","timestamp":"2025-12-16 00:37:03"}
{"email":"admin@test.com","level":"info","message":"User login successful","role":"Admin","service":"ehr-backend","timestamp":"2025-12-16 00:37:04","userId":"69400effda03709f2a4f939e"}
{"email":"manager@test.com","level":"info","message":"User login successful","role":"Manager","service":"ehr-backend","timestamp":"2025-12-16 00:37:04","userId":"69400f00da03709f2a4f93a0"}
{"email":"provider@test.com","level":"info","message":"User login successful","role":"Provider","service":"ehr-backend","timestamp":"2025-12-16 00:37:04","userId":"69400f00da03709f2a4f93a2"}
{"email":"employee@test.com","level":"info","message":"User login successful","role":"Employee","service":"ehr-backend","timestamp":"2025-12-16 00:37:04","userId":"69400f00da03709f2a4f93a4"}
{"email":"patient@test.com","level":"info","message":"User login successful","role":"Patient","service":"ehr-backend","timestamp":"2025-12-16 00:37:04","userId":"69400f00da03709f2a4f93a6"}
{"level":"info","message":"Authorization check","method":"GET","path":"/audit-logs","requiredRoles":["Admin"],"service":"ehr-backend","timestamp":"2025-12-16 00:37:04","userId":"69400f00da03709f2a4f93a0","userRole":"Manager"}
{"level":"warn","message":"Authorization denied: Insufficient permissions","method":"GET","path":"/audit-logs","requiredRoles":["Admin"],"service":"ehr-backend","timestamp":"2025-12-16 00:37:04","userId":"69400f00da03709f2a4f93a0","userRole":"Manager"}
{"email":"admin@test.com","level":"info","message":"User login successful","role":"Admin","service":"ehr-backend","timestamp":"2025-12-16 00:37:05","userId":"69400f00da03709f2a4f93bf"}
{"email":"manager@test.com","level":"info","message":"User login successful","role":"Manager","service":"ehr-backend","timestamp":"2025-12-16 00:37:05","userId":"69400f00da03709f2a4f93c1"}
{"email":"provider@test.com","level":"info","message":"User login successful","role":"Provider","service":"ehr-backend","timestamp":"2025-12-16 00:37:05","userId":"69400f00da03709f2a4f93c3"}
{"email":"employee@test.com","level":"info","message":"User login successful","role":"Employee","service":"ehr-backend","timestamp":"2025-12-16 00:37:05","userId":"69400f00da03709f2a4f93c5"}
{"email":"patient@test.com","level":"info","message":"User login successful","role":"Patient","service":"ehr-backend","timestamp":"2025-12-16 00:37:05","userId":"69400f00da03709f2a4f93c7"}
{"level":"info","message":"Authorization check","method":"GET","path":"/audit-logs","requiredRoles":["Admin"],"service":"ehr-backend","timestamp":"2025-12-16 00:37:05","userId":"69400f00da03709f2a4f93c3","userRole":"Provider"}
{"level":"warn","message":"Authorization denied: Insufficient permissions","method":"GET","path":"/audit-logs","requiredRoles":["Admin"],"service":"ehr-backend","timestamp":"2025-12-16 00:37:05","userId":"69400f00da03709f2a4f93c3","userRole":"Provider"}
{"email":"admin@test.com","level":"info","message":"User login successful","role":"Admin","service":"ehr-backend","timestamp":"2025-12-16 00:37:05","userId":"69400f01da03709f2a4f93e0"}
{"email":"manager@test.com","level":"info","message":"User login successful","role":"Manager","service":"ehr-backend","timestamp":"2025-12-16 00:37:05","userId":"69400f01da03709f2a4f93e2"}
{"email":"provider@test.com","level":"info","message":"User login successful","role":"Provider","service":"ehr-backend","timestamp":"2025-12-16 00:37:05","userId":"69400f01da03709f2a4f93e4"}
{"email":"employee@test.com","level":"info","message":"User login successful","role":"Employee","service":"ehr-backend","timestamp":"2025-12-16 00:37:06","userId":"69400f01da03709f2a4f93e6"}
{"email":"patient@test.com","level":"info","message":"User login successful","role":"Patient","service":"ehr-backend","timestamp":"2025-12-16 00:37:06","userId":"69400f01da03709f2a4f93e8"}
{"level":"info","message":"Authorization check","method":"GET","path":"/audit-logs","requiredRoles":["Admin"],"service":"ehr-backend","timestamp":"2025-12-16 00:37:06","userId":"69400f01da03709f2a4f93e6","userRole":"Employee"}
{"level":"warn","message":"Authorization denied: Insufficient permissions","method":"GET","path":"/audit-logs","requiredRoles":["Admin"],"service":"ehr-backend","timestamp":"2025-12-16 00:37:06","userId":"69400f01da03709f2a4f93e6","userRole":"Employee"}
{"email":"admin@test.com","level":"info","message":"User login successful","role":"Admin","service":"ehr-backend","timestamp":"2025-12-16 00:37:06","userId":"69400f02da03709f2a4f9401"}
{"email":"manager@test.com","level":"info","message":"User login successful","role":"Manager","service":"ehr-backend","timestamp":"2025-12-16 00:37:06","userId":"69400f02da03709f2a4f9403"}
{"email":"provider@test.com","level":"info","message":"User login successful","role":"Provider","service":"ehr-backend","timestamp":"2025-12-16 00:37:06","userId":"69400f02da03709f2a4f9405"}
{"email":"employee@test.com","level":"info","message":"User login successful","role":"Employee","service":"ehr-backend","timestamp":"2025-12-16 00:37:06","userId":"69400f02da03709f2a4f9407"}
{"email":"patient@test.com","level":"info","message":"User login successful","role":"Patient","service":"ehr-backend","timestamp":"2025-12-16 00:37:06","userId":"69400f02da03709f2a4f9409"}
{"level":"info","message":"Authorization check","method":"GET","path":"/audit-logs","requiredRoles":["Admin"],"service":"ehr-backend","timestamp":"2025-12-16 00:37:06","userId":"69400f02da03709f2a4f9409","userRole":"Patient"}
{"level":"warn","message":"Authorization denied: Insufficient permissions","method":"GET","path":"/audit-logs","requiredRoles":["Admin"],"service":"ehr-backend","timestamp":"2025-12-16 00:37:06","userId":"69400f02da03709f2a4f9409","userRole":"Patient"}
{"email":"admin@test.com","level":"info","message":"User login successful","role":"Admin","service":"ehr-backend","timestamp":"2025-12-16 00:37:07","userId":"69400f02da03709f2a4f9422"}
{"email":"manager@test.com","level":"info","message":"User login successful","role":"Manager","service":"ehr-backend","timestamp":"2025-12-16 00:37:07","userId":"69400f02da03709f2a4f9424"}
{"email":"provider@test.com","level":"info","message":"User login successful","role":"Provider","service":"ehr-backend","timestamp":"2025-12-16 00:37:07","userId":"69400f03da03709f2a4f9426"}
{"email":"employee@test.com","level":"info","message":"User login successful","role":"Employee","service":"ehr-backend","timestamp":"2025-12-16 00:37:07","userId":"69400f03da03709f2a4f9428"}
{"email":"patient@test.com","level":"info","message":"User login successful","role":"Patient","service":"ehr-backend","timestamp":"2025-12-16 00:37:07","userId":"69400f03da03709f2a4f942a"}
{"level":"info","message":"Authorization check","method":"POST","path":"/assign-patient","requiredRoles":["Admin","Manager"],"service":"ehr-backend","timestamp":"2025-12-16 00:37:07","userId":"69400f02da03709f2a4f9422","userRole":"Admin"}
{"level":"info","message":"Patient 69400f03da03709f2a4f942a assigned to Provider 69400f03da03709f2a4f9426 by Admin 69400f02da03709f2a4f9422","service":"ehr-backend","timestamp":"2025-12-16 00:37:07"}
{"email":"admin@test.com","level":"info","message":"User login successful","role":"Admin","service":"ehr-backend","timestamp":"2025-12-16 00:37:08","userId":"69400f03da03709f2a4f9445"}
{"email":"manager@test.com","level":"info","message":"User login successful","role":"Manager","service":"ehr-backend","timestamp":"2025-12-16 00:37:08","userId":"69400f03da03709f2a4f9447"}
{"email":"provider@test.com","level":"info","message":"User login successful","role":"Provider","service":"ehr-backend","timestamp":"2025-12-16 00:37:08","userId":"69400f03da03709f2a4f9449"}
{"email":"employee@test.com","level":"info","message":"User login successful","role":"Employee","service":"ehr-backend","timestamp":"2025-12-16 00:37:08","userId":"69400f03da03709f2a4f944b"}
{"email":"patient@test.com","level":"info","message":"User login successful","role":"Patient","service":"ehr-backend","timestamp":"2025-12-16 00:37:08","userId":"69400f03da03709f2a4f944d"}
{"level":"info","message":"Authorization check","method":"POST","path":"/assign-patient","requiredRoles":["Admin","Manager"],"service":"ehr-backend","timestamp":"2025-12-16 00:37:08","userId":"69400f03da03709f2a4f9447","userRole":"Manager"}
{"level":"info","message":"Patient 69400f03da03709f2a4f944d assigned to Provider 69400f03da03709f2a4f9449 by Admin 69400f03da03709f2a4f9447","service":"ehr-backend","timestamp":"2025-12-16 00:37:08"}
{"email":"admin@test.com","level":"info","message":"User login successful","role":"Admin","service":"ehr-backend","timestamp":"2025-12-16 00:37:08","userId":"69400f04da03709f2a4f9468"}
{"email":"manager@test.com","level":"info","message":"User login successful","role":"Manager","service":"ehr-backend","timestamp":"2025-12-16 00:37:08","userId":"69400f04da03709f2a4f946a"}
{"email":"provider@test.com","level":"info","message":"User login successful","role":"Provider","service":"ehr-backend","timestamp":"2025-12-16 00:37:08","userId":"69400f04da03709f2a4f946c"}
{"email":"employee@test.com","level":"info","message":"User login successful","role":"Employee","service":"ehr-backend","timestamp":"2025-12-16 00:37:09","userId":"69400f04da03709f2a4f946e"}
{"email":"patient@test.com","level":"info","message":"User login successful","role":"Patient","service":"ehr-backend","timestamp":"2025-12-16 00:37:09","userId":"69400f04da03709f2a4f9470"}
{"email":"admin@test.com","level":"info","message":"User login successful","role":"Admin","service":"ehr-backend","timestamp":"2025-12-16 00:37:16","userId":"69400f0b67c234ce7b219a93"}
{"email":"manager@test.com","level":"info","message":"User login successful","role":"Manager","service":"ehr-backend","timestamp":"2025-12-16 00:37:17","userId":"69400f0c67c234ce7b219a9b"}
{"email":"provider@test.com","level":"info","message":"User login successful","role":"Provider","service":"ehr-backend","timestamp":"2025-12-16 00:37:17","userId":"69400f0c67c234ce7b219a9d"}
{"email":"assigned@test.com","level":"info","message":"User login successful","role":"Patient","service":"ehr-backend","timestamp":"2025-12-16 00:37:17","userId":"69400f0c67c234ce7b219aa1"}
{"email":"admin@test.com","level":"info","message":"User login successful","role":"Admin","service":"ehr-backend","timestamp":"2025-12-16 00:37:17","userId":"69400f0d67c234ce7b219ab6"}
{"email":"manager@test.com","level":"info","message":"User login successful","role":"Manager","service":"ehr-backend","timestamp":"2025-12-16 00:37:17","userId":"69400f0d67c234ce7b219ab8"}
{"email":"provider@test.com","level":"info","message":"User login successful","role":"Provider","service":"ehr-backend","timestamp":"2025-12-16 00:37:17","userId":"69400f0d67c234ce7b219aba"}
{"email":"assigned@test.com","level":"info","message":"User login successful","role":"Patient","service":"ehr-backend","timestamp":"2025-12-16 00:37:17","userId":"69400f0d67c234ce7b219abe"}
{"email":"admin@test.com","level":"info","message":"User login successful","role":"Admin","service":"ehr-backend","timestamp":"2025-12-16 00:37:18","userId":"69400f0d67c234ce7b219ad3"}
{"email":"manager@test.com","level":"info","message":"User login successful","role":"Manager","service":"ehr-backend","timestamp":"2025-12-16 00:37:18","userId":"69400f0d67c234ce7b219ad5"}
{"email":"provider@test.com","level":"info","message":"User login successful","role":"Provider","service":"ehr-backend","timestamp":"2025-12-16 00:37:18","userId":"69400f0e67c234ce7b219ad7"}
{"email":"assigned@test.com","level":"info","message":"User login successful","role":"Patient","service":"ehr-backend","timestamp":"2025-12-16 00:37:18","userId":"69400f0e67c234ce7b219adb"}
{"email":"admin@test.com","level":"info","message":"User login successful","role":"Admin","service":"ehr-backend","timestamp":"2025-12-16 00:37:19","userId":"69400f0e67c234ce7b219af0"}
{"email":"manager@test.com","level":"info","message":"User login successful","role":"Manager","service":"ehr-backend","timestamp":"2025-12-16 00:37:19","userId":"69400f0e67c234ce7b219af2"}
{"email":"provider@test.com","level":"info","message":"User login successful","role":"Provider","service":"ehr-backend","timestamp":"2025-12-16 00:37:19","userId":"69400f0e67c234ce7b219af4"}
{"email":"assigned@test.com","level":"info","message":"User login successful","role":"Patient","service":"ehr-backend","timestamp":"2025-12-16 00:37:19","userId":"69400f0e67c234ce7b219af8"}
{"email":"admin@test.com","level":"info","message":"User login successful","role":"Admin","service":"ehr-backend","timestamp":"2025-12-16 00:37:19","userId":"69400f0f67c234ce7b219b0d"}
{"email":"manager@test.com","level":"info","message":"User login successful","role":"Manager","service":"ehr-backend","timestamp":"2025-12-16 00:37:19","userId":"69400f0f67c234ce7b219b0f"}
{"email":"provider@test.com","level":"info","message":"User login successful","role":"Provider","service":"ehr-backend","timestamp":"2025-12-16 00:37:19","userId":"69400f0f67c234ce7b219b11"}
{"email":"assigned@test.com","level":"info","message":"User login successful","role":"Patient","service":"ehr-backend","timestamp":"2025-12-16 00:37:19","userId":"69400f0f67c234ce7b219b15"}
{"email":"admin@test.com","level":"info","message":"User login successful","role":"Admin","service":"ehr-backend","timestamp":"2025-12-16 00:37:20","userId":"69400f0f67c234ce7b219b2a"}
{"email":"manager@test.com","level":"info","message":"User login successful","role":"Manager","service":"ehr-backend","timestamp":"2025-12-16 00:37:20","userId":"69400f1067c234ce7b219b2c"}
{"email":"provider@test.com","level":"info","message":"User login successful","role":"Provider","service":"ehr-backend","timestamp":"2025-12-16 00:37:20","userId":"69400f1067c234ce7b219b2e"}
{"email":"assigned@test.com","level":"info","message":"User login successful","role":"Patient","service":"ehr-backend","timestamp":"2025-12-16 00:37:20","userId":"69400f1067c234ce7b219b32"}
{"email":"admin@test.com","level":"info","message":"User login successful","role":"Admin","service":"ehr-backend","timestamp":"2025-12-16 00:37:21","userId":"69400f1067c234ce7b219b47"}
{"email":"manager@test.com","level":"info","message":"User login successful","role":"Manager","service":"ehr-backend","timestamp":"2025-12-16 00:37:21","userId":"69400f1067c234ce7b219b49"}
{"email":"provider@test.com","level":"info","message":"User login successful","role":"Provider","service":"ehr-backend","timestamp":"2025-12-16 00:37:21","userId":"69400f1067c234ce7b219b4b"}
{"email":"assigned@test.com","level":"info","message":"User login successful","role":"Patient","service":"ehr-backend","timestamp":"2025-12-16 00:37:21","userId":"69400f1067c234ce7b219b4f"}
{"email":"admin@test.com","level":"info","message":"User login successful","role":"Admin","service":"ehr-backend","timestamp":"2025-12-16 00:37:21","userId":"69400f1167c234ce7b219b64"}
{"email":"manager@test.com","level":"info","message":"User login successful","role":"Manager","service":"ehr-backend","timestamp":"2025-12-16 00:37:21","userId":"69400f1167c234ce7b219b66"}
{"email":"provider@test.com","level":"info","message":"User login successful","role":"Provider","service":"ehr-backend","timestamp":"2025-12-16 00:37:21","userId":"69400f1167c234ce7b219b68"}
{"email":"assigned@test.com","level":"info","message":"User login successful","role":"Patient","service":"ehr-backend","timestamp":"2025-12-16 00:37:21","userId":"69400f1167c234ce7b219b6c"}
{"level":"info","managerId":"69400f1167c234ce7b219b66","message":"All records retrieved","recordCount":1,"service":"ehr-backend","timestamp":"2025-12-16 00:37:22"}
{"email":"admin@test.com","level":"info","message":"User login successful","role":"Admin","service":"ehr-backend","timestamp":"2025-12-16 00:37:22","userId":"69400f1267c234ce7b219b87"}
{"email":"manager@test.com","level":"info","message":"User login successful","role":"Manager","service":"ehr-backend","timestamp":"2025-12-16 00:37:22","userId":"69400f1267c234ce7b219b89"}
{"email":"provider@test.com","level":"info","message":"User login successful","role":"Provider","service":"ehr-backend","timestamp":"2025-12-16 00:37:22","userId":"69400f1267c234ce7b219b8b"}
{"email":"assigned@test.com","level":"info","message":"User login successful","role":"Patient","service":"ehr-backend","timestamp":"2025-12-16 00:37:22","userId":"69400f1267c234ce7b219b8f"}
{"email":"admin@test.com","level":"info","message":"User login successful","role":"Admin","service":"ehr-backend","timestamp":"2025-12-16 00:37:23","userId":"69400f1267c234ce7b219ba4"}
{"email":"manager@test.com","level":"info","message":"User login successful","role":"Manager","service":"ehr-backend","timestamp":"2025-12-16 00:37:23","userId":"69400f1267c234ce7b219ba6"}
{"email":"provider@test.com","level":"info","message":"User login successful","role":"Provider","service":"ehr-backend","timestamp":"2025-12-16 00:37:23","userId":"69400f1267c234ce7b219ba8"}
{"email":"assigned@test.com","level":"info","message":"User login successful","role":"Patient","service":"ehr-backend","timestamp":"2025-12-16 00:37:23","userId":"69400f1267c234ce7b219bac"}
{"email":"admin@test.com","level":"info","message":"User login successful","role":"Admin","service":"ehr-backend","timestamp":"2025-12-16 00:37:23","userId":"69400f1367c234ce7b219bc1"}
{"email":"manager@test.com","level":"info","message":"User login successful","role":"Manager","service":"ehr-backend","timestamp":"2025-12-16 00:37:23","userId":"69400f1367c234ce7b219bc3"}
{"email":"provider@test.com","level":"info","message":"User login successful","role":"Provider","service":"ehr-backend","timestamp":"2025-12-16 00:37:23","userId":"69400f1367c234ce7b219bc5"}
{"email":"assigned@test.com","level":"info","message":"User login successful","role":"Patient","service":"ehr-backend","timestamp":"2025-12-16 00:37:23","userId":"69400f1367c234ce7b219bc9"}
{"error":"Cast to ObjectId failed for value \"my-records\" (type string) at path \"_id\" for model \"PatientRecord\"","level":"error","message":"Error retrieving record by ID","recordId":"my-records","service":"ehr-backend","timestamp":"2025-12-16 00:37:23","userId":"69400f1367c234ce7b219bc9"}
{"email":"admin@test.com","level":"info","message":"User login successful","role":"Admin","service":"ehr-backend","timestamp":"2025-12-16 00:37:24","userId":"69400f1467c234ce7b219be0"}
{"email":"manager@test.com","level":"info","message":"User login successful","role":"Manager","service":"ehr-backend","timestamp":"2025-12-16 00:37:24","userId":"69400f1467c234ce7b219be2"}
{"email":"provider@test.com","level":"info","message":"User login successful","role":"Provider","service":"ehr-backend","timestamp":"2025-12-16 00:37:24","userId":"69400f1467c234ce7b219be4"}
{"email":"assigned@test.com","level":"info","message":"User login successful","role":"Patient","service":"ehr-backend","timestamp":"2025-12-16 00:37:24","userId":"69400f1467c234ce7b219be8"}
{"error":"Cast to ObjectId failed for value \"my-records\" (type string) at path \"_id\" for model \"PatientRecord\"","level":"error","message":"Error retrieving record by ID","recordId":"my-records","service":"ehr-backend","timestamp":"2025-12-16 00:37:24","userId":"69400f1467c234ce7b219be8"}
{"email":"admin@test.com","level":"info","message":"User login successful","role":"Admin","service":"ehr-backend","timestamp":"2025-12-16 00:37:25","userId":"69400f1467c234ce7b219c01"}
{"email":"manager@test.com","level":"info","message":"User login successful","role":"Manager","service":"ehr-backend","timestamp":"2025-12-16 00:37:25","userId":"69400f1467c234ce7b219c03"}
{"email":"provider@test.com","level":"info","message":"User login successful","role":"Provider","service":"ehr-backend","timestamp":"2025-12-16 00:37:25","userId":"69400f1467c234ce7b219c05"}
{"email":"assigned@test.com","level":"info","message":"User login successful","role":"Patient","service":"ehr-backend","timestamp":"2025-12-16 00:37:25","userId":"69400f1467c234ce7b219c09"}
{"error":"Cast to ObjectId failed for value \"my-records\" (type string) at path \"_id\" for model \"PatientRecord\"","level":"error","message":"Error retrieving record by ID","recordId":"my-records","service":"ehr-backend","timestamp":"2025-12-16 00:37:25","userId":"69400f1467c234ce7b219c05"}
{"email":"admin@test.com","level":"info","message":"User login successful","role":"Admin","service":"ehr-backend","timestamp":"2025-12-16 00:37:25","userId":"69400f1567c234ce7b219c20"}
{"email":"manager@test.com","level":"info","message":"User login successful","role":"Manager","service":"ehr-backend","timestamp":"2025-12-16 00:37:25","userId":"69400f1567c234ce7b219c22"}
{"email":"provider@test.com","level":"info","message":"User login successful","role":"Provider","service":"ehr-backend","timestamp":"2025-12-16 00:37:25","userId":"69400f1567c234ce7b219c24"}
{"email":"assigned@test.com","level":"info","message":"User login successful","role":"Patient","service":"ehr-backend","timestamp":"2025-12-16 00:37:25","userId":"69400f1567c234ce7b219c28"}
{"level":"info","message":"Record retrieved by ID","recordId":"69400f1567c234ce7b219c37","service":"ehr-backend","timestamp":"2025-12-16 00:37:26","userId":"69400f1567c234ce7b219c24"}
{"email":"admin@test.com","level":"info","message":"User login successful","role":"Admin","service":"ehr-backend","timestamp":"2025-12-16 00:37:26","userId":"69400f1667c234ce7b219c43"}
{"email":"manager@test.com","level":"info","message":"User login successful","role":"Manager","service":"ehr-backend","timestamp":"2025-12-16 00:37:26","userId":"69400f1667c234ce7b219c45"}
{"email":"provider@test.com","level":"info","message":"User login successful","role":"Provider","service":"ehr-backend","timestamp":"2025-12-16 00:37:26","userId":"69400f1667c234ce7b219c47"}
{"email":"assigned@test.com","level":"info","message":"User login successful","role":"Patient","service":"ehr-backend","timestamp":"2025-12-16 00:37:26","userId":"69400f1667c234ce7b219c4b"}
{"level":"info","message":"Record retrieved by ID","recordId":"69400f1667c234ce7b219c5a","service":"ehr-backend","timestamp":"2025-12-16 00:37:26","userId":"69400f1667c234ce7b219c4b"}
{"email":"admin@test.com","level":"info","message":"User login successful","role":"Admin","service":"ehr-backend","timestamp":"2025-12-16 00:37:27","userId":"69400f1667c234ce7b219c66"}
{"email":"manager@test.com","level":"info","message":"User login successful","role":"Manager","service":"ehr-backend","timestamp":"2025-12-16 00:37:27","userId":"69400f1667c234ce7b219c68"}
{"email":"provider@test.com","level":"info","message":"User login successful","role":"Provider","service":"ehr-backend","timestamp":"2025-12-16 00:37:27","userId":"69400f1667c234ce7b219c6a"}
{"email":"assigned@test.com","level":"info","message":"User login successful","role":"Patient","service":"ehr-backend","timestamp":"2025-12-16 00:37:27","userId":"69400f1667c234ce7b219c6e"}
{"level":"info","message":"Record retrieved by ID","recordId":"69400f1767c234ce7b219c7d","service":"ehr-backend","timestamp":"2025-12-16 00:37:27","userId":"69400f1667c234ce7b219c68"}
{"email":"admin@test.com","level":"info","message":"User login successful","role":"Admin","service":"ehr-backend","timestamp":"2025-12-16 00:37:27","userId":"69400f1767c234ce7b219c89"}
{"email":"manager@test.com","level":"info","message":"User login successful","role":"Manager","service":"ehr-backend","timestamp":"2025-12-16 00:37:27","userId":"69400f1767c234ce7b219c8b"}
{"email":"provider@test.com","level":"info","message":"User login successful","role":"Provider","service":"ehr-backend","timestamp":"2025-12-16 00:37:27","userId":"69400f1767c234ce7b219c8d"}
{"email":"assigned@test.com","level":"info","message":"User login successful","role":"Patient","service":"ehr-backend","timestamp":"2025-12-16 00:37:28","userId":"69400f1767c234ce7b219c91"}
{"email":"admin@test.com","level":"info","message":"User login successful","role":"Admin","service":"ehr-backend","timestamp":"2025-12-16 00:37:28","userId":"69400f1867c234ce7b219cac"}
{"email":"manager@test.com","level":"info","message":"User login successful","role":"Manager","service":"ehr-backend","timestamp":"2025-12-16 00:37:28","userId":"69400f1867c234ce7b219cae"}
{"email":"provider@test.com","level":"info","message":"User login successful","role":"Provider","service":"ehr-backend","timestamp":"2025-12-16 00:37:28","userId":"69400f1867c234ce7b219cb0"}
{"email":"assigned@test.com","level":"info","message":"User login successful","role":"Patient","service":"ehr-backend","timestamp":"2025-12-16 00:37:28","userId":"69400f1867c234ce7b219cb4"}
{"email":"admin@test.com","level":"info","message":"User login successful","role":"Admin","service":"ehr-backend","timestamp":"2025-12-16 00:37:29","userId":"69400f1867c234ce7b219ccc"}
{"email":"manager@test.com","level":"info","message":"User login successful","role":"Manager","service":"ehr-backend","timestamp":"2025-12-16 00:37:29","userId":"69400f1867c234ce7b219cce"}
{"email":"provider@test.com","level":"info","message":"User login successful","role":"Provider","service":"ehr-backend","timestamp":"2025-12-16 00:37:29","userId":"69400f1867c234ce7b219cd0"}
{"email":"assigned@test.com","level":"info","message":"User login successful","role":"Patient","service":"ehr-backend","timestamp":"2025-12-16 00:37:29","userId":"69400f1867c234ce7b219cd4"}
{"email":"admin@test.com","level":"info","message":"User login successful","role":"Admin","service":"ehr-backend","timestamp":"2025-12-16 00:37:29","userId":"69400f1967c234ce7b219ce9"}
{"email":"manager@test.com","level":"info","message":"User login successful","role":"Manager","service":"ehr-backend","timestamp":"2025-12-16 00:37:29","userId":"69400f1967c234ce7b219ceb"}
{"email":"provider@test.com","level":"info","message":"User login successful","role":"Provider","service":"ehr-backend","timestamp":"2025-12-16 00:37:29","userId":"69400f1967c234ce7b219ced"}
{"email":"assigned@test.com","level":"info","message":"User login successful","role":"Patient","service":"ehr-backend","timestamp":"2025-12-16 00:37:30","userId":"69400f1967c234ce7b219cf1"}
{"email":"admin@test.com","level":"info","message":"User login successful","role":"Admin","service":"ehr-backend","timestamp":"2025-12-16 00:37:30","userId":"69400f1a67c234ce7b219d08"}
{"level":"info","message":"Health check performed","service":"ehr-backend","services":{"api":"operational","mongodb":"connected"},"status":"unhealthy","timestamp":"2025-12-16 00:37:33"}
{"level":"info","message":"Health check performed","service":"ehr-backend","services":{"api":"operational","mongodb":"connected"},"status":"unhealthy","timestamp":"2025-12-16 00:37:33"}
{"level":"info","message":"Health check performed","service":"ehr-backend","services":{"api":"operational","mongodb":"connected"},"status":"unhealthy","timestamp":"2025-12-16 00:37:33"}
{"level":"info","message":"Health check performed","service":"ehr-backend","services":{"api":"operational","mongodb":"connected"},"status":"unhealthy","timestamp":"2025-12-16 00:37:34"}
{"level":"info","message":"Health check performed","service":"ehr-backend","services":{"api":"operational","mongodb":"connected"},"status":"unhealthy","timestamp":"2025-12-16 00:37:34"}
{"level":"info","message":"Health check performed","service":"ehr-backend","services":{"api":"operational","mongodb":"connected"},"status":"unhealthy","timestamp":"2025-12-16 00:37:34"}
{"level":"info","message":"Health check performed","service":"ehr-backend","services":{"api":"operational","mongodb":"connected"},"status":"unhealthy","timestamp":"2025-12-16 00:37:34"}
{"level":"info","message":"Health check performed","service":"ehr-backend","services":{"api":"operational","mongodb":"connected"},"status":"unhealthy","timestamp":"2025-12-16 00:37:34"}
{"level":"info","message":"Health check performed","service":"ehr-backend","services":{"api":"operational","mongodb":"connected"},"status":"unhealthy","timestamp":"2025-12-16 00:37:34"}
{"level":"error","message":"Health check failed: Health check failed","service":"ehr-backend","stack":"Error: Health check failed\n    at Object.<anonymous> (/Users/user/Documents/Monash/CyberSecurity/Assesment2/Final Submission/TP6 25/EHR_draft/ehr-backend/test/integration/health.integration.test.js:240:55)\n    at Promise.finally.completed (/Users/user/Documents/Monash/CyberSecurity/Assesment2/Final Submission/TP6 25/EHR_draft/ehr-backend/node_modules/jest-circus/build/jestAdapterInit.js:1557:28)\n    at new Promise (<anonymous>)\n    at callAsyncCircusFn (/Users/user/Documents/Monash/CyberSecurity/Assesment2/Final Submission/TP6 25/EHR_draft/ehr-backend/node_modules/jest-circus/build/jestAdapterInit.js:1497:10)\n    at _callCircusTest (/Users/user/Documents/Monash/CyberSecurity/Assesment2/Final Submission/TP6 25/EHR_draft/ehr-backend/node_modules/jest-circus/build/jestAdapterInit.js:1007:40)\n    at processTicksAndRejections (node:internal/process/task_queues:103:5)\n    at _runTest (/Users/user/Documents/Monash/CyberSecurity/Assesment2/Final Submission/TP6 25/EHR_draft/ehr-backend/node_modules/jest-circus/build/jestAdapterInit.js:947:3)\n    at /Users/user/Documents/Monash/CyberSecurity/Assesment2/Final Submission/TP6 25/EHR_draft/ehr-backend/node_modules/jest-circus/build/jestAdapterInit.js:849:7\n    at _runTestsForDescribeBlock (/Users/user/Documents/Monash/CyberSecurity/Assesment2/Final Submission/TP6 25/EHR_draft/ehr-backend/node_modules/jest-circus/build/jestAdapterInit.js:862:11)\n    at _runTestsForDescribeBlock (/Users/user/Documents/Monash/CyberSecurity/Assesment2/Final Submission/TP6 25/EHR_draft/ehr-backend/node_modules/jest-circus/build/jestAdapterInit.js:857:11)\n    at _runTestsForDescribeBlock (/Users/user/Documents/Monash/CyberSecurity/Assesment2/Final Submission/TP6 25/EHR_draft/ehr-backend/node_modules/jest-circus/build/jestAdapterInit.js:857:11)\n    at run (/Users/user/Documents/Monash/CyberSecurity/Assesment2/Final Submission/TP6 25/EHR_draft/ehr-backend/node_modules/jest-circus/build/jestAdapterInit.js:761:3)\n    at runAndTransformResultsToJestFormat (/Users/user/Documents/Monash/CyberSecurity/Assesment2/Final Submission/TP6 25/EHR_draft/ehr-backend/node_modules/jest-circus/build/jestAdapterInit.js:1918:21)\n    at jestAdapter (/Users/user/Documents/Monash/CyberSecurity/Assesment2/Final Submission/TP6 25/EHR_draft/ehr-backend/node_modules/jest-circus/build/runner.js:101:19)\n    at runTestInternal (/Users/user/Documents/Monash/CyberSecurity/Assesment2/Final Submission/TP6 25/EHR_draft/ehr-backend/node_modules/jest-runner/build/index.js:275:16)\n    at runTest (/Users/user/Documents/Monash/CyberSecurity/Assesment2/Final Submission/TP6 25/EHR_draft/ehr-backend/node_modules/jest-runner/build/index.js:343:7)","timestamp":"2025-12-16 00:37:34"}
{"level":"info","message":"Health check performed","service":"ehr-backend","services":{"api":"operational","mongodb":"connected"},"status":"unhealthy","timestamp":"2025-12-16 00:37:34"}
{"level":"info","message":"Health check performed","service":"ehr-backend","services":{"api":"operational","mongodb":"connected"},"status":"unhealthy","timestamp":"2025-12-16 00:37:34"}
{"email":"admin@test.com","level":"info","message":"User login successful","role":"Admin","service":"ehr-backend","timestamp":"2025-12-16 00:37:39","userId":"69400f22e31fccfb0ac51a8d"}
{"email":"manager@test.com","level":"info","message":"User login successful","role":"Manager","service":"ehr-backend","timestamp":"2025-12-16 00:37:39","userId":"69400f23e31fccfb0ac51a9b"}
{"email":"provider@test.com","level":"info","message":"User login successful","role":"Provider","service":"ehr-backend","timestamp":"2025-12-16 00:37:39","userId":"69400f23e31fccfb0ac51aa3"}
{"email":"employee@test.com","level":"info","message":"User login successful","role":"Employee","service":"ehr-backend","timestamp":"2025-12-16 00:37:40","userId":"69400f23e31fccfb0ac51aab"}
{"email":"patient@test.com","level":"info","message":"User login successful","role":"Patient","service":"ehr-backend","timestamp":"2025-12-16 00:37:40","userId":"69400f24e31fccfb0ac51ab3"}
{"email":"admin@test.com","level":"info","message":"User login successful","role":"Admin","service":"ehr-backend","timestamp":"2025-12-16 00:37:40","userId":"69400f24e31fccfb0ac51abb"}
{"email":"patient@test.com","ip":"::ffff:127.0.0.1","level":"warn","message":"Login attempt failed: Invalid password","service":"ehr-backend","timestamp":"2025-12-16 00:37:40","userId":"69400f24e31fccfb0ac51ac3"}
{"email":"nonexistent@example.com","ip":"::ffff:127.0.0.1","level":"warn","message":"Login attempt failed: User not found","service":"ehr-backend","timestamp":"2025-12-16 00:37:40"}
{"ip":"::ffff:127.0.0.1","level":"warn","message":"Login attempt failed: User not found","service":"ehr-backend","timestamp":"2025-12-16 00:37:40"}
{"email":"patient@test.com","error":"data and hash arguments required","level":"error","message":"Login error","service":"ehr-backend","timestamp":"2025-12-16 00:37:40"}
{"email":"admin@test.com","level":"info","message":"User login successful","role":"Admin","service":"ehr-backend","timestamp":"2025-12-16 00:37:40","userId":"69400f24e31fccfb0ac51ad7"}
{"ip":"::ffff:127.0.0.1","level":"warn","message":"Authentication failed: Token missing","method":"GET","path":"/me","service":"ehr-backend","timestamp":"2025-12-16 00:37:40"}
{"error":"jwt malformed","ip":"::ffff:127.0.0.1","level":"warn","message":"Authentication failed: JWT verification failed","method":"GET","path":"/me","service":"ehr-backend","timestamp":"2025-12-16 00:37:40"}
{"error":"jwt expired","ip":"::ffff:127.0.0.1","level":"warn","message":"Authentication failed: JWT verification failed","method":"GET","path":"/me","service":"ehr-backend","timestamp":"2025-12-16 00:37:40"}
{"error":"invalid token","ip":"::ffff:127.0.0.1","level":"warn","message":"Authentication failed: JWT verification failed","method":"GET","path":"/me","service":"ehr-backend","timestamp":"2025-12-16 00:37:41"}
{"email":"admin@test.com","level":"info","message":"User login successful","role":"Admin","service":"ehr-backend","timestamp":"2025-12-16 00:37:41","userId":"69400f25e31fccfb0ac51af5"}
{"level":"info","message":"User logout","service":"ehr-backend","timestamp":"2025-12-16 00:37:41"}
{"level":"info","message":"User logout","service":"ehr-backend","timestamp":"2025-12-16 00:37:41"}
{"email":"admin@test.com","level":"info","message":"User login successful","role":"Admin","service":"ehr-backend","timestamp":"2025-12-16 00:37:41","userId":"69400f25e31fccfb0ac51b04"}
{"email":"admin@test.com","level":"info","message":"User login successful","role":"Admin","service":"ehr-backend","timestamp":"2025-12-16 00:37:41","userId":"69400f25e31fccfb0ac51b0c"}
{"level":"info","message":"User logout","service":"ehr-backend","timestamp":"2025-12-16 00:37:41"}
{"ip":"::ffff:127.0.0.1","level":"warn","message":"Authentication failed: Token missing","method":"GET","path":"/me","service":"ehr-backend","timestamp":"2025-12-16 00:37:41"}
{"email":"admin@test.com","level":"info","message":"User login successful","role":"Admin","service":"ehr-backend","timestamp":"2025-12-16 00:37:41","userId":"69400f25e31fccfb0ac51b16"}
{"level":"info","message":"Authorization check","method":"GET","path":"/audit-logs","requiredRoles":["Admin"],"service":"ehr-backend","timestamp":"2025-12-16 00:37:41","userId":"69400f25e31fccfb0ac51b16","userRole":"Admin"}
{"level":"info","message":"Admin 69400f25e31fccfb0ac51b16 retrieved 1 audit logs","service":"ehr-backend","timestamp":"2025-12-16 00:37:41"}
{"ip":"::ffff:127.0.0.1","level":"warn","message":"Authentication failed: Token missing","method":"GET","path":"/audit-logs","service":"ehr-backend","timestamp":"2025-12-16 00:37:41"}
{"error":"jwt expired","ip":"::ffff:127.0.0.1","level":"warn","message":"Authentication failed: JWT verification failed","method":"GET","path":"/audit-logs","service":"ehr-backend","timestamp":"2025-12-16 00:37:41"}
{"email":"patient@test.com","level":"info","message":"User login successful","role":"Patient","service":"ehr-backend","timestamp":"2025-12-16 00:37:46","userId":"69400f2920eaa1f8c1a212f4"}
{"email":"admin@test.com","level":"info","message":"User login successful","role":"Admin","service":"ehr-backend","timestamp":"2025-12-16 00:37:46","userId":"69400f2a20eaa1f8c1a21300"}
{"email":"nonexistent@test.com","ip":"::ffff:127.0.0.1","level":"warn","message":"Login attempt failed: User not found","service":"ehr-backend","timestamp":"2025-12-16 00:37:46"}
{"email":"patient@test.com","ip":"::ffff:127.0.0.1","level":"warn","message":"Login attempt failed: Invalid password","service":"ehr-backend","timestamp":"2025-12-16 00:37:46","userId":"69400f2a20eaa1f8c1a2130f"}
{"ip":"::ffff:127.0.0.1","level":"warn","message":"Login attempt failed: User not found","service":"ehr-backend","timestamp":"2025-12-16 00:37:46"}
{"email":"patient@test.com","error":"data and hash arguments required","level":"error","message":"Login error","service":"ehr-backend","timestamp":"2025-12-16 00:37:46"}
{"email":"admin@test.com","level":"info","message":"User login successful","role":"Admin","service":"ehr-backend","timestamp":"2025-12-16 00:37:46","userId":"69400f2a20eaa1f8c1a2131f"}
{"email":"provider@test.com","level":"info","message":"User login successful","role":"Provider","service":"ehr-backend","timestamp":"2025-12-16 00:37:46","userId":"69400f2a20eaa1f8c1a21327"}
{"email":"patient@test.com","level":"info","message":"User login successful","role":"Patient","service":"ehr-backend","timestamp":"2025-12-16 00:37:47","userId":"69400f2a20eaa1f8c1a2132f"}
{"ip":"::ffff:127.0.0.1","level":"warn","message":"Authentication failed: Token missing","method":"GET","path":"/me","service":"ehr-backend","timestamp":"2025-12-16 00:37:47"}
{"error":"jwt malformed","ip":"::ffff:127.0.0.1","level":"warn","message":"Authentication failed: JWT verification failed","method":"GET","path":"/me","service":"ehr-backend","timestamp":"2025-12-16 00:37:47"}
{"email":"patient@test.com","level":"info","message":"User login successful","role":"Patient","service":"ehr-backend","timestamp":"2025-12-16 00:37:47","userId":"69400f2b20eaa1f8c1a2133f"}
{"level":"info","message":"User logout","service":"ehr-backend","timestamp":"2025-12-16 00:37:47"}
{"level":"info","message":"User logout","service":"ehr-backend","timestamp":"2025-12-16 00:37:47"}
{"email":"admin@test.com","level":"info","message":"User login successful","role":"Admin","service":"ehr-backend","timestamp":"2025-12-16 00:37:47","userId":"69400f2b20eaa1f8c1a2134e"}
{"level":"info","message":"User logout","service":"ehr-backend","timestamp":"2025-12-16 00:37:47"}
{"ip":"::ffff:127.0.0.1","level":"warn","message":"Authentication failed: Token missing","method":"GET","path":"/me","service":"ehr-backend","timestamp":"2025-12-16 00:37:47"}
{"keyVersion":1,"level":"info","message":"Public key retrieved successfully","service":"ehr-backend","timestamp":"2025-12-16 00:37:50"}
{"keyVersion":1,"level":"info","message":"Public key retrieved successfully","service":"ehr-backend","timestamp":"2025-12-16 00:37:50"}
{"keyVersion":1,"level":"info","message":"Public key retrieved successfully","service":"ehr-backend","timestamp":"2025-12-16 00:37:50"}
{"keyVersion":1,"level":"info","message":"Public key retrieved successfully","service":"ehr-backend","timestamp":"2025-12-16 00:37:50"}
{"keyVersion":1,"level":"info","message":"Public key retrieved successfully","service":"ehr-backend","timestamp":"2025-12-16 00:37:50"}
{"error":"Service unavailable","level":"error","message":"Failed to retrieve public key","service":"ehr-backend","timestamp":"2025-12-16 00:37:50"}
{"keyVersion":1,"level":"info","message":"Public key retrieved successfully","service":"ehr-backend","timestamp":"2025-12-16 00:37:50"}
{"keyVersion":1,"level":"info","message":"Public key retrieved successfully","service":"ehr-backend","timestamp":"2025-12-16 00:37:50"}
{"keyVersion":1,"level":"info","message":"Public key retrieved successfully","service":"ehr-backend","timestamp":"2025-12-16 00:37:50"}
{"email":"admin@test.com","level":"info","message":"User login successful","role":"Admin","service":"ehr-backend","timestamp":"2025-12-16 00:38:08","userId":"69400f3fa0b84c13254facd1"}
{"email":"manager@test.com","level":"info","message":"User login successful","role":"Manager","service":"ehr-backend","timestamp":"2025-12-16 00:38:08","userId":"69400f40a0b84c13254facd9"}
{"email":"provider@test.com","level":"info","message":"User login successful","role":"Provider","service":"ehr-backend","timestamp":"2025-12-16 00:38:08","userId":"69400f40a0b84c13254facdb"}
{"email":"assigned@test.com","level":"info","message":"User login successful","role":"Patient","service":"ehr-backend","timestamp":"2025-12-16 00:38:08","userId":"69400f40a0b84c13254facdf"}
{"email":"admin@test.com","level":"info","message":"User login successful","role":"Admin","service":"ehr-backend","timestamp":"2025-12-16 00:38:25","userId":"69400f4f11e4874564335fa2"}
{"email":"manager@test.com","level":"info","message":"User login successful","role":"Manager","service":"ehr-backend","timestamp":"2025-12-16 00:38:25","userId":"69400f5011e4874564335faa"}
{"email":"provider@test.com","level":"info","message":"User login successful","role":"Provider","service":"ehr-backend","timestamp":"2025-12-16 00:38:25","userId":"69400f5111e4874564335fac"}
{"email":"assigned@test.com","level":"info","message":"User login successful","role":"Patient","service":"ehr-backend","timestamp":"2025-12-16 00:38:25","userId":"69400f5111e4874564335fb0"}
{"email":"admin@test.com","level":"info","message":"User login successful","role":"Admin","service":"ehr-backend","timestamp":"2025-12-16 00:38:41","userId":"69400f605fad01d8012bb2f6"}
{"email":"manager@test.com","level":"info","message":"User login successful","role":"Manager","service":"ehr-backend","timestamp":"2025-12-16 00:38:41","userId":"69400f615fad01d8012bb2fe"}
{"email":"provider@test.com","level":"info","message":"User login successful","role":"Provider","service":"ehr-backend","timestamp":"2025-12-16 00:38:42","userId":"69400f615fad01d8012bb300"}
{"email":"assigned@test.com","level":"info","message":"User login successful","role":"Patient","service":"ehr-backend","timestamp":"2025-12-16 00:38:42","userId":"69400f615fad01d8012bb304"}
{"email":"admin@test.com","level":"info","message":"User login successful","role":"Admin","service":"ehr-backend","timestamp":"2025-12-16 00:39:25","userId":"69400f8b60f2d78f26767df7"}
{"email":"manager@test.com","level":"info","message":"User login successful","role":"Manager","service":"ehr-backend","timestamp":"2025-12-16 00:39:25","userId":"69400f8c60f2d78f26767dff"}
{"email":"provider@test.com","level":"info","message":"User login successful","role":"Provider","service":"ehr-backend","timestamp":"2025-12-16 00:39:25","userId":"69400f8c60f2d78f26767e01"}
{"email":"assigned@test.com","level":"info","message":"User login successful","role":"Patient","service":"ehr-backend","timestamp":"2025-12-16 00:39:25","userId":"69400f8c60f2d78f26767e05"}
{"email":"admin@test.com","level":"info","message":"User login successful","role":"Admin","service":"ehr-backend","timestamp":"2025-12-16 00:40:38","userId":"69400fd4f27d67e656f3c17a"}
{"email":"manager@test.com","level":"info","message":"User login successful","role":"Manager","service":"ehr-backend","timestamp":"2025-12-16 00:40:38","userId":"69400fd5f27d67e656f3c182"}
{"email":"provider@test.com","level":"info","message":"User login successful","role":"Provider","service":"ehr-backend","timestamp":"2025-12-16 00:40:38","userId":"69400fd5f27d67e656f3c184"}
{"email":"employee@test.com","level":"info","message":"User login successful","role":"Employee","service":"ehr-backend","timestamp":"2025-12-16 00:40:38","userId":"69400fd5f27d67e656f3c186"}
{"email":"patient@test.com","level":"info","message":"User login successful","role":"Patient","service":"ehr-backend","timestamp":"2025-12-16 00:40:38","userId":"69400fd6f27d67e656f3c188"}
{"level":"info","message":"Authorization check","method":"POST","path":"/register","requiredRoles":["Employee","Manager","Admin"],"service":"ehr-backend","timestamp":"2025-12-16 00:40:38","userId":"69400fd4f27d67e656f3c17a","userRole":"Admin"}
{"creatorId":"69400fd4f27d67e656f3c17a","creatorRole":"Admin","level":"info","message":"User registered successfully","newUserId":"69400fd6f27d67e656f3c19a","newUserRole":"Patient","service":"ehr-backend","timestamp":"2025-12-16 00:40:38"}
{"level":"info","message":"Authorization check","method":"POST","path":"/register","requiredRoles":["Employee","Manager","Admin"],"service":"ehr-backend","timestamp":"2025-12-16 00:40:38","userId":"69400fd4f27d67e656f3c17a","userRole":"Admin"}
{"creatorId":"69400fd4f27d67e656f3c17a","creatorRole":"Admin","level":"info","message":"User registered successfully","newUserId":"69400fd6f27d67e656f3c19f","newUserRole":"Provider","service":"ehr-backend","timestamp":"2025-12-16 00:40:38"}
{"level":"info","message":"Authorization check","method":"POST","path":"/register","requiredRoles":["Employee","Manager","Admin"],"service":"ehr-backend","timestamp":"2025-12-16 00:40:38","userId":"69400fd4f27d67e656f3c17a","userRole":"Admin"}
{"creatorId":"69400fd4f27d67e656f3c17a","creatorRole":"Admin","level":"info","message":"User registered successfully","newUserId":"69400fd6f27d67e656f3c1a4","newUserRole":"Employee","service":"ehr-backend","timestamp":"2025-12-16 00:40:38"}
{"level":"info","message":"Authorization check","method":"POST","path":"/register","requiredRoles":["Employee","Manager","Admin"],"service":"ehr-backend","timestamp":"2025-12-16 00:40:38","userId":"69400fd4f27d67e656f3c17a","userRole":"Admin"}
{"creatorId":"69400fd4f27d67e656f3c17a","creatorRole":"Admin","level":"info","message":"User registered successfully","newUserId":"69400fd6f27d67e656f3c1a9","newUserRole":"Manager","service":"ehr-backend","timestamp":"2025-12-16 00:40:39"}
{"email":"admin@test.com","level":"info","message":"User login successful","role":"Admin","service":"ehr-backend","timestamp":"2025-12-16 00:40:39","userId":"69400fd7f27d67e656f3c1b3"}
{"email":"manager@test.com","level":"info","message":"User login successful","role":"Manager","service":"ehr-backend","timestamp":"2025-12-16 00:40:39","userId":"69400fd7f27d67e656f3c1b5"}
{"email":"provider@test.com","level":"info","message":"User login successful","role":"Provider","service":"ehr-backend","timestamp":"2025-12-16 00:40:39","userId":"69400fd7f27d67e656f3c1b7"}
{"email":"employee@test.com","level":"info","message":"User login successful","role":"Employee","service":"ehr-backend","timestamp":"2025-12-16 00:40:39","userId":"69400fd7f27d67e656f3c1b9"}
{"email":"patient@test.com","level":"info","message":"User login successful","role":"Patient","service":"ehr-backend","timestamp":"2025-12-16 00:40:39","userId":"69400fd7f27d67e656f3c1bb"}
{"level":"info","message":"Authorization check","method":"POST","path":"/register","requiredRoles":["Employee","Manager","Admin"],"service":"ehr-backend","timestamp":"2025-12-16 00:40:39","userId":"69400fd7f27d67e656f3c1b5","userRole":"Manager"}
{"creatorId":"69400fd7f27d67e656f3c1b5","creatorRole":"Manager","level":"info","message":"User registered successfully","newUserId":"69400fd7f27d67e656f3c1cd","newUserRole":"Employee","service":"ehr-backend","timestamp":"2025-12-16 00:40:39"}
{"level":"info","message":"Authorization check","method":"POST","path":"/register","requiredRoles":["Employee","Manager","Admin"],"service":"ehr-backend","timestamp":"2025-12-16 00:40:39","userId":"69400fd7f27d67e656f3c1b5","userRole":"Manager"}
{"creatorId":"69400fd7f27d67e656f3c1b5","creatorRole":"Manager","level":"info","message":"User registered successfully","newUserId":"69400fd7f27d67e656f3c1d2","newUserRole":"Provider","service":"ehr-backend","timestamp":"2025-12-16 00:40:39"}
{"level":"info","message":"Authorization check","method":"POST","path":"/register","requiredRoles":["Employee","Manager","Admin"],"service":"ehr-backend","timestamp":"2025-12-16 00:40:39","userId":"69400fd7f27d67e656f3c1b5","userRole":"Manager"}
{"creatorId":"69400fd7f27d67e656f3c1b5","creatorRole":"Manager","level":"info","message":"User registered successfully","newUserId":"69400fd8f27d67e656f3c1d7","newUserRole":"Patient","service":"ehr-backend","timestamp":"2025-12-16 00:40:40"}
{"email":"admin@test.com","level":"info","message":"User login successful","role":"Admin","service":"ehr-backend","timestamp":"2025-12-16 00:40:40","userId":"69400fd8f27d67e656f3c1e1"}
{"email":"manager@test.com","level":"info","message":"User login successful","role":"Manager","service":"ehr-backend","timestamp":"2025-12-16 00:40:40","userId":"69400fd8f27d67e656f3c1e3"}
{"email":"provider@test.com","level":"info","message":"User login successful","role":"Provider","service":"ehr-backend","timestamp":"2025-12-16 00:40:40","userId":"69400fd8f27d67e656f3c1e5"}
{"email":"employee@test.com","level":"info","message":"User login successful","role":"Employee","service":"ehr-backend","timestamp":"2025-12-16 00:40:40","userId":"69400fd8f27d67e656f3c1e7"}
{"email":"patient@test.com","level":"info","message":"User login successful","role":"Patient","service":"ehr-backend","timestamp":"2025-12-16 00:40:40","userId":"69400fd8f27d67e656f3c1e9"}
{"level":"info","message":"Authorization check","method":"POST","path":"/register","requiredRoles":["Employee","Manager","Admin"],"service":"ehr-backend","timestamp":"2025-12-16 00:40:40","userId":"69400fd8f27d67e656f3c1e3","userRole":"Manager"}
{"creatorId":"69400fd8f27d67e656f3c1e3","creatorRole":"Manager","level":"warn","message":"Registration denied: Insufficient permissions","service":"ehr-backend","targetRole":"Manager","timestamp":"2025-12-16 00:40:40"}
{"email":"admin@test.com","level":"info","message":"User login successful","role":"Admin","service":"ehr-backend","timestamp":"2025-12-16 00:40:41","userId":"69400fd8f27d67e656f3c200"}
{"email":"manager@test.com","level":"info","message":"User login successful","role":"Manager","service":"ehr-backend","timestamp":"2025-12-16 00:40:41","userId":"69400fd8f27d67e656f3c202"}
{"email":"provider@test.com","level":"info","message":"User login successful","role":"Provider","service":"ehr-backend","timestamp":"2025-12-16 00:40:41","userId":"69400fd9f27d67e656f3c204"}
{"email":"employee@test.com","level":"info","message":"User login successful","role":"Employee","service":"ehr-backend","timestamp":"2025-12-16 00:40:41","userId":"69400fd9f27d67e656f3c206"}
{"email":"patient@test.com","level":"info","message":"User login successful","role":"Patient","service":"ehr-backend","timestamp":"2025-12-16 00:40:41","userId":"69400fd9f27d67e656f3c208"}
{"level":"info","message":"Authorization check","method":"POST","path":"/register","requiredRoles":["Employee","Manager","Admin"],"service":"ehr-backend","timestamp":"2025-12-16 00:40:41","userId":"69400fd9f27d67e656f3c206","userRole":"Employee"}
{"creatorId":"69400fd9f27d67e656f3c206","creatorRole":"Employee","level":"info","message":"User registered successfully","newUserId":"69400fd9f27d67e656f3c21a","newUserRole":"Patient","service":"ehr-backend","timestamp":"2025-12-16 00:40:41"}
{"email":"admin@test.com","level":"info","message":"User login successful","role":"Admin","service":"ehr-backend","timestamp":"2025-12-16 00:40:42","userId":"69400fd9f27d67e656f3c224"}
{"email":"manager@test.com","level":"info","message":"User login successful","role":"Manager","service":"ehr-backend","timestamp":"2025-12-16 00:40:42","userId":"69400fd9f27d67e656f3c226"}
{"email":"provider@test.com","level":"info","message":"User login successful","role":"Provider","service":"ehr-backend","timestamp":"2025-12-16 00:40:42","userId":"69400fd9f27d67e656f3c228"}
{"email":"employee@test.com","level":"info","message":"User login successful","role":"Employee","service":"ehr-backend","timestamp":"2025-12-16 00:40:42","userId":"69400fd9f27d67e656f3c22a"}
{"email":"patient@test.com","level":"info","message":"User login successful","role":"Patient","service":"ehr-backend","timestamp":"2025-12-16 00:40:42","userId":"69400fd9f27d67e656f3c22c"}
{"level":"info","message":"Authorization check","method":"POST","path":"/register","requiredRoles":["Employee","Manager","Admin"],"service":"ehr-backend","timestamp":"2025-12-16 00:40:42","userId":"69400fd9f27d67e656f3c22a","userRole":"Employee"}
{"creatorId":"69400fd9f27d67e656f3c22a","creatorRole":"Employee","level":"warn","message":"Registration denied: Insufficient permissions","service":"ehr-backend","targetRole":"Provider","timestamp":"2025-12-16 00:40:42"}
{"email":"admin@test.com","level":"info","message":"User login successful","role":"Admin","service":"ehr-backend","timestamp":"2025-12-16 00:40:42","userId":"69400fdaf27d67e656f3c243"}
{"email":"manager@test.com","level":"info","message":"User login successful","role":"Manager","service":"ehr-backend","timestamp":"2025-12-16 00:40:42","userId":"69400fdaf27d67e656f3c245"}
{"email":"provider@test.com","level":"info","message":"User login successful","role":"Provider","service":"ehr-backend","timestamp":"2025-12-16 00:40:43","userId":"69400fdaf27d67e656f3c247"}
{"email":"employee@test.com","level":"info","message":"User login successful","role":"Employee","service":"ehr-backend","timestamp":"2025-12-16 00:40:43","userId":"69400fdaf27d67e656f3c249"}
{"email":"patient@test.com","level":"info","message":"User login successful","role":"Patient","service":"ehr-backend","timestamp":"2025-12-16 00:40:43","userId":"69400fdaf27d67e656f3c24b"}
{"level":"info","message":"Authorization check","method":"POST","path":"/register","requiredRoles":["Employee","Manager","Admin"],"service":"ehr-backend","timestamp":"2025-12-16 00:40:43","userId":"69400fdaf27d67e656f3c249","userRole":"Employee"}
{"creatorId":"69400fdaf27d67e656f3c249","creatorRole":"Employee","level":"warn","message":"Registration denied: Insufficient permissions","service":"ehr-backend","targetRole":"Employee","timestamp":"2025-12-16 00:40:43"}
{"email":"admin@test.com","level":"info","message":"User login successful","role":"Admin","service":"ehr-backend","timestamp":"2025-12-16 00:40:43","userId":"69400fdbf27d67e656f3c262"}
{"email":"manager@test.com","level":"info","message":"User login successful","role":"Manager","service":"ehr-backend","timestamp":"2025-12-16 00:40:43","userId":"69400fdbf27d67e656f3c264"}
{"email":"provider@test.com","level":"info","message":"User login successful","role":"Provider","service":"ehr-backend","timestamp":"2025-12-16 00:40:43","userId":"69400fdbf27d67e656f3c266"}
{"email":"employee@test.com","level":"info","message":"User login successful","role":"Employee","service":"ehr-backend","timestamp":"2025-12-16 00:40:43","userId":"69400fdbf27d67e656f3c268"}
{"email":"patient@test.com","level":"info","message":"User login successful","role":"Patient","service":"ehr-backend","timestamp":"2025-12-16 00:40:43","userId":"69400fdbf27d67e656f3c26a"}
{"level":"info","message":"Authorization check","method":"POST","path":"/register","requiredRoles":["Employee","Manager","Admin"],"service":"ehr-backend","timestamp":"2025-12-16 00:40:43","userId":"69400fdbf27d67e656f3c266","userRole":"Provider"}
{"level":"warn","message":"Authorization denied: Insufficient permissions","method":"POST","path":"/register","requiredRoles":["Employee","Manager","Admin"],"service":"ehr-backend","timestamp":"2025-12-16 00:40:43","userId":"69400fdbf27d67e656f3c266","userRole":"Provider"}
{"email":"admin@test.com","level":"info","message":"User login successful","role":"Admin","service":"ehr-backend","timestamp":"2025-12-16 00:40:44","userId":"69400fdcf27d67e656f3c283"}
{"email":"manager@test.com","level":"info","message":"User login successful","role":"Manager","service":"ehr-backend","timestamp":"2025-12-16 00:40:44","userId":"69400fdcf27d67e656f3c285"}
{"email":"provider@test.com","level":"info","message":"User login successful","role":"Provider","service":"ehr-backend","timestamp":"2025-12-16 00:40:44","userId":"69400fdcf27d67e656f3c287"}
{"email":"employee@test.com","level":"info","message":"User login successful","role":"Employee","service":"ehr-backend","timestamp":"2025-12-16 00:40:44","userId":"69400fdcf27d67e656f3c289"}
{"email":"patient@test.com","level":"info","message":"User login successful","role":"Patient","service":"ehr-backend","timestamp":"2025-12-16 00:40:44","userId":"69400fdcf27d67e656f3c28b"}
{"level":"info","message":"Authorization check","method":"POST","path":"/register","requiredRoles":["Employee","Manager","Admin"],"service":"ehr-backend","timestamp":"2025-12-16 00:40:44","userId":"69400fdcf27d67e656f3c28b","userRole":"Patient"}
{"level":"warn","message":"Authorization denied: Insufficient permissions","method":"POST","path":"/register","requiredRoles":["Employee","Manager","Admin"],"service":"ehr-backend","timestamp":"2025-12-16 00:40:44","userId":"69400fdcf27d67e656f3c28b","userRole":"Patient"}
{"email":"admin@test.com","level":"info","message":"User login successful","role":"Admin","service":"ehr-backend","timestamp":"2025-12-16 00:40:45","userId":"69400fdcf27d67e656f3c2a4"}
{"email":"manager@test.com","level":"info","message":"User login successful","role":"Manager","service":"ehr-backend","timestamp":"2025-12-16 00:40:45","userId":"69400fdcf27d67e656f3c2a6"}
{"email":"provider@test.com","level":"info","message":"User login successful","role":"Provider","service":"ehr-backend","timestamp":"2025-12-16 00:40:45","userId":"69400fdcf27d67e656f3c2a8"}
{"email":"employee@test.com","level":"info","message":"User login successful","role":"Employee","service":"ehr-backend","timestamp":"2025-12-16 00:40:45","userId":"69400fdcf27d67e656f3c2aa"}
{"email":"patient@test.com","level":"info","message":"User login successful","role":"Patient","service":"ehr-backend","timestamp":"2025-12-16 00:40:45","userId":"69400fddf27d67e656f3c2ac"}
{"level":"info","message":"Authorization check","method":"GET","path":"/audit-logs","requiredRoles":["Admin"],"service":"ehr-backend","timestamp":"2025-12-16 00:40:45","userId":"69400fdcf27d67e656f3c2a4","userRole":"Admin"}
{"level":"info","message":"Admin 69400fdcf27d67e656f3c2a4 retrieved 5 audit logs","service":"ehr-backend","timestamp":"2025-12-16 00:40:45"}
{"email":"admin@test.com","level":"info","message":"User login successful","role":"Admin","service":"ehr-backend","timestamp":"2025-12-16 00:40:45","userId":"69400fddf27d67e656f3c2c4"}
{"email":"manager@test.com","level":"info","message":"User login successful","role":"Manager","service":"ehr-backend","timestamp":"2025-12-16 00:40:46","userId":"69400fddf27d67e656f3c2c6"}
{"email":"provider@test.com","level":"info","message":"User login successful","role":"Provider","service":"ehr-backend","timestamp":"2025-12-16 00:40:46","userId":"69400fddf27d67e656f3c2c8"}
{"email":"employee@test.com","level":"info","message":"User login successful","role":"Employee","service":"ehr-backend","timestamp":"2025-12-16 00:40:46","userId":"69400fddf27d67e656f3c2ca"}
{"email":"patient@test.com","level":"info","message":"User login successful","role":"Patient","service":"ehr-backend","timestamp":"2025-12-16 00:40:46","userId":"69400fddf27d67e656f3c2cc"}
{"level":"info","message":"Authorization check","method":"GET","path":"/audit-logs","requiredRoles":["Admin"],"service":"ehr-backend","timestamp":"2025-12-16 00:40:46","userId":"69400fddf27d67e656f3c2c6","userRole":"Manager"}
{"level":"warn","message":"Authorization denied: Insufficient permissions","method":"GET","path":"/audit-logs","requiredRoles":["Admin"],"service":"ehr-backend","timestamp":"2025-12-16 00:40:46","userId":"69400fddf27d67e656f3c2c6","userRole":"Manager"}
{"email":"admin@test.com","level":"info","message":"User login successful","role":"Admin","service":"ehr-backend","timestamp":"2025-12-16 00:40:46","userId":"69400fdef27d67e656f3c2e5"}
{"email":"manager@test.com","level":"info","message":"User login successful","role":"Manager","service":"ehr-backend","timestamp":"2025-12-16 00:40:46","userId":"69400fdef27d67e656f3c2e7"}
{"email":"provider@test.com","level":"info","message":"User login successful","role":"Provider","service":"ehr-backend","timestamp":"2025-12-16 00:40:46","userId":"69400fdef27d67e656f3c2e9"}
{"email":"employee@test.com","level":"info","message":"User login successful","role":"Employee","service":"ehr-backend","timestamp":"2025-12-16 00:40:46","userId":"69400fdef27d67e656f3c2eb"}
{"email":"patient@test.com","level":"info","message":"User login successful","role":"Patient","service":"ehr-backend","timestamp":"2025-12-16 00:40:47","userId":"69400fdef27d67e656f3c2ed"}
{"level":"info","message":"Authorization check","method":"GET","path":"/audit-logs","requiredRoles":["Admin"],"service":"ehr-backend","timestamp":"2025-12-16 00:40:47","userId":"69400fdef27d67e656f3c2e9","userRole":"Provider"}
{"level":"warn","message":"Authorization denied: Insufficient permissions","method":"GET","path":"/audit-logs","requiredRoles":["Admin"],"service":"ehr-backend","timestamp":"2025-12-16 00:40:47","userId":"69400fdef27d67e656f3c2e9","userRole":"Provider"}
{"email":"admin@test.com","level":"info","message":"User login successful","role":"Admin","service":"ehr-backend","timestamp":"2025-12-16 00:40:47","userId":"69400fdff27d67e656f3c306"}
{"email":"manager@test.com","level":"info","message":"User login successful","role":"Manager","service":"ehr-backend","timestamp":"2025-12-16 00:40:47","userId":"69400fdff27d67e656f3c308"}
{"email":"provider@test.com","level":"info","message":"User login successful","role":"Provider","service":"ehr-backend","timestamp":"2025-12-16 00:40:47","userId":"69400fdff27d67e656f3c30a"}
{"email":"employee@test.com","level":"info","message":"User login successful","role":"Employee","service":"ehr-backend","timestamp":"2025-12-16 00:40:47","userId":"69400fdff27d67e656f3c30c"}
{"email":"patient@test.com","level":"info","message":"User login successful","role":"Patient","service":"ehr-backend","timestamp":"2025-12-16 00:40:47","userId":"69400fdff27d67e656f3c30e"}
{"level":"info","message":"Authorization check","method":"GET","path":"/audit-logs","requiredRoles":["Admin"],"service":"ehr-backend","timestamp":"2025-12-16 00:40:47","userId":"69400fdff27d67e656f3c30c","userRole":"Employee"}
{"level":"warn","message":"Authorization denied: Insufficient permissions","method":"GET","path":"/audit-logs","requiredRoles":["Admin"],"service":"ehr-backend","timestamp":"2025-12-16 00:40:47","userId":"69400fdff27d67e656f3c30c","userRole":"Employee"}
{"email":"admin@test.com","level":"info","message":"User login successful","role":"Admin","service":"ehr-backend","timestamp":"2025-12-16 00:40:48","userId":"69400fdff27d67e656f3c327"}
{"email":"manager@test.com","level":"info","message":"User login successful","role":"Manager","service":"ehr-backend","timestamp":"2025-12-16 00:40:48","userId":"69400fdff27d67e656f3c329"}
{"email":"provider@test.com","level":"info","message":"User login successful","role":"Provider","service":"ehr-backend","timestamp":"2025-12-16 00:40:48","userId":"69400fdff27d67e656f3c32b"}
{"email":"employee@test.com","level":"info","message":"User login successful","role":"Employee","service":"ehr-backend","timestamp":"2025-12-16 00:40:48","userId":"69400fdff27d67e656f3c32d"}
{"email":"patient@test.com","level":"info","message":"User login successful","role":"Patient","service":"ehr-backend","timestamp":"2025-12-16 00:40:48","userId":"69400fe0f27d67e656f3c32f"}
{"level":"info","message":"Authorization check","method":"GET","path":"/audit-logs","requiredRoles":["Admin"],"service":"ehr-backend","timestamp":"2025-12-16 00:40:48","userId":"69400fe0f27d67e656f3c32f","userRole":"Patient"}
{"level":"warn","message":"Authorization denied: Insufficient permissions","method":"GET","path":"/audit-logs","requiredRoles":["Admin"],"service":"ehr-backend","timestamp":"2025-12-16 00:40:48","userId":"69400fe0f27d67e656f3c32f","userRole":"Patient"}
{"email":"admin@test.com","level":"info","message":"User login successful","role":"Admin","service":"ehr-backend","timestamp":"2025-12-16 00:40:48","userId":"69400fe0f27d67e656f3c348"}
{"email":"manager@test.com","level":"info","message":"User login successful","role":"Manager","service":"ehr-backend","timestamp":"2025-12-16 00:40:49","userId":"69400fe0f27d67e656f3c34a"}
{"email":"provider@test.com","level":"info","message":"User login successful","role":"Provider","service":"ehr-backend","timestamp":"2025-12-16 00:40:49","userId":"69400fe0f27d67e656f3c34c"}
{"email":"employee@test.com","level":"info","message":"User login successful","role":"Employee","service":"ehr-backend","timestamp":"2025-12-16 00:40:49","userId":"69400fe0f27d67e656f3c34e"}
{"email":"patient@test.com","level":"info","message":"User login successful","role":"Patient","service":"ehr-backend","timestamp":"2025-12-16 00:40:49","userId":"69400fe0f27d67e656f3c350"}
{"level":"info","message":"Authorization check","method":"POST","path":"/assign-patient","requiredRoles":["Admin","Manager"],"service":"ehr-backend","timestamp":"2025-12-16 00:40:49","userId":"69400fe0f27d67e656f3c348","userRole":"Admin"}
{"level":"info","message":"Patient 69400fe0f27d67e656f3c350 assigned to Provider 69400fe0f27d67e656f3c34c by Admin 69400fe0f27d67e656f3c348","service":"ehr-backend","timestamp":"2025-12-16 00:40:49"}
{"email":"admin@test.com","level":"info","message":"User login successful","role":"Admin","service":"ehr-backend","timestamp":"2025-12-16 00:40:49","userId":"69400fe1f27d67e656f3c36b"}
{"email":"manager@test.com","level":"info","message":"User login successful","role":"Manager","service":"ehr-backend","timestamp":"2025-12-16 00:40:49","userId":"69400fe1f27d67e656f3c36d"}
{"email":"provider@test.com","level":"info","message":"User login successful","role":"Provider","service":"ehr-backend","timestamp":"2025-12-16 00:40:49","userId":"69400fe1f27d67e656f3c36f"}
{"email":"employee@test.com","level":"info","message":"User login successful","role":"Employee","service":"ehr-backend","timestamp":"2025-12-16 00:40:50","userId":"69400fe1f27d67e656f3c371"}
{"email":"patient@test.com","level":"info","message":"User login successful","role":"Patient","service":"ehr-backend","timestamp":"2025-12-16 00:40:50","userId":"69400fe1f27d67e656f3c373"}
{"level":"info","message":"Authorization check","method":"POST","path":"/assign-patient","requiredRoles":["Admin","Manager"],"service":"ehr-backend","timestamp":"2025-12-16 00:40:50","userId":"69400fe1f27d67e656f3c36d","userRole":"Manager"}
{"level":"info","message":"Patient 69400fe1f27d67e656f3c373 assigned to Provider 69400fe1f27d67e656f3c36f by Admin 69400fe1f27d67e656f3c36d","service":"ehr-backend","timestamp":"2025-12-16 00:40:50"}
{"email":"admin@test.com","level":"info","message":"User login successful","role":"Admin","service":"ehr-backend","timestamp":"2025-12-16 00:40:50","userId":"69400fe2f27d67e656f3c38e"}
{"email":"manager@test.com","level":"info","message":"User login successful","role":"Manager","service":"ehr-backend","timestamp":"2025-12-16 00:40:50","userId":"69400fe2f27d67e656f3c390"}
{"email":"provider@test.com","level":"info","message":"User login successful","role":"Provider","service":"ehr-backend","timestamp":"2025-12-16 00:40:50","userId":"69400fe2f27d67e656f3c392"}
{"email":"employee@test.com","level":"info","message":"User login successful","role":"Employee","service":"ehr-backend","timestamp":"2025-12-16 00:40:50","userId":"69400fe2f27d67e656f3c394"}
{"email":"patient@test.com","level":"info","message":"User login successful","role":"Patient","service":"ehr-backend","timestamp":"2025-12-16 00:40:50","userId":"69400fe2f27d67e656f3c396"}
{"email":"admin@test.com","level":"info","message":"User login successful","role":"Admin","service":"ehr-backend","timestamp":"2025-12-16 00:40:59","userId":"69400fea50a25173d454d926"}
{"email":"manager@test.com","level":"info","message":"User login successful","role":"Manager","service":"ehr-backend","timestamp":"2025-12-16 00:40:59","userId":"69400feb50a25173d454d92e"}
{"email":"provider@test.com","level":"info","message":"User login successful","role":"Provider","service":"ehr-backend","timestamp":"2025-12-16 00:40:59","userId":"69400feb50a25173d454d930"}
{"email":"assigned@test.com","level":"info","message":"User login successful","role":"Patient","service":"ehr-backend","timestamp":"2025-12-16 00:40:59","userId":"69400feb50a25173d454d934"}
{"creatorId":"69400feb50a25173d454d930","level":"info","message":"Record created successfully","patientId":"69400feb50a25173d454d934","recordId":"69400feb50a25173d454d944","service":"ehr-backend","timestamp":"2025-12-16 00:40:59"}
{"email":"admin@test.com","level":"info","message":"User login successful","role":"Admin","service":"ehr-backend","timestamp":"2025-12-16 00:41:00","userId":"69400feb50a25173d454d94e"}
{"email":"manager@test.com","level":"info","message":"User login successful","role":"Manager","service":"ehr-backend","timestamp":"2025-12-16 00:41:00","userId":"69400feb50a25173d454d950"}
{"email":"provider@test.com","level":"info","message":"User login successful","role":"Provider","service":"ehr-backend","timestamp":"2025-12-16 00:41:00","userId":"69400fec50a25173d454d952"}
{"email":"assigned@test.com","level":"info","message":"User login successful","role":"Patient","service":"ehr-backend","timestamp":"2025-12-16 00:41:00","userId":"69400fec50a25173d454d956"}
{"email":"admin@test.com","level":"info","message":"User login successful","role":"Admin","service":"ehr-backend","timestamp":"2025-12-16 00:41:00","userId":"69400fec50a25173d454d96c"}
{"email":"manager@test.com","level":"info","message":"User login successful","role":"Manager","service":"ehr-backend","timestamp":"2025-12-16 00:41:01","userId":"69400fec50a25173d454d96e"}
{"email":"provider@test.com","level":"info","message":"User login successful","role":"Provider","service":"ehr-backend","timestamp":"2025-12-16 00:41:01","userId":"69400fec50a25173d454d970"}
{"email":"assigned@test.com","level":"info","message":"User login successful","role":"Patient","service":"ehr-backend","timestamp":"2025-12-16 00:41:01","userId":"69400fec50a25173d454d974"}
{"creatorId":"69400fec50a25173d454d96e","level":"info","message":"Record created successfully","patientId":"69400fec50a25173d454d972","recordId":"69400fed50a25173d454d983","service":"ehr-backend","timestamp":"2025-12-16 00:41:01"}
{"email":"admin@test.com","level":"info","message":"User login successful","role":"Admin","service":"ehr-backend","timestamp":"2025-12-16 00:41:01","userId":"69400fed50a25173d454d98d"}
{"email":"manager@test.com","level":"info","message":"User login successful","role":"Manager","service":"ehr-backend","timestamp":"2025-12-16 00:41:01","userId":"69400fed50a25173d454d98f"}
{"email":"provider@test.com","level":"info","message":"User login successful","role":"Provider","service":"ehr-backend","timestamp":"2025-12-16 00:41:01","userId":"69400fed50a25173d454d991"}
{"email":"assigned@test.com","level":"info","message":"User login successful","role":"Patient","service":"ehr-backend","timestamp":"2025-12-16 00:41:01","userId":"69400fed50a25173d454d995"}
{"email":"admin@test.com","level":"info","message":"User login successful","role":"Admin","service":"ehr-backend","timestamp":"2025-12-16 00:41:02","userId":"69400fed50a25173d454d9aa"}
{"email":"manager@test.com","level":"info","message":"User login successful","role":"Manager","service":"ehr-backend","timestamp":"2025-12-16 00:41:02","userId":"69400fee50a25173d454d9ac"}
{"email":"provider@test.com","level":"info","message":"User login successful","role":"Provider","service":"ehr-backend","timestamp":"2025-12-16 00:41:02","userId":"69400fee50a25173d454d9ae"}
{"email":"assigned@test.com","level":"info","message":"User login successful","role":"Patient","service":"ehr-backend","timestamp":"2025-12-16 00:41:02","userId":"69400fee50a25173d454d9b2"}
{"email":"admin@test.com","level":"info","message":"User login successful","role":"Admin","service":"ehr-backend","timestamp":"2025-12-16 00:41:03","userId":"69400fee50a25173d454d9c7"}
{"email":"manager@test.com","level":"info","message":"User login successful","role":"Manager","service":"ehr-backend","timestamp":"2025-12-16 00:41:03","userId":"69400fee50a25173d454d9c9"}
{"email":"provider@test.com","level":"info","message":"User login successful","role":"Provider","service":"ehr-backend","timestamp":"2025-12-16 00:41:03","userId":"69400fee50a25173d454d9cb"}
{"email":"assigned@test.com","level":"info","message":"User login successful","role":"Patient","service":"ehr-backend","timestamp":"2025-12-16 00:41:03","userId":"69400fee50a25173d454d9cf"}
{"email":"admin@test.com","level":"info","message":"User login successful","role":"Admin","service":"ehr-backend","timestamp":"2025-12-16 00:41:03","userId":"69400fef50a25173d454d9e4"}
{"email":"manager@test.com","level":"info","message":"User login successful","role":"Manager","service":"ehr-backend","timestamp":"2025-12-16 00:41:03","userId":"69400fef50a25173d454d9e6"}
{"email":"provider@test.com","level":"info","message":"User login successful","role":"Provider","service":"ehr-backend","timestamp":"2025-12-16 00:41:03","userId":"69400fef50a25173d454d9e8"}
{"email":"assigned@test.com","level":"info","message":"User login successful","role":"Patient","service":"ehr-backend","timestamp":"2025-12-16 00:41:03","userId":"69400fef50a25173d454d9ec"}
{"creatorId":"69400fef50a25173d454d9e8","level":"info","message":"Record created successfully","patientId":"69400fef50a25173d454d9ec","recordId":"69400fef50a25173d454d9fc","service":"ehr-backend","timestamp":"2025-12-16 00:41:03"}
{"email":"admin@test.com","level":"info","message":"User login successful","role":"Admin","service":"ehr-backend","timestamp":"2025-12-16 00:41:04","userId":"69400fef50a25173d454da06"}
{"email":"manager@test.com","level":"info","message":"User login successful","role":"Manager","service":"ehr-backend","timestamp":"2025-12-16 00:41:04","userId":"69400ff050a25173d454da08"}
{"email":"provider@test.com","level":"info","message":"User login successful","role":"Provider","service":"ehr-backend","timestamp":"2025-12-16 00:41:04","userId":"69400ff050a25173d454da0a"}
{"email":"assigned@test.com","level":"info","message":"User login successful","role":"Patient","service":"ehr-backend","timestamp":"2025-12-16 00:41:04","userId":"69400ff050a25173d454da0e"}
{"level":"info","managerId":"69400ff050a25173d454da08","message":"All records retrieved","recordCount":1,"service":"ehr-backend","timestamp":"2025-12-16 00:41:04"}
{"email":"admin@test.com","level":"info","message":"User login successful","role":"Admin","service":"ehr-backend","timestamp":"2025-12-16 00:41:05","userId":"69400ff050a25173d454da29"}
{"email":"manager@test.com","level":"info","message":"User login successful","role":"Manager","service":"ehr-backend","timestamp":"2025-12-16 00:41:05","userId":"69400ff050a25173d454da2b"}
{"email":"provider@test.com","level":"info","message":"User login successful","role":"Provider","service":"ehr-backend","timestamp":"2025-12-16 00:41:05","userId":"69400ff050a25173d454da2d"}
{"email":"assigned@test.com","level":"info","message":"User login successful","role":"Patient","service":"ehr-backend","timestamp":"2025-12-16 00:41:05","userId":"69400ff050a25173d454da31"}
{"email":"admin@test.com","level":"info","message":"User login successful","role":"Admin","service":"ehr-backend","timestamp":"2025-12-16 00:41:05","userId":"69400ff150a25173d454da46"}
{"email":"manager@test.com","level":"info","message":"User login successful","role":"Manager","service":"ehr-backend","timestamp":"2025-12-16 00:41:05","userId":"69400ff150a25173d454da48"}
{"email":"provider@test.com","level":"info","message":"User login successful","role":"Provider","service":"ehr-backend","timestamp":"2025-12-16 00:41:05","userId":"69400ff150a25173d454da4a"}
{"email":"assigned@test.com","level":"info","message":"User login successful","role":"Patient","service":"ehr-backend","timestamp":"2025-12-16 00:41:05","userId":"69400ff150a25173d454da4e"}
{"email":"admin@test.com","level":"info","message":"User login successful","role":"Admin","service":"ehr-backend","timestamp":"2025-12-16 00:41:06","userId":"69400ff150a25173d454da63"}
{"email":"manager@test.com","level":"info","message":"User login successful","role":"Manager","service":"ehr-backend","timestamp":"2025-12-16 00:41:06","userId":"69400ff250a25173d454da65"}
{"email":"provider@test.com","level":"info","message":"User login successful","role":"Provider","service":"ehr-backend","timestamp":"2025-12-16 00:41:06","userId":"69400ff250a25173d454da67"}
{"email":"assigned@test.com","level":"info","message":"User login successful","role":"Patient","service":"ehr-backend","timestamp":"2025-12-16 00:41:06","userId":"69400ff250a25173d454da6b"}
{"error":"Cast to ObjectId failed for value \"my-records\" (type string) at path \"_id\" for model \"PatientRecord\"","level":"error","message":"Error retrieving record by ID","recordId":"my-records","service":"ehr-backend","timestamp":"2025-12-16 00:41:06","userId":"69400ff250a25173d454da6b"}
{"email":"admin@test.com","level":"info","message":"User login successful","role":"Admin","service":"ehr-backend","timestamp":"2025-12-16 00:41:07","userId":"69400ff250a25173d454da82"}
{"email":"manager@test.com","level":"info","message":"User login successful","role":"Manager","service":"ehr-backend","timestamp":"2025-12-16 00:41:07","userId":"69400ff250a25173d454da84"}
{"email":"provider@test.com","level":"info","message":"User login successful","role":"Provider","service":"ehr-backend","timestamp":"2025-12-16 00:41:07","userId":"69400ff250a25173d454da86"}
{"email":"assigned@test.com","level":"info","message":"User login successful","role":"Patient","service":"ehr-backend","timestamp":"2025-12-16 00:41:07","userId":"69400ff250a25173d454da8a"}
{"error":"Cast to ObjectId failed for value \"my-records\" (type string) at path \"_id\" for model \"PatientRecord\"","level":"error","message":"Error retrieving record by ID","recordId":"my-records","service":"ehr-backend","timestamp":"2025-12-16 00:41:07","userId":"69400ff250a25173d454da8a"}
{"email":"admin@test.com","level":"info","message":"User login successful","role":"Admin","service":"ehr-backend","timestamp":"2025-12-16 00:41:07","userId":"69400ff350a25173d454daa3"}
{"email":"manager@test.com","level":"info","message":"User login successful","role":"Manager","service":"ehr-backend","timestamp":"2025-12-16 00:41:07","userId":"69400ff350a25173d454daa5"}
{"email":"provider@test.com","level":"info","message":"User login successful","role":"Provider","service":"ehr-backend","timestamp":"2025-12-16 00:41:07","userId":"69400ff350a25173d454daa7"}
{"email":"assigned@test.com","level":"info","message":"User login successful","role":"Patient","service":"ehr-backend","timestamp":"2025-12-16 00:41:07","userId":"69400ff350a25173d454daab"}
{"error":"Cast to ObjectId failed for value \"my-records\" (type string) at path \"_id\" for model \"PatientRecord\"","level":"error","message":"Error retrieving record by ID","recordId":"my-records","service":"ehr-backend","timestamp":"2025-12-16 00:41:07","userId":"69400ff350a25173d454daa7"}
{"email":"admin@test.com","level":"info","message":"User login successful","role":"Admin","service":"ehr-backend","timestamp":"2025-12-16 00:41:08","userId":"69400ff350a25173d454dac2"}
{"email":"manager@test.com","level":"info","message":"User login successful","role":"Manager","service":"ehr-backend","timestamp":"2025-12-16 00:41:08","userId":"69400ff450a25173d454dac4"}
{"email":"provider@test.com","level":"info","message":"User login successful","role":"Provider","service":"ehr-backend","timestamp":"2025-12-16 00:41:08","userId":"69400ff450a25173d454dac6"}
{"email":"assigned@test.com","level":"info","message":"User login successful","role":"Patient","service":"ehr-backend","timestamp":"2025-12-16 00:41:08","userId":"69400ff450a25173d454daca"}
{"level":"info","message":"Record retrieved by ID","recordId":"69400ff450a25173d454dad9","service":"ehr-backend","timestamp":"2025-12-16 00:41:08","userId":"69400ff450a25173d454dac6"}
{"email":"admin@test.com","level":"info","message":"User login successful","role":"Admin","service":"ehr-backend","timestamp":"2025-12-16 00:41:09","userId":"69400ff450a25173d454dae5"}
{"email":"manager@test.com","level":"info","message":"User login successful","role":"Manager","service":"ehr-backend","timestamp":"2025-12-16 00:41:09","userId":"69400ff450a25173d454dae7"}
{"email":"provider@test.com","level":"info","message":"User login successful","role":"Provider","service":"ehr-backend","timestamp":"2025-12-16 00:41:09","userId":"69400ff450a25173d454dae9"}
{"email":"assigned@test.com","level":"info","message":"User login successful","role":"Patient","service":"ehr-backend","timestamp":"2025-12-16 00:41:09","userId":"69400ff450a25173d454daed"}
{"level":"info","message":"Record retrieved by ID","recordId":"69400ff550a25173d454dafc","service":"ehr-backend","timestamp":"2025-12-16 00:41:09","userId":"69400ff450a25173d454daed"}
{"email":"admin@test.com","level":"info","message":"User login successful","role":"Admin","service":"ehr-backend","timestamp":"2025-12-16 00:41:09","userId":"69400ff550a25173d454db08"}
{"email":"manager@test.com","level":"info","message":"User login successful","role":"Manager","service":"ehr-backend","timestamp":"2025-12-16 00:41:09","userId":"69400ff550a25173d454db0a"}
{"email":"provider@test.com","level":"info","message":"User login successful","role":"Provider","service":"ehr-backend","timestamp":"2025-12-16 00:41:09","userId":"69400ff550a25173d454db0c"}
{"email":"assigned@test.com","level":"info","message":"User login successful","role":"Patient","service":"ehr-backend","timestamp":"2025-12-16 00:41:09","userId":"69400ff550a25173d454db10"}
{"level":"info","message":"Record retrieved by ID","recordId":"69400ff550a25173d454db1f","service":"ehr-backend","timestamp":"2025-12-16 00:41:09","userId":"69400ff550a25173d454db0a"}
{"email":"admin@test.com","level":"info","message":"User login successful","role":"Admin","service":"ehr-backend","timestamp":"2025-12-16 00:41:10","userId":"69400ff650a25173d454db2b"}
{"email":"manager@test.com","level":"info","message":"User login successful","role":"Manager","service":"ehr-backend","timestamp":"2025-12-16 00:41:10","userId":"69400ff650a25173d454db2d"}
{"email":"provider@test.com","level":"info","message":"User login successful","role":"Provider","service":"ehr-backend","timestamp":"2025-12-16 00:41:10","userId":"69400ff650a25173d454db2f"}
{"email":"assigned@test.com","level":"info","message":"User login successful","role":"Patient","service":"ehr-backend","timestamp":"2025-12-16 00:41:10","userId":"69400ff650a25173d454db33"}
{"email":"admin@test.com","level":"info","message":"User login successful","role":"Admin","service":"ehr-backend","timestamp":"2025-12-16 00:41:11","userId":"69400ff650a25173d454db4e"}
{"email":"manager@test.com","level":"info","message":"User login successful","role":"Manager","service":"ehr-backend","timestamp":"2025-12-16 00:41:11","userId":"69400ff650a25173d454db50"}
{"email":"provider@test.com","level":"info","message":"User login successful","role":"Provider","service":"ehr-backend","timestamp":"2025-12-16 00:41:11","userId":"69400ff650a25173d454db52"}
{"email":"assigned@test.com","level":"info","message":"User login successful","role":"Patient","service":"ehr-backend","timestamp":"2025-12-16 00:41:11","userId":"69400ff650a25173d454db56"}
{"email":"admin@test.com","level":"info","message":"User login successful","role":"Admin","service":"ehr-backend","timestamp":"2025-12-16 00:41:11","userId":"69400ff750a25173d454db6e"}
{"email":"manager@test.com","level":"info","message":"User login successful","role":"Manager","service":"ehr-backend","timestamp":"2025-12-16 00:41:11","userId":"69400ff750a25173d454db70"}
{"email":"provider@test.com","level":"info","message":"User login successful","role":"Provider","service":"ehr-backend","timestamp":"2025-12-16 00:41:11","userId":"69400ff750a25173d454db72"}
{"email":"assigned@test.com","level":"info","message":"User login successful","role":"Patient","service":"ehr-backend","timestamp":"2025-12-16 00:41:12","userId":"69400ff750a25173d454db76"}
{"email":"admin@test.com","level":"info","message":"User login successful","role":"Admin","service":"ehr-backend","timestamp":"2025-12-16 00:41:12","userId":"69400ff850a25173d454db8b"}
{"email":"manager@test.com","level":"info","message":"User login successful","role":"Manager","service":"ehr-backend","timestamp":"2025-12-16 00:41:12","userId":"69400ff850a25173d454db8d"}
{"email":"provider@test.com","level":"info","message":"User login successful","role":"Provider","service":"ehr-backend","timestamp":"2025-12-16 00:41:12","userId":"69400ff850a25173d454db8f"}
{"email":"assigned@test.com","level":"info","message":"User login successful","role":"Patient","service":"ehr-backend","timestamp":"2025-12-16 00:41:12","userId":"69400ff850a25173d454db93"}
{"email":"admin@test.com","level":"info","message":"User login successful","role":"Admin","service":"ehr-backend","timestamp":"2025-12-16 00:41:13","userId":"69400ff850a25173d454dbaa"}
{"level":"info","message":"Health check performed","service":"ehr-backend","services":{"api":"operational","mongodb":"connected"},"status":"unhealthy","timestamp":"2025-12-16 00:41:16"}
{"level":"info","message":"Health check performed","service":"ehr-backend","services":{"api":"operational","mongodb":"connected"},"status":"unhealthy","timestamp":"2025-12-16 00:41:16"}
{"level":"info","message":"Health check performed","service":"ehr-backend","services":{"api":"operational","mongodb":"connected"},"status":"unhealthy","timestamp":"2025-12-16 00:41:16"}
{"level":"info","message":"Health check performed","service":"ehr-backend","services":{"api":"operational","mongodb":"connected"},"status":"unhealthy","timestamp":"2025-12-16 00:41:16"}
{"level":"info","message":"Health check performed","service":"ehr-backend","services":{"api":"operational","mongodb":"connected"},"status":"unhealthy","timestamp":"2025-12-16 00:41:16"}
{"level":"info","message":"Health check performed","service":"ehr-backend","services":{"api":"operational","mongodb":"connected"},"status":"unhealthy","timestamp":"2025-12-16 00:41:16"}
{"level":"info","message":"Health check performed","service":"ehr-backend","services":{"api":"operational","mongodb":"connected"},"status":"unhealthy","timestamp":"2025-12-16 00:41:16"}
{"level":"info","message":"Health check performed","service":"ehr-backend","services":{"api":"operational","mongodb":"connected"},"status":"unhealthy","timestamp":"2025-12-16 00:41:16"}
{"level":"info","message":"Health check performed","service":"ehr-backend","services":{"api":"operational","mongodb":"connected"},"status":"unhealthy","timestamp":"2025-12-16 00:41:16"}
{"level":"error","message":"Health check failed: Health check failed","service":"ehr-backend","stack":"Error: Health check failed\n    at Object.<anonymous> (/Users/user/Documents/Monash/CyberSecurity/Assesment2/Final Submission/TP6 25/EHR_draft/ehr-backend/test/integration/health.integration.test.js:240:55)\n    at Promise.finally.completed (/Users/user/Documents/Monash/CyberSecurity/Assesment2/Final Submission/TP6 25/EHR_draft/ehr-backend/node_modules/jest-circus/build/jestAdapterInit.js:1557:28)\n    at new Promise (<anonymous>)\n    at callAsyncCircusFn (/Users/user/Documents/Monash/CyberSecurity/Assesment2/Final Submission/TP6 25/EHR_draft/ehr-backend/node_modules/jest-circus/build/jestAdapterInit.js:1497:10)\n    at _callCircusTest (/Users/user/Documents/Monash/CyberSecurity/Assesment2/Final Submission/TP6 25/EHR_draft/ehr-backend/node_modules/jest-circus/build/jestAdapterInit.js:1007:40)\n    at processTicksAndRejections (node:internal/process/task_queues:103:5)\n    at _runTest (/Users/user/Documents/Monash/CyberSecurity/Assesment2/Final Submission/TP6 25/EHR_draft/ehr-backend/node_modules/jest-circus/build/jestAdapterInit.js:947:3)\n    at /Users/user/Documents/Monash/CyberSecurity/Assesment2/Final Submission/TP6 25/EHR_draft/ehr-backend/node_modules/jest-circus/build/jestAdapterInit.js:849:7\n    at _runTestsForDescribeBlock (/Users/user/Documents/Monash/CyberSecurity/Assesment2/Final Submission/TP6 25/EHR_draft/ehr-backend/node_modules/jest-circus/build/jestAdapterInit.js:862:11)\n    at _runTestsForDescribeBlock (/Users/user/Documents/Monash/CyberSecurity/Assesment2/Final Submission/TP6 25/EHR_draft/ehr-backend/node_modules/jest-circus/build/jestAdapterInit.js:857:11)\n    at _runTestsForDescribeBlock (/Users/user/Documents/Monash/CyberSecurity/Assesment2/Final Submission/TP6 25/EHR_draft/ehr-backend/node_modules/jest-circus/build/jestAdapterInit.js:857:11)\n    at run (/Users/user/Documents/Monash/CyberSecurity/Assesment2/Final Submission/TP6 25/EHR_draft/ehr-backend/node_modules/jest-circus/build/jestAdapterInit.js:761:3)\n    at runAndTransformResultsToJestFormat (/Users/user/Documents/Monash/CyberSecurity/Assesment2/Final Submission/TP6 25/EHR_draft/ehr-backend/node_modules/jest-circus/build/jestAdapterInit.js:1918:21)\n    at jestAdapter (/Users/user/Documents/Monash/CyberSecurity/Assesment2/Final Submission/TP6 25/EHR_draft/ehr-backend/node_modules/jest-circus/build/runner.js:101:19)\n    at runTestInternal (/Users/user/Documents/Monash/CyberSecurity/Assesment2/Final Submission/TP6 25/EHR_draft/ehr-backend/node_modules/jest-runner/build/index.js:275:16)\n    at runTest (/Users/user/Documents/Monash/CyberSecurity/Assesment2/Final Submission/TP6 25/EHR_draft/ehr-backend/node_modules/jest-runner/build/index.js:343:7)","timestamp":"2025-12-16 00:41:16"}
{"level":"info","message":"Health check performed","service":"ehr-backend","services":{"api":"operational","mongodb":"connected"},"status":"unhealthy","timestamp":"2025-12-16 00:41:16"}
{"level":"info","message":"Health check performed","service":"ehr-backend","services":{"api":"operational","mongodb":"connected"},"status":"unhealthy","timestamp":"2025-12-16 00:41:16"}
{"email":"admin@test.com","level":"info","message":"User login successful","role":"Admin","service":"ehr-backend","timestamp":"2025-12-16 00:41:22","userId":"694010013fe4dd3be064715e"}
{"email":"manager@test.com","level":"info","message":"User login successful","role":"Manager","service":"ehr-backend","timestamp":"2025-12-16 00:41:22","userId":"694010023fe4dd3be064716c"}
{"email":"provider@test.com","level":"info","message":"User login successful","role":"Provider","service":"ehr-backend","timestamp":"2025-12-16 00:41:22","userId":"694010023fe4dd3be0647174"}
{"email":"employee@test.com","level":"info","message":"User login successful","role":"Employee","service":"ehr-backend","timestamp":"2025-12-16 00:41:23","userId":"694010023fe4dd3be064717c"}
{"email":"patient@test.com","level":"info","message":"User login successful","role":"Patient","service":"ehr-backend","timestamp":"2025-12-16 00:41:23","userId":"694010033fe4dd3be0647184"}
{"email":"admin@test.com","level":"info","message":"User login successful","role":"Admin","service":"ehr-backend","timestamp":"2025-12-16 00:41:23","userId":"694010033fe4dd3be064718c"}
{"email":"patient@test.com","ip":"::ffff:127.0.0.1","level":"warn","message":"Login attempt failed: Invalid password","service":"ehr-backend","timestamp":"2025-12-16 00:41:23","userId":"694010033fe4dd3be0647194"}
{"email":"nonexistent@example.com","ip":"::ffff:127.0.0.1","level":"warn","message":"Login attempt failed: User not found","service":"ehr-backend","timestamp":"2025-12-16 00:41:23"}
{"ip":"::ffff:127.0.0.1","level":"warn","message":"Login attempt failed: User not found","service":"ehr-backend","timestamp":"2025-12-16 00:41:23"}
{"email":"patient@test.com","error":"data and hash arguments required","level":"error","message":"Login error","service":"ehr-backend","timestamp":"2025-12-16 00:41:23"}
{"email":"admin@test.com","level":"info","message":"User login successful","role":"Admin","service":"ehr-backend","timestamp":"2025-12-16 00:41:23","userId":"694010033fe4dd3be06471a8"}
{"ip":"::ffff:127.0.0.1","level":"warn","message":"Authentication failed: Token missing","method":"GET","path":"/me","service":"ehr-backend","timestamp":"2025-12-16 00:41:23"}
{"error":"jwt malformed","ip":"::ffff:127.0.0.1","level":"warn","message":"Authentication failed: JWT verification failed","method":"GET","path":"/me","service":"ehr-backend","timestamp":"2025-12-16 00:41:23"}
{"error":"jwt expired","ip":"::ffff:127.0.0.1","level":"warn","message":"Authentication failed: JWT verification failed","method":"GET","path":"/me","service":"ehr-backend","timestamp":"2025-12-16 00:41:23"}
{"error":"invalid token","ip":"::ffff:127.0.0.1","level":"warn","message":"Authentication failed: JWT verification failed","method":"GET","path":"/me","service":"ehr-backend","timestamp":"2025-12-16 00:41:23"}
{"email":"admin@test.com","level":"info","message":"User login successful","role":"Admin","service":"ehr-backend","timestamp":"2025-12-16 00:41:24","userId":"694010043fe4dd3be06471c6"}
{"level":"info","message":"User logout","service":"ehr-backend","timestamp":"2025-12-16 00:41:24"}
{"level":"info","message":"User logout","service":"ehr-backend","timestamp":"2025-12-16 00:41:24"}
{"email":"admin@test.com","level":"info","message":"User login successful","role":"Admin","service":"ehr-backend","timestamp":"2025-12-16 00:41:24","userId":"694010043fe4dd3be06471d5"}
{"email":"admin@test.com","level":"info","message":"User login successful","role":"Admin","service":"ehr-backend","timestamp":"2025-12-16 00:41:24","userId":"694010043fe4dd3be06471dd"}
{"level":"info","message":"User logout","service":"ehr-backend","timestamp":"2025-12-16 00:41:24"}
{"ip":"::ffff:127.0.0.1","level":"warn","message":"Authentication failed: Token missing","method":"GET","path":"/me","service":"ehr-backend","timestamp":"2025-12-16 00:41:24"}
{"email":"admin@test.com","level":"info","message":"User login successful","role":"Admin","service":"ehr-backend","timestamp":"2025-12-16 00:41:24","userId":"694010043fe4dd3be06471e7"}
{"level":"info","message":"Authorization check","method":"GET","path":"/audit-logs","requiredRoles":["Admin"],"service":"ehr-backend","timestamp":"2025-12-16 00:41:24","userId":"694010043fe4dd3be06471e7","userRole":"Admin"}
{"level":"info","message":"Admin 694010043fe4dd3be06471e7 retrieved 1 audit logs","service":"ehr-backend","timestamp":"2025-12-16 00:41:24"}
{"ip":"::ffff:127.0.0.1","level":"warn","message":"Authentication failed: Token missing","method":"GET","path":"/audit-logs","service":"ehr-backend","timestamp":"2025-12-16 00:41:24"}
{"error":"jwt expired","ip":"::ffff:127.0.0.1","level":"warn","message":"Authentication failed: JWT verification failed","method":"GET","path":"/audit-logs","service":"ehr-backend","timestamp":"2025-12-16 00:41:24"}
{"email":"patient@test.com","level":"info","message":"User login successful","role":"Patient","service":"ehr-backend","timestamp":"2025-12-16 00:41:29","userId":"69401008b512311c52530411"}
{"email":"admin@test.com","level":"info","message":"User login successful","role":"Admin","service":"ehr-backend","timestamp":"2025-12-16 00:41:29","userId":"69401009b512311c5253041d"}
{"email":"nonexistent@test.com","ip":"::ffff:127.0.0.1","level":"warn","message":"Login attempt failed: User not found","service":"ehr-backend","timestamp":"2025-12-16 00:41:29"}
{"email":"patient@test.com","ip":"::ffff:127.0.0.1","level":"warn","message":"Login attempt failed: Invalid password","service":"ehr-backend","timestamp":"2025-12-16 00:41:29","userId":"69401009b512311c5253042c"}
{"ip":"::ffff:127.0.0.1","level":"warn","message":"Login attempt failed: User not found","service":"ehr-backend","timestamp":"2025-12-16 00:41:29"}
{"email":"patient@test.com","error":"data and hash arguments required","level":"error","message":"Login error","service":"ehr-backend","timestamp":"2025-12-16 00:41:29"}
{"email":"admin@test.com","level":"info","message":"User login successful","role":"Admin","service":"ehr-backend","timestamp":"2025-12-16 00:41:29","userId":"69401009b512311c5253043c"}
{"email":"provider@test.com","level":"info","message":"User login successful","role":"Provider","service":"ehr-backend","timestamp":"2025-12-16 00:41:29","userId":"69401009b512311c52530444"}
{"email":"patient@test.com","level":"info","message":"User login successful","role":"Patient","service":"ehr-backend","timestamp":"2025-12-16 00:41:30","userId":"69401009b512311c5253044c"}
{"ip":"::ffff:127.0.0.1","level":"warn","message":"Authentication failed: Token missing","method":"GET","path":"/me","service":"ehr-backend","timestamp":"2025-12-16 00:41:30"}
{"error":"jwt malformed","ip":"::ffff:127.0.0.1","level":"warn","message":"Authentication failed: JWT verification failed","method":"GET","path":"/me","service":"ehr-backend","timestamp":"2025-12-16 00:41:30"}
{"email":"patient@test.com","level":"info","message":"User login successful","role":"Patient","service":"ehr-backend","timestamp":"2025-12-16 00:41:30","userId":"6940100ab512311c5253045c"}
{"level":"info","message":"User logout","service":"ehr-backend","timestamp":"2025-12-16 00:41:30"}
{"level":"info","message":"User logout","service":"ehr-backend","timestamp":"2025-12-16 00:41:30"}
{"email":"admin@test.com","level":"info","message":"User login successful","role":"Admin","service":"ehr-backend","timestamp":"2025-12-16 00:41:30","userId":"6940100ab512311c5253046b"}
{"level":"info","message":"User logout","service":"ehr-backend","timestamp":"2025-12-16 00:41:30"}
{"ip":"::ffff:127.0.0.1","level":"warn","message":"Authentication failed: Token missing","method":"GET","path":"/me","service":"ehr-backend","timestamp":"2025-12-16 00:41:30"}
{"keyVersion":1,"level":"info","message":"Public key retrieved successfully","service":"ehr-backend","timestamp":"2025-12-16 00:41:33"}
{"keyVersion":1,"level":"info","message":"Public key retrieved successfully","service":"ehr-backend","timestamp":"2025-12-16 00:41:33"}
{"keyVersion":1,"level":"info","message":"Public key retrieved successfully","service":"ehr-backend","timestamp":"2025-12-16 00:41:33"}
{"keyVersion":1,"level":"info","message":"Public key retrieved successfully","service":"ehr-backend","timestamp":"2025-12-16 00:41:33"}
{"keyVersion":1,"level":"info","message":"Public key retrieved successfully","service":"ehr-backend","timestamp":"2025-12-16 00:41:33"}
{"error":"Service unavailable","level":"error","message":"Failed to retrieve public key","service":"ehr-backend","timestamp":"2025-12-16 00:41:33"}
{"keyVersion":1,"level":"info","message":"Public key retrieved successfully","service":"ehr-backend","timestamp":"2025-12-16 00:41:33"}
{"keyVersion":1,"level":"info","message":"Public key retrieved successfully","service":"ehr-backend","timestamp":"2025-12-16 00:41:33"}
{"keyVersion":1,"level":"info","message":"Public key retrieved successfully","service":"ehr-backend","timestamp":"2025-12-16 00:41:33"}
{"email":"admin@test.com","level":"info","message":"User login successful","role":"Admin","service":"ehr-backend","timestamp":"2025-12-16 00:41:50","userId":"6940101dcc24b5d1a0cdc650"}
{"email":"manager@test.com","level":"info","message":"User login successful","role":"Manager","service":"ehr-backend","timestamp":"2025-12-16 00:41:50","userId":"6940101ecc24b5d1a0cdc658"}
{"email":"provider@test.com","level":"info","message":"User login successful","role":"Provider","service":"ehr-backend","timestamp":"2025-12-16 00:41:50","userId":"6940101ecc24b5d1a0cdc65a"}
{"email":"employee@test.com","level":"info","message":"User login successful","role":"Employee","service":"ehr-backend","timestamp":"2025-12-16 00:41:50","userId":"6940101ecc24b5d1a0cdc65c"}
{"email":"patient@test.com","level":"info","message":"User login successful","role":"Patient","service":"ehr-backend","timestamp":"2025-12-16 00:41:51","userId":"6940101ecc24b5d1a0cdc65e"}
{"level":"info","message":"Authorization check","method":"POST","path":"/register","requiredRoles":["Employee","Manager","Admin"],"service":"ehr-backend","timestamp":"2025-12-16 00:41:51","userId":"6940101dcc24b5d1a0cdc650","userRole":"Admin"}
{"creatorId":"6940101dcc24b5d1a0cdc650","creatorRole":"Admin","level":"info","message":"User registered successfully","newUserId":"6940101fcc24b5d1a0cdc670","newUserRole":"Patient","service":"ehr-backend","timestamp":"2025-12-16 00:41:51"}
{"level":"info","message":"Authorization check","method":"POST","path":"/register","requiredRoles":["Employee","Manager","Admin"],"service":"ehr-backend","timestamp":"2025-12-16 00:41:51","userId":"6940101dcc24b5d1a0cdc650","userRole":"Admin"}
{"creatorId":"6940101dcc24b5d1a0cdc650","creatorRole":"Admin","level":"info","message":"User registered successfully","newUserId":"6940101fcc24b5d1a0cdc675","newUserRole":"Provider","service":"ehr-backend","timestamp":"2025-12-16 00:41:51"}
{"level":"info","message":"Authorization check","method":"POST","path":"/register","requiredRoles":["Employee","Manager","Admin"],"service":"ehr-backend","timestamp":"2025-12-16 00:41:51","userId":"6940101dcc24b5d1a0cdc650","userRole":"Admin"}
{"creatorId":"6940101dcc24b5d1a0cdc650","creatorRole":"Admin","level":"info","message":"User registered successfully","newUserId":"6940101fcc24b5d1a0cdc67a","newUserRole":"Employee","service":"ehr-backend","timestamp":"2025-12-16 00:41:51"}
{"level":"info","message":"Authorization check","method":"POST","path":"/register","requiredRoles":["Employee","Manager","Admin"],"service":"ehr-backend","timestamp":"2025-12-16 00:41:51","userId":"6940101dcc24b5d1a0cdc650","userRole":"Admin"}
{"creatorId":"6940101dcc24b5d1a0cdc650","creatorRole":"Admin","level":"info","message":"User registered successfully","newUserId":"6940101fcc24b5d1a0cdc67f","newUserRole":"Manager","service":"ehr-backend","timestamp":"2025-12-16 00:41:51"}
{"email":"admin@test.com","level":"info","message":"User login successful","role":"Admin","service":"ehr-backend","timestamp":"2025-12-16 00:41:52","userId":"6940101fcc24b5d1a0cdc689"}
{"email":"manager@test.com","level":"info","message":"User login successful","role":"Manager","service":"ehr-backend","timestamp":"2025-12-16 00:41:52","userId":"6940101fcc24b5d1a0cdc68b"}
{"email":"provider@test.com","level":"info","message":"User login successful","role":"Provider","service":"ehr-backend","timestamp":"2025-12-16 00:41:52","userId":"6940101fcc24b5d1a0cdc68d"}
{"email":"employee@test.com","level":"info","message":"User login successful","role":"Employee","service":"ehr-backend","timestamp":"2025-12-16 00:41:52","userId":"6940101fcc24b5d1a0cdc68f"}
{"email":"patient@test.com","level":"info","message":"User login successful","role":"Patient","service":"ehr-backend","timestamp":"2025-12-16 00:41:52","userId":"69401020cc24b5d1a0cdc691"}
{"level":"info","message":"Authorization check","method":"POST","path":"/register","requiredRoles":["Employee","Manager","Admin"],"service":"ehr-backend","timestamp":"2025-12-16 00:41:52","userId":"6940101fcc24b5d1a0cdc68b","userRole":"Manager"}
{"creatorId":"6940101fcc24b5d1a0cdc68b","creatorRole":"Manager","level":"info","message":"User registered successfully","newUserId":"69401020cc24b5d1a0cdc6a3","newUserRole":"Employee","service":"ehr-backend","timestamp":"2025-12-16 00:41:52"}
{"level":"info","message":"Authorization check","method":"POST","path":"/register","requiredRoles":["Employee","Manager","Admin"],"service":"ehr-backend","timestamp":"2025-12-16 00:41:52","userId":"6940101fcc24b5d1a0cdc68b","userRole":"Manager"}
{"creatorId":"6940101fcc24b5d1a0cdc68b","creatorRole":"Manager","level":"info","message":"User registered successfully","newUserId":"69401020cc24b5d1a0cdc6a8","newUserRole":"Provider","service":"ehr-backend","timestamp":"2025-12-16 00:41:52"}
{"level":"info","message":"Authorization check","method":"POST","path":"/register","requiredRoles":["Employee","Manager","Admin"],"service":"ehr-backend","timestamp":"2025-12-16 00:41:52","userId":"6940101fcc24b5d1a0cdc68b","userRole":"Manager"}
{"creatorId":"6940101fcc24b5d1a0cdc68b","creatorRole":"Manager","level":"info","message":"User registered successfully","newUserId":"69401020cc24b5d1a0cdc6ad","newUserRole":"Patient","service":"ehr-backend","timestamp":"2025-12-16 00:41:52"}
{"email":"admin@test.com","level":"info","message":"User login successful","role":"Admin","service":"ehr-backend","timestamp":"2025-12-16 00:41:53","userId":"69401020cc24b5d1a0cdc6b7"}
{"email":"manager@test.com","level":"info","message":"User login successful","role":"Manager","service":"ehr-backend","timestamp":"2025-12-16 00:41:53","userId":"69401020cc24b5d1a0cdc6b9"}
{"email":"provider@test.com","level":"info","message":"User login successful","role":"Provider","service":"ehr-backend","timestamp":"2025-12-16 00:41:53","userId":"69401020cc24b5d1a0cdc6bb"}
{"email":"employee@test.com","level":"info","message":"User login successful","role":"Employee","service":"ehr-backend","timestamp":"2025-12-16 00:41:53","userId":"69401020cc24b5d1a0cdc6bd"}
{"email":"patient@test.com","level":"info","message":"User login successful","role":"Patient","service":"ehr-backend","timestamp":"2025-12-16 00:41:53","userId":"69401021cc24b5d1a0cdc6bf"}
{"level":"info","message":"Authorization check","method":"POST","path":"/register","requiredRoles":["Employee","Manager","Admin"],"service":"ehr-backend","timestamp":"2025-12-16 00:41:53","userId":"69401020cc24b5d1a0cdc6b9","userRole":"Manager"}
{"creatorId":"69401020cc24b5d1a0cdc6b9","creatorRole":"Manager","level":"warn","message":"Registration denied: Insufficient permissions","service":"ehr-backend","targetRole":"Manager","timestamp":"2025-12-16 00:41:53"}
{"email":"admin@test.com","level":"info","message":"User login successful","role":"Admin","service":"ehr-backend","timestamp":"2025-12-16 00:41:53","userId":"69401021cc24b5d1a0cdc6d6"}
{"email":"manager@test.com","level":"info","message":"User login successful","role":"Manager","service":"ehr-backend","timestamp":"2025-12-16 00:41:53","userId":"69401021cc24b5d1a0cdc6d8"}
{"email":"provider@test.com","level":"info","message":"User login successful","role":"Provider","service":"ehr-backend","timestamp":"2025-12-16 00:41:54","userId":"69401021cc24b5d1a0cdc6da"}
{"email":"employee@test.com","level":"info","message":"User login successful","role":"Employee","service":"ehr-backend","timestamp":"2025-12-16 00:41:54","userId":"69401021cc24b5d1a0cdc6dc"}
{"email":"patient@test.com","level":"info","message":"User login successful","role":"Patient","service":"ehr-backend","timestamp":"2025-12-16 00:41:54","userId":"69401021cc24b5d1a0cdc6de"}
{"level":"info","message":"Authorization check","method":"POST","path":"/register","requiredRoles":["Employee","Manager","Admin"],"service":"ehr-backend","timestamp":"2025-12-16 00:41:54","userId":"69401021cc24b5d1a0cdc6dc","userRole":"Employee"}
{"creatorId":"69401021cc24b5d1a0cdc6dc","creatorRole":"Employee","level":"info","message":"User registered successfully","newUserId":"69401022cc24b5d1a0cdc6f0","newUserRole":"Patient","service":"ehr-backend","timestamp":"2025-12-16 00:41:54"}
{"email":"admin@test.com","level":"info","message":"User login successful","role":"Admin","service":"ehr-backend","timestamp":"2025-12-16 00:41:54","userId":"69401022cc24b5d1a0cdc6fa"}
{"email":"manager@test.com","level":"info","message":"User login successful","role":"Manager","service":"ehr-backend","timestamp":"2025-12-16 00:41:54","userId":"69401022cc24b5d1a0cdc6fc"}
{"email":"provider@test.com","level":"info","message":"User login successful","role":"Provider","service":"ehr-backend","timestamp":"2025-12-16 00:41:54","userId":"69401022cc24b5d1a0cdc6fe"}
{"email":"employee@test.com","level":"info","message":"User login successful","role":"Employee","service":"ehr-backend","timestamp":"2025-12-16 00:41:54","userId":"69401022cc24b5d1a0cdc700"}
{"email":"patient@test.com","level":"info","message":"User login successful","role":"Patient","service":"ehr-backend","timestamp":"2025-12-16 00:41:55","userId":"69401022cc24b5d1a0cdc702"}
{"level":"info","message":"Authorization check","method":"POST","path":"/register","requiredRoles":["Employee","Manager","Admin"],"service":"ehr-backend","timestamp":"2025-12-16 00:41:55","userId":"69401022cc24b5d1a0cdc700","userRole":"Employee"}
{"creatorId":"69401022cc24b5d1a0cdc700","creatorRole":"Employee","level":"warn","message":"Registration denied: Insufficient permissions","service":"ehr-backend","targetRole":"Provider","timestamp":"2025-12-16 00:41:55"}
{"email":"admin@test.com","level":"info","message":"User login successful","role":"Admin","service":"ehr-backend","timestamp":"2025-12-16 00:41:55","userId":"69401023cc24b5d1a0cdc719"}
{"email":"manager@test.com","level":"info","message":"User login successful","role":"Manager","service":"ehr-backend","timestamp":"2025-12-16 00:41:55","userId":"69401023cc24b5d1a0cdc71b"}
{"email":"provider@test.com","level":"info","message":"User login successful","role":"Provider","service":"ehr-backend","timestamp":"2025-12-16 00:41:55","userId":"69401023cc24b5d1a0cdc71d"}
{"email":"employee@test.com","level":"info","message":"User login successful","role":"Employee","service":"ehr-backend","timestamp":"2025-12-16 00:41:55","userId":"69401023cc24b5d1a0cdc71f"}
{"email":"patient@test.com","level":"info","message":"User login successful","role":"Patient","service":"ehr-backend","timestamp":"2025-12-16 00:41:55","userId":"69401023cc24b5d1a0cdc721"}
{"level":"info","message":"Authorization check","method":"POST","path":"/register","requiredRoles":["Employee","Manager","Admin"],"service":"ehr-backend","timestamp":"2025-12-16 00:41:55","userId":"69401023cc24b5d1a0cdc71f","userRole":"Employee"}
{"creatorId":"69401023cc24b5d1a0cdc71f","creatorRole":"Employee","level":"warn","message":"Registration denied: Insufficient permissions","service":"ehr-backend","targetRole":"Employee","timestamp":"2025-12-16 00:41:55"}
{"email":"admin@test.com","level":"info","message":"User login successful","role":"Admin","service":"ehr-backend","timestamp":"2025-12-16 00:41:56","userId":"69401023cc24b5d1a0cdc738"}
{"email":"manager@test.com","level":"info","message":"User login successful","role":"Manager","service":"ehr-backend","timestamp":"2025-12-16 00:41:56","userId":"69401023cc24b5d1a0cdc73a"}
{"email":"provider@test.com","level":"info","message":"User login successful","role":"Provider","service":"ehr-backend","timestamp":"2025-12-16 00:41:56","userId":"69401023cc24b5d1a0cdc73c"}
{"email":"employee@test.com","level":"info","message":"User login successful","role":"Employee","service":"ehr-backend","timestamp":"2025-12-16 00:41:56","userId":"69401023cc24b5d1a0cdc73e"}
{"email":"patient@test.com","level":"info","message":"User login successful","role":"Patient","service":"ehr-backend","timestamp":"2025-12-16 00:41:56","userId":"69401024cc24b5d1a0cdc740"}
{"level":"info","message":"Authorization check","method":"POST","path":"/register","requiredRoles":["Employee","Manager","Admin"],"service":"ehr-backend","timestamp":"2025-12-16 00:41:56","userId":"69401023cc24b5d1a0cdc73c","userRole":"Provider"}
{"level":"warn","message":"Authorization denied: Insufficient permissions","method":"POST","path":"/register","requiredRoles":["Employee","Manager","Admin"],"service":"ehr-backend","timestamp":"2025-12-16 00:41:56","userId":"69401023cc24b5d1a0cdc73c","userRole":"Provider"}
{"email":"admin@test.com","level":"info","message":"User login successful","role":"Admin","service":"ehr-backend","timestamp":"2025-12-16 00:41:56","userId":"69401024cc24b5d1a0cdc759"}
{"email":"manager@test.com","level":"info","message":"User login successful","role":"Manager","service":"ehr-backend","timestamp":"2025-12-16 00:41:56","userId":"69401024cc24b5d1a0cdc75b"}
{"email":"provider@test.com","level":"info","message":"User login successful","role":"Provider","service":"ehr-backend","timestamp":"2025-12-16 00:41:57","userId":"69401024cc24b5d1a0cdc75d"}
{"email":"employee@test.com","level":"info","message":"User login successful","role":"Employee","service":"ehr-backend","timestamp":"2025-12-16 00:41:57","userId":"69401024cc24b5d1a0cdc75f"}
{"email":"patient@test.com","level":"info","message":"User login successful","role":"Patient","service":"ehr-backend","timestamp":"2025-12-16 00:41:57","userId":"69401024cc24b5d1a0cdc761"}
{"level":"info","message":"Authorization check","method":"POST","path":"/register","requiredRoles":["Employee","Manager","Admin"],"service":"ehr-backend","timestamp":"2025-12-16 00:41:57","userId":"69401024cc24b5d1a0cdc761","userRole":"Patient"}
{"level":"warn","message":"Authorization denied: Insufficient permissions","method":"POST","path":"/register","requiredRoles":["Employee","Manager","Admin"],"service":"ehr-backend","timestamp":"2025-12-16 00:41:57","userId":"69401024cc24b5d1a0cdc761","userRole":"Patient"}
{"email":"admin@test.com","level":"info","message":"User login successful","role":"Admin","service":"ehr-backend","timestamp":"2025-12-16 00:41:57","userId":"69401025cc24b5d1a0cdc77a"}
{"email":"manager@test.com","level":"info","message":"User login successful","role":"Manager","service":"ehr-backend","timestamp":"2025-12-16 00:41:57","userId":"69401025cc24b5d1a0cdc77c"}
{"email":"provider@test.com","level":"info","message":"User login successful","role":"Provider","service":"ehr-backend","timestamp":"2025-12-16 00:41:57","userId":"69401025cc24b5d1a0cdc77e"}
{"email":"employee@test.com","level":"info","message":"User login successful","role":"Employee","service":"ehr-backend","timestamp":"2025-12-16 00:41:57","userId":"69401025cc24b5d1a0cdc780"}
{"email":"patient@test.com","level":"info","message":"User login successful","role":"Patient","service":"ehr-backend","timestamp":"2025-12-16 00:41:57","userId":"69401025cc24b5d1a0cdc782"}
{"level":"info","message":"Authorization check","method":"GET","path":"/audit-logs","requiredRoles":["Admin"],"service":"ehr-backend","timestamp":"2025-12-16 00:41:57","userId":"69401025cc24b5d1a0cdc77a","userRole":"Admin"}
{"level":"info","message":"Admin 69401025cc24b5d1a0cdc77a retrieved 5 audit logs","service":"ehr-backend","timestamp":"2025-12-16 00:41:58"}
{"email":"admin@test.com","level":"info","message":"User login successful","role":"Admin","service":"ehr-backend","timestamp":"2025-12-16 00:41:58","userId":"69401026cc24b5d1a0cdc79a"}
{"email":"manager@test.com","level":"info","message":"User login successful","role":"Manager","service":"ehr-backend","timestamp":"2025-12-16 00:41:58","userId":"69401026cc24b5d1a0cdc79c"}
{"email":"provider@test.com","level":"info","message":"User login successful","role":"Provider","service":"ehr-backend","timestamp":"2025-12-16 00:41:58","userId":"69401026cc24b5d1a0cdc79e"}
{"email":"employee@test.com","level":"info","message":"User login successful","role":"Employee","service":"ehr-backend","timestamp":"2025-12-16 00:41:58","userId":"69401026cc24b5d1a0cdc7a0"}
{"email":"patient@test.com","level":"info","message":"User login successful","role":"Patient","service":"ehr-backend","timestamp":"2025-12-16 00:41:58","userId":"69401026cc24b5d1a0cdc7a2"}
{"level":"info","message":"Authorization check","method":"GET","path":"/audit-logs","requiredRoles":["Admin"],"service":"ehr-backend","timestamp":"2025-12-16 00:41:58","userId":"69401026cc24b5d1a0cdc79c","userRole":"Manager"}
{"level":"warn","message":"Authorization denied: Insufficient permissions","method":"GET","path":"/audit-logs","requiredRoles":["Admin"],"service":"ehr-backend","timestamp":"2025-12-16 00:41:58","userId":"69401026cc24b5d1a0cdc79c","userRole":"Manager"}
{"email":"admin@test.com","level":"info","message":"User login successful","role":"Admin","service":"ehr-backend","timestamp":"2025-12-16 00:41:59","userId":"69401026cc24b5d1a0cdc7bb"}
{"email":"manager@test.com","level":"info","message":"User login successful","role":"Manager","service":"ehr-backend","timestamp":"2025-12-16 00:41:59","userId":"69401026cc24b5d1a0cdc7bd"}
{"email":"provider@test.com","level":"info","message":"User login successful","role":"Provider","service":"ehr-backend","timestamp":"2025-12-16 00:41:59","userId":"69401026cc24b5d1a0cdc7bf"}
{"email":"employee@test.com","level":"info","message":"User login successful","role":"Employee","service":"ehr-backend","timestamp":"2025-12-16 00:41:59","userId":"69401026cc24b5d1a0cdc7c1"}
{"email":"patient@test.com","level":"info","message":"User login successful","role":"Patient","service":"ehr-backend","timestamp":"2025-12-16 00:41:59","userId":"69401027cc24b5d1a0cdc7c3"}
{"level":"info","message":"Authorization check","method":"GET","path":"/audit-logs","requiredRoles":["Admin"],"service":"ehr-backend","timestamp":"2025-12-16 00:41:59","userId":"69401026cc24b5d1a0cdc7bf","userRole":"Provider"}
{"level":"warn","message":"Authorization denied: Insufficient permissions","method":"GET","path":"/audit-logs","requiredRoles":["Admin"],"service":"ehr-backend","timestamp":"2025-12-16 00:41:59","userId":"69401026cc24b5d1a0cdc7bf","userRole":"Provider"}
{"email":"admin@test.com","level":"info","message":"User login successful","role":"Admin","service":"ehr-backend","timestamp":"2025-12-16 00:41:59","userId":"69401027cc24b5d1a0cdc7dc"}
{"email":"manager@test.com","level":"info","message":"User login successful","role":"Manager","service":"ehr-backend","timestamp":"2025-12-16 00:41:59","userId":"69401027cc24b5d1a0cdc7de"}
{"email":"provider@test.com","level":"info","message":"User login successful","role":"Provider","service":"ehr-backend","timestamp":"2025-12-16 00:42:00","userId":"69401027cc24b5d1a0cdc7e0"}
{"email":"employee@test.com","level":"info","message":"User login successful","role":"Employee","service":"ehr-backend","timestamp":"2025-12-16 00:42:00","userId":"69401027cc24b5d1a0cdc7e2"}
{"email":"patient@test.com","level":"info","message":"User login successful","role":"Patient","service":"ehr-backend","timestamp":"2025-12-16 00:42:00","userId":"69401027cc24b5d1a0cdc7e4"}
{"level":"info","message":"Authorization check","method":"GET","path":"/audit-logs","requiredRoles":["Admin"],"service":"ehr-backend","timestamp":"2025-12-16 00:42:00","userId":"69401027cc24b5d1a0cdc7e2","userRole":"Employee"}
{"level":"warn","message":"Authorization denied: Insufficient permissions","method":"GET","path":"/audit-logs","requiredRoles":["Admin"],"service":"ehr-backend","timestamp":"2025-12-16 00:42:00","userId":"69401027cc24b5d1a0cdc7e2","userRole":"Employee"}
{"email":"admin@test.com","level":"info","message":"User login successful","role":"Admin","service":"ehr-backend","timestamp":"2025-12-16 00:42:00","userId":"69401028cc24b5d1a0cdc7fd"}
{"email":"manager@test.com","level":"info","message":"User login successful","role":"Manager","service":"ehr-backend","timestamp":"2025-12-16 00:42:00","userId":"69401028cc24b5d1a0cdc7ff"}
{"email":"provider@test.com","level":"info","message":"User login successful","role":"Provider","service":"ehr-backend","timestamp":"2025-12-16 00:42:00","userId":"69401028cc24b5d1a0cdc801"}
{"email":"employee@test.com","level":"info","message":"User login successful","role":"Employee","service":"ehr-backend","timestamp":"2025-12-16 00:42:00","userId":"69401028cc24b5d1a0cdc803"}
{"email":"patient@test.com","level":"info","message":"User login successful","role":"Patient","service":"ehr-backend","timestamp":"2025-12-16 00:42:00","userId":"69401028cc24b5d1a0cdc805"}
{"level":"info","message":"Authorization check","method":"GET","path":"/audit-logs","requiredRoles":["Admin"],"service":"ehr-backend","timestamp":"2025-12-16 00:42:00","userId":"69401028cc24b5d1a0cdc805","userRole":"Patient"}
{"level":"warn","message":"Authorization denied: Insufficient permissions","method":"GET","path":"/audit-logs","requiredRoles":["Admin"],"service":"ehr-backend","timestamp":"2025-12-16 00:42:00","userId":"69401028cc24b5d1a0cdc805","userRole":"Patient"}
{"email":"admin@test.com","level":"info","message":"User login successful","role":"Admin","service":"ehr-backend","timestamp":"2025-12-16 00:42:01","userId":"69401029cc24b5d1a0cdc81e"}
{"email":"manager@test.com","level":"info","message":"User login successful","role":"Manager","service":"ehr-backend","timestamp":"2025-12-16 00:42:01","userId":"69401029cc24b5d1a0cdc820"}
{"email":"provider@test.com","level":"info","message":"User login successful","role":"Provider","service":"ehr-backend","timestamp":"2025-12-16 00:42:01","userId":"69401029cc24b5d1a0cdc822"}
{"email":"employee@test.com","level":"info","message":"User login successful","role":"Employee","service":"ehr-backend","timestamp":"2025-12-16 00:42:01","userId":"69401029cc24b5d1a0cdc824"}
{"email":"patient@test.com","level":"info","message":"User login successful","role":"Patient","service":"ehr-backend","timestamp":"2025-12-16 00:42:01","userId":"69401029cc24b5d1a0cdc826"}
{"level":"info","message":"Authorization check","method":"POST","path":"/assign-patient","requiredRoles":["Admin","Manager"],"service":"ehr-backend","timestamp":"2025-12-16 00:42:01","userId":"69401029cc24b5d1a0cdc81e","userRole":"Admin"}
{"level":"info","message":"Patient 69401029cc24b5d1a0cdc826 assigned to Provider 69401029cc24b5d1a0cdc822 by Admin 69401029cc24b5d1a0cdc81e","service":"ehr-backend","timestamp":"2025-12-16 00:42:01"}
{"email":"admin@test.com","level":"info","message":"User login successful","role":"Admin","service":"ehr-backend","timestamp":"2025-12-16 00:42:02","userId":"69401029cc24b5d1a0cdc841"}
{"email":"manager@test.com","level":"info","message":"User login successful","role":"Manager","service":"ehr-backend","timestamp":"2025-12-16 00:42:02","userId":"69401029cc24b5d1a0cdc843"}
{"email":"provider@test.com","level":"info","message":"User login successful","role":"Provider","service":"ehr-backend","timestamp":"2025-12-16 00:42:02","userId":"69401029cc24b5d1a0cdc845"}
{"email":"employee@test.com","level":"info","message":"User login successful","role":"Employee","service":"ehr-backend","timestamp":"2025-12-16 00:42:02","userId":"6940102acc24b5d1a0cdc847"}
{"email":"patient@test.com","level":"info","message":"User login successful","role":"Patient","service":"ehr-backend","timestamp":"2025-12-16 00:42:02","userId":"6940102acc24b5d1a0cdc849"}
{"level":"info","message":"Authorization check","method":"POST","path":"/assign-patient","requiredRoles":["Admin","Manager"],"service":"ehr-backend","timestamp":"2025-12-16 00:42:02","userId":"69401029cc24b5d1a0cdc843","userRole":"Manager"}
{"level":"info","message":"Patient 6940102acc24b5d1a0cdc849 assigned to Provider 69401029cc24b5d1a0cdc845 by Admin 69401029cc24b5d1a0cdc843","service":"ehr-backend","timestamp":"2025-12-16 00:42:02"}
{"email":"admin@test.com","level":"info","message":"User login successful","role":"Admin","service":"ehr-backend","timestamp":"2025-12-16 00:42:02","userId":"6940102acc24b5d1a0cdc864"}
{"email":"manager@test.com","level":"info","message":"User login successful","role":"Manager","service":"ehr-backend","timestamp":"2025-12-16 00:42:03","userId":"6940102acc24b5d1a0cdc866"}
{"email":"provider@test.com","level":"info","message":"User login successful","role":"Provider","service":"ehr-backend","timestamp":"2025-12-16 00:42:03","userId":"6940102acc24b5d1a0cdc868"}
{"email":"employee@test.com","level":"info","message":"User login successful","role":"Employee","service":"ehr-backend","timestamp":"2025-12-16 00:42:03","userId":"6940102acc24b5d1a0cdc86a"}
{"email":"patient@test.com","level":"info","message":"User login successful","role":"Patient","service":"ehr-backend","timestamp":"2025-12-16 00:42:03","userId":"6940102acc24b5d1a0cdc86c"}
{"email":"admin@test.com","level":"info","message":"User login successful","role":"Admin","service":"ehr-backend","timestamp":"2025-12-16 00:42:10","userId":"69401031cda245dfc1302b4b"}
{"email":"manager@test.com","level":"info","message":"User login successful","role":"Manager","service":"ehr-backend","timestamp":"2025-12-16 00:42:11","userId":"69401032cda245dfc1302b53"}
{"email":"provider@test.com","level":"info","message":"User login successful","role":"Provider","service":"ehr-backend","timestamp":"2025-12-16 00:42:11","userId":"69401032cda245dfc1302b55"}
{"email":"assigned@test.com","level":"info","message":"User login successful","role":"Patient","service":"ehr-backend","timestamp":"2025-12-16 00:42:11","userId":"69401032cda245dfc1302b59"}
{"creatorId":"69401032cda245dfc1302b55","level":"info","message":"Record created successfully","patientId":"69401032cda245dfc1302b59","recordId":"69401033cda245dfc1302b69","service":"ehr-backend","timestamp":"2025-12-16 00:42:11"}
{"email":"admin@test.com","level":"info","message":"User login successful","role":"Admin","service":"ehr-backend","timestamp":"2025-12-16 00:42:11","userId":"69401033cda245dfc1302b73"}
{"email":"manager@test.com","level":"info","message":"User login successful","role":"Manager","service":"ehr-backend","timestamp":"2025-12-16 00:42:11","userId":"69401033cda245dfc1302b75"}
{"email":"provider@test.com","level":"info","message":"User login successful","role":"Provider","service":"ehr-backend","timestamp":"2025-12-16 00:42:11","userId":"69401033cda245dfc1302b77"}
{"email":"assigned@test.com","level":"info","message":"User login successful","role":"Patient","service":"ehr-backend","timestamp":"2025-12-16 00:42:11","userId":"69401033cda245dfc1302b7b"}
{"email":"admin@test.com","level":"info","message":"User login successful","role":"Admin","service":"ehr-backend","timestamp":"2025-12-16 00:42:12","userId":"69401033cda245dfc1302b91"}
{"email":"manager@test.com","level":"info","message":"User login successful","role":"Manager","service":"ehr-backend","timestamp":"2025-12-16 00:42:12","userId":"69401034cda245dfc1302b93"}
{"email":"provider@test.com","level":"info","message":"User login successful","role":"Provider","service":"ehr-backend","timestamp":"2025-12-16 00:42:12","userId":"69401034cda245dfc1302b95"}
{"email":"assigned@test.com","level":"info","message":"User login successful","role":"Patient","service":"ehr-backend","timestamp":"2025-12-16 00:42:12","userId":"69401034cda245dfc1302b99"}
{"creatorId":"69401034cda245dfc1302b93","level":"info","message":"Record created successfully","patientId":"69401034cda245dfc1302b97","recordId":"69401034cda245dfc1302ba8","service":"ehr-backend","timestamp":"2025-12-16 00:42:12"}
{"email":"admin@test.com","level":"info","message":"User login successful","role":"Admin","service":"ehr-backend","timestamp":"2025-12-16 00:42:13","userId":"69401034cda245dfc1302bb2"}
{"email":"manager@test.com","level":"info","message":"User login successful","role":"Manager","service":"ehr-backend","timestamp":"2025-12-16 00:42:13","userId":"69401034cda245dfc1302bb4"}
{"email":"provider@test.com","level":"info","message":"User login successful","role":"Provider","service":"ehr-backend","timestamp":"2025-12-16 00:42:13","userId":"69401034cda245dfc1302bb6"}
{"email":"assigned@test.com","level":"info","message":"User login successful","role":"Patient","service":"ehr-backend","timestamp":"2025-12-16 00:42:13","userId":"69401034cda245dfc1302bba"}
{"email":"admin@test.com","level":"info","message":"User login successful","role":"Admin","service":"ehr-backend","timestamp":"2025-12-16 00:42:13","userId":"69401035cda245dfc1302bcf"}
{"email":"manager@test.com","level":"info","message":"User login successful","role":"Manager","service":"ehr-backend","timestamp":"2025-12-16 00:42:13","userId":"69401035cda245dfc1302bd1"}
{"email":"provider@test.com","level":"info","message":"User login successful","role":"Provider","service":"ehr-backend","timestamp":"2025-12-16 00:42:13","userId":"69401035cda245dfc1302bd3"}
{"email":"assigned@test.com","level":"info","message":"User login successful","role":"Patient","service":"ehr-backend","timestamp":"2025-12-16 00:42:13","userId":"69401035cda245dfc1302bd7"}
{"email":"admin@test.com","level":"info","message":"User login successful","role":"Admin","service":"ehr-backend","timestamp":"2025-12-16 00:42:14","userId":"69401035cda245dfc1302bec"}
{"email":"manager@test.com","level":"info","message":"User login successful","role":"Manager","service":"ehr-backend","timestamp":"2025-12-16 00:42:14","userId":"69401036cda245dfc1302bee"}
{"email":"provider@test.com","level":"info","message":"User login successful","role":"Provider","service":"ehr-backend","timestamp":"2025-12-16 00:42:14","userId":"69401036cda245dfc1302bf0"}
{"email":"assigned@test.com","level":"info","message":"User login successful","role":"Patient","service":"ehr-backend","timestamp":"2025-12-16 00:42:14","userId":"69401036cda245dfc1302bf4"}
{"email":"admin@test.com","level":"info","message":"User login successful","role":"Admin","service":"ehr-backend","timestamp":"2025-12-16 00:42:15","userId":"69401036cda245dfc1302c09"}
{"email":"manager@test.com","level":"info","message":"User login successful","role":"Manager","service":"ehr-backend","timestamp":"2025-12-16 00:42:15","userId":"69401036cda245dfc1302c0b"}
{"email":"provider@test.com","level":"info","message":"User login successful","role":"Provider","service":"ehr-backend","timestamp":"2025-12-16 00:42:15","userId":"69401036cda245dfc1302c0d"}
{"email":"assigned@test.com","level":"info","message":"User login successful","role":"Patient","service":"ehr-backend","timestamp":"2025-12-16 00:42:15","userId":"69401036cda245dfc1302c11"}
{"creatorId":"69401036cda245dfc1302c0d","level":"info","message":"Record created successfully","patientId":"69401036cda245dfc1302c11","recordId":"69401037cda245dfc1302c21","service":"ehr-backend","timestamp":"2025-12-16 00:42:15"}
{"email":"admin@test.com","level":"info","message":"User login successful","role":"Admin","service":"ehr-backend","timestamp":"2025-12-16 00:42:15","userId":"69401037cda245dfc1302c2b"}
{"email":"manager@test.com","level":"info","message":"User login successful","role":"Manager","service":"ehr-backend","timestamp":"2025-12-16 00:42:15","userId":"69401037cda245dfc1302c2d"}
{"email":"provider@test.com","level":"info","message":"User login successful","role":"Provider","service":"ehr-backend","timestamp":"2025-12-16 00:42:15","userId":"69401037cda245dfc1302c2f"}
{"email":"assigned@test.com","level":"info","message":"User login successful","role":"Patient","service":"ehr-backend","timestamp":"2025-12-16 00:42:15","userId":"69401037cda245dfc1302c33"}
{"level":"info","managerId":"69401037cda245dfc1302c2d","message":"All records retrieved","recordCount":1,"service":"ehr-backend","timestamp":"2025-12-16 00:42:15"}
{"email":"admin@test.com","level":"info","message":"User login successful","role":"Admin","service":"ehr-backend","timestamp":"2025-12-16 00:42:16","userId":"69401037cda245dfc1302c4e"}
{"email":"manager@test.com","level":"info","message":"User login successful","role":"Manager","service":"ehr-backend","timestamp":"2025-12-16 00:42:16","userId":"69401038cda245dfc1302c50"}
{"email":"provider@test.com","level":"info","message":"User login successful","role":"Provider","service":"ehr-backend","timestamp":"2025-12-16 00:42:16","userId":"69401038cda245dfc1302c52"}
{"email":"assigned@test.com","level":"info","message":"User login successful","role":"Patient","service":"ehr-backend","timestamp":"2025-12-16 00:42:16","userId":"69401038cda245dfc1302c56"}
{"email":"admin@test.com","level":"info","message":"User login successful","role":"Admin","service":"ehr-backend","timestamp":"2025-12-16 00:42:17","userId":"69401038cda245dfc1302c6b"}
{"email":"manager@test.com","level":"info","message":"User login successful","role":"Manager","service":"ehr-backend","timestamp":"2025-12-16 00:42:17","userId":"69401038cda245dfc1302c6d"}
{"email":"provider@test.com","level":"info","message":"User login successful","role":"Provider","service":"ehr-backend","timestamp":"2025-12-16 00:42:17","userId":"69401038cda245dfc1302c6f"}
{"email":"assigned@test.com","level":"info","message":"User login successful","role":"Patient","service":"ehr-backend","timestamp":"2025-12-16 00:42:17","userId":"69401038cda245dfc1302c73"}
{"email":"admin@test.com","level":"info","message":"User login successful","role":"Admin","service":"ehr-backend","timestamp":"2025-12-16 00:42:17","userId":"69401039cda245dfc1302c88"}
{"email":"manager@test.com","level":"info","message":"User login successful","role":"Manager","service":"ehr-backend","timestamp":"2025-12-16 00:42:17","userId":"69401039cda245dfc1302c8a"}
{"email":"provider@test.com","level":"info","message":"User login successful","role":"Provider","service":"ehr-backend","timestamp":"2025-12-16 00:42:17","userId":"69401039cda245dfc1302c8c"}
{"email":"assigned@test.com","level":"info","message":"User login successful","role":"Patient","service":"ehr-backend","timestamp":"2025-12-16 00:42:17","userId":"69401039cda245dfc1302c90"}
{"error":"Cast to ObjectId failed for value \"my-records\" (type string) at path \"_id\" for model \"PatientRecord\"","level":"error","message":"Error retrieving record by ID","recordId":"my-records","service":"ehr-backend","timestamp":"2025-12-16 00:42:17","userId":"69401039cda245dfc1302c90"}
{"email":"admin@test.com","level":"info","message":"User login successful","role":"Admin","service":"ehr-backend","timestamp":"2025-12-16 00:42:18","userId":"69401039cda245dfc1302ca7"}
{"email":"manager@test.com","level":"info","message":"User login successful","role":"Manager","service":"ehr-backend","timestamp":"2025-12-16 00:42:18","userId":"6940103acda245dfc1302ca9"}
{"email":"provider@test.com","level":"info","message":"User login successful","role":"Provider","service":"ehr-backend","timestamp":"2025-12-16 00:42:18","userId":"6940103acda245dfc1302cab"}
{"email":"assigned@test.com","level":"info","message":"User login successful","role":"Patient","service":"ehr-backend","timestamp":"2025-12-16 00:42:18","userId":"6940103acda245dfc1302caf"}
{"error":"Cast to ObjectId failed for value \"my-records\" (type string) at path \"_id\" for model \"PatientRecord\"","level":"error","message":"Error retrieving record by ID","recordId":"my-records","service":"ehr-backend","timestamp":"2025-12-16 00:42:18","userId":"6940103acda245dfc1302caf"}
{"email":"admin@test.com","level":"info","message":"User login successful","role":"Admin","service":"ehr-backend","timestamp":"2025-12-16 00:42:19","userId":"6940103acda245dfc1302cc8"}
{"email":"manager@test.com","level":"info","message":"User login successful","role":"Manager","service":"ehr-backend","timestamp":"2025-12-16 00:42:19","userId":"6940103acda245dfc1302cca"}
{"email":"provider@test.com","level":"info","message":"User login successful","role":"Provider","service":"ehr-backend","timestamp":"2025-12-16 00:42:19","userId":"6940103acda245dfc1302ccc"}
{"email":"assigned@test.com","level":"info","message":"User login successful","role":"Patient","service":"ehr-backend","timestamp":"2025-12-16 00:42:19","userId":"6940103acda245dfc1302cd0"}
{"error":"Cast to ObjectId failed for value \"my-records\" (type string) at path \"_id\" for model \"PatientRecord\"","level":"error","message":"Error retrieving record by ID","recordId":"my-records","service":"ehr-backend","timestamp":"2025-12-16 00:42:19","userId":"6940103acda245dfc1302ccc"}
{"email":"admin@test.com","level":"info","message":"User login successful","role":"Admin","service":"ehr-backend","timestamp":"2025-12-16 00:42:19","userId":"6940103bcda245dfc1302ce7"}
{"email":"manager@test.com","level":"info","message":"User login successful","role":"Manager","service":"ehr-backend","timestamp":"2025-12-16 00:42:19","userId":"6940103bcda245dfc1302ce9"}
{"email":"provider@test.com","level":"info","message":"User login successful","role":"Provider","service":"ehr-backend","timestamp":"2025-12-16 00:42:19","userId":"6940103bcda245dfc1302ceb"}
{"email":"assigned@test.com","level":"info","message":"User login successful","role":"Patient","service":"ehr-backend","timestamp":"2025-12-16 00:42:19","userId":"6940103bcda245dfc1302cef"}
{"level":"info","message":"Record retrieved by ID","recordId":"6940103bcda245dfc1302cfe","service":"ehr-backend","timestamp":"2025-12-16 00:42:19","userId":"6940103bcda245dfc1302ceb"}
{"email":"admin@test.com","level":"info","message":"User login successful","role":"Admin","service":"ehr-backend","timestamp":"2025-12-16 00:42:20","userId":"6940103bcda245dfc1302d0a"}
{"email":"manager@test.com","level":"info","message":"User login successful","role":"Manager","service":"ehr-backend","timestamp":"2025-12-16 00:42:20","userId":"6940103ccda245dfc1302d0c"}
{"email":"provider@test.com","level":"info","message":"User login successful","role":"Provider","service":"ehr-backend","timestamp":"2025-12-16 00:42:20","userId":"6940103ccda245dfc1302d0e"}
{"email":"assigned@test.com","level":"info","message":"User login successful","role":"Patient","service":"ehr-backend","timestamp":"2025-12-16 00:42:20","userId":"6940103ccda245dfc1302d12"}
{"level":"info","message":"Record retrieved by ID","recordId":"6940103ccda245dfc1302d21","service":"ehr-backend","timestamp":"2025-12-16 00:42:20","userId":"6940103ccda245dfc1302d12"}
{"email":"admin@test.com","level":"info","message":"User login successful","role":"Admin","service":"ehr-backend","timestamp":"2025-12-16 00:42:21","userId":"6940103ccda245dfc1302d2d"}
{"email":"manager@test.com","level":"info","message":"User login successful","role":"Manager","service":"ehr-backend","timestamp":"2025-12-16 00:42:21","userId":"6940103ccda245dfc1302d2f"}
{"email":"provider@test.com","level":"info","message":"User login successful","role":"Provider","service":"ehr-backend","timestamp":"2025-12-16 00:42:21","userId":"6940103ccda245dfc1302d31"}
{"email":"assigned@test.com","level":"info","message":"User login successful","role":"Patient","service":"ehr-backend","timestamp":"2025-12-16 00:42:21","userId":"6940103ccda245dfc1302d35"}
{"level":"info","message":"Record retrieved by ID","recordId":"6940103dcda245dfc1302d44","service":"ehr-backend","timestamp":"2025-12-16 00:42:21","userId":"6940103ccda245dfc1302d2f"}
{"email":"admin@test.com","level":"info","message":"User login successful","role":"Admin","service":"ehr-backend","timestamp":"2025-12-16 00:42:21","userId":"6940103dcda245dfc1302d50"}
{"email":"manager@test.com","level":"info","message":"User login successful","role":"Manager","service":"ehr-backend","timestamp":"2025-12-16 00:42:21","userId":"6940103dcda245dfc1302d52"}
{"email":"provider@test.com","level":"info","message":"User login successful","role":"Provider","service":"ehr-backend","timestamp":"2025-12-16 00:42:21","userId":"6940103dcda245dfc1302d54"}
{"email":"assigned@test.com","level":"info","message":"User login successful","role":"Patient","service":"ehr-backend","timestamp":"2025-12-16 00:42:22","userId":"6940103dcda245dfc1302d58"}
{"email":"admin@test.com","level":"info","message":"User login successful","role":"Admin","service":"ehr-backend","timestamp":"2025-12-16 00:42:22","userId":"6940103ecda245dfc1302d73"}
{"email":"manager@test.com","level":"info","message":"User login successful","role":"Manager","service":"ehr-backend","timestamp":"2025-12-16 00:42:22","userId":"6940103ecda245dfc1302d75"}
{"email":"provider@test.com","level":"info","message":"User login successful","role":"Provider","service":"ehr-backend","timestamp":"2025-12-16 00:42:22","userId":"6940103ecda245dfc1302d77"}
{"email":"assigned@test.com","level":"info","message":"User login successful","role":"Patient","service":"ehr-backend","timestamp":"2025-12-16 00:42:22","userId":"6940103ecda245dfc1302d7b"}
{"email":"admin@test.com","level":"info","message":"User login successful","role":"Admin","service":"ehr-backend","timestamp":"2025-12-16 00:42:23","userId":"6940103ecda245dfc1302d93"}
{"email":"manager@test.com","level":"info","message":"User login successful","role":"Manager","service":"ehr-backend","timestamp":"2025-12-16 00:42:23","userId":"6940103ecda245dfc1302d95"}
{"email":"provider@test.com","level":"info","message":"User login successful","role":"Provider","service":"ehr-backend","timestamp":"2025-12-16 00:42:23","userId":"6940103ecda245dfc1302d97"}
{"email":"assigned@test.com","level":"info","message":"User login successful","role":"Patient","service":"ehr-backend","timestamp":"2025-12-16 00:42:23","userId":"6940103ecda245dfc1302d9b"}
{"email":"admin@test.com","level":"info","message":"User login successful","role":"Admin","service":"ehr-backend","timestamp":"2025-12-16 00:42:23","userId":"6940103fcda245dfc1302db0"}
{"email":"manager@test.com","level":"info","message":"User login successful","role":"Manager","service":"ehr-backend","timestamp":"2025-12-16 00:42:23","userId":"6940103fcda245dfc1302db2"}
{"email":"provider@test.com","level":"info","message":"User login successful","role":"Provider","service":"ehr-backend","timestamp":"2025-12-16 00:42:23","userId":"6940103fcda245dfc1302db4"}
{"email":"assigned@test.com","level":"info","message":"User login successful","role":"Patient","service":"ehr-backend","timestamp":"2025-12-16 00:42:24","userId":"6940103fcda245dfc1302db8"}
{"email":"admin@test.com","level":"info","message":"User login successful","role":"Admin","service":"ehr-backend","timestamp":"2025-12-16 00:42:24","userId":"69401040cda245dfc1302dcf"}
{"level":"info","message":"Health check performed","service":"ehr-backend","services":{"api":"operational","mongodb":"connected"},"status":"unhealthy","timestamp":"2025-12-16 00:42:28"}
{"level":"info","message":"Health check performed","service":"ehr-backend","services":{"api":"operational","mongodb":"connected"},"status":"unhealthy","timestamp":"2025-12-16 00:42:28"}
{"level":"info","message":"Health check performed","service":"ehr-backend","services":{"api":"operational","mongodb":"connected"},"status":"unhealthy","timestamp":"2025-12-16 00:42:28"}
{"level":"info","message":"Health check performed","service":"ehr-backend","services":{"api":"operational","mongodb":"connected"},"status":"unhealthy","timestamp":"2025-12-16 00:42:28"}
{"level":"info","message":"Health check performed","service":"ehr-backend","services":{"api":"operational","mongodb":"connected"},"status":"unhealthy","timestamp":"2025-12-16 00:42:28"}
{"level":"info","message":"Health check performed","service":"ehr-backend","services":{"api":"operational","mongodb":"connected"},"status":"unhealthy","timestamp":"2025-12-16 00:42:28"}
{"level":"info","message":"Health check performed","service":"ehr-backend","services":{"api":"operational","mongodb":"connected"},"status":"unhealthy","timestamp":"2025-12-16 00:42:28"}
{"level":"info","message":"Health check performed","service":"ehr-backend","services":{"api":"operational","mongodb":"connected"},"status":"unhealthy","timestamp":"2025-12-16 00:42:28"}
{"level":"info","message":"Health check performed","service":"ehr-backend","services":{"api":"operational","mongodb":"connected"},"status":"unhealthy","timestamp":"2025-12-16 00:42:28"}
{"level":"error","message":"Health check failed: Health check failed","service":"ehr-backend","stack":"Error: Health check failed\n    at Object.<anonymous> (/Users/user/Documents/Monash/CyberSecurity/Assesment2/Final Submission/TP6 25/EHR_draft/ehr-backend/test/integration/health.integration.test.js:240:55)\n    at Promise.finally.completed (/Users/user/Documents/Monash/CyberSecurity/Assesment2/Final Submission/TP6 25/EHR_draft/ehr-backend/node_modules/jest-circus/build/jestAdapterInit.js:1557:28)\n    at new Promise (<anonymous>)\n    at callAsyncCircusFn (/Users/user/Documents/Monash/CyberSecurity/Assesment2/Final Submission/TP6 25/EHR_draft/ehr-backend/node_modules/jest-circus/build/jestAdapterInit.js:1497:10)\n    at _callCircusTest (/Users/user/Documents/Monash/CyberSecurity/Assesment2/Final Submission/TP6 25/EHR_draft/ehr-backend/node_modules/jest-circus/build/jestAdapterInit.js:1007:40)\n    at processTicksAndRejections (node:internal/process/task_queues:103:5)\n    at _runTest (/Users/user/Documents/Monash/CyberSecurity/Assesment2/Final Submission/TP6 25/EHR_draft/ehr-backend/node_modules/jest-circus/build/jestAdapterInit.js:947:3)\n    at /Users/user/Documents/Monash/CyberSecurity/Assesment2/Final Submission/TP6 25/EHR_draft/ehr-backend/node_modules/jest-circus/build/jestAdapterInit.js:849:7\n    at _runTestsForDescribeBlock (/Users/user/Documents/Monash/CyberSecurity/Assesment2/Final Submission/TP6 25/EHR_draft/ehr-backend/node_modules/jest-circus/build/jestAdapterInit.js:862:11)\n    at _runTestsForDescribeBlock (/Users/user/Documents/Monash/CyberSecurity/Assesment2/Final Submission/TP6 25/EHR_draft/ehr-backend/node_modules/jest-circus/build/jestAdapterInit.js:857:11)\n    at _runTestsForDescribeBlock (/Users/user/Documents/Monash/CyberSecurity/Assesment2/Final Submission/TP6 25/EHR_draft/ehr-backend/node_modules/jest-circus/build/jestAdapterInit.js:857:11)\n    at run (/Users/user/Documents/Monash/CyberSecurity/Assesment2/Final Submission/TP6 25/EHR_draft/ehr-backend/node_modules/jest-circus/build/jestAdapterInit.js:761:3)\n    at runAndTransformResultsToJestFormat (/Users/user/Documents/Monash/CyberSecurity/Assesment2/Final Submission/TP6 25/EHR_draft/ehr-backend/node_modules/jest-circus/build/jestAdapterInit.js:1918:21)\n    at jestAdapter (/Users/user/Documents/Monash/CyberSecurity/Assesment2/Final Submission/TP6 25/EHR_draft/ehr-backend/node_modules/jest-circus/build/runner.js:101:19)\n    at runTestInternal (/Users/user/Documents/Monash/CyberSecurity/Assesment2/Final Submission/TP6 25/EHR_draft/ehr-backend/node_modules/jest-runner/build/index.js:275:16)\n    at runTest (/Users/user/Documents/Monash/CyberSecurity/Assesment2/Final Submission/TP6 25/EHR_draft/ehr-backend/node_modules/jest-runner/build/index.js:343:7)","timestamp":"2025-12-16 00:42:28"}
{"level":"info","message":"Health check performed","service":"ehr-backend","services":{"api":"operational","mongodb":"connected"},"status":"unhealthy","timestamp":"2025-12-16 00:42:28"}
{"level":"info","message":"Health check performed","service":"ehr-backend","services":{"api":"operational","mongodb":"connected"},"status":"unhealthy","timestamp":"2025-12-16 00:42:28"}
{"email":"admin@test.com","level":"info","message":"User login successful","role":"Admin","service":"ehr-backend","timestamp":"2025-12-16 00:42:33","userId":"69401048b1008ee0b69b6379"}
{"email":"manager@test.com","level":"info","message":"User login successful","role":"Manager","service":"ehr-backend","timestamp":"2025-12-16 00:42:34","userId":"69401049b1008ee0b69b6387"}
{"email":"provider@test.com","level":"info","message":"User login successful","role":"Provider","service":"ehr-backend","timestamp":"2025-12-16 00:42:34","userId":"6940104ab1008ee0b69b638f"}
{"email":"employee@test.com","level":"info","message":"User login successful","role":"Employee","service":"ehr-backend","timestamp":"2025-12-16 00:42:34","userId":"6940104ab1008ee0b69b6397"}
{"email":"patient@test.com","level":"info","message":"User login successful","role":"Patient","service":"ehr-backend","timestamp":"2025-12-16 00:42:34","userId":"6940104ab1008ee0b69b639f"}
{"email":"admin@test.com","level":"info","message":"User login successful","role":"Admin","service":"ehr-backend","timestamp":"2025-12-16 00:42:34","userId":"6940104ab1008ee0b69b63a7"}
{"email":"patient@test.com","ip":"::ffff:127.0.0.1","level":"warn","message":"Login attempt failed: Invalid password","service":"ehr-backend","timestamp":"2025-12-16 00:42:34","userId":"6940104ab1008ee0b69b63af"}
{"email":"nonexistent@example.com","ip":"::ffff:127.0.0.1","level":"warn","message":"Login attempt failed: User not found","service":"ehr-backend","timestamp":"2025-12-16 00:42:34"}
{"ip":"::ffff:127.0.0.1","level":"warn","message":"Login attempt failed: User not found","service":"ehr-backend","timestamp":"2025-12-16 00:42:34"}
{"email":"patient@test.com","error":"data and hash arguments required","level":"error","message":"Login error","service":"ehr-backend","timestamp":"2025-12-16 00:42:34"}
{"email":"admin@test.com","level":"info","message":"User login successful","role":"Admin","service":"ehr-backend","timestamp":"2025-12-16 00:42:35","userId":"6940104ab1008ee0b69b63c3"}
{"ip":"::ffff:127.0.0.1","level":"warn","message":"Authentication failed: Token missing","method":"GET","path":"/me","service":"ehr-backend","timestamp":"2025-12-16 00:42:35"}
{"error":"jwt malformed","ip":"::ffff:127.0.0.1","level":"warn","message":"Authentication failed: JWT verification failed","method":"GET","path":"/me","service":"ehr-backend","timestamp":"2025-12-16 00:42:35"}
{"error":"jwt expired","ip":"::ffff:127.0.0.1","level":"warn","message":"Authentication failed: JWT verification failed","method":"GET","path":"/me","service":"ehr-backend","timestamp":"2025-12-16 00:42:35"}
{"error":"invalid token","ip":"::ffff:127.0.0.1","level":"warn","message":"Authentication failed: JWT verification failed","method":"GET","path":"/me","service":"ehr-backend","timestamp":"2025-12-16 00:42:35"}
{"email":"admin@test.com","level":"info","message":"User login successful","role":"Admin","service":"ehr-backend","timestamp":"2025-12-16 00:42:35","userId":"6940104bb1008ee0b69b63e1"}
{"level":"info","message":"User logout","service":"ehr-backend","timestamp":"2025-12-16 00:42:35"}
{"level":"info","message":"User logout","service":"ehr-backend","timestamp":"2025-12-16 00:42:35"}
{"email":"admin@test.com","level":"info","message":"User login successful","role":"Admin","service":"ehr-backend","timestamp":"2025-12-16 00:42:35","userId":"6940104bb1008ee0b69b63f0"}
{"email":"admin@test.com","level":"info","message":"User login successful","role":"Admin","service":"ehr-backend","timestamp":"2025-12-16 00:42:35","userId":"6940104bb1008ee0b69b63f8"}
{"level":"info","message":"User logout","service":"ehr-backend","timestamp":"2025-12-16 00:42:35"}
{"ip":"::ffff:127.0.0.1","level":"warn","message":"Authentication failed: Token missing","method":"GET","path":"/me","service":"ehr-backend","timestamp":"2025-12-16 00:42:35"}
{"email":"admin@test.com","level":"info","message":"User login successful","role":"Admin","service":"ehr-backend","timestamp":"2025-12-16 00:42:35","userId":"6940104bb1008ee0b69b6402"}
{"level":"info","message":"Authorization check","method":"GET","path":"/audit-logs","requiredRoles":["Admin"],"service":"ehr-backend","timestamp":"2025-12-16 00:42:35","userId":"6940104bb1008ee0b69b6402","userRole":"Admin"}
{"level":"info","message":"Admin 6940104bb1008ee0b69b6402 retrieved 1 audit logs","service":"ehr-backend","timestamp":"2025-12-16 00:42:35"}
{"ip":"::ffff:127.0.0.1","level":"warn","message":"Authentication failed: Token missing","method":"GET","path":"/audit-logs","service":"ehr-backend","timestamp":"2025-12-16 00:42:36"}
{"error":"jwt expired","ip":"::ffff:127.0.0.1","level":"warn","message":"Authentication failed: JWT verification failed","method":"GET","path":"/audit-logs","service":"ehr-backend","timestamp":"2025-12-16 00:42:36"}
{"email":"patient@test.com","level":"info","message":"User login successful","role":"Patient","service":"ehr-backend","timestamp":"2025-12-16 00:42:40","userId":"6940104feab1010ebfdb1c22"}
{"email":"admin@test.com","level":"info","message":"User login successful","role":"Admin","service":"ehr-backend","timestamp":"2025-12-16 00:42:40","userId":"69401050eab1010ebfdb1c2e"}
{"email":"nonexistent@test.com","ip":"::ffff:127.0.0.1","level":"warn","message":"Login attempt failed: User not found","service":"ehr-backend","timestamp":"2025-12-16 00:42:40"}
{"email":"patient@test.com","ip":"::ffff:127.0.0.1","level":"warn","message":"Login attempt failed: Invalid password","service":"ehr-backend","timestamp":"2025-12-16 00:42:40","userId":"69401050eab1010ebfdb1c3d"}
{"ip":"::ffff:127.0.0.1","level":"warn","message":"Login attempt failed: User not found","service":"ehr-backend","timestamp":"2025-12-16 00:42:40"}
{"email":"patient@test.com","error":"data and hash arguments required","level":"error","message":"Login error","service":"ehr-backend","timestamp":"2025-12-16 00:42:40"}
{"email":"admin@test.com","level":"info","message":"User login successful","role":"Admin","service":"ehr-backend","timestamp":"2025-12-16 00:42:40","userId":"69401050eab1010ebfdb1c4d"}
{"email":"provider@test.com","level":"info","message":"User login successful","role":"Provider","service":"ehr-backend","timestamp":"2025-12-16 00:42:41","userId":"69401050eab1010ebfdb1c55"}
{"email":"patient@test.com","level":"info","message":"User login successful","role":"Patient","service":"ehr-backend","timestamp":"2025-12-16 00:42:41","userId":"69401051eab1010ebfdb1c5d"}
{"ip":"::ffff:127.0.0.1","level":"warn","message":"Authentication failed: Token missing","method":"GET","path":"/me","service":"ehr-backend","timestamp":"2025-12-16 00:42:41"}
{"error":"jwt malformed","ip":"::ffff:127.0.0.1","level":"warn","message":"Authentication failed: JWT verification failed","method":"GET","path":"/me","service":"ehr-backend","timestamp":"2025-12-16 00:42:41"}
{"email":"patient@test.com","level":"info","message":"User login successful","role":"Patient","service":"ehr-backend","timestamp":"2025-12-16 00:42:41","userId":"69401051eab1010ebfdb1c6d"}
{"level":"info","message":"User logout","service":"ehr-backend","timestamp":"2025-12-16 00:42:41"}
{"level":"info","message":"User logout","service":"ehr-backend","timestamp":"2025-12-16 00:42:41"}
{"email":"admin@test.com","level":"info","message":"User login successful","role":"Admin","service":"ehr-backend","timestamp":"2025-12-16 00:42:41","userId":"69401051eab1010ebfdb1c7c"}
{"level":"info","message":"User logout","service":"ehr-backend","timestamp":"2025-12-16 00:42:41"}
{"ip":"::ffff:127.0.0.1","level":"warn","message":"Authentication failed: Token missing","method":"GET","path":"/me","service":"ehr-backend","timestamp":"2025-12-16 00:42:41"}
{"keyVersion":1,"level":"info","message":"Public key retrieved successfully","service":"ehr-backend","timestamp":"2025-12-16 00:42:44"}
{"keyVersion":1,"level":"info","message":"Public key retrieved successfully","service":"ehr-backend","timestamp":"2025-12-16 00:42:44"}
{"keyVersion":1,"level":"info","message":"Public key retrieved successfully","service":"ehr-backend","timestamp":"2025-12-16 00:42:44"}
{"keyVersion":1,"level":"info","message":"Public key retrieved successfully","service":"ehr-backend","timestamp":"2025-12-16 00:42:44"}
{"keyVersion":1,"level":"info","message":"Public key retrieved successfully","service":"ehr-backend","timestamp":"2025-12-16 00:42:44"}
{"error":"Service unavailable","level":"error","message":"Failed to retrieve public key","service":"ehr-backend","timestamp":"2025-12-16 00:42:44"}
{"keyVersion":1,"level":"info","message":"Public key retrieved successfully","service":"ehr-backend","timestamp":"2025-12-16 00:42:44"}
{"keyVersion":1,"level":"info","message":"Public key retrieved successfully","service":"ehr-backend","timestamp":"2025-12-16 00:42:44"}
{"keyVersion":1,"level":"info","message":"Public key retrieved successfully","service":"ehr-backend","timestamp":"2025-12-16 00:42:44"}
{"email":"admin@test.com","level":"info","message":"User login successful","role":"Admin","service":"ehr-backend","timestamp":"2025-12-16 00:43:00","userId":"6940106378d51c1d2d7fc5fe"}
{"email":"manager@test.com","level":"info","message":"User login successful","role":"Manager","service":"ehr-backend","timestamp":"2025-12-16 00:43:00","userId":"6940106478d51c1d2d7fc606"}
{"email":"provider@test.com","level":"info","message":"User login successful","role":"Provider","service":"ehr-backend","timestamp":"2025-12-16 00:43:00","userId":"6940106478d51c1d2d7fc608"}
{"email":"employee@test.com","level":"info","message":"User login successful","role":"Employee","service":"ehr-backend","timestamp":"2025-12-16 00:43:00","userId":"6940106478d51c1d2d7fc60a"}
{"email":"patient@test.com","level":"info","message":"User login successful","role":"Patient","service":"ehr-backend","timestamp":"2025-12-16 00:43:01","userId":"6940106478d51c1d2d7fc60c"}
{"level":"info","message":"Authorization check","method":"POST","path":"/register","requiredRoles":["Employee","Manager","Admin"],"service":"ehr-backend","timestamp":"2025-12-16 00:43:01","userId":"6940106378d51c1d2d7fc5fe","userRole":"Admin"}
{"creatorId":"6940106378d51c1d2d7fc5fe","creatorRole":"Admin","level":"info","message":"User registered successfully","newUserId":"6940106578d51c1d2d7fc61e","newUserRole":"Patient","service":"ehr-backend","timestamp":"2025-12-16 00:43:01"}
{"level":"info","message":"Authorization check","method":"POST","path":"/register","requiredRoles":["Employee","Manager","Admin"],"service":"ehr-backend","timestamp":"2025-12-16 00:43:01","userId":"6940106378d51c1d2d7fc5fe","userRole":"Admin"}
{"creatorId":"6940106378d51c1d2d7fc5fe","creatorRole":"Admin","level":"info","message":"User registered successfully","newUserId":"6940106578d51c1d2d7fc623","newUserRole":"Provider","service":"ehr-backend","timestamp":"2025-12-16 00:43:01"}
{"level":"info","message":"Authorization check","method":"POST","path":"/register","requiredRoles":["Employee","Manager","Admin"],"service":"ehr-backend","timestamp":"2025-12-16 00:43:01","userId":"6940106378d51c1d2d7fc5fe","userRole":"Admin"}
{"creatorId":"6940106378d51c1d2d7fc5fe","creatorRole":"Admin","level":"info","message":"User registered successfully","newUserId":"6940106578d51c1d2d7fc628","newUserRole":"Employee","service":"ehr-backend","timestamp":"2025-12-16 00:43:01"}
{"level":"info","message":"Authorization check","method":"POST","path":"/register","requiredRoles":["Employee","Manager","Admin"],"service":"ehr-backend","timestamp":"2025-12-16 00:43:01","userId":"6940106378d51c1d2d7fc5fe","userRole":"Admin"}
{"creatorId":"6940106378d51c1d2d7fc5fe","creatorRole":"Admin","level":"info","message":"User registered successfully","newUserId":"6940106578d51c1d2d7fc62d","newUserRole":"Manager","service":"ehr-backend","timestamp":"2025-12-16 00:43:01"}
{"email":"admin@test.com","level":"info","message":"User login successful","role":"Admin","service":"ehr-backend","timestamp":"2025-12-16 00:43:01","userId":"6940106578d51c1d2d7fc637"}
{"email":"manager@test.com","level":"info","message":"User login successful","role":"Manager","service":"ehr-backend","timestamp":"2025-12-16 00:43:01","userId":"6940106578d51c1d2d7fc639"}
{"email":"provider@test.com","level":"info","message":"User login successful","role":"Provider","service":"ehr-backend","timestamp":"2025-12-16 00:43:02","userId":"6940106578d51c1d2d7fc63b"}
{"email":"employee@test.com","level":"info","message":"User login successful","role":"Employee","service":"ehr-backend","timestamp":"2025-12-16 00:43:02","userId":"6940106578d51c1d2d7fc63d"}
{"email":"patient@test.com","level":"info","message":"User login successful","role":"Patient","service":"ehr-backend","timestamp":"2025-12-16 00:43:02","userId":"6940106578d51c1d2d7fc63f"}
{"level":"info","message":"Authorization check","method":"POST","path":"/register","requiredRoles":["Employee","Manager","Admin"],"service":"ehr-backend","timestamp":"2025-12-16 00:43:02","userId":"6940106578d51c1d2d7fc639","userRole":"Manager"}
{"creatorId":"6940106578d51c1d2d7fc639","creatorRole":"Manager","level":"info","message":"User registered successfully","newUserId":"6940106678d51c1d2d7fc651","newUserRole":"Employee","service":"ehr-backend","timestamp":"2025-12-16 00:43:02"}
{"level":"info","message":"Authorization check","method":"POST","path":"/register","requiredRoles":["Employee","Manager","Admin"],"service":"ehr-backend","timestamp":"2025-12-16 00:43:02","userId":"6940106578d51c1d2d7fc639","userRole":"Manager"}
{"creatorId":"6940106578d51c1d2d7fc639","creatorRole":"Manager","level":"info","message":"User registered successfully","newUserId":"6940106678d51c1d2d7fc656","newUserRole":"Provider","service":"ehr-backend","timestamp":"2025-12-16 00:43:02"}
{"level":"info","message":"Authorization check","method":"POST","path":"/register","requiredRoles":["Employee","Manager","Admin"],"service":"ehr-backend","timestamp":"2025-12-16 00:43:02","userId":"6940106578d51c1d2d7fc639","userRole":"Manager"}
{"creatorId":"6940106578d51c1d2d7fc639","creatorRole":"Manager","level":"info","message":"User registered successfully","newUserId":"6940106678d51c1d2d7fc65b","newUserRole":"Patient","service":"ehr-backend","timestamp":"2025-12-16 00:43:02"}
{"email":"admin@test.com","level":"info","message":"User login successful","role":"Admin","service":"ehr-backend","timestamp":"2025-12-16 00:43:02","userId":"6940106678d51c1d2d7fc665"}
{"email":"manager@test.com","level":"info","message":"User login successful","role":"Manager","service":"ehr-backend","timestamp":"2025-12-16 00:43:02","userId":"6940106678d51c1d2d7fc667"}
{"email":"provider@test.com","level":"info","message":"User login successful","role":"Provider","service":"ehr-backend","timestamp":"2025-12-16 00:43:03","userId":"6940106678d51c1d2d7fc669"}
{"email":"employee@test.com","level":"info","message":"User login successful","role":"Employee","service":"ehr-backend","timestamp":"2025-12-16 00:43:03","userId":"6940106678d51c1d2d7fc66b"}
{"email":"patient@test.com","level":"info","message":"User login successful","role":"Patient","service":"ehr-backend","timestamp":"2025-12-16 00:43:03","userId":"6940106678d51c1d2d7fc66d"}
{"level":"info","message":"Authorization check","method":"POST","path":"/register","requiredRoles":["Employee","Manager","Admin"],"service":"ehr-backend","timestamp":"2025-12-16 00:43:03","userId":"6940106678d51c1d2d7fc667","userRole":"Manager"}
{"creatorId":"6940106678d51c1d2d7fc667","creatorRole":"Manager","level":"warn","message":"Registration denied: Insufficient permissions","service":"ehr-backend","targetRole":"Manager","timestamp":"2025-12-16 00:43:03"}
{"email":"admin@test.com","level":"info","message":"User login successful","role":"Admin","service":"ehr-backend","timestamp":"2025-12-16 00:43:03","userId":"6940106778d51c1d2d7fc684"}
{"email":"manager@test.com","level":"info","message":"User login successful","role":"Manager","service":"ehr-backend","timestamp":"2025-12-16 00:43:03","userId":"6940106778d51c1d2d7fc686"}
{"email":"provider@test.com","level":"info","message":"User login successful","role":"Provider","service":"ehr-backend","timestamp":"2025-12-16 00:43:03","userId":"6940106778d51c1d2d7fc688"}
{"email":"employee@test.com","level":"info","message":"User login successful","role":"Employee","service":"ehr-backend","timestamp":"2025-12-16 00:43:03","userId":"6940106778d51c1d2d7fc68a"}
{"email":"patient@test.com","level":"info","message":"User login successful","role":"Patient","service":"ehr-backend","timestamp":"2025-12-16 00:43:03","userId":"6940106778d51c1d2d7fc68c"}
{"level":"info","message":"Authorization check","method":"POST","path":"/register","requiredRoles":["Employee","Manager","Admin"],"service":"ehr-backend","timestamp":"2025-12-16 00:43:03","userId":"6940106778d51c1d2d7fc68a","userRole":"Employee"}
{"creatorId":"6940106778d51c1d2d7fc68a","creatorRole":"Employee","level":"info","message":"User registered successfully","newUserId":"6940106778d51c1d2d7fc69e","newUserRole":"Patient","service":"ehr-backend","timestamp":"2025-12-16 00:43:04"}
{"email":"admin@test.com","level":"info","message":"User login successful","role":"Admin","service":"ehr-backend","timestamp":"2025-12-16 00:43:04","userId":"6940106878d51c1d2d7fc6a8"}
{"email":"manager@test.com","level":"info","message":"User login successful","role":"Manager","service":"ehr-backend","timestamp":"2025-12-16 00:43:04","userId":"6940106878d51c1d2d7fc6aa"}
{"email":"provider@test.com","level":"info","message":"User login successful","role":"Provider","service":"ehr-backend","timestamp":"2025-12-16 00:43:04","userId":"6940106878d51c1d2d7fc6ac"}
{"email":"employee@test.com","level":"info","message":"User login successful","role":"Employee","service":"ehr-backend","timestamp":"2025-12-16 00:43:04","userId":"6940106878d51c1d2d7fc6ae"}
{"email":"patient@test.com","level":"info","message":"User login successful","role":"Patient","service":"ehr-backend","timestamp":"2025-12-16 00:43:04","userId":"6940106878d51c1d2d7fc6b0"}
{"level":"info","message":"Authorization check","method":"POST","path":"/register","requiredRoles":["Employee","Manager","Admin"],"service":"ehr-backend","timestamp":"2025-12-16 00:43:04","userId":"6940106878d51c1d2d7fc6ae","userRole":"Employee"}
{"creatorId":"6940106878d51c1d2d7fc6ae","creatorRole":"Employee","level":"warn","message":"Registration denied: Insufficient permissions","service":"ehr-backend","targetRole":"Provider","timestamp":"2025-12-16 00:43:04"}
{"email":"admin@test.com","level":"info","message":"User login successful","role":"Admin","service":"ehr-backend","timestamp":"2025-12-16 00:43:05","userId":"6940106878d51c1d2d7fc6c7"}
{"email":"manager@test.com","level":"info","message":"User login successful","role":"Manager","service":"ehr-backend","timestamp":"2025-12-16 00:43:05","userId":"6940106878d51c1d2d7fc6c9"}
{"email":"provider@test.com","level":"info","message":"User login successful","role":"Provider","service":"ehr-backend","timestamp":"2025-12-16 00:43:05","userId":"6940106878d51c1d2d7fc6cb"}
{"email":"employee@test.com","level":"info","message":"User login successful","role":"Employee","service":"ehr-backend","timestamp":"2025-12-16 00:43:05","userId":"6940106878d51c1d2d7fc6cd"}
{"email":"patient@test.com","level":"info","message":"User login successful","role":"Patient","service":"ehr-backend","timestamp":"2025-12-16 00:43:05","userId":"6940106978d51c1d2d7fc6cf"}
{"level":"info","message":"Authorization check","method":"POST","path":"/register","requiredRoles":["Employee","Manager","Admin"],"service":"ehr-backend","timestamp":"2025-12-16 00:43:05","userId":"6940106878d51c1d2d7fc6cd","userRole":"Employee"}
{"creatorId":"6940106878d51c1d2d7fc6cd","creatorRole":"Employee","level":"warn","message":"Registration denied: Insufficient permissions","service":"ehr-backend","targetRole":"Employee","timestamp":"2025-12-16 00:43:05"}
{"email":"admin@test.com","level":"info","message":"User login successful","role":"Admin","service":"ehr-backend","timestamp":"2025-12-16 00:43:05","userId":"6940106978d51c1d2d7fc6e6"}
{"email":"manager@test.com","level":"info","message":"User login successful","role":"Manager","service":"ehr-backend","timestamp":"2025-12-16 00:43:06","userId":"6940106978d51c1d2d7fc6e8"}
{"email":"provider@test.com","level":"info","message":"User login successful","role":"Provider","service":"ehr-backend","timestamp":"2025-12-16 00:43:06","userId":"6940106978d51c1d2d7fc6ea"}
{"email":"employee@test.com","level":"info","message":"User login successful","role":"Employee","service":"ehr-backend","timestamp":"2025-12-16 00:43:06","userId":"6940106978d51c1d2d7fc6ec"}
{"email":"patient@test.com","level":"info","message":"User login successful","role":"Patient","service":"ehr-backend","timestamp":"2025-12-16 00:43:06","userId":"6940106978d51c1d2d7fc6ee"}
{"level":"info","message":"Authorization check","method":"POST","path":"/register","requiredRoles":["Employee","Manager","Admin"],"service":"ehr-backend","timestamp":"2025-12-16 00:43:06","userId":"6940106978d51c1d2d7fc6ea","userRole":"Provider"}
{"level":"warn","message":"Authorization denied: Insufficient permissions","method":"POST","path":"/register","requiredRoles":["Employee","Manager","Admin"],"service":"ehr-backend","timestamp":"2025-12-16 00:43:06","userId":"6940106978d51c1d2d7fc6ea","userRole":"Provider"}
{"email":"admin@test.com","level":"info","message":"User login successful","role":"Admin","service":"ehr-backend","timestamp":"2025-12-16 00:43:06","userId":"6940106a78d51c1d2d7fc707"}
{"email":"manager@test.com","level":"info","message":"User login successful","role":"Manager","service":"ehr-backend","timestamp":"2025-12-16 00:43:06","userId":"6940106a78d51c1d2d7fc709"}
{"email":"provider@test.com","level":"info","message":"User login successful","role":"Provider","service":"ehr-backend","timestamp":"2025-12-16 00:43:06","userId":"6940106a78d51c1d2d7fc70b"}
{"email":"employee@test.com","level":"info","message":"User login successful","role":"Employee","service":"ehr-backend","timestamp":"2025-12-16 00:43:06","userId":"6940106a78d51c1d2d7fc70d"}
{"email":"patient@test.com","level":"info","message":"User login successful","role":"Patient","service":"ehr-backend","timestamp":"2025-12-16 00:43:06","userId":"6940106a78d51c1d2d7fc70f"}
{"level":"info","message":"Authorization check","method":"POST","path":"/register","requiredRoles":["Employee","Manager","Admin"],"service":"ehr-backend","timestamp":"2025-12-16 00:43:07","userId":"6940106a78d51c1d2d7fc70f","userRole":"Patient"}
{"level":"warn","message":"Authorization denied: Insufficient permissions","method":"POST","path":"/register","requiredRoles":["Employee","Manager","Admin"],"service":"ehr-backend","timestamp":"2025-12-16 00:43:07","userId":"6940106a78d51c1d2d7fc70f","userRole":"Patient"}
{"email":"admin@test.com","level":"info","message":"User login successful","role":"Admin","service":"ehr-backend","timestamp":"2025-12-16 00:43:07","userId":"6940106b78d51c1d2d7fc728"}
{"email":"manager@test.com","level":"info","message":"User login successful","role":"Manager","service":"ehr-backend","timestamp":"2025-12-16 00:43:07","userId":"6940106b78d51c1d2d7fc72a"}
{"email":"provider@test.com","level":"info","message":"User login successful","role":"Provider","service":"ehr-backend","timestamp":"2025-12-16 00:43:07","userId":"6940106b78d51c1d2d7fc72c"}
{"email":"employee@test.com","level":"info","message":"User login successful","role":"Employee","service":"ehr-backend","timestamp":"2025-12-16 00:43:07","userId":"6940106b78d51c1d2d7fc72e"}
{"email":"patient@test.com","level":"info","message":"User login successful","role":"Patient","service":"ehr-backend","timestamp":"2025-12-16 00:43:07","userId":"6940106b78d51c1d2d7fc730"}
{"level":"info","message":"Authorization check","method":"GET","path":"/audit-logs","requiredRoles":["Admin"],"service":"ehr-backend","timestamp":"2025-12-16 00:43:07","userId":"6940106b78d51c1d2d7fc728","userRole":"Admin"}
{"level":"info","message":"Admin 6940106b78d51c1d2d7fc728 retrieved 5 audit logs","service":"ehr-backend","timestamp":"2025-12-16 00:43:07"}
{"email":"admin@test.com","level":"info","message":"User login successful","role":"Admin","service":"ehr-backend","timestamp":"2025-12-16 00:43:08","userId":"6940106b78d51c1d2d7fc748"}
{"email":"manager@test.com","level":"info","message":"User login successful","role":"Manager","service":"ehr-backend","timestamp":"2025-12-16 00:43:08","userId":"6940106b78d51c1d2d7fc74a"}
{"email":"provider@test.com","level":"info","message":"User login successful","role":"Provider","service":"ehr-backend","timestamp":"2025-12-16 00:43:08","userId":"6940106b78d51c1d2d7fc74c"}
{"email":"employee@test.com","level":"info","message":"User login successful","role":"Employee","service":"ehr-backend","timestamp":"2025-12-16 00:43:08","userId":"6940106b78d51c1d2d7fc74e"}
{"email":"patient@test.com","level":"info","message":"User login successful","role":"Patient","service":"ehr-backend","timestamp":"2025-12-16 00:43:08","userId":"6940106c78d51c1d2d7fc750"}
{"level":"info","message":"Authorization check","method":"GET","path":"/audit-logs","requiredRoles":["Admin"],"service":"ehr-backend","timestamp":"2025-12-16 00:43:08","userId":"6940106b78d51c1d2d7fc74a","userRole":"Manager"}
{"level":"warn","message":"Authorization denied: Insufficient permissions","method":"GET","path":"/audit-logs","requiredRoles":["Admin"],"service":"ehr-backend","timestamp":"2025-12-16 00:43:08","userId":"6940106b78d51c1d2d7fc74a","userRole":"Manager"}
{"email":"admin@test.com","level":"info","message":"User login successful","role":"Admin","service":"ehr-backend","timestamp":"2025-12-16 00:43:08","userId":"6940106c78d51c1d2d7fc769"}
{"email":"manager@test.com","level":"info","message":"User login successful","role":"Manager","service":"ehr-backend","timestamp":"2025-12-16 00:43:08","userId":"6940106c78d51c1d2d7fc76b"}
{"email":"provider@test.com","level":"info","message":"User login successful","role":"Provider","service":"ehr-backend","timestamp":"2025-12-16 00:43:09","userId":"6940106c78d51c1d2d7fc76d"}
{"email":"employee@test.com","level":"info","message":"User login successful","role":"Employee","service":"ehr-backend","timestamp":"2025-12-16 00:43:09","userId":"6940106c78d51c1d2d7fc76f"}
{"email":"patient@test.com","level":"info","message":"User login successful","role":"Patient","service":"ehr-backend","timestamp":"2025-12-16 00:43:09","userId":"6940106c78d51c1d2d7fc771"}
{"level":"info","message":"Authorization check","method":"GET","path":"/audit-logs","requiredRoles":["Admin"],"service":"ehr-backend","timestamp":"2025-12-16 00:43:09","userId":"6940106c78d51c1d2d7fc76d","userRole":"Provider"}
{"level":"warn","message":"Authorization denied: Insufficient permissions","method":"GET","path":"/audit-logs","requiredRoles":["Admin"],"service":"ehr-backend","timestamp":"2025-12-16 00:43:09","userId":"6940106c78d51c1d2d7fc76d","userRole":"Provider"}
{"email":"admin@test.com","level":"info","message":"User login successful","role":"Admin","service":"ehr-backend","timestamp":"2025-12-16 00:43:09","userId":"6940106d78d51c1d2d7fc78a"}
{"email":"manager@test.com","level":"info","message":"User login successful","role":"Manager","service":"ehr-backend","timestamp":"2025-12-16 00:43:09","userId":"6940106d78d51c1d2d7fc78c"}
{"email":"provider@test.com","level":"info","message":"User login successful","role":"Provider","service":"ehr-backend","timestamp":"2025-12-16 00:43:09","userId":"6940106d78d51c1d2d7fc78e"}
{"email":"employee@test.com","level":"info","message":"User login successful","role":"Employee","service":"ehr-backend","timestamp":"2025-12-16 00:43:09","userId":"6940106d78d51c1d2d7fc790"}
{"email":"patient@test.com","level":"info","message":"User login successful","role":"Patient","service":"ehr-backend","timestamp":"2025-12-16 00:43:09","userId":"6940106d78d51c1d2d7fc792"}
{"level":"info","message":"Authorization check","method":"GET","path":"/audit-logs","requiredRoles":["Admin"],"service":"ehr-backend","timestamp":"2025-12-16 00:43:09","userId":"6940106d78d51c1d2d7fc790","userRole":"Employee"}
{"level":"warn","message":"Authorization denied: Insufficient permissions","method":"GET","path":"/audit-logs","requiredRoles":["Admin"],"service":"ehr-backend","timestamp":"2025-12-16 00:43:09","userId":"6940106d78d51c1d2d7fc790","userRole":"Employee"}
{"email":"admin@test.com","level":"info","message":"User login successful","role":"Admin","service":"ehr-backend","timestamp":"2025-12-16 00:43:10","userId":"6940106e78d51c1d2d7fc7ab"}
{"email":"manager@test.com","level":"info","message":"User login successful","role":"Manager","service":"ehr-backend","timestamp":"2025-12-16 00:43:10","userId":"6940106e78d51c1d2d7fc7ad"}
{"email":"provider@test.com","level":"info","message":"User login successful","role":"Provider","service":"ehr-backend","timestamp":"2025-12-16 00:43:10","userId":"6940106e78d51c1d2d7fc7af"}
{"email":"employee@test.com","level":"info","message":"User login successful","role":"Employee","service":"ehr-backend","timestamp":"2025-12-16 00:43:10","userId":"6940106e78d51c1d2d7fc7b1"}
{"email":"patient@test.com","level":"info","message":"User login successful","role":"Patient","service":"ehr-backend","timestamp":"2025-12-16 00:43:10","userId":"6940106e78d51c1d2d7fc7b3"}
{"level":"info","message":"Authorization check","method":"GET","path":"/audit-logs","requiredRoles":["Admin"],"service":"ehr-backend","timestamp":"2025-12-16 00:43:10","userId":"6940106e78d51c1d2d7fc7b3","userRole":"Patient"}
{"level":"warn","message":"Authorization denied: Insufficient permissions","method":"GET","path":"/audit-logs","requiredRoles":["Admin"],"service":"ehr-backend","timestamp":"2025-12-16 00:43:10","userId":"6940106e78d51c1d2d7fc7b3","userRole":"Patient"}
{"email":"admin@test.com","level":"info","message":"User login successful","role":"Admin","service":"ehr-backend","timestamp":"2025-12-16 00:43:11","userId":"6940106e78d51c1d2d7fc7cc"}
{"email":"manager@test.com","level":"info","message":"User login successful","role":"Manager","service":"ehr-backend","timestamp":"2025-12-16 00:43:11","userId":"6940106e78d51c1d2d7fc7ce"}
{"email":"provider@test.com","level":"info","message":"User login successful","role":"Provider","service":"ehr-backend","timestamp":"2025-12-16 00:43:11","userId":"6940106e78d51c1d2d7fc7d0"}
{"email":"employee@test.com","level":"info","message":"User login successful","role":"Employee","service":"ehr-backend","timestamp":"2025-12-16 00:43:11","userId":"6940106e78d51c1d2d7fc7d2"}
{"email":"patient@test.com","level":"info","message":"User login successful","role":"Patient","service":"ehr-backend","timestamp":"2025-12-16 00:43:11","userId":"6940106f78d51c1d2d7fc7d4"}
{"level":"info","message":"Authorization check","method":"POST","path":"/assign-patient","requiredRoles":["Admin","Manager"],"service":"ehr-backend","timestamp":"2025-12-16 00:43:11","userId":"6940106e78d51c1d2d7fc7cc","userRole":"Admin"}
{"level":"info","message":"Patient 6940106f78d51c1d2d7fc7d4 assigned to Provider 6940106e78d51c1d2d7fc7d0 by Admin 6940106e78d51c1d2d7fc7cc","service":"ehr-backend","timestamp":"2025-12-16 00:43:11"}
{"email":"admin@test.com","level":"info","message":"User login successful","role":"Admin","service":"ehr-backend","timestamp":"2025-12-16 00:43:12","userId":"6940106f78d51c1d2d7fc7ef"}
{"email":"manager@test.com","level":"info","message":"User login successful","role":"Manager","service":"ehr-backend","timestamp":"2025-12-16 00:43:12","userId":"6940106f78d51c1d2d7fc7f1"}
{"email":"provider@test.com","level":"info","message":"User login successful","role":"Provider","service":"ehr-backend","timestamp":"2025-12-16 00:43:12","userId":"6940106f78d51c1d2d7fc7f3"}
{"email":"employee@test.com","level":"info","message":"User login successful","role":"Employee","service":"ehr-backend","timestamp":"2025-12-16 00:43:12","userId":"6940106f78d51c1d2d7fc7f5"}
{"email":"patient@test.com","level":"info","message":"User login successful","role":"Patient","service":"ehr-backend","timestamp":"2025-12-16 00:43:12","userId":"6940106f78d51c1d2d7fc7f7"}
{"level":"info","message":"Authorization check","method":"POST","path":"/assign-patient","requiredRoles":["Admin","Manager"],"service":"ehr-backend","timestamp":"2025-12-16 00:43:12","userId":"6940106f78d51c1d2d7fc7f1","userRole":"Manager"}
{"level":"info","message":"Patient 6940106f78d51c1d2d7fc7f7 assigned to Provider 6940106f78d51c1d2d7fc7f3 by Admin 6940106f78d51c1d2d7fc7f1","service":"ehr-backend","timestamp":"2025-12-16 00:43:12"}
{"email":"admin@test.com","level":"info","message":"User login successful","role":"Admin","service":"ehr-backend","timestamp":"2025-12-16 00:43:12","userId":"6940107078d51c1d2d7fc812"}
{"email":"manager@test.com","level":"info","message":"User login successful","role":"Manager","service":"ehr-backend","timestamp":"2025-12-16 00:43:12","userId":"6940107078d51c1d2d7fc814"}
{"email":"provider@test.com","level":"info","message":"User login successful","role":"Provider","service":"ehr-backend","timestamp":"2025-12-16 00:43:12","userId":"6940107078d51c1d2d7fc816"}
{"email":"employee@test.com","level":"info","message":"User login successful","role":"Employee","service":"ehr-backend","timestamp":"2025-12-16 00:43:13","userId":"6940107078d51c1d2d7fc818"}
{"email":"patient@test.com","level":"info","message":"User login successful","role":"Patient","service":"ehr-backend","timestamp":"2025-12-16 00:43:13","userId":"6940107078d51c1d2d7fc81a"}
{"email":"admin@test.com","level":"info","message":"User login successful","role":"Admin","service":"ehr-backend","timestamp":"2025-12-16 00:43:20","userId":"694010772220821c2cabf128"}
{"email":"manager@test.com","level":"info","message":"User login successful","role":"Manager","service":"ehr-backend","timestamp":"2025-12-16 00:43:20","userId":"694010782220821c2cabf12f"}
{"email":"provider@test.com","level":"info","message":"User login successful","role":"Provider","service":"ehr-backend","timestamp":"2025-12-16 00:43:20","userId":"694010782220821c2cabf132"}
{"email":"assigned@test.com","level":"info","message":"User login successful","role":"Patient","service":"ehr-backend","timestamp":"2025-12-16 00:43:20","userId":"694010782220821c2cabf136"}
{"creatorId":"694010782220821c2cabf132","level":"info","message":"Record created successfully","patientId":"694010782220821c2cabf136","recordId":"694010792220821c2cabf146","service":"ehr-backend","timestamp":"2025-12-16 00:43:21"}
{"email":"admin@test.com","level":"info","message":"User login successful","role":"Admin","service":"ehr-backend","timestamp":"2025-12-16 00:43:21","userId":"694010792220821c2cabf150"}
{"email":"manager@test.com","level":"info","message":"User login successful","role":"Manager","service":"ehr-backend","timestamp":"2025-12-16 00:43:21","userId":"694010792220821c2cabf152"}
{"email":"provider@test.com","level":"info","message":"User login successful","role":"Provider","service":"ehr-backend","timestamp":"2025-12-16 00:43:21","userId":"694010792220821c2cabf154"}
{"email":"assigned@test.com","level":"info","message":"User login successful","role":"Patient","service":"ehr-backend","timestamp":"2025-12-16 00:43:21","userId":"694010792220821c2cabf158"}
{"email":"admin@test.com","level":"info","message":"User login successful","role":"Admin","service":"ehr-backend","timestamp":"2025-12-16 00:43:22","userId":"694010792220821c2cabf16e"}
{"email":"manager@test.com","level":"info","message":"User login successful","role":"Manager","service":"ehr-backend","timestamp":"2025-12-16 00:43:22","userId":"694010792220821c2cabf170"}
{"email":"provider@test.com","level":"info","message":"User login successful","role":"Provider","service":"ehr-backend","timestamp":"2025-12-16 00:43:22","userId":"694010792220821c2cabf172"}
{"email":"assigned@test.com","level":"info","message":"User login successful","role":"Patient","service":"ehr-backend","timestamp":"2025-12-16 00:43:22","userId":"6940107a2220821c2cabf176"}
{"creatorId":"694010792220821c2cabf170","level":"info","message":"Record created successfully","patientId":"694010792220821c2cabf174","recordId":"6940107a2220821c2cabf185","service":"ehr-backend","timestamp":"2025-12-16 00:43:22"}
{"email":"admin@test.com","level":"info","message":"User login successful","role":"Admin","service":"ehr-backend","timestamp":"2025-12-16 00:43:22","userId":"6940107a2220821c2cabf18f"}
{"email":"manager@test.com","level":"info","message":"User login successful","role":"Manager","service":"ehr-backend","timestamp":"2025-12-16 00:43:22","userId":"6940107a2220821c2cabf191"}
{"email":"provider@test.com","level":"info","message":"User login successful","role":"Provider","service":"ehr-backend","timestamp":"2025-12-16 00:43:23","userId":"6940107a2220821c2cabf193"}
{"email":"assigned@test.com","level":"info","message":"User login successful","role":"Patient","service":"ehr-backend","timestamp":"2025-12-16 00:43:23","userId":"6940107a2220821c2cabf197"}
{"email":"admin@test.com","level":"info","message":"User login successful","role":"Admin","service":"ehr-backend","timestamp":"2025-12-16 00:43:23","userId":"6940107b2220821c2cabf1ac"}
{"email":"manager@test.com","level":"info","message":"User login successful","role":"Manager","service":"ehr-backend","timestamp":"2025-12-16 00:43:23","userId":"6940107b2220821c2cabf1ae"}
{"email":"provider@test.com","level":"info","message":"User login successful","role":"Provider","service":"ehr-backend","timestamp":"2025-12-16 00:43:23","userId":"6940107b2220821c2cabf1b0"}
{"email":"assigned@test.com","level":"info","message":"User login successful","role":"Patient","service":"ehr-backend","timestamp":"2025-12-16 00:43:23","userId":"6940107b2220821c2cabf1b4"}
{"email":"admin@test.com","level":"info","message":"User login successful","role":"Admin","service":"ehr-backend","timestamp":"2025-12-16 00:43:24","userId":"6940107b2220821c2cabf1c9"}
{"email":"manager@test.com","level":"info","message":"User login successful","role":"Manager","service":"ehr-backend","timestamp":"2025-12-16 00:43:24","userId":"6940107b2220821c2cabf1cb"}
{"email":"provider@test.com","level":"info","message":"User login successful","role":"Provider","service":"ehr-backend","timestamp":"2025-12-16 00:43:24","userId":"6940107b2220821c2cabf1cd"}
{"email":"assigned@test.com","level":"info","message":"User login successful","role":"Patient","service":"ehr-backend","timestamp":"2025-12-16 00:43:24","userId":"6940107c2220821c2cabf1d1"}
{"email":"admin@test.com","level":"info","message":"User login successful","role":"Admin","service":"ehr-backend","timestamp":"2025-12-16 00:43:24","userId":"6940107c2220821c2cabf1e6"}
{"email":"manager@test.com","level":"info","message":"User login successful","role":"Manager","service":"ehr-backend","timestamp":"2025-12-16 00:43:24","userId":"6940107c2220821c2cabf1e8"}
{"email":"provider@test.com","level":"info","message":"User login successful","role":"Provider","service":"ehr-backend","timestamp":"2025-12-16 00:43:25","userId":"6940107c2220821c2cabf1ea"}
{"email":"assigned@test.com","level":"info","message":"User login successful","role":"Patient","service":"ehr-backend","timestamp":"2025-12-16 00:43:25","userId":"6940107c2220821c2cabf1ee"}
{"creatorId":"6940107c2220821c2cabf1ea","level":"info","message":"Record created successfully","patientId":"6940107c2220821c2cabf1ee","recordId":"6940107d2220821c2cabf1fe","service":"ehr-backend","timestamp":"2025-12-16 00:43:25"}
{"email":"admin@test.com","level":"info","message":"User login successful","role":"Admin","service":"ehr-backend","timestamp":"2025-12-16 00:43:25","userId":"6940107d2220821c2cabf208"}
{"email":"manager@test.com","level":"info","message":"User login successful","role":"Manager","service":"ehr-backend","timestamp":"2025-12-16 00:43:25","userId":"6940107d2220821c2cabf20a"}
{"email":"provider@test.com","level":"info","message":"User login successful","role":"Provider","service":"ehr-backend","timestamp":"2025-12-16 00:43:25","userId":"6940107d2220821c2cabf20c"}
{"email":"assigned@test.com","level":"info","message":"User login successful","role":"Patient","service":"ehr-backend","timestamp":"2025-12-16 00:43:25","userId":"6940107d2220821c2cabf210"}
{"level":"info","managerId":"6940107d2220821c2cabf20a","message":"All records retrieved","recordCount":1,"service":"ehr-backend","timestamp":"2025-12-16 00:43:25"}
{"email":"admin@test.com","level":"info","message":"User login successful","role":"Admin","service":"ehr-backend","timestamp":"2025-12-16 00:43:26","userId":"6940107d2220821c2cabf22b"}
{"email":"manager@test.com","level":"info","message":"User login successful","role":"Manager","service":"ehr-backend","timestamp":"2025-12-16 00:43:26","userId":"6940107d2220821c2cabf22d"}
{"email":"provider@test.com","level":"info","message":"User login successful","role":"Provider","service":"ehr-backend","timestamp":"2025-12-16 00:43:26","userId":"6940107d2220821c2cabf22f"}
{"email":"assigned@test.com","level":"info","message":"User login successful","role":"Patient","service":"ehr-backend","timestamp":"2025-12-16 00:43:26","userId":"6940107e2220821c2cabf233"}
{"email":"admin@test.com","level":"info","message":"User login successful","role":"Admin","service":"ehr-backend","timestamp":"2025-12-16 00:43:26","userId":"6940107e2220821c2cabf248"}
{"email":"manager@test.com","level":"info","message":"User login successful","role":"Manager","service":"ehr-backend","timestamp":"2025-12-16 00:43:26","userId":"6940107e2220821c2cabf24a"}
{"email":"provider@test.com","level":"info","message":"User login successful","role":"Provider","service":"ehr-backend","timestamp":"2025-12-16 00:43:27","userId":"6940107e2220821c2cabf24c"}
{"email":"assigned@test.com","level":"info","message":"User login successful","role":"Patient","service":"ehr-backend","timestamp":"2025-12-16 00:43:27","userId":"6940107e2220821c2cabf250"}
{"email":"admin@test.com","level":"info","message":"User login successful","role":"Admin","service":"ehr-backend","timestamp":"2025-12-16 00:43:27","userId":"6940107f2220821c2cabf265"}
{"email":"manager@test.com","level":"info","message":"User login successful","role":"Manager","service":"ehr-backend","timestamp":"2025-12-16 00:43:27","userId":"6940107f2220821c2cabf267"}
{"email":"provider@test.com","level":"info","message":"User login successful","role":"Provider","service":"ehr-backend","timestamp":"2025-12-16 00:43:27","userId":"6940107f2220821c2cabf269"}
{"email":"assigned@test.com","level":"info","message":"User login successful","role":"Patient","service":"ehr-backend","timestamp":"2025-12-16 00:43:27","userId":"6940107f2220821c2cabf26d"}
{"error":"Cast to ObjectId failed for value \"my-records\" (type string) at path \"_id\" for model \"PatientRecord\"","level":"error","message":"Error retrieving record by ID","recordId":"my-records","service":"ehr-backend","timestamp":"2025-12-16 00:43:27","userId":"6940107f2220821c2cabf26d"}
{"email":"admin@test.com","level":"info","message":"User login successful","role":"Admin","service":"ehr-backend","timestamp":"2025-12-16 00:43:28","userId":"6940107f2220821c2cabf284"}
{"email":"manager@test.com","level":"info","message":"User login successful","role":"Manager","service":"ehr-backend","timestamp":"2025-12-16 00:43:28","userId":"6940107f2220821c2cabf286"}
{"email":"provider@test.com","level":"info","message":"User login successful","role":"Provider","service":"ehr-backend","timestamp":"2025-12-16 00:43:28","userId":"6940107f2220821c2cabf288"}
{"email":"assigned@test.com","level":"info","message":"User login successful","role":"Patient","service":"ehr-backend","timestamp":"2025-12-16 00:43:28","userId":"694010802220821c2cabf28c"}
{"error":"Cast to ObjectId failed for value \"my-records\" (type string) at path \"_id\" for model \"PatientRecord\"","level":"error","message":"Error retrieving record by ID","recordId":"my-records","service":"ehr-backend","timestamp":"2025-12-16 00:43:28","userId":"694010802220821c2cabf28c"}
{"email":"admin@test.com","level":"info","message":"User login successful","role":"Admin","service":"ehr-backend","timestamp":"2025-12-16 00:43:28","userId":"694010802220821c2cabf2a5"}
{"email":"manager@test.com","level":"info","message":"User login successful","role":"Manager","service":"ehr-backend","timestamp":"2025-12-16 00:43:28","userId":"694010802220821c2cabf2a7"}
{"email":"provider@test.com","level":"info","message":"User login successful","role":"Provider","service":"ehr-backend","timestamp":"2025-12-16 00:43:29","userId":"694010802220821c2cabf2a9"}
{"email":"assigned@test.com","level":"info","message":"User login successful","role":"Patient","service":"ehr-backend","timestamp":"2025-12-16 00:43:29","userId":"694010802220821c2cabf2ad"}
{"error":"Cast to ObjectId failed for value \"my-records\" (type string) at path \"_id\" for model \"PatientRecord\"","level":"error","message":"Error retrieving record by ID","recordId":"my-records","service":"ehr-backend","timestamp":"2025-12-16 00:43:29","userId":"694010802220821c2cabf2a9"}
{"email":"admin@test.com","level":"info","message":"User login successful","role":"Admin","service":"ehr-backend","timestamp":"2025-12-16 00:43:29","userId":"694010812220821c2cabf2c4"}
{"email":"manager@test.com","level":"info","message":"User login successful","role":"Manager","service":"ehr-backend","timestamp":"2025-12-16 00:43:29","userId":"694010812220821c2cabf2c6"}
{"email":"provider@test.com","level":"info","message":"User login successful","role":"Provider","service":"ehr-backend","timestamp":"2025-12-16 00:43:29","userId":"694010812220821c2cabf2c8"}
{"email":"assigned@test.com","level":"info","message":"User login successful","role":"Patient","service":"ehr-backend","timestamp":"2025-12-16 00:43:29","userId":"694010812220821c2cabf2cc"}
{"level":"info","message":"Record retrieved by ID","recordId":"694010812220821c2cabf2db","service":"ehr-backend","timestamp":"2025-12-16 00:43:29","userId":"694010812220821c2cabf2c8"}
{"email":"admin@test.com","level":"info","message":"User login successful","role":"Admin","service":"ehr-backend","timestamp":"2025-12-16 00:43:30","userId":"694010812220821c2cabf2e7"}
{"email":"manager@test.com","level":"info","message":"User login successful","role":"Manager","service":"ehr-backend","timestamp":"2025-12-16 00:43:30","userId":"694010812220821c2cabf2e9"}
{"email":"provider@test.com","level":"info","message":"User login successful","role":"Provider","service":"ehr-backend","timestamp":"2025-12-16 00:43:30","userId":"694010812220821c2cabf2eb"}
{"email":"assigned@test.com","level":"info","message":"User login successful","role":"Patient","service":"ehr-backend","timestamp":"2025-12-16 00:43:30","userId":"694010822220821c2cabf2ef"}
{"level":"info","message":"Record retrieved by ID","recordId":"694010822220821c2cabf2fe","service":"ehr-backend","timestamp":"2025-12-16 00:43:30","userId":"694010822220821c2cabf2ef"}
{"email":"admin@test.com","level":"info","message":"User login successful","role":"Admin","service":"ehr-backend","timestamp":"2025-12-16 00:43:30","userId":"694010822220821c2cabf30a"}
{"email":"manager@test.com","level":"info","message":"User login successful","role":"Manager","service":"ehr-backend","timestamp":"2025-12-16 00:43:30","userId":"694010822220821c2cabf30c"}
{"email":"provider@test.com","level":"info","message":"User login successful","role":"Provider","service":"ehr-backend","timestamp":"2025-12-16 00:43:31","userId":"694010822220821c2cabf30e"}
{"email":"assigned@test.com","level":"info","message":"User login successful","role":"Patient","service":"ehr-backend","timestamp":"2025-12-16 00:43:31","userId":"694010822220821c2cabf312"}
{"level":"info","message":"Record retrieved by ID","recordId":"694010832220821c2cabf321","service":"ehr-backend","timestamp":"2025-12-16 00:43:31","userId":"694010822220821c2cabf30c"}
{"email":"admin@test.com","level":"info","message":"User login successful","role":"Admin","service":"ehr-backend","timestamp":"2025-12-16 00:43:31","userId":"694010832220821c2cabf32d"}
{"email":"manager@test.com","level":"info","message":"User login successful","role":"Manager","service":"ehr-backend","timestamp":"2025-12-16 00:43:31","userId":"694010832220821c2cabf32f"}
{"email":"provider@test.com","level":"info","message":"User login successful","role":"Provider","service":"ehr-backend","timestamp":"2025-12-16 00:43:31","userId":"694010832220821c2cabf331"}
{"email":"assigned@test.com","level":"info","message":"User login successful","role":"Patient","service":"ehr-backend","timestamp":"2025-12-16 00:43:31","userId":"694010832220821c2cabf335"}
{"email":"admin@test.com","level":"info","message":"User login successful","role":"Admin","service":"ehr-backend","timestamp":"2025-12-16 00:43:32","userId":"694010832220821c2cabf350"}
{"email":"manager@test.com","level":"info","message":"User login successful","role":"Manager","service":"ehr-backend","timestamp":"2025-12-16 00:43:32","userId":"694010832220821c2cabf352"}
{"email":"provider@test.com","level":"info","message":"User login successful","role":"Provider","service":"ehr-backend","timestamp":"2025-12-16 00:43:32","userId":"694010832220821c2cabf354"}
{"email":"assigned@test.com","level":"info","message":"User login successful","role":"Patient","service":"ehr-backend","timestamp":"2025-12-16 00:43:32","userId":"694010842220821c2cabf358"}
{"email":"admin@test.com","level":"info","message":"User login successful","role":"Admin","service":"ehr-backend","timestamp":"2025-12-16 00:43:32","userId":"694010842220821c2cabf370"}
{"email":"manager@test.com","level":"info","message":"User login successful","role":"Manager","service":"ehr-backend","timestamp":"2025-12-16 00:43:32","userId":"694010842220821c2cabf372"}
{"email":"provider@test.com","level":"info","message":"User login successful","role":"Provider","service":"ehr-backend","timestamp":"2025-12-16 00:43:33","userId":"694010842220821c2cabf374"}
{"email":"assigned@test.com","level":"info","message":"User login successful","role":"Patient","service":"ehr-backend","timestamp":"2025-12-16 00:43:33","userId":"694010842220821c2cabf378"}
{"email":"admin@test.com","level":"info","message":"User login successful","role":"Admin","service":"ehr-backend","timestamp":"2025-12-16 00:43:33","userId":"694010852220821c2cabf38d"}
{"email":"manager@test.com","level":"info","message":"User login successful","role":"Manager","service":"ehr-backend","timestamp":"2025-12-16 00:43:33","userId":"694010852220821c2cabf38f"}
{"email":"provider@test.com","level":"info","message":"User login successful","role":"Provider","service":"ehr-backend","timestamp":"2025-12-16 00:43:33","userId":"694010852220821c2cabf391"}
{"email":"assigned@test.com","level":"info","message":"User login successful","role":"Patient","service":"ehr-backend","timestamp":"2025-12-16 00:43:33","userId":"694010852220821c2cabf395"}
{"email":"admin@test.com","level":"info","message":"User login successful","role":"Admin","service":"ehr-backend","timestamp":"2025-12-16 00:43:34","userId":"694010852220821c2cabf3ac"}
{"level":"info","message":"Health check performed","service":"ehr-backend","services":{"api":"operational","mongodb":"connected"},"status":"unhealthy","timestamp":"2025-12-16 00:43:37"}
{"level":"info","message":"Health check performed","service":"ehr-backend","services":{"api":"operational","mongodb":"connected"},"status":"unhealthy","timestamp":"2025-12-16 00:43:37"}
{"level":"info","message":"Health check performed","service":"ehr-backend","services":{"api":"operational","mongodb":"connected"},"status":"unhealthy","timestamp":"2025-12-16 00:43:37"}
{"level":"info","message":"Health check performed","service":"ehr-backend","services":{"api":"operational","mongodb":"connected"},"status":"unhealthy","timestamp":"2025-12-16 00:43:37"}
{"level":"info","message":"Health check performed","service":"ehr-backend","services":{"api":"operational","mongodb":"connected"},"status":"unhealthy","timestamp":"2025-12-16 00:43:37"}
{"level":"info","message":"Health check performed","service":"ehr-backend","services":{"api":"operational","mongodb":"connected"},"status":"unhealthy","timestamp":"2025-12-16 00:43:37"}
{"level":"info","message":"Health check performed","service":"ehr-backend","services":{"api":"operational","mongodb":"connected"},"status":"unhealthy","timestamp":"2025-12-16 00:43:37"}
{"level":"info","message":"Health check performed","service":"ehr-backend","services":{"api":"operational","mongodb":"connected"},"status":"unhealthy","timestamp":"2025-12-16 00:43:37"}
{"level":"info","message":"Health check performed","service":"ehr-backend","services":{"api":"operational","mongodb":"connected"},"status":"unhealthy","timestamp":"2025-12-16 00:43:37"}
{"level":"error","message":"Health check failed: Health check failed","service":"ehr-backend","stack":"Error: Health check failed\n    at Object.<anonymous> (/Users/user/Documents/Monash/CyberSecurity/Assesment2/Final Submission/TP6 25/EHR_draft/ehr-backend/test/integration/health.integration.test.js:240:55)\n    at Promise.finally.completed (/Users/user/Documents/Monash/CyberSecurity/Assesment2/Final Submission/TP6 25/EHR_draft/ehr-backend/node_modules/jest-circus/build/jestAdapterInit.js:1557:28)\n    at new Promise (<anonymous>)\n    at callAsyncCircusFn (/Users/user/Documents/Monash/CyberSecurity/Assesment2/Final Submission/TP6 25/EHR_draft/ehr-backend/node_modules/jest-circus/build/jestAdapterInit.js:1497:10)\n    at _callCircusTest (/Users/user/Documents/Monash/CyberSecurity/Assesment2/Final Submission/TP6 25/EHR_draft/ehr-backend/node_modules/jest-circus/build/jestAdapterInit.js:1007:40)\n    at processTicksAndRejections (node:internal/process/task_queues:103:5)\n    at _runTest (/Users/user/Documents/Monash/CyberSecurity/Assesment2/Final Submission/TP6 25/EHR_draft/ehr-backend/node_modules/jest-circus/build/jestAdapterInit.js:947:3)\n    at /Users/user/Documents/Monash/CyberSecurity/Assesment2/Final Submission/TP6 25/EHR_draft/ehr-backend/node_modules/jest-circus/build/jestAdapterInit.js:849:7\n    at _runTestsForDescribeBlock (/Users/user/Documents/Monash/CyberSecurity/Assesment2/Final Submission/TP6 25/EHR_draft/ehr-backend/node_modules/jest-circus/build/jestAdapterInit.js:862:11)\n    at _runTestsForDescribeBlock (/Users/user/Documents/Monash/CyberSecurity/Assesment2/Final Submission/TP6 25/EHR_draft/ehr-backend/node_modules/jest-circus/build/jestAdapterInit.js:857:11)\n    at _runTestsForDescribeBlock (/Users/user/Documents/Monash/CyberSecurity/Assesment2/Final Submission/TP6 25/EHR_draft/ehr-backend/node_modules/jest-circus/build/jestAdapterInit.js:857:11)\n    at run (/Users/user/Documents/Monash/CyberSecurity/Assesment2/Final Submission/TP6 25/EHR_draft/ehr-backend/node_modules/jest-circus/build/jestAdapterInit.js:761:3)\n    at runAndTransformResultsToJestFormat (/Users/user/Documents/Monash/CyberSecurity/Assesment2/Final Submission/TP6 25/EHR_draft/ehr-backend/node_modules/jest-circus/build/jestAdapterInit.js:1918:21)\n    at jestAdapter (/Users/user/Documents/Monash/CyberSecurity/Assesment2/Final Submission/TP6 25/EHR_draft/ehr-backend/node_modules/jest-circus/build/runner.js:101:19)\n    at runTestInternal (/Users/user/Documents/Monash/CyberSecurity/Assesment2/Final Submission/TP6 25/EHR_draft/ehr-backend/node_modules/jest-runner/build/index.js:275:16)\n    at runTest (/Users/user/Documents/Monash/CyberSecurity/Assesment2/Final Submission/TP6 25/EHR_draft/ehr-backend/node_modules/jest-runner/build/index.js:343:7)","timestamp":"2025-12-16 00:43:37"}
{"level":"info","message":"Health check performed","service":"ehr-backend","services":{"api":"operational","mongodb":"connected"},"status":"unhealthy","timestamp":"2025-12-16 00:43:37"}
{"level":"info","message":"Health check performed","service":"ehr-backend","services":{"api":"operational","mongodb":"connected"},"status":"unhealthy","timestamp":"2025-12-16 00:43:37"}
{"email":"admin@test.com","level":"info","message":"User login successful","role":"Admin","service":"ehr-backend","timestamp":"2025-12-16 00:43:43","userId":"6940108e7930416394116e2d"}
{"email":"manager@test.com","level":"info","message":"User login successful","role":"Manager","service":"ehr-backend","timestamp":"2025-12-16 00:43:43","userId":"6940108f7930416394116e3b"}
{"email":"provider@test.com","level":"info","message":"User login successful","role":"Provider","service":"ehr-backend","timestamp":"2025-12-16 00:43:43","userId":"6940108f7930416394116e43"}
{"email":"employee@test.com","level":"info","message":"User login successful","role":"Employee","service":"ehr-backend","timestamp":"2025-12-16 00:43:44","userId":"6940108f7930416394116e4b"}
{"email":"patient@test.com","level":"info","message":"User login successful","role":"Patient","service":"ehr-backend","timestamp":"2025-12-16 00:43:44","userId":"694010907930416394116e53"}
{"email":"admin@test.com","level":"info","message":"User login successful","role":"Admin","service":"ehr-backend","timestamp":"2025-12-16 00:43:44","userId":"694010907930416394116e5b"}
{"email":"patient@test.com","ip":"::ffff:127.0.0.1","level":"warn","message":"Login attempt failed: Invalid password","service":"ehr-backend","timestamp":"2025-12-16 00:43:44","userId":"694010907930416394116e63"}
{"email":"nonexistent@example.com","ip":"::ffff:127.0.0.1","level":"warn","message":"Login attempt failed: User not found","service":"ehr-backend","timestamp":"2025-12-16 00:43:44"}
{"ip":"::ffff:127.0.0.1","level":"warn","message":"Login attempt failed: User not found","service":"ehr-backend","timestamp":"2025-12-16 00:43:44"}
{"email":"patient@test.com","error":"data and hash arguments required","level":"error","message":"Login error","service":"ehr-backend","timestamp":"2025-12-16 00:43:44"}
{"email":"admin@test.com","level":"info","message":"User login successful","role":"Admin","service":"ehr-backend","timestamp":"2025-12-16 00:43:44","userId":"694010907930416394116e77"}
{"ip":"::ffff:127.0.0.1","level":"warn","message":"Authentication failed: Token missing","method":"GET","path":"/me","service":"ehr-backend","timestamp":"2025-12-16 00:43:44"}
{"error":"jwt malformed","ip":"::ffff:127.0.0.1","level":"warn","message":"Authentication failed: JWT verification failed","method":"GET","path":"/me","service":"ehr-backend","timestamp":"2025-12-16 00:43:44"}
{"error":"jwt expired","ip":"::ffff:127.0.0.1","level":"warn","message":"Authentication failed: JWT verification failed","method":"GET","path":"/me","service":"ehr-backend","timestamp":"2025-12-16 00:43:44"}
{"error":"invalid token","ip":"::ffff:127.0.0.1","level":"warn","message":"Authentication failed: JWT verification failed","method":"GET","path":"/me","service":"ehr-backend","timestamp":"2025-12-16 00:43:44"}
{"email":"admin@test.com","level":"info","message":"User login successful","role":"Admin","service":"ehr-backend","timestamp":"2025-12-16 00:43:45","userId":"694010917930416394116e95"}
{"level":"info","message":"User logout","service":"ehr-backend","timestamp":"2025-12-16 00:43:45"}
{"level":"info","message":"User logout","service":"ehr-backend","timestamp":"2025-12-16 00:43:45"}
{"email":"admin@test.com","level":"info","message":"User login successful","role":"Admin","service":"ehr-backend","timestamp":"2025-12-16 00:43:45","userId":"694010917930416394116ea4"}
{"email":"admin@test.com","level":"info","message":"User login successful","role":"Admin","service":"ehr-backend","timestamp":"2025-12-16 00:43:45","userId":"694010917930416394116eac"}
{"level":"info","message":"User logout","service":"ehr-backend","timestamp":"2025-12-16 00:43:45"}
{"ip":"::ffff:127.0.0.1","level":"warn","message":"Authentication failed: Token missing","method":"GET","path":"/me","service":"ehr-backend","timestamp":"2025-12-16 00:43:45"}
{"email":"admin@test.com","level":"info","message":"User login successful","role":"Admin","service":"ehr-backend","timestamp":"2025-12-16 00:43:45","userId":"694010917930416394116eb6"}
{"level":"info","message":"Authorization check","method":"GET","path":"/audit-logs","requiredRoles":["Admin"],"service":"ehr-backend","timestamp":"2025-12-16 00:43:45","userId":"694010917930416394116eb6","userRole":"Admin"}
{"level":"info","message":"Admin 694010917930416394116eb6 retrieved 1 audit logs","service":"ehr-backend","timestamp":"2025-12-16 00:43:45"}
{"ip":"::ffff:127.0.0.1","level":"warn","message":"Authentication failed: Token missing","method":"GET","path":"/audit-logs","service":"ehr-backend","timestamp":"2025-12-16 00:43:45"}
{"error":"jwt expired","ip":"::ffff:127.0.0.1","level":"warn","message":"Authentication failed: JWT verification failed","method":"GET","path":"/audit-logs","service":"ehr-backend","timestamp":"2025-12-16 00:43:45"}
{"email":"patient@test.com","level":"info","message":"User login successful","role":"Patient","service":"ehr-backend","timestamp":"2025-12-16 00:43:50","userId":"69401095fcbf0661176dfbc2"}
{"email":"admin@test.com","level":"info","message":"User login successful","role":"Admin","service":"ehr-backend","timestamp":"2025-12-16 00:43:50","userId":"69401096fcbf0661176dfbce"}
{"email":"nonexistent@test.com","ip":"::ffff:127.0.0.1","level":"warn","message":"Login attempt failed: User not found","service":"ehr-backend","timestamp":"2025-12-16 00:43:50"}
{"email":"patient@test.com","ip":"::ffff:127.0.0.1","level":"warn","message":"Login attempt failed: Invalid password","service":"ehr-backend","timestamp":"2025-12-16 00:43:50","userId":"69401096fcbf0661176dfbdd"}
{"ip":"::ffff:127.0.0.1","level":"warn","message":"Login attempt failed: User not found","service":"ehr-backend","timestamp":"2025-12-16 00:43:50"}
{"email":"patient@test.com","error":"data and hash arguments required","level":"error","message":"Login error","service":"ehr-backend","timestamp":"2025-12-16 00:43:50"}
{"email":"admin@test.com","level":"info","message":"User login successful","role":"Admin","service":"ehr-backend","timestamp":"2025-12-16 00:43:50","userId":"69401096fcbf0661176dfbed"}
{"email":"provider@test.com","level":"info","message":"User login successful","role":"Provider","service":"ehr-backend","timestamp":"2025-12-16 00:43:50","userId":"69401096fcbf0661176dfbf5"}
{"email":"patient@test.com","level":"info","message":"User login successful","role":"Patient","service":"ehr-backend","timestamp":"2025-12-16 00:43:51","userId":"69401096fcbf0661176dfbfd"}
{"ip":"::ffff:127.0.0.1","level":"warn","message":"Authentication failed: Token missing","method":"GET","path":"/me","service":"ehr-backend","timestamp":"2025-12-16 00:43:51"}
{"error":"jwt malformed","ip":"::ffff:127.0.0.1","level":"warn","message":"Authentication failed: JWT verification failed","method":"GET","path":"/me","service":"ehr-backend","timestamp":"2025-12-16 00:43:51"}
{"email":"patient@test.com","level":"info","message":"User login successful","role":"Patient","service":"ehr-backend","timestamp":"2025-12-16 00:43:51","userId":"69401097fcbf0661176dfc0d"}
{"level":"info","message":"User logout","service":"ehr-backend","timestamp":"2025-12-16 00:43:51"}
{"level":"info","message":"User logout","service":"ehr-backend","timestamp":"2025-12-16 00:43:51"}
{"email":"admin@test.com","level":"info","message":"User login successful","role":"Admin","service":"ehr-backend","timestamp":"2025-12-16 00:43:51","userId":"69401097fcbf0661176dfc1c"}
{"level":"info","message":"User logout","service":"ehr-backend","timestamp":"2025-12-16 00:43:51"}
{"ip":"::ffff:127.0.0.1","level":"warn","message":"Authentication failed: Token missing","method":"GET","path":"/me","service":"ehr-backend","timestamp":"2025-12-16 00:43:51"}
{"keyVersion":1,"level":"info","message":"Public key retrieved successfully","service":"ehr-backend","timestamp":"2025-12-16 00:43:54"}
{"keyVersion":1,"level":"info","message":"Public key retrieved successfully","service":"ehr-backend","timestamp":"2025-12-16 00:43:54"}
{"keyVersion":1,"level":"info","message":"Public key retrieved successfully","service":"ehr-backend","timestamp":"2025-12-16 00:43:54"}
{"keyVersion":1,"level":"info","message":"Public key retrieved successfully","service":"ehr-backend","timestamp":"2025-12-16 00:43:54"}
{"keyVersion":1,"level":"info","message":"Public key retrieved successfully","service":"ehr-backend","timestamp":"2025-12-16 00:43:54"}
{"error":"Service unavailable","level":"error","message":"Failed to retrieve public key","service":"ehr-backend","timestamp":"2025-12-16 00:43:54"}
{"keyVersion":1,"level":"info","message":"Public key retrieved successfully","service":"ehr-backend","timestamp":"2025-12-16 00:43:54"}
{"keyVersion":1,"level":"info","message":"Public key retrieved successfully","service":"ehr-backend","timestamp":"2025-12-16 00:43:54"}
{"keyVersion":1,"level":"info","message":"Public key retrieved successfully","service":"ehr-backend","timestamp":"2025-12-16 00:43:54"}
{"email":"admin@test.com","level":"info","message":"User login successful","role":"Admin","service":"ehr-backend","timestamp":"2025-12-16 00:45:22","userId":"694010f064e175db036e35c9"}
{"email":"manager@test.com","level":"info","message":"User login successful","role":"Manager","service":"ehr-backend","timestamp":"2025-12-16 00:45:22","userId":"694010f164e175db036e35d0"}
{"email":"provider@test.com","level":"info","message":"User login successful","role":"Provider","service":"ehr-backend","timestamp":"2025-12-16 00:45:22","userId":"694010f164e175db036e35d3"}
{"email":"employee@test.com","level":"info","message":"User login successful","role":"Employee","service":"ehr-backend","timestamp":"2025-12-16 00:45:22","userId":"694010f164e175db036e35d5"}
{"email":"patient@test.com","level":"info","message":"User login successful","role":"Patient","service":"ehr-backend","timestamp":"2025-12-16 00:45:22","userId":"694010f164e175db036e35d7"}
{"level":"info","message":"Authorization check","method":"POST","path":"/register","requiredRoles":["Employee","Manager","Admin"],"service":"ehr-backend","timestamp":"2025-12-16 00:45:22","userId":"694010f064e175db036e35c9","userRole":"Admin"}
{"creatorId":"694010f064e175db036e35c9","creatorRole":"Admin","level":"info","message":"User registered successfully","newUserId":"694010f264e175db036e35e9","newUserRole":"Patient","service":"ehr-backend","timestamp":"2025-12-16 00:45:22"}
{"level":"info","message":"Authorization check","method":"POST","path":"/register","requiredRoles":["Employee","Manager","Admin"],"service":"ehr-backend","timestamp":"2025-12-16 00:45:22","userId":"694010f064e175db036e35c9","userRole":"Admin"}
{"creatorId":"694010f064e175db036e35c9","creatorRole":"Admin","level":"info","message":"User registered successfully","newUserId":"694010f264e175db036e35ee","newUserRole":"Provider","service":"ehr-backend","timestamp":"2025-12-16 00:45:22"}
{"level":"info","message":"Authorization check","method":"POST","path":"/register","requiredRoles":["Employee","Manager","Admin"],"service":"ehr-backend","timestamp":"2025-12-16 00:45:22","userId":"694010f064e175db036e35c9","userRole":"Admin"}
{"creatorId":"694010f064e175db036e35c9","creatorRole":"Admin","level":"info","message":"User registered successfully","newUserId":"694010f264e175db036e35f3","newUserRole":"Employee","service":"ehr-backend","timestamp":"2025-12-16 00:45:22"}
{"level":"info","message":"Authorization check","method":"POST","path":"/register","requiredRoles":["Employee","Manager","Admin"],"service":"ehr-backend","timestamp":"2025-12-16 00:45:22","userId":"694010f064e175db036e35c9","userRole":"Admin"}
{"creatorId":"694010f064e175db036e35c9","creatorRole":"Admin","level":"info","message":"User registered successfully","newUserId":"694010f264e175db036e35f8","newUserRole":"Manager","service":"ehr-backend","timestamp":"2025-12-16 00:45:22"}
{"email":"admin@test.com","level":"info","message":"User login successful","role":"Admin","service":"ehr-backend","timestamp":"2025-12-16 00:45:23","userId":"694010f264e175db036e3602"}
{"email":"manager@test.com","level":"info","message":"User login successful","role":"Manager","service":"ehr-backend","timestamp":"2025-12-16 00:45:23","userId":"694010f264e175db036e3604"}
{"email":"provider@test.com","level":"info","message":"User login successful","role":"Provider","service":"ehr-backend","timestamp":"2025-12-16 00:45:23","userId":"694010f364e175db036e3606"}
{"email":"employee@test.com","level":"info","message":"User login successful","role":"Employee","service":"ehr-backend","timestamp":"2025-12-16 00:45:23","userId":"694010f364e175db036e3608"}
{"email":"patient@test.com","level":"info","message":"User login successful","role":"Patient","service":"ehr-backend","timestamp":"2025-12-16 00:45:23","userId":"694010f364e175db036e360a"}
{"level":"info","message":"Authorization check","method":"POST","path":"/register","requiredRoles":["Employee","Manager","Admin"],"service":"ehr-backend","timestamp":"2025-12-16 00:45:23","userId":"694010f264e175db036e3604","userRole":"Manager"}
{"creatorId":"694010f264e175db036e3604","creatorRole":"Manager","level":"info","message":"User registered successfully","newUserId":"694010f364e175db036e361c","newUserRole":"Employee","service":"ehr-backend","timestamp":"2025-12-16 00:45:23"}
{"level":"info","message":"Authorization check","method":"POST","path":"/register","requiredRoles":["Employee","Manager","Admin"],"service":"ehr-backend","timestamp":"2025-12-16 00:45:23","userId":"694010f264e175db036e3604","userRole":"Manager"}
{"creatorId":"694010f264e175db036e3604","creatorRole":"Manager","level":"info","message":"User registered successfully","newUserId":"694010f364e175db036e3621","newUserRole":"Provider","service":"ehr-backend","timestamp":"2025-12-16 00:45:23"}
{"level":"info","message":"Authorization check","method":"POST","path":"/register","requiredRoles":["Employee","Manager","Admin"],"service":"ehr-backend","timestamp":"2025-12-16 00:45:23","userId":"694010f264e175db036e3604","userRole":"Manager"}
{"creatorId":"694010f264e175db036e3604","creatorRole":"Manager","level":"info","message":"User registered successfully","newUserId":"694010f364e175db036e3626","newUserRole":"Patient","service":"ehr-backend","timestamp":"2025-12-16 00:45:23"}
{"email":"admin@test.com","level":"info","message":"User login successful","role":"Admin","service":"ehr-backend","timestamp":"2025-12-16 00:45:24","userId":"694010f364e175db036e3630"}
{"email":"manager@test.com","level":"info","message":"User login successful","role":"Manager","service":"ehr-backend","timestamp":"2025-12-16 00:45:24","userId":"694010f364e175db036e3632"}
{"email":"provider@test.com","level":"info","message":"User login successful","role":"Provider","service":"ehr-backend","timestamp":"2025-12-16 00:45:24","userId":"694010f364e175db036e3634"}
{"email":"employee@test.com","level":"info","message":"User login successful","role":"Employee","service":"ehr-backend","timestamp":"2025-12-16 00:45:24","userId":"694010f464e175db036e3636"}
{"email":"patient@test.com","level":"info","message":"User login successful","role":"Patient","service":"ehr-backend","timestamp":"2025-12-16 00:45:24","userId":"694010f464e175db036e3638"}
{"level":"info","message":"Authorization check","method":"POST","path":"/register","requiredRoles":["Employee","Manager","Admin"],"service":"ehr-backend","timestamp":"2025-12-16 00:45:24","userId":"694010f364e175db036e3632","userRole":"Manager"}
{"creatorId":"694010f364e175db036e3632","creatorRole":"Manager","level":"warn","message":"Registration denied: Insufficient permissions","service":"ehr-backend","targetRole":"Manager","timestamp":"2025-12-16 00:45:24"}
{"email":"admin@test.com","level":"info","message":"User login successful","role":"Admin","service":"ehr-backend","timestamp":"2025-12-16 00:45:25","userId":"694010f464e175db036e364f"}
{"email":"manager@test.com","level":"info","message":"User login successful","role":"Manager","service":"ehr-backend","timestamp":"2025-12-16 00:45:25","userId":"694010f464e175db036e3651"}
{"email":"provider@test.com","level":"info","message":"User login successful","role":"Provider","service":"ehr-backend","timestamp":"2025-12-16 00:45:25","userId":"694010f464e175db036e3653"}
{"email":"employee@test.com","level":"info","message":"User login successful","role":"Employee","service":"ehr-backend","timestamp":"2025-12-16 00:45:25","userId":"694010f464e175db036e3655"}
{"email":"patient@test.com","level":"info","message":"User login successful","role":"Patient","service":"ehr-backend","timestamp":"2025-12-16 00:45:25","userId":"694010f464e175db036e3657"}
{"level":"info","message":"Authorization check","method":"POST","path":"/register","requiredRoles":["Employee","Manager","Admin"],"service":"ehr-backend","timestamp":"2025-12-16 00:45:25","userId":"694010f464e175db036e3655","userRole":"Employee"}
{"creatorId":"694010f464e175db036e3655","creatorRole":"Employee","level":"info","message":"User registered successfully","newUserId":"694010f564e175db036e3669","newUserRole":"Patient","service":"ehr-backend","timestamp":"2025-12-16 00:45:25"}
{"email":"admin@test.com","level":"info","message":"User login successful","role":"Admin","service":"ehr-backend","timestamp":"2025-12-16 00:45:25","userId":"694010f564e175db036e3673"}
{"email":"manager@test.com","level":"info","message":"User login successful","role":"Manager","service":"ehr-backend","timestamp":"2025-12-16 00:45:26","userId":"694010f564e175db036e3675"}
{"email":"provider@test.com","level":"info","message":"User login successful","role":"Provider","service":"ehr-backend","timestamp":"2025-12-16 00:45:26","userId":"694010f564e175db036e3677"}
{"email":"employee@test.com","level":"info","message":"User login successful","role":"Employee","service":"ehr-backend","timestamp":"2025-12-16 00:45:26","userId":"694010f564e175db036e3679"}
{"email":"patient@test.com","level":"info","message":"User login successful","role":"Patient","service":"ehr-backend","timestamp":"2025-12-16 00:45:26","userId":"694010f564e175db036e367b"}
{"level":"info","message":"Authorization check","method":"POST","path":"/register","requiredRoles":["Employee","Manager","Admin"],"service":"ehr-backend","timestamp":"2025-12-16 00:45:26","userId":"694010f564e175db036e3679","userRole":"Employee"}
{"creatorId":"694010f564e175db036e3679","creatorRole":"Employee","level":"warn","message":"Registration denied: Insufficient permissions","service":"ehr-backend","targetRole":"Provider","timestamp":"2025-12-16 00:45:26"}
{"email":"admin@test.com","level":"info","message":"User login successful","role":"Admin","service":"ehr-backend","timestamp":"2025-12-16 00:45:26","userId":"694010f664e175db036e3692"}
{"email":"manager@test.com","level":"info","message":"User login successful","role":"Manager","service":"ehr-backend","timestamp":"2025-12-16 00:45:26","userId":"694010f664e175db036e3694"}
{"email":"provider@test.com","level":"info","message":"User login successful","role":"Provider","service":"ehr-backend","timestamp":"2025-12-16 00:45:26","userId":"694010f664e175db036e3696"}
{"email":"employee@test.com","level":"info","message":"User login successful","role":"Employee","service":"ehr-backend","timestamp":"2025-12-16 00:45:26","userId":"694010f664e175db036e3698"}
{"email":"patient@test.com","level":"info","message":"User login successful","role":"Patient","service":"ehr-backend","timestamp":"2025-12-16 00:45:26","userId":"694010f664e175db036e369a"}
{"level":"info","message":"Authorization check","method":"POST","path":"/register","requiredRoles":["Employee","Manager","Admin"],"service":"ehr-backend","timestamp":"2025-12-16 00:45:26","userId":"694010f664e175db036e3698","userRole":"Employee"}
{"creatorId":"694010f664e175db036e3698","creatorRole":"Employee","level":"warn","message":"Registration denied: Insufficient permissions","service":"ehr-backend","targetRole":"Employee","timestamp":"2025-12-16 00:45:26"}
{"email":"admin@test.com","level":"info","message":"User login successful","role":"Admin","service":"ehr-backend","timestamp":"2025-12-16 00:45:27","userId":"694010f764e175db036e36b1"}
{"email":"manager@test.com","level":"info","message":"User login successful","role":"Manager","service":"ehr-backend","timestamp":"2025-12-16 00:45:27","userId":"694010f764e175db036e36b3"}
{"email":"provider@test.com","level":"info","message":"User login successful","role":"Provider","service":"ehr-backend","timestamp":"2025-12-16 00:45:27","userId":"694010f764e175db036e36b5"}
{"email":"employee@test.com","level":"info","message":"User login successful","role":"Employee","service":"ehr-backend","timestamp":"2025-12-16 00:45:27","userId":"694010f764e175db036e36b7"}
{"email":"patient@test.com","level":"info","message":"User login successful","role":"Patient","service":"ehr-backend","timestamp":"2025-12-16 00:45:27","userId":"694010f764e175db036e36b9"}
{"level":"info","message":"Authorization check","method":"POST","path":"/register","requiredRoles":["Employee","Manager","Admin"],"service":"ehr-backend","timestamp":"2025-12-16 00:45:27","userId":"694010f764e175db036e36b5","userRole":"Provider"}
{"level":"warn","message":"Authorization denied: Insufficient permissions","method":"POST","path":"/register","requiredRoles":["Employee","Manager","Admin"],"service":"ehr-backend","timestamp":"2025-12-16 00:45:27","userId":"694010f764e175db036e36b5","userRole":"Provider"}
{"email":"admin@test.com","level":"info","message":"User login successful","role":"Admin","service":"ehr-backend","timestamp":"2025-12-16 00:45:28","userId":"694010f764e175db036e36d2"}
{"email":"manager@test.com","level":"info","message":"User login successful","role":"Manager","service":"ehr-backend","timestamp":"2025-12-16 00:45:28","userId":"694010f764e175db036e36d4"}
{"email":"provider@test.com","level":"info","message":"User login successful","role":"Provider","service":"ehr-backend","timestamp":"2025-12-16 00:45:28","userId":"694010f764e175db036e36d6"}
{"email":"employee@test.com","level":"info","message":"User login successful","role":"Employee","service":"ehr-backend","timestamp":"2025-12-16 00:45:28","userId":"694010f764e175db036e36d8"}
{"email":"patient@test.com","level":"info","message":"User login successful","role":"Patient","service":"ehr-backend","timestamp":"2025-12-16 00:45:28","userId":"694010f764e175db036e36da"}
{"level":"info","message":"Authorization check","method":"POST","path":"/register","requiredRoles":["Employee","Manager","Admin"],"service":"ehr-backend","timestamp":"2025-12-16 00:45:28","userId":"694010f764e175db036e36da","userRole":"Patient"}
{"level":"warn","message":"Authorization denied: Insufficient permissions","method":"POST","path":"/register","requiredRoles":["Employee","Manager","Admin"],"service":"ehr-backend","timestamp":"2025-12-16 00:45:28","userId":"694010f764e175db036e36da","userRole":"Patient"}
{"email":"admin@test.com","level":"info","message":"User login successful","role":"Admin","service":"ehr-backend","timestamp":"2025-12-16 00:45:28","userId":"694010f864e175db036e36f3"}
{"email":"manager@test.com","level":"info","message":"User login successful","role":"Manager","service":"ehr-backend","timestamp":"2025-12-16 00:45:28","userId":"694010f864e175db036e36f5"}
{"email":"provider@test.com","level":"info","message":"User login successful","role":"Provider","service":"ehr-backend","timestamp":"2025-12-16 00:45:28","userId":"694010f864e175db036e36f7"}
{"email":"employee@test.com","level":"info","message":"User login successful","role":"Employee","service":"ehr-backend","timestamp":"2025-12-16 00:45:28","userId":"694010f864e175db036e36f9"}
{"email":"patient@test.com","level":"info","message":"User login successful","role":"Patient","service":"ehr-backend","timestamp":"2025-12-16 00:45:29","userId":"694010f864e175db036e36fb"}
{"level":"info","message":"Authorization check","method":"GET","path":"/audit-logs","requiredRoles":["Admin"],"service":"ehr-backend","timestamp":"2025-12-16 00:45:29","userId":"694010f864e175db036e36f3","userRole":"Admin"}
{"level":"info","message":"Admin 694010f864e175db036e36f3 retrieved 5 audit logs","service":"ehr-backend","timestamp":"2025-12-16 00:45:29"}
{"email":"admin@test.com","level":"info","message":"User login successful","role":"Admin","service":"ehr-backend","timestamp":"2025-12-16 00:45:29","userId":"694010f964e175db036e3713"}
{"email":"manager@test.com","level":"info","message":"User login successful","role":"Manager","service":"ehr-backend","timestamp":"2025-12-16 00:45:29","userId":"694010f964e175db036e3715"}
{"email":"provider@test.com","level":"info","message":"User login successful","role":"Provider","service":"ehr-backend","timestamp":"2025-12-16 00:45:29","userId":"694010f964e175db036e3717"}
{"email":"employee@test.com","level":"info","message":"User login successful","role":"Employee","service":"ehr-backend","timestamp":"2025-12-16 00:45:29","userId":"694010f964e175db036e3719"}
{"email":"patient@test.com","level":"info","message":"User login successful","role":"Patient","service":"ehr-backend","timestamp":"2025-12-16 00:45:29","userId":"694010f964e175db036e371b"}
{"level":"info","message":"Authorization check","method":"GET","path":"/audit-logs","requiredRoles":["Admin"],"service":"ehr-backend","timestamp":"2025-12-16 00:45:29","userId":"694010f964e175db036e3715","userRole":"Manager"}
{"level":"warn","message":"Authorization denied: Insufficient permissions","method":"GET","path":"/audit-logs","requiredRoles":["Admin"],"service":"ehr-backend","timestamp":"2025-12-16 00:45:29","userId":"694010f964e175db036e3715","userRole":"Manager"}
{"email":"admin@test.com","level":"info","message":"User login successful","role":"Admin","service":"ehr-backend","timestamp":"2025-12-16 00:45:30","userId":"694010f964e175db036e3734"}
{"email":"manager@test.com","level":"info","message":"User login successful","role":"Manager","service":"ehr-backend","timestamp":"2025-12-16 00:45:30","userId":"694010f964e175db036e3736"}
{"email":"provider@test.com","level":"info","message":"User login successful","role":"Provider","service":"ehr-backend","timestamp":"2025-12-16 00:45:30","userId":"694010f964e175db036e3738"}
{"email":"employee@test.com","level":"info","message":"User login successful","role":"Employee","service":"ehr-backend","timestamp":"2025-12-16 00:45:30","userId":"694010f964e175db036e373a"}
{"email":"patient@test.com","level":"info","message":"User login successful","role":"Patient","service":"ehr-backend","timestamp":"2025-12-16 00:45:30","userId":"694010fa64e175db036e373c"}
{"level":"info","message":"Authorization check","method":"GET","path":"/audit-logs","requiredRoles":["Admin"],"service":"ehr-backend","timestamp":"2025-12-16 00:45:30","userId":"694010f964e175db036e3738","userRole":"Provider"}
{"level":"warn","message":"Authorization denied: Insufficient permissions","method":"GET","path":"/audit-logs","requiredRoles":["Admin"],"service":"ehr-backend","timestamp":"2025-12-16 00:45:30","userId":"694010f964e175db036e3738","userRole":"Provider"}
{"email":"admin@test.com","level":"info","message":"User login successful","role":"Admin","service":"ehr-backend","timestamp":"2025-12-16 00:45:30","userId":"694010fa64e175db036e3755"}
{"email":"manager@test.com","level":"info","message":"User login successful","role":"Manager","service":"ehr-backend","timestamp":"2025-12-16 00:45:30","userId":"694010fa64e175db036e3757"}
{"email":"provider@test.com","level":"info","message":"User login successful","role":"Provider","service":"ehr-backend","timestamp":"2025-12-16 00:45:31","userId":"694010fa64e175db036e3759"}
{"email":"employee@test.com","level":"info","message":"User login successful","role":"Employee","service":"ehr-backend","timestamp":"2025-12-16 00:45:31","userId":"694010fa64e175db036e375b"}
{"email":"patient@test.com","level":"info","message":"User login successful","role":"Patient","service":"ehr-backend","timestamp":"2025-12-16 00:45:31","userId":"694010fa64e175db036e375d"}
{"level":"info","message":"Authorization check","method":"GET","path":"/audit-logs","requiredRoles":["Admin"],"service":"ehr-backend","timestamp":"2025-12-16 00:45:31","userId":"694010fa64e175db036e375b","userRole":"Employee"}
{"level":"warn","message":"Authorization denied: Insufficient permissions","method":"GET","path":"/audit-logs","requiredRoles":["Admin"],"service":"ehr-backend","timestamp":"2025-12-16 00:45:31","userId":"694010fa64e175db036e375b","userRole":"Employee"}
{"email":"admin@test.com","level":"info","message":"User login successful","role":"Admin","service":"ehr-backend","timestamp":"2025-12-16 00:45:31","userId":"694010fb64e175db036e3776"}
{"email":"manager@test.com","level":"info","message":"User login successful","role":"Manager","service":"ehr-backend","timestamp":"2025-12-16 00:45:31","userId":"694010fb64e175db036e3778"}
{"email":"provider@test.com","level":"info","message":"User login successful","role":"Provider","service":"ehr-backend","timestamp":"2025-12-16 00:45:31","userId":"694010fb64e175db036e377a"}
{"email":"employee@test.com","level":"info","message":"User login successful","role":"Employee","service":"ehr-backend","timestamp":"2025-12-16 00:45:31","userId":"694010fb64e175db036e377c"}
{"email":"patient@test.com","level":"info","message":"User login successful","role":"Patient","service":"ehr-backend","timestamp":"2025-12-16 00:45:31","userId":"694010fb64e175db036e377e"}
{"level":"info","message":"Authorization check","method":"GET","path":"/audit-logs","requiredRoles":["Admin"],"service":"ehr-backend","timestamp":"2025-12-16 00:45:31","userId":"694010fb64e175db036e377e","userRole":"Patient"}
{"level":"warn","message":"Authorization denied: Insufficient permissions","method":"GET","path":"/audit-logs","requiredRoles":["Admin"],"service":"ehr-backend","timestamp":"2025-12-16 00:45:31","userId":"694010fb64e175db036e377e","userRole":"Patient"}
{"email":"admin@test.com","level":"info","message":"User login successful","role":"Admin","service":"ehr-backend","timestamp":"2025-12-16 00:45:32","userId":"694010fb64e175db036e3797"}
{"email":"manager@test.com","level":"info","message":"User login successful","role":"Manager","service":"ehr-backend","timestamp":"2025-12-16 00:45:32","userId":"694010fb64e175db036e3799"}
{"email":"provider@test.com","level":"info","message":"User login successful","role":"Provider","service":"ehr-backend","timestamp":"2025-12-16 00:45:32","userId":"694010fc64e175db036e379b"}
{"email":"employee@test.com","level":"info","message":"User login successful","role":"Employee","service":"ehr-backend","timestamp":"2025-12-16 00:45:32","userId":"694010fc64e175db036e379d"}
{"email":"patient@test.com","level":"info","message":"User login successful","role":"Patient","service":"ehr-backend","timestamp":"2025-12-16 00:45:32","userId":"694010fc64e175db036e379f"}
{"level":"info","message":"Authorization check","method":"POST","path":"/assign-patient","requiredRoles":["Admin","Manager"],"service":"ehr-backend","timestamp":"2025-12-16 00:45:32","userId":"694010fb64e175db036e3797","userRole":"Admin"}
{"level":"info","message":"Patient 694010fc64e175db036e379f assigned to Provider 694010fc64e175db036e379b by Admin 694010fb64e175db036e3797","service":"ehr-backend","timestamp":"2025-12-16 00:45:32"}
{"email":"admin@test.com","level":"info","message":"User login successful","role":"Admin","service":"ehr-backend","timestamp":"2025-12-16 00:45:33","userId":"694010fc64e175db036e37ba"}
{"email":"manager@test.com","level":"info","message":"User login successful","role":"Manager","service":"ehr-backend","timestamp":"2025-12-16 00:45:33","userId":"694010fc64e175db036e37bc"}
{"email":"provider@test.com","level":"info","message":"User login successful","role":"Provider","service":"ehr-backend","timestamp":"2025-12-16 00:45:33","userId":"694010fc64e175db036e37be"}
{"email":"employee@test.com","level":"info","message":"User login successful","role":"Employee","service":"ehr-backend","timestamp":"2025-12-16 00:45:33","userId":"694010fc64e175db036e37c0"}
{"email":"patient@test.com","level":"info","message":"User login successful","role":"Patient","service":"ehr-backend","timestamp":"2025-12-16 00:45:33","userId":"694010fc64e175db036e37c2"}
{"level":"info","message":"Authorization check","method":"POST","path":"/assign-patient","requiredRoles":["Admin","Manager"],"service":"ehr-backend","timestamp":"2025-12-16 00:45:33","userId":"694010fc64e175db036e37bc","userRole":"Manager"}
{"level":"info","message":"Patient 694010fc64e175db036e37c2 assigned to Provider 694010fc64e175db036e37be by Admin 694010fc64e175db036e37bc","service":"ehr-backend","timestamp":"2025-12-16 00:45:33"}
{"email":"admin@test.com","level":"info","message":"User login successful","role":"Admin","service":"ehr-backend","timestamp":"2025-12-16 00:45:33","userId":"694010fd64e175db036e37dd"}
{"email":"manager@test.com","level":"info","message":"User login successful","role":"Manager","service":"ehr-backend","timestamp":"2025-12-16 00:45:33","userId":"694010fd64e175db036e37df"}
{"email":"provider@test.com","level":"info","message":"User login successful","role":"Provider","service":"ehr-backend","timestamp":"2025-12-16 00:45:33","userId":"694010fd64e175db036e37e1"}
{"email":"employee@test.com","level":"info","message":"User login successful","role":"Employee","service":"ehr-backend","timestamp":"2025-12-16 00:45:33","userId":"694010fd64e175db036e37e3"}
{"email":"patient@test.com","level":"info","message":"User login successful","role":"Patient","service":"ehr-backend","timestamp":"2025-12-16 00:45:33","userId":"694010fd64e175db036e37e5"}
{"email":"admin@test.com","level":"info","message":"User login successful","role":"Admin","service":"ehr-backend","timestamp":"2025-12-16 00:45:41","userId":"69401103d0f8561818faadf0"}
{"email":"manager@test.com","level":"info","message":"User login successful","role":"Manager","service":"ehr-backend","timestamp":"2025-12-16 00:45:41","userId":"69401105d0f8561818faadf8"}
{"email":"provider@test.com","level":"info","message":"User login successful","role":"Provider","service":"ehr-backend","timestamp":"2025-12-16 00:45:41","userId":"69401105d0f8561818faadfa"}
{"email":"assigned@test.com","level":"info","message":"User login successful","role":"Patient","service":"ehr-backend","timestamp":"2025-12-16 00:45:41","userId":"69401105d0f8561818faadfe"}
{"creatorId":"69401105d0f8561818faadfa","level":"info","message":"Record created successfully","patientId":"69401105d0f8561818faadfe","recordId":"69401105d0f8561818faae0e","service":"ehr-backend","timestamp":"2025-12-16 00:45:41"}
{"email":"admin@test.com","level":"info","message":"User login successful","role":"Admin","service":"ehr-backend","timestamp":"2025-12-16 00:45:42","userId":"69401105d0f8561818faae18"}
{"email":"manager@test.com","level":"info","message":"User login successful","role":"Manager","service":"ehr-backend","timestamp":"2025-12-16 00:45:42","userId":"69401105d0f8561818faae1a"}
{"email":"provider@test.com","level":"info","message":"User login successful","role":"Provider","service":"ehr-backend","timestamp":"2025-12-16 00:45:42","userId":"69401105d0f8561818faae1c"}
{"email":"assigned@test.com","level":"info","message":"User login successful","role":"Patient","service":"ehr-backend","timestamp":"2025-12-16 00:45:42","userId":"69401105d0f8561818faae20"}
{"email":"admin@test.com","level":"info","message":"User login successful","role":"Admin","service":"ehr-backend","timestamp":"2025-12-16 00:45:42","userId":"69401106d0f8561818faae36"}
{"email":"manager@test.com","level":"info","message":"User login successful","role":"Manager","service":"ehr-backend","timestamp":"2025-12-16 00:45:42","userId":"69401106d0f8561818faae38"}
{"email":"provider@test.com","level":"info","message":"User login successful","role":"Provider","service":"ehr-backend","timestamp":"2025-12-16 00:45:42","userId":"69401106d0f8561818faae3a"}
{"email":"assigned@test.com","level":"info","message":"User login successful","role":"Patient","service":"ehr-backend","timestamp":"2025-12-16 00:45:42","userId":"69401106d0f8561818faae3e"}
{"creatorId":"69401106d0f8561818faae38","level":"info","message":"Record created successfully","patientId":"69401106d0f8561818faae3c","recordId":"69401106d0f8561818faae4d","service":"ehr-backend","timestamp":"2025-12-16 00:45:42"}
{"email":"admin@test.com","level":"info","message":"User login successful","role":"Admin","service":"ehr-backend","timestamp":"2025-12-16 00:45:43","userId":"69401106d0f8561818faae57"}
{"email":"manager@test.com","level":"info","message":"User login successful","role":"Manager","service":"ehr-backend","timestamp":"2025-12-16 00:45:43","userId":"69401107d0f8561818faae59"}
{"email":"provider@test.com","level":"info","message":"User login successful","role":"Provider","service":"ehr-backend","timestamp":"2025-12-16 00:45:43","userId":"69401107d0f8561818faae5b"}
{"email":"assigned@test.com","level":"info","message":"User login successful","role":"Patient","service":"ehr-backend","timestamp":"2025-12-16 00:45:43","userId":"69401107d0f8561818faae5f"}
{"email":"admin@test.com","level":"info","message":"User login successful","role":"Admin","service":"ehr-backend","timestamp":"2025-12-16 00:45:43","userId":"69401107d0f8561818faae74"}
{"email":"manager@test.com","level":"info","message":"User login successful","role":"Manager","service":"ehr-backend","timestamp":"2025-12-16 00:45:44","userId":"69401107d0f8561818faae76"}
{"email":"provider@test.com","level":"info","message":"User login successful","role":"Provider","service":"ehr-backend","timestamp":"2025-12-16 00:45:44","userId":"69401107d0f8561818faae78"}
{"email":"assigned@test.com","level":"info","message":"User login successful","role":"Patient","service":"ehr-backend","timestamp":"2025-12-16 00:45:44","userId":"69401107d0f8561818faae7c"}
{"email":"admin@test.com","level":"info","message":"User login successful","role":"Admin","service":"ehr-backend","timestamp":"2025-12-16 00:45:44","userId":"69401108d0f8561818faae91"}
{"email":"manager@test.com","level":"info","message":"User login successful","role":"Manager","service":"ehr-backend","timestamp":"2025-12-16 00:45:44","userId":"69401108d0f8561818faae93"}
{"email":"provider@test.com","level":"info","message":"User login successful","role":"Provider","service":"ehr-backend","timestamp":"2025-12-16 00:45:44","userId":"69401108d0f8561818faae95"}
{"email":"assigned@test.com","level":"info","message":"User login successful","role":"Patient","service":"ehr-backend","timestamp":"2025-12-16 00:45:44","userId":"69401108d0f8561818faae99"}
{"email":"admin@test.com","level":"info","message":"User login successful","role":"Admin","service":"ehr-backend","timestamp":"2025-12-16 00:45:45","userId":"69401108d0f8561818faaeae"}
{"email":"manager@test.com","level":"info","message":"User login successful","role":"Manager","service":"ehr-backend","timestamp":"2025-12-16 00:45:45","userId":"69401108d0f8561818faaeb0"}
{"email":"provider@test.com","level":"info","message":"User login successful","role":"Provider","service":"ehr-backend","timestamp":"2025-12-16 00:45:45","userId":"69401108d0f8561818faaeb2"}
{"email":"assigned@test.com","level":"info","message":"User login successful","role":"Patient","service":"ehr-backend","timestamp":"2025-12-16 00:45:45","userId":"69401109d0f8561818faaeb6"}
{"creatorId":"69401108d0f8561818faaeb2","level":"info","message":"Record created successfully","patientId":"69401109d0f8561818faaeb6","recordId":"69401109d0f8561818faaec6","service":"ehr-backend","timestamp":"2025-12-16 00:45:45"}
{"email":"admin@test.com","level":"info","message":"User login successful","role":"Admin","service":"ehr-backend","timestamp":"2025-12-16 00:45:45","userId":"69401109d0f8561818faaed0"}
{"email":"manager@test.com","level":"info","message":"User login successful","role":"Manager","service":"ehr-backend","timestamp":"2025-12-16 00:45:45","userId":"69401109d0f8561818faaed2"}
{"email":"provider@test.com","level":"info","message":"User login successful","role":"Provider","service":"ehr-backend","timestamp":"2025-12-16 00:45:45","userId":"69401109d0f8561818faaed4"}
{"email":"assigned@test.com","level":"info","message":"User login successful","role":"Patient","service":"ehr-backend","timestamp":"2025-12-16 00:45:46","userId":"69401109d0f8561818faaed8"}
{"level":"info","managerId":"69401109d0f8561818faaed2","message":"All records retrieved","recordCount":1,"service":"ehr-backend","timestamp":"2025-12-16 00:45:46"}
{"email":"admin@test.com","level":"info","message":"User login successful","role":"Admin","service":"ehr-backend","timestamp":"2025-12-16 00:45:46","userId":"6940110ad0f8561818faaef3"}
{"email":"manager@test.com","level":"info","message":"User login successful","role":"Manager","service":"ehr-backend","timestamp":"2025-12-16 00:45:46","userId":"6940110ad0f8561818faaef5"}
{"email":"provider@test.com","level":"info","message":"User login successful","role":"Provider","service":"ehr-backend","timestamp":"2025-12-16 00:45:46","userId":"6940110ad0f8561818faaef7"}
{"email":"assigned@test.com","level":"info","message":"User login successful","role":"Patient","service":"ehr-backend","timestamp":"2025-12-16 00:45:46","userId":"6940110ad0f8561818faaefb"}
{"email":"admin@test.com","level":"info","message":"User login successful","role":"Admin","service":"ehr-backend","timestamp":"2025-12-16 00:45:47","userId":"6940110ad0f8561818faaf10"}
{"email":"manager@test.com","level":"info","message":"User login successful","role":"Manager","service":"ehr-backend","timestamp":"2025-12-16 00:45:47","userId":"6940110ad0f8561818faaf12"}
{"email":"provider@test.com","level":"info","message":"User login successful","role":"Provider","service":"ehr-backend","timestamp":"2025-12-16 00:45:47","userId":"6940110ad0f8561818faaf14"}
{"email":"assigned@test.com","level":"info","message":"User login successful","role":"Patient","service":"ehr-backend","timestamp":"2025-12-16 00:45:47","userId":"6940110ad0f8561818faaf18"}
{"email":"admin@test.com","level":"info","message":"User login successful","role":"Admin","service":"ehr-backend","timestamp":"2025-12-16 00:45:47","userId":"6940110bd0f8561818faaf2d"}
{"email":"manager@test.com","level":"info","message":"User login successful","role":"Manager","service":"ehr-backend","timestamp":"2025-12-16 00:45:47","userId":"6940110bd0f8561818faaf2f"}
{"email":"provider@test.com","level":"info","message":"User login successful","role":"Provider","service":"ehr-backend","timestamp":"2025-12-16 00:45:47","userId":"6940110bd0f8561818faaf31"}
{"email":"assigned@test.com","level":"info","message":"User login successful","role":"Patient","service":"ehr-backend","timestamp":"2025-12-16 00:45:47","userId":"6940110bd0f8561818faaf35"}
{"error":"Cast to ObjectId failed for value \"my-records\" (type string) at path \"_id\" for model \"PatientRecord\"","level":"error","message":"Error retrieving record by ID","recordId":"my-records","service":"ehr-backend","timestamp":"2025-12-16 00:45:47","userId":"6940110bd0f8561818faaf35"}
{"email":"admin@test.com","level":"info","message":"User login successful","role":"Admin","service":"ehr-backend","timestamp":"2025-12-16 00:45:48","userId":"6940110bd0f8561818faaf4c"}
{"email":"manager@test.com","level":"info","message":"User login successful","role":"Manager","service":"ehr-backend","timestamp":"2025-12-16 00:45:48","userId":"6940110cd0f8561818faaf4e"}
{"email":"provider@test.com","level":"info","message":"User login successful","role":"Provider","service":"ehr-backend","timestamp":"2025-12-16 00:45:48","userId":"6940110cd0f8561818faaf50"}
{"email":"assigned@test.com","level":"info","message":"User login successful","role":"Patient","service":"ehr-backend","timestamp":"2025-12-16 00:45:48","userId":"6940110cd0f8561818faaf54"}
{"error":"Cast to ObjectId failed for value \"my-records\" (type string) at path \"_id\" for model \"PatientRecord\"","level":"error","message":"Error retrieving record by ID","recordId":"my-records","service":"ehr-backend","timestamp":"2025-12-16 00:45:48","userId":"6940110cd0f8561818faaf54"}
{"email":"admin@test.com","level":"info","message":"User login successful","role":"Admin","service":"ehr-backend","timestamp":"2025-12-16 00:45:48","userId":"6940110cd0f8561818faaf6d"}
{"email":"manager@test.com","level":"info","message":"User login successful","role":"Manager","service":"ehr-backend","timestamp":"2025-12-16 00:45:49","userId":"6940110cd0f8561818faaf6f"}
{"email":"provider@test.com","level":"info","message":"User login successful","role":"Provider","service":"ehr-backend","timestamp":"2025-12-16 00:45:49","userId":"6940110cd0f8561818faaf71"}
{"email":"assigned@test.com","level":"info","message":"User login successful","role":"Patient","service":"ehr-backend","timestamp":"2025-12-16 00:45:49","userId":"6940110cd0f8561818faaf75"}
{"error":"Cast to ObjectId failed for value \"my-records\" (type string) at path \"_id\" for model \"PatientRecord\"","level":"error","message":"Error retrieving record by ID","recordId":"my-records","service":"ehr-backend","timestamp":"2025-12-16 00:45:49","userId":"6940110cd0f8561818faaf71"}
{"email":"admin@test.com","level":"info","message":"User login successful","role":"Admin","service":"ehr-backend","timestamp":"2025-12-16 00:45:49","userId":"6940110dd0f8561818faaf8c"}
{"email":"manager@test.com","level":"info","message":"User login successful","role":"Manager","service":"ehr-backend","timestamp":"2025-12-16 00:45:49","userId":"6940110dd0f8561818faaf8e"}
{"email":"provider@test.com","level":"info","message":"User login successful","role":"Provider","service":"ehr-backend","timestamp":"2025-12-16 00:45:49","userId":"6940110dd0f8561818faaf90"}
{"email":"assigned@test.com","level":"info","message":"User login successful","role":"Patient","service":"ehr-backend","timestamp":"2025-12-16 00:45:49","userId":"6940110dd0f8561818faaf94"}
{"level":"info","message":"Record retrieved by ID","recordId":"6940110dd0f8561818faafa3","service":"ehr-backend","timestamp":"2025-12-16 00:45:49","userId":"6940110dd0f8561818faaf90"}
{"email":"admin@test.com","level":"info","message":"User login successful","role":"Admin","service":"ehr-backend","timestamp":"2025-12-16 00:45:50","userId":"6940110dd0f8561818faafaf"}
{"email":"manager@test.com","level":"info","message":"User login successful","role":"Manager","service":"ehr-backend","timestamp":"2025-12-16 00:45:50","userId":"6940110dd0f8561818faafb1"}
{"email":"provider@test.com","level":"info","message":"User login successful","role":"Provider","service":"ehr-backend","timestamp":"2025-12-16 00:45:50","userId":"6940110ed0f8561818faafb3"}
{"email":"assigned@test.com","level":"info","message":"User login successful","role":"Patient","service":"ehr-backend","timestamp":"2025-12-16 00:45:50","userId":"6940110ed0f8561818faafb7"}
{"level":"info","message":"Record retrieved by ID","recordId":"6940110ed0f8561818faafc6","service":"ehr-backend","timestamp":"2025-12-16 00:45:50","userId":"6940110ed0f8561818faafb7"}
{"email":"admin@test.com","level":"info","message":"User login successful","role":"Admin","service":"ehr-backend","timestamp":"2025-12-16 00:45:50","userId":"6940110ed0f8561818faafd2"}
{"email":"manager@test.com","level":"info","message":"User login successful","role":"Manager","service":"ehr-backend","timestamp":"2025-12-16 00:45:50","userId":"6940110ed0f8561818faafd4"}
{"email":"provider@test.com","level":"info","message":"User login successful","role":"Provider","service":"ehr-backend","timestamp":"2025-12-16 00:45:51","userId":"6940110ed0f8561818faafd6"}
{"email":"assigned@test.com","level":"info","message":"User login successful","role":"Patient","service":"ehr-backend","timestamp":"2025-12-16 00:45:51","userId":"6940110ed0f8561818faafda"}
{"level":"info","message":"Record retrieved by ID","recordId":"6940110fd0f8561818faafe9","service":"ehr-backend","timestamp":"2025-12-16 00:45:51","userId":"6940110ed0f8561818faafd4"}
{"email":"admin@test.com","level":"info","message":"User login successful","role":"Admin","service":"ehr-backend","timestamp":"2025-12-16 00:45:51","userId":"6940110fd0f8561818faaff5"}
{"email":"manager@test.com","level":"info","message":"User login successful","role":"Manager","service":"ehr-backend","timestamp":"2025-12-16 00:45:51","userId":"6940110fd0f8561818faaff7"}
{"email":"provider@test.com","level":"info","message":"User login successful","role":"Provider","service":"ehr-backend","timestamp":"2025-12-16 00:45:51","userId":"6940110fd0f8561818faaff9"}
{"email":"assigned@test.com","level":"info","message":"User login successful","role":"Patient","service":"ehr-backend","timestamp":"2025-12-16 00:45:51","userId":"6940110fd0f8561818faaffd"}
{"email":"admin@test.com","level":"info","message":"User login successful","role":"Admin","service":"ehr-backend","timestamp":"2025-12-16 00:45:52","userId":"6940110fd0f8561818fab018"}
{"email":"manager@test.com","level":"info","message":"User login successful","role":"Manager","service":"ehr-backend","timestamp":"2025-12-16 00:45:52","userId":"6940110fd0f8561818fab01a"}
{"email":"provider@test.com","level":"info","message":"User login successful","role":"Provider","service":"ehr-backend","timestamp":"2025-12-16 00:45:52","userId":"6940110fd0f8561818fab01c"}
{"email":"assigned@test.com","level":"info","message":"User login successful","role":"Patient","service":"ehr-backend","timestamp":"2025-12-16 00:45:52","userId":"69401110d0f8561818fab020"}
{"email":"admin@test.com","level":"info","message":"User login successful","role":"Admin","service":"ehr-backend","timestamp":"2025-12-16 00:45:52","userId":"69401110d0f8561818fab038"}
{"email":"manager@test.com","level":"info","message":"User login successful","role":"Manager","service":"ehr-backend","timestamp":"2025-12-16 00:45:52","userId":"69401110d0f8561818fab03a"}
{"email":"provider@test.com","level":"info","message":"User login successful","role":"Provider","service":"ehr-backend","timestamp":"2025-12-16 00:45:52","userId":"69401110d0f8561818fab03c"}
{"email":"assigned@test.com","level":"info","message":"User login successful","role":"Patient","service":"ehr-backend","timestamp":"2025-12-16 00:45:53","userId":"69401110d0f8561818fab040"}
{"email":"admin@test.com","level":"info","message":"User login successful","role":"Admin","service":"ehr-backend","timestamp":"2025-12-16 00:45:53","userId":"69401111d0f8561818fab055"}
{"email":"manager@test.com","level":"info","message":"User login successful","role":"Manager","service":"ehr-backend","timestamp":"2025-12-16 00:45:53","userId":"69401111d0f8561818fab057"}
{"email":"provider@test.com","level":"info","message":"User login successful","role":"Provider","service":"ehr-backend","timestamp":"2025-12-16 00:45:53","userId":"69401111d0f8561818fab059"}
{"email":"assigned@test.com","level":"info","message":"User login successful","role":"Patient","service":"ehr-backend","timestamp":"2025-12-16 00:45:53","userId":"69401111d0f8561818fab05d"}
{"email":"admin@test.com","level":"info","message":"User login successful","role":"Admin","service":"ehr-backend","timestamp":"2025-12-16 00:45:54","userId":"69401111d0f8561818fab074"}
{"level":"info","message":"Health check performed","service":"ehr-backend","services":{"api":"operational","mongodb":"connected"},"status":"unhealthy","timestamp":"2025-12-16 00:45:57"}
{"level":"info","message":"Health check performed","service":"ehr-backend","services":{"api":"operational","mongodb":"connected"},"status":"unhealthy","timestamp":"2025-12-16 00:45:57"}
{"level":"info","message":"Health check performed","service":"ehr-backend","services":{"api":"operational","mongodb":"connected"},"status":"unhealthy","timestamp":"2025-12-16 00:45:57"}
{"level":"info","message":"Health check performed","service":"ehr-backend","services":{"api":"operational","mongodb":"connected"},"status":"unhealthy","timestamp":"2025-12-16 00:45:57"}
{"level":"info","message":"Health check performed","service":"ehr-backend","services":{"api":"operational","mongodb":"connected"},"status":"unhealthy","timestamp":"2025-12-16 00:45:57"}
{"level":"info","message":"Health check performed","service":"ehr-backend","services":{"api":"operational","mongodb":"connected"},"status":"unhealthy","timestamp":"2025-12-16 00:45:57"}
{"level":"info","message":"Health check performed","service":"ehr-backend","services":{"api":"operational","mongodb":"connected"},"status":"unhealthy","timestamp":"2025-12-16 00:45:57"}
{"level":"info","message":"Health check performed","service":"ehr-backend","services":{"api":"operational","mongodb":"connected"},"status":"unhealthy","timestamp":"2025-12-16 00:45:57"}
{"level":"info","message":"Health check performed","service":"ehr-backend","services":{"api":"operational","mongodb":"connected"},"status":"unhealthy","timestamp":"2025-12-16 00:45:57"}
{"level":"error","message":"Health check failed: Health check failed","service":"ehr-backend","stack":"Error: Health check failed\n    at Object.<anonymous> (/Users/user/Documents/Monash/CyberSecurity/Assesment2/Final Submission/TP6 25/EHR_draft/ehr-backend/test/integration/health.integration.test.js:240:55)\n    at Promise.finally.completed (/Users/user/Documents/Monash/CyberSecurity/Assesment2/Final Submission/TP6 25/EHR_draft/ehr-backend/node_modules/jest-circus/build/jestAdapterInit.js:1557:28)\n    at new Promise (<anonymous>)\n    at callAsyncCircusFn (/Users/user/Documents/Monash/CyberSecurity/Assesment2/Final Submission/TP6 25/EHR_draft/ehr-backend/node_modules/jest-circus/build/jestAdapterInit.js:1497:10)\n    at _callCircusTest (/Users/user/Documents/Monash/CyberSecurity/Assesment2/Final Submission/TP6 25/EHR_draft/ehr-backend/node_modules/jest-circus/build/jestAdapterInit.js:1007:40)\n    at processTicksAndRejections (node:internal/process/task_queues:103:5)\n    at _runTest (/Users/user/Documents/Monash/CyberSecurity/Assesment2/Final Submission/TP6 25/EHR_draft/ehr-backend/node_modules/jest-circus/build/jestAdapterInit.js:947:3)\n    at /Users/user/Documents/Monash/CyberSecurity/Assesment2/Final Submission/TP6 25/EHR_draft/ehr-backend/node_modules/jest-circus/build/jestAdapterInit.js:849:7\n    at _runTestsForDescribeBlock (/Users/user/Documents/Monash/CyberSecurity/Assesment2/Final Submission/TP6 25/EHR_draft/ehr-backend/node_modules/jest-circus/build/jestAdapterInit.js:862:11)\n    at _runTestsForDescribeBlock (/Users/user/Documents/Monash/CyberSecurity/Assesment2/Final Submission/TP6 25/EHR_draft/ehr-backend/node_modules/jest-circus/build/jestAdapterInit.js:857:11)\n    at _runTestsForDescribeBlock (/Users/user/Documents/Monash/CyberSecurity/Assesment2/Final Submission/TP6 25/EHR_draft/ehr-backend/node_modules/jest-circus/build/jestAdapterInit.js:857:11)\n    at run (/Users/user/Documents/Monash/CyberSecurity/Assesment2/Final Submission/TP6 25/EHR_draft/ehr-backend/node_modules/jest-circus/build/jestAdapterInit.js:761:3)\n    at runAndTransformResultsToJestFormat (/Users/user/Documents/Monash/CyberSecurity/Assesment2/Final Submission/TP6 25/EHR_draft/ehr-backend/node_modules/jest-circus/build/jestAdapterInit.js:1918:21)\n    at jestAdapter (/Users/user/Documents/Monash/CyberSecurity/Assesment2/Final Submission/TP6 25/EHR_draft/ehr-backend/node_modules/jest-circus/build/runner.js:101:19)\n    at runTestInternal (/Users/user/Documents/Monash/CyberSecurity/Assesment2/Final Submission/TP6 25/EHR_draft/ehr-backend/node_modules/jest-runner/build/index.js:275:16)\n    at runTest (/Users/user/Documents/Monash/CyberSecurity/Assesment2/Final Submission/TP6 25/EHR_draft/ehr-backend/node_modules/jest-runner/build/index.js:343:7)","timestamp":"2025-12-16 00:45:57"}
{"level":"info","message":"Health check performed","service":"ehr-backend","services":{"api":"operational","mongodb":"connected"},"status":"unhealthy","timestamp":"2025-12-16 00:45:57"}
{"level":"info","message":"Health check performed","service":"ehr-backend","services":{"api":"operational","mongodb":"connected"},"status":"unhealthy","timestamp":"2025-12-16 00:45:57"}
{"email":"admin@test.com","level":"info","message":"User login successful","role":"Admin","service":"ehr-backend","timestamp":"2025-12-16 00:46:03","userId":"6940111a3c46fce759aab4b9"}
{"email":"manager@test.com","level":"info","message":"User login successful","role":"Manager","service":"ehr-backend","timestamp":"2025-12-16 00:46:03","userId":"6940111b3c46fce759aab4c7"}
{"email":"provider@test.com","level":"info","message":"User login successful","role":"Provider","service":"ehr-backend","timestamp":"2025-12-16 00:46:03","userId":"6940111b3c46fce759aab4cf"}
{"email":"employee@test.com","level":"info","message":"User login successful","role":"Employee","service":"ehr-backend","timestamp":"2025-12-16 00:46:04","userId":"6940111b3c46fce759aab4d7"}
{"email":"patient@test.com","level":"info","message":"User login successful","role":"Patient","service":"ehr-backend","timestamp":"2025-12-16 00:46:04","userId":"6940111c3c46fce759aab4df"}
{"email":"admin@test.com","level":"info","message":"User login successful","role":"Admin","service":"ehr-backend","timestamp":"2025-12-16 00:46:04","userId":"6940111c3c46fce759aab4e7"}
{"email":"patient@test.com","ip":"::ffff:127.0.0.1","level":"warn","message":"Login attempt failed: Invalid password","service":"ehr-backend","timestamp":"2025-12-16 00:46:04","userId":"6940111c3c46fce759aab4ef"}
{"email":"nonexistent@example.com","ip":"::ffff:127.0.0.1","level":"warn","message":"Login attempt failed: User not found","service":"ehr-backend","timestamp":"2025-12-16 00:46:04"}
{"ip":"::ffff:127.0.0.1","level":"warn","message":"Login attempt failed: User not found","service":"ehr-backend","timestamp":"2025-12-16 00:46:04"}
{"email":"patient@test.com","error":"data and hash arguments required","level":"error","message":"Login error","service":"ehr-backend","timestamp":"2025-12-16 00:46:04"}
{"email":"admin@test.com","level":"info","message":"User login successful","role":"Admin","service":"ehr-backend","timestamp":"2025-12-16 00:46:04","userId":"6940111c3c46fce759aab503"}
{"ip":"::ffff:127.0.0.1","level":"warn","message":"Authentication failed: Token missing","method":"GET","path":"/me","service":"ehr-backend","timestamp":"2025-12-16 00:46:04"}
{"error":"jwt malformed","ip":"::ffff:127.0.0.1","level":"warn","message":"Authentication failed: JWT verification failed","method":"GET","path":"/me","service":"ehr-backend","timestamp":"2025-12-16 00:46:04"}
{"error":"jwt expired","ip":"::ffff:127.0.0.1","level":"warn","message":"Authentication failed: JWT verification failed","method":"GET","path":"/me","service":"ehr-backend","timestamp":"2025-12-16 00:46:04"}
{"error":"invalid token","ip":"::ffff:127.0.0.1","level":"warn","message":"Authentication failed: JWT verification failed","method":"GET","path":"/me","service":"ehr-backend","timestamp":"2025-12-16 00:46:04"}
{"email":"admin@test.com","level":"info","message":"User login successful","role":"Admin","service":"ehr-backend","timestamp":"2025-12-16 00:46:05","userId":"6940111c3c46fce759aab521"}
{"level":"info","message":"User logout","service":"ehr-backend","timestamp":"2025-12-16 00:46:05"}
{"level":"info","message":"User logout","service":"ehr-backend","timestamp":"2025-12-16 00:46:05"}
{"email":"admin@test.com","level":"info","message":"User login successful","role":"Admin","service":"ehr-backend","timestamp":"2025-12-16 00:46:05","userId":"6940111d3c46fce759aab530"}
{"email":"admin@test.com","level":"info","message":"User login successful","role":"Admin","service":"ehr-backend","timestamp":"2025-12-16 00:46:05","userId":"6940111d3c46fce759aab538"}
{"level":"info","message":"User logout","service":"ehr-backend","timestamp":"2025-12-16 00:46:05"}
{"ip":"::ffff:127.0.0.1","level":"warn","message":"Authentication failed: Token missing","method":"GET","path":"/me","service":"ehr-backend","timestamp":"2025-12-16 00:46:05"}
{"email":"admin@test.com","level":"info","message":"User login successful","role":"Admin","service":"ehr-backend","timestamp":"2025-12-16 00:46:05","userId":"6940111d3c46fce759aab542"}
{"level":"info","message":"Authorization check","method":"GET","path":"/audit-logs","requiredRoles":["Admin"],"service":"ehr-backend","timestamp":"2025-12-16 00:46:05","userId":"6940111d3c46fce759aab542","userRole":"Admin"}
{"level":"info","message":"Admin 6940111d3c46fce759aab542 retrieved 1 audit logs","service":"ehr-backend","timestamp":"2025-12-16 00:46:05"}
{"ip":"::ffff:127.0.0.1","level":"warn","message":"Authentication failed: Token missing","method":"GET","path":"/audit-logs","service":"ehr-backend","timestamp":"2025-12-16 00:46:05"}
{"error":"jwt expired","ip":"::ffff:127.0.0.1","level":"warn","message":"Authentication failed: JWT verification failed","method":"GET","path":"/audit-logs","service":"ehr-backend","timestamp":"2025-12-16 00:46:05"}
{"email":"patient@test.com","level":"info","message":"User login successful","role":"Patient","service":"ehr-backend","timestamp":"2025-12-16 00:46:09","userId":"694011204b250f5f3c80c393"}
{"email":"admin@test.com","level":"info","message":"User login successful","role":"Admin","service":"ehr-backend","timestamp":"2025-12-16 00:46:09","userId":"694011214b250f5f3c80c39f"}
{"email":"nonexistent@test.com","ip":"::ffff:127.0.0.1","level":"warn","message":"Login attempt failed: User not found","service":"ehr-backend","timestamp":"2025-12-16 00:46:09"}
{"email":"patient@test.com","ip":"::ffff:127.0.0.1","level":"warn","message":"Login attempt failed: Invalid password","service":"ehr-backend","timestamp":"2025-12-16 00:46:09","userId":"694011214b250f5f3c80c3ae"}
{"ip":"::ffff:127.0.0.1","level":"warn","message":"Login attempt failed: User not found","service":"ehr-backend","timestamp":"2025-12-16 00:46:09"}
{"email":"patient@test.com","error":"data and hash arguments required","level":"error","message":"Login error","service":"ehr-backend","timestamp":"2025-12-16 00:46:10"}
{"email":"admin@test.com","level":"info","message":"User login successful","role":"Admin","service":"ehr-backend","timestamp":"2025-12-16 00:46:10","userId":"694011224b250f5f3c80c3be"}
{"email":"provider@test.com","level":"info","message":"User login successful","role":"Provider","service":"ehr-backend","timestamp":"2025-12-16 00:46:10","userId":"694011224b250f5f3c80c3c6"}
{"email":"patient@test.com","level":"info","message":"User login successful","role":"Patient","service":"ehr-backend","timestamp":"2025-12-16 00:46:10","userId":"694011224b250f5f3c80c3ce"}
{"ip":"::ffff:127.0.0.1","level":"warn","message":"Authentication failed: Token missing","method":"GET","path":"/me","service":"ehr-backend","timestamp":"2025-12-16 00:46:10"}
{"error":"jwt malformed","ip":"::ffff:127.0.0.1","level":"warn","message":"Authentication failed: JWT verification failed","method":"GET","path":"/me","service":"ehr-backend","timestamp":"2025-12-16 00:46:10"}
{"email":"patient@test.com","level":"info","message":"User login successful","role":"Patient","service":"ehr-backend","timestamp":"2025-12-16 00:46:10","userId":"694011224b250f5f3c80c3de"}
{"level":"info","message":"User logout","service":"ehr-backend","timestamp":"2025-12-16 00:46:10"}
{"level":"info","message":"User logout","service":"ehr-backend","timestamp":"2025-12-16 00:46:10"}
{"email":"admin@test.com","level":"info","message":"User login successful","role":"Admin","service":"ehr-backend","timestamp":"2025-12-16 00:46:10","userId":"694011224b250f5f3c80c3ed"}
{"level":"info","message":"User logout","service":"ehr-backend","timestamp":"2025-12-16 00:46:10"}
{"ip":"::ffff:127.0.0.1","level":"warn","message":"Authentication failed: Token missing","method":"GET","path":"/me","service":"ehr-backend","timestamp":"2025-12-16 00:46:10"}
{"keyVersion":1,"level":"info","message":"Public key retrieved successfully","service":"ehr-backend","timestamp":"2025-12-16 00:46:13"}
{"keyVersion":1,"level":"info","message":"Public key retrieved successfully","service":"ehr-backend","timestamp":"2025-12-16 00:46:13"}
{"keyVersion":1,"level":"info","message":"Public key retrieved successfully","service":"ehr-backend","timestamp":"2025-12-16 00:46:13"}
{"keyVersion":1,"level":"info","message":"Public key retrieved successfully","service":"ehr-backend","timestamp":"2025-12-16 00:46:13"}
{"keyVersion":1,"level":"info","message":"Public key retrieved successfully","service":"ehr-backend","timestamp":"2025-12-16 00:46:13"}
{"error":"Service unavailable","level":"error","message":"Failed to retrieve public key","service":"ehr-backend","timestamp":"2025-12-16 00:46:13"}
{"keyVersion":1,"level":"info","message":"Public key retrieved successfully","service":"ehr-backend","timestamp":"2025-12-16 00:46:13"}
{"keyVersion":1,"level":"info","message":"Public key retrieved successfully","service":"ehr-backend","timestamp":"2025-12-16 00:46:13"}
{"keyVersion":1,"level":"info","message":"Public key retrieved successfully","service":"ehr-backend","timestamp":"2025-12-16 00:46:13"}
{"email":"admin@test.com","level":"info","message":"User login successful","role":"Admin","service":"ehr-backend","timestamp":"2025-12-16 00:56:43","userId":"6940139ad7a0331ac357e41c"}
{"email":"manager@test.com","level":"info","message":"User login successful","role":"Manager","service":"ehr-backend","timestamp":"2025-12-16 00:56:44","userId":"6940139bd7a0331ac357e424"}
{"email":"provider@test.com","level":"info","message":"User login successful","role":"Provider","service":"ehr-backend","timestamp":"2025-12-16 00:56:44","userId":"6940139bd7a0331ac357e426"}
{"email":"assigned@test.com","level":"info","message":"User login successful","role":"Patient","service":"ehr-backend","timestamp":"2025-12-16 00:56:44","userId":"6940139bd7a0331ac357e42a"}
{"creatorId":"6940139bd7a0331ac357e426","level":"info","message":"Record created successfully","patientId":"6940139bd7a0331ac357e42a","recordId":"6940139cd7a0331ac357e43a","service":"ehr-backend","timestamp":"2025-12-16 00:56:44"}
{"email":"admin@test.com","level":"info","message":"User login successful","role":"Admin","service":"ehr-backend","timestamp":"2025-12-16 00:56:44","userId":"6940139cd7a0331ac357e444"}
{"email":"manager@test.com","level":"info","message":"User login successful","role":"Manager","service":"ehr-backend","timestamp":"2025-12-16 00:56:44","userId":"6940139cd7a0331ac357e446"}
{"email":"provider@test.com","level":"info","message":"User login successful","role":"Provider","service":"ehr-backend","timestamp":"2025-12-16 00:56:44","userId":"6940139cd7a0331ac357e448"}
{"email":"assigned@test.com","level":"info","message":"User login successful","role":"Patient","service":"ehr-backend","timestamp":"2025-12-16 00:56:44","userId":"6940139cd7a0331ac357e44c"}
{"email":"admin@test.com","level":"info","message":"User login successful","role":"Admin","service":"ehr-backend","timestamp":"2025-12-16 00:56:45","userId":"6940139cd7a0331ac357e462"}
{"email":"manager@test.com","level":"info","message":"User login successful","role":"Manager","service":"ehr-backend","timestamp":"2025-12-16 00:56:45","userId":"6940139cd7a0331ac357e464"}
{"email":"provider@test.com","level":"info","message":"User login successful","role":"Provider","service":"ehr-backend","timestamp":"2025-12-16 00:56:45","userId":"6940139dd7a0331ac357e466"}
{"email":"assigned@test.com","level":"info","message":"User login successful","role":"Patient","service":"ehr-backend","timestamp":"2025-12-16 00:56:45","userId":"6940139dd7a0331ac357e46a"}
{"creatorId":"6940139cd7a0331ac357e464","level":"info","message":"Record created successfully","patientId":"6940139dd7a0331ac357e468","recordId":"6940139dd7a0331ac357e479","service":"ehr-backend","timestamp":"2025-12-16 00:56:45"}
{"email":"admin@test.com","level":"info","message":"User login successful","role":"Admin","service":"ehr-backend","timestamp":"2025-12-16 00:56:45","userId":"6940139dd7a0331ac357e483"}
{"email":"manager@test.com","level":"info","message":"User login successful","role":"Manager","service":"ehr-backend","timestamp":"2025-12-16 00:56:46","userId":"6940139dd7a0331ac357e485"}
{"email":"provider@test.com","level":"info","message":"User login successful","role":"Provider","service":"ehr-backend","timestamp":"2025-12-16 00:56:46","userId":"6940139dd7a0331ac357e487"}
{"email":"assigned@test.com","level":"info","message":"User login successful","role":"Patient","service":"ehr-backend","timestamp":"2025-12-16 00:56:46","userId":"6940139dd7a0331ac357e48b"}
{"email":"admin@test.com","level":"info","message":"User login successful","role":"Admin","service":"ehr-backend","timestamp":"2025-12-16 00:56:46","userId":"6940139ed7a0331ac357e4a0"}
{"email":"manager@test.com","level":"info","message":"User login successful","role":"Manager","service":"ehr-backend","timestamp":"2025-12-16 00:56:46","userId":"6940139ed7a0331ac357e4a2"}
{"email":"provider@test.com","level":"info","message":"User login successful","role":"Provider","service":"ehr-backend","timestamp":"2025-12-16 00:56:46","userId":"6940139ed7a0331ac357e4a4"}
{"email":"assigned@test.com","level":"info","message":"User login successful","role":"Patient","service":"ehr-backend","timestamp":"2025-12-16 00:56:46","userId":"6940139ed7a0331ac357e4a8"}
{"email":"admin@test.com","level":"info","message":"User login successful","role":"Admin","service":"ehr-backend","timestamp":"2025-12-16 00:56:47","userId":"6940139ed7a0331ac357e4bd"}
{"email":"manager@test.com","level":"info","message":"User login successful","role":"Manager","service":"ehr-backend","timestamp":"2025-12-16 00:56:47","userId":"6940139ed7a0331ac357e4bf"}
{"email":"provider@test.com","level":"info","message":"User login successful","role":"Provider","service":"ehr-backend","timestamp":"2025-12-16 00:56:47","userId":"6940139ed7a0331ac357e4c1"}
{"email":"assigned@test.com","level":"info","message":"User login successful","role":"Patient","service":"ehr-backend","timestamp":"2025-12-16 00:56:47","userId":"6940139fd7a0331ac357e4c5"}
{"email":"admin@test.com","level":"info","message":"User login successful","role":"Admin","service":"ehr-backend","timestamp":"2025-12-16 00:56:47","userId":"6940139fd7a0331ac357e4da"}
{"email":"manager@test.com","level":"info","message":"User login successful","role":"Manager","service":"ehr-backend","timestamp":"2025-12-16 00:56:47","userId":"6940139fd7a0331ac357e4dc"}
{"email":"provider@test.com","level":"info","message":"User login successful","role":"Provider","service":"ehr-backend","timestamp":"2025-12-16 00:56:47","userId":"6940139fd7a0331ac357e4de"}
{"email":"assigned@test.com","level":"info","message":"User login successful","role":"Patient","service":"ehr-backend","timestamp":"2025-12-16 00:56:48","userId":"6940139fd7a0331ac357e4e2"}
{"creatorId":"6940139fd7a0331ac357e4de","level":"info","message":"Record created successfully","patientId":"6940139fd7a0331ac357e4e2","recordId":"694013a0d7a0331ac357e4f2","service":"ehr-backend","timestamp":"2025-12-16 00:56:48"}
{"email":"admin@test.com","level":"info","message":"User login successful","role":"Admin","service":"ehr-backend","timestamp":"2025-12-16 00:56:48","userId":"694013a0d7a0331ac357e4fc"}
{"email":"manager@test.com","level":"info","message":"User login successful","role":"Manager","service":"ehr-backend","timestamp":"2025-12-16 00:56:48","userId":"694013a0d7a0331ac357e4fe"}
{"email":"provider@test.com","level":"info","message":"User login successful","role":"Provider","service":"ehr-backend","timestamp":"2025-12-16 00:56:48","userId":"694013a0d7a0331ac357e500"}
{"email":"assigned@test.com","level":"info","message":"User login successful","role":"Patient","service":"ehr-backend","timestamp":"2025-12-16 00:56:48","userId":"694013a0d7a0331ac357e504"}
{"level":"info","managerId":"694013a0d7a0331ac357e4fe","message":"All records retrieved","recordCount":1,"service":"ehr-backend","timestamp":"2025-12-16 00:56:48"}
{"email":"admin@test.com","level":"info","message":"User login successful","role":"Admin","service":"ehr-backend","timestamp":"2025-12-16 00:56:49","userId":"694013a0d7a0331ac357e51f"}
{"email":"manager@test.com","level":"info","message":"User login successful","role":"Manager","service":"ehr-backend","timestamp":"2025-12-16 00:56:49","userId":"694013a0d7a0331ac357e521"}
{"email":"provider@test.com","level":"info","message":"User login successful","role":"Provider","service":"ehr-backend","timestamp":"2025-12-16 00:56:49","userId":"694013a0d7a0331ac357e523"}
{"email":"assigned@test.com","level":"info","message":"User login successful","role":"Patient","service":"ehr-backend","timestamp":"2025-12-16 00:56:49","userId":"694013a0d7a0331ac357e527"}
{"email":"admin@test.com","level":"info","message":"User login successful","role":"Admin","service":"ehr-backend","timestamp":"2025-12-16 00:56:49","userId":"694013a1d7a0331ac357e53c"}
{"email":"manager@test.com","level":"info","message":"User login successful","role":"Manager","service":"ehr-backend","timestamp":"2025-12-16 00:56:49","userId":"694013a1d7a0331ac357e53e"}
{"email":"provider@test.com","level":"info","message":"User login successful","role":"Provider","service":"ehr-backend","timestamp":"2025-12-16 00:56:49","userId":"694013a1d7a0331ac357e540"}
{"email":"assigned@test.com","level":"info","message":"User login successful","role":"Patient","service":"ehr-backend","timestamp":"2025-12-16 00:56:49","userId":"694013a1d7a0331ac357e544"}
{"email":"admin@test.com","level":"info","message":"User login successful","role":"Admin","service":"ehr-backend","timestamp":"2025-12-16 00:56:50","userId":"694013a1d7a0331ac357e559"}
{"email":"manager@test.com","level":"info","message":"User login successful","role":"Manager","service":"ehr-backend","timestamp":"2025-12-16 00:56:50","userId":"694013a2d7a0331ac357e55b"}
{"email":"provider@test.com","level":"info","message":"User login successful","role":"Provider","service":"ehr-backend","timestamp":"2025-12-16 00:56:50","userId":"694013a2d7a0331ac357e55d"}
{"email":"assigned@test.com","level":"info","message":"User login successful","role":"Patient","service":"ehr-backend","timestamp":"2025-12-16 00:56:50","userId":"694013a2d7a0331ac357e561"}
{"level":"info","message":"Patient records retrieved","patientId":"694013a2d7a0331ac357e561","recordCount":1,"service":"ehr-backend","timestamp":"2025-12-16 00:56:50"}
{"email":"admin@test.com","level":"info","message":"User login successful","role":"Admin","service":"ehr-backend","timestamp":"2025-12-16 00:56:50","userId":"694013a2d7a0331ac357e57c"}
{"email":"manager@test.com","level":"info","message":"User login successful","role":"Manager","service":"ehr-backend","timestamp":"2025-12-16 00:56:51","userId":"694013a2d7a0331ac357e57e"}
{"email":"provider@test.com","level":"info","message":"User login successful","role":"Provider","service":"ehr-backend","timestamp":"2025-12-16 00:56:51","userId":"694013a2d7a0331ac357e580"}
{"email":"assigned@test.com","level":"info","message":"User login successful","role":"Patient","service":"ehr-backend","timestamp":"2025-12-16 00:56:51","userId":"694013a2d7a0331ac357e584"}
{"level":"info","message":"Patient records retrieved","patientId":"694013a2d7a0331ac357e584","recordCount":1,"service":"ehr-backend","timestamp":"2025-12-16 00:56:51"}
{"email":"admin@test.com","level":"info","message":"User login successful","role":"Admin","service":"ehr-backend","timestamp":"2025-12-16 00:56:51","userId":"694013a3d7a0331ac357e5a1"}
{"email":"manager@test.com","level":"info","message":"User login successful","role":"Manager","service":"ehr-backend","timestamp":"2025-12-16 00:56:51","userId":"694013a3d7a0331ac357e5a3"}
{"email":"provider@test.com","level":"info","message":"User login successful","role":"Provider","service":"ehr-backend","timestamp":"2025-12-16 00:56:51","userId":"694013a3d7a0331ac357e5a5"}
{"email":"assigned@test.com","level":"info","message":"User login successful","role":"Patient","service":"ehr-backend","timestamp":"2025-12-16 00:56:51","userId":"694013a3d7a0331ac357e5a9"}
{"email":"admin@test.com","level":"info","message":"User login successful","role":"Admin","service":"ehr-backend","timestamp":"2025-12-16 00:56:52","userId":"694013a3d7a0331ac357e5c1"}
{"email":"manager@test.com","level":"info","message":"User login successful","role":"Manager","service":"ehr-backend","timestamp":"2025-12-16 00:56:52","userId":"694013a4d7a0331ac357e5c3"}
{"email":"provider@test.com","level":"info","message":"User login successful","role":"Provider","service":"ehr-backend","timestamp":"2025-12-16 00:56:52","userId":"694013a4d7a0331ac357e5c5"}
{"email":"assigned@test.com","level":"info","message":"User login successful","role":"Patient","service":"ehr-backend","timestamp":"2025-12-16 00:56:52","userId":"694013a4d7a0331ac357e5c9"}
{"level":"info","message":"Record retrieved by ID","recordId":"694013a4d7a0331ac357e5d8","service":"ehr-backend","timestamp":"2025-12-16 00:56:52","userId":"694013a4d7a0331ac357e5c5"}
{"email":"admin@test.com","level":"info","message":"User login successful","role":"Admin","service":"ehr-backend","timestamp":"2025-12-16 00:56:52","userId":"694013a4d7a0331ac357e5e4"}
{"email":"manager@test.com","level":"info","message":"User login successful","role":"Manager","service":"ehr-backend","timestamp":"2025-12-16 00:56:53","userId":"694013a4d7a0331ac357e5e6"}
{"email":"provider@test.com","level":"info","message":"User login successful","role":"Provider","service":"ehr-backend","timestamp":"2025-12-16 00:56:53","userId":"694013a4d7a0331ac357e5e8"}
{"email":"assigned@test.com","level":"info","message":"User login successful","role":"Patient","service":"ehr-backend","timestamp":"2025-12-16 00:56:53","userId":"694013a4d7a0331ac357e5ec"}
{"level":"info","message":"Record retrieved by ID","recordId":"694013a5d7a0331ac357e5fb","service":"ehr-backend","timestamp":"2025-12-16 00:56:53","userId":"694013a4d7a0331ac357e5ec"}
{"email":"admin@test.com","level":"info","message":"User login successful","role":"Admin","service":"ehr-backend","timestamp":"2025-12-16 00:56:53","userId":"694013a5d7a0331ac357e607"}
{"email":"manager@test.com","level":"info","message":"User login successful","role":"Manager","service":"ehr-backend","timestamp":"2025-12-16 00:56:53","userId":"694013a5d7a0331ac357e609"}
{"email":"provider@test.com","level":"info","message":"User login successful","role":"Provider","service":"ehr-backend","timestamp":"2025-12-16 00:56:53","userId":"694013a5d7a0331ac357e60b"}
{"email":"assigned@test.com","level":"info","message":"User login successful","role":"Patient","service":"ehr-backend","timestamp":"2025-12-16 00:56:53","userId":"694013a5d7a0331ac357e60f"}
{"level":"info","message":"Record retrieved by ID","recordId":"694013a5d7a0331ac357e61e","service":"ehr-backend","timestamp":"2025-12-16 00:56:53","userId":"694013a5d7a0331ac357e609"}
{"email":"admin@test.com","level":"info","message":"User login successful","role":"Admin","service":"ehr-backend","timestamp":"2025-12-16 00:56:54","userId":"694013a5d7a0331ac357e62a"}
{"email":"manager@test.com","level":"info","message":"User login successful","role":"Manager","service":"ehr-backend","timestamp":"2025-12-16 00:56:54","userId":"694013a5d7a0331ac357e62c"}
{"email":"provider@test.com","level":"info","message":"User login successful","role":"Provider","service":"ehr-backend","timestamp":"2025-12-16 00:56:54","userId":"694013a5d7a0331ac357e62e"}
{"email":"assigned@test.com","level":"info","message":"User login successful","role":"Patient","service":"ehr-backend","timestamp":"2025-12-16 00:56:54","userId":"694013a6d7a0331ac357e632"}
{"email":"admin@test.com","level":"info","message":"User login successful","role":"Admin","service":"ehr-backend","timestamp":"2025-12-16 00:56:54","userId":"694013a6d7a0331ac357e64d"}
{"email":"manager@test.com","level":"info","message":"User login successful","role":"Manager","service":"ehr-backend","timestamp":"2025-12-16 00:56:54","userId":"694013a6d7a0331ac357e64f"}
{"email":"provider@test.com","level":"info","message":"User login successful","role":"Provider","service":"ehr-backend","timestamp":"2025-12-16 00:56:54","userId":"694013a6d7a0331ac357e651"}
{"email":"assigned@test.com","level":"info","message":"User login successful","role":"Patient","service":"ehr-backend","timestamp":"2025-12-16 00:56:55","userId":"694013a6d7a0331ac357e655"}
{"email":"admin@test.com","level":"info","message":"User login successful","role":"Admin","service":"ehr-backend","timestamp":"2025-12-16 00:56:55","userId":"694013a7d7a0331ac357e66d"}
{"email":"manager@test.com","level":"info","message":"User login successful","role":"Manager","service":"ehr-backend","timestamp":"2025-12-16 00:56:55","userId":"694013a7d7a0331ac357e66f"}
{"email":"provider@test.com","level":"info","message":"User login successful","role":"Provider","service":"ehr-backend","timestamp":"2025-12-16 00:56:55","userId":"694013a7d7a0331ac357e671"}
{"email":"assigned@test.com","level":"info","message":"User login successful","role":"Patient","service":"ehr-backend","timestamp":"2025-12-16 00:56:55","userId":"694013a7d7a0331ac357e675"}
{"creatorId":"694013a7d7a0331ac357e671","level":"info","message":"Record created successfully","patientId":"694013a7d7a0331ac357e675","recordId":"694013a7d7a0331ac357e685","service":"ehr-backend","timestamp":"2025-12-16 00:56:55"}
{"email":"admin@test.com","level":"info","message":"User login successful","role":"Admin","service":"ehr-backend","timestamp":"2025-12-16 00:56:56","userId":"694013a7d7a0331ac357e68f"}
{"email":"manager@test.com","level":"info","message":"User login successful","role":"Manager","service":"ehr-backend","timestamp":"2025-12-16 00:56:56","userId":"694013a7d7a0331ac357e691"}
{"email":"provider@test.com","level":"info","message":"User login successful","role":"Provider","service":"ehr-backend","timestamp":"2025-12-16 00:56:56","userId":"694013a7d7a0331ac357e693"}
{"email":"assigned@test.com","level":"info","message":"User login successful","role":"Patient","service":"ehr-backend","timestamp":"2025-12-16 00:56:56","userId":"694013a7d7a0331ac357e697"}
{"email":"admin@test.com","level":"info","message":"User login successful","role":"Admin","service":"ehr-backend","timestamp":"2025-12-16 00:56:56","userId":"694013a8d7a0331ac357e6ae"}
{"email":"manager@test.com","level":"info","message":"User login successful","role":"Manager","service":"ehr-backend","timestamp":"2025-12-16 00:56:56","userId":"694013a8d7a0331ac357e6b0"}
{"email":"provider@test.com","level":"info","message":"User login successful","role":"Provider","service":"ehr-backend","timestamp":"2025-12-16 00:56:56","userId":"694013a8d7a0331ac357e6b2"}
{"email":"assigned@test.com","level":"info","message":"User login successful","role":"Patient","service":"ehr-backend","timestamp":"2025-12-16 00:56:56","userId":"694013a8d7a0331ac357e6b6"}
{"creatorId":"694013a8d7a0331ac357e6b2","level":"info","message":"Record created successfully","patientId":"694013a8d7a0331ac357e6b6","recordId":"694013a8d7a0331ac357e6c6","service":"ehr-backend","timestamp":"2025-12-16 00:56:56"}
{"email":"admin@test.com","level":"info","message":"User login successful","role":"Admin","service":"ehr-backend","timestamp":"2025-12-16 00:56:57","userId":"694013a8d7a0331ac357e6d1"}
{"email":"manager@test.com","level":"info","message":"User login successful","role":"Manager","service":"ehr-backend","timestamp":"2025-12-16 00:56:57","userId":"694013a9d7a0331ac357e6d3"}
{"email":"provider@test.com","level":"info","message":"User login successful","role":"Provider","service":"ehr-backend","timestamp":"2025-12-16 00:56:57","userId":"694013a9d7a0331ac357e6d5"}
{"email":"assigned@test.com","level":"info","message":"User login successful","role":"Patient","service":"ehr-backend","timestamp":"2025-12-16 00:56:57","userId":"694013a9d7a0331ac357e6d9"}
{"level":"info","message":"Record retrieved by ID","recordId":"694013a9d7a0331ac357e6e8","service":"ehr-backend","timestamp":"2025-12-16 00:56:57","userId":"694013a9d7a0331ac357e6d5"}
{"level":"info","message":"Health check performed","service":"ehr-backend","services":{"api":"operational","mongodb":"connected"},"status":"healthy","timestamp":"2025-12-16 00:57:01"}
{"level":"info","message":"Health check performed","service":"ehr-backend","services":{"api":"operational","mongodb":"connected"},"status":"healthy","timestamp":"2025-12-16 00:57:01"}
{"level":"info","message":"Health check performed","service":"ehr-backend","services":{"api":"operational","mongodb":"connected"},"status":"healthy","timestamp":"2025-12-16 00:57:01"}
{"level":"info","message":"Health check performed","service":"ehr-backend","services":{"api":"operational","mongodb":"connected"},"status":"healthy","timestamp":"2025-12-16 00:57:01"}
{"level":"info","message":"Health check performed","service":"ehr-backend","services":{"api":"operational","mongodb":"connected"},"status":"healthy","timestamp":"2025-12-16 00:57:01"}
{"level":"info","message":"Health check performed","service":"ehr-backend","services":{"api":"operational","mongodb":"connected"},"status":"unhealthy","timestamp":"2025-12-16 00:57:01"}
{"level":"info","message":"Health check performed","service":"ehr-backend","services":{"api":"operational","mongodb":"connected"},"status":"healthy","timestamp":"2025-12-16 00:57:01"}
{"level":"info","message":"Health check performed","service":"ehr-backend","services":{"api":"operational","mongodb":"connected"},"status":"healthy","timestamp":"2025-12-16 00:57:01"}
{"level":"info","message":"Health check performed","service":"ehr-backend","services":{"api":"operational","mongodb":"connected"},"status":"healthy","timestamp":"2025-12-16 00:57:01"}
{"level":"error","message":"Health check failed: Health check failed","service":"ehr-backend","stack":"Error: Health check failed\n    at Object.<anonymous> (/Users/user/Documents/Monash/CyberSecurity/Assesment2/Final Submission/TP6 25/EHR_draft/ehr-backend/test/integration/health.integration.test.js:250:55)\n    at Promise.finally.completed (/Users/user/Documents/Monash/CyberSecurity/Assesment2/Final Submission/TP6 25/EHR_draft/ehr-backend/node_modules/jest-circus/build/jestAdapterInit.js:1557:28)\n    at new Promise (<anonymous>)\n    at callAsyncCircusFn (/Users/user/Documents/Monash/CyberSecurity/Assesment2/Final Submission/TP6 25/EHR_draft/ehr-backend/node_modules/jest-circus/build/jestAdapterInit.js:1497:10)\n    at _callCircusTest (/Users/user/Documents/Monash/CyberSecurity/Assesment2/Final Submission/TP6 25/EHR_draft/ehr-backend/node_modules/jest-circus/build/jestAdapterInit.js:1007:40)\n    at processTicksAndRejections (node:internal/process/task_queues:103:5)\n    at _runTest (/Users/user/Documents/Monash/CyberSecurity/Assesment2/Final Submission/TP6 25/EHR_draft/ehr-backend/node_modules/jest-circus/build/jestAdapterInit.js:947:3)\n    at /Users/user/Documents/Monash/CyberSecurity/Assesment2/Final Submission/TP6 25/EHR_draft/ehr-backend/node_modules/jest-circus/build/jestAdapterInit.js:849:7\n    at _runTestsForDescribeBlock (/Users/user/Documents/Monash/CyberSecurity/Assesment2/Final Submission/TP6 25/EHR_draft/ehr-backend/node_modules/jest-circus/build/jestAdapterInit.js:862:11)\n    at _runTestsForDescribeBlock (/Users/user/Documents/Monash/CyberSecurity/Assesment2/Final Submission/TP6 25/EHR_draft/ehr-backend/node_modules/jest-circus/build/jestAdapterInit.js:857:11)\n    at _runTestsForDescribeBlock (/Users/user/Documents/Monash/CyberSecurity/Assesment2/Final Submission/TP6 25/EHR_draft/ehr-backend/node_modules/jest-circus/build/jestAdapterInit.js:857:11)\n    at run (/Users/user/Documents/Monash/CyberSecurity/Assesment2/Final Submission/TP6 25/EHR_draft/ehr-backend/node_modules/jest-circus/build/jestAdapterInit.js:761:3)\n    at runAndTransformResultsToJestFormat (/Users/user/Documents/Monash/CyberSecurity/Assesment2/Final Submission/TP6 25/EHR_draft/ehr-backend/node_modules/jest-circus/build/jestAdapterInit.js:1918:21)\n    at jestAdapter (/Users/user/Documents/Monash/CyberSecurity/Assesment2/Final Submission/TP6 25/EHR_draft/ehr-backend/node_modules/jest-circus/build/runner.js:101:19)\n    at runTestInternal (/Users/user/Documents/Monash/CyberSecurity/Assesment2/Final Submission/TP6 25/EHR_draft/ehr-backend/node_modules/jest-runner/build/index.js:275:16)\n    at runTest (/Users/user/Documents/Monash/CyberSecurity/Assesment2/Final Submission/TP6 25/EHR_draft/ehr-backend/node_modules/jest-runner/build/index.js:343:7)","timestamp":"2025-12-16 00:57:01"}
{"level":"info","message":"Health check performed","service":"ehr-backend","services":{"api":"operational","mongodb":"connected"},"status":"unhealthy","timestamp":"2025-12-16 00:57:01"}
{"level":"info","message":"Health check performed","service":"ehr-backend","services":{"api":"operational","mongodb":"connected"},"status":"healthy","timestamp":"2025-12-16 00:57:01"}
{"email":"admin@test.com","level":"info","message":"User login successful","role":"Admin","service":"ehr-backend","timestamp":"2025-12-16 00:57:06","userId":"694013b142aa8ec422555458"}
{"email":"manager@test.com","level":"info","message":"User login successful","role":"Manager","service":"ehr-backend","timestamp":"2025-12-16 00:57:07","userId":"694013b242aa8ec422555466"}
{"email":"provider@test.com","level":"info","message":"User login successful","role":"Provider","service":"ehr-backend","timestamp":"2025-12-16 00:57:07","userId":"694013b342aa8ec42255546e"}
{"email":"employee@test.com","level":"info","message":"User login successful","role":"Employee","service":"ehr-backend","timestamp":"2025-12-16 00:57:07","userId":"694013b342aa8ec422555476"}
{"email":"patient@test.com","level":"info","message":"User login successful","role":"Patient","service":"ehr-backend","timestamp":"2025-12-16 00:57:07","userId":"694013b342aa8ec42255547e"}
{"email":"admin@test.com","level":"info","message":"User login successful","role":"Admin","service":"ehr-backend","timestamp":"2025-12-16 00:57:07","userId":"694013b342aa8ec422555486"}
{"email":"patient@test.com","ip":"::ffff:127.0.0.1","level":"warn","message":"Login attempt failed: Invalid password","service":"ehr-backend","timestamp":"2025-12-16 00:57:07","userId":"694013b342aa8ec42255548e"}
{"email":"nonexistent@example.com","ip":"::ffff:127.0.0.1","level":"warn","message":"Login attempt failed: User not found","service":"ehr-backend","timestamp":"2025-12-16 00:57:07"}
{"ip":"::ffff:127.0.0.1","level":"warn","message":"Login attempt failed: User not found","service":"ehr-backend","timestamp":"2025-12-16 00:57:07"}
{"email":"patient@test.com","error":"data and hash arguments required","level":"error","message":"Login error","service":"ehr-backend","timestamp":"2025-12-16 00:57:07"}
{"email":"admin@test.com","level":"info","message":"User login successful","role":"Admin","service":"ehr-backend","timestamp":"2025-12-16 00:57:08","userId":"694013b342aa8ec4225554a2"}
{"ip":"::ffff:127.0.0.1","level":"warn","message":"Authentication failed: Token missing","method":"GET","path":"/me","service":"ehr-backend","timestamp":"2025-12-16 00:57:08"}
{"error":"jwt malformed","ip":"::ffff:127.0.0.1","level":"warn","message":"Authentication failed: JWT verification failed","method":"GET","path":"/me","service":"ehr-backend","timestamp":"2025-12-16 00:57:08"}
{"error":"jwt expired","ip":"::ffff:127.0.0.1","level":"warn","message":"Authentication failed: JWT verification failed","method":"GET","path":"/me","service":"ehr-backend","timestamp":"2025-12-16 00:57:08"}
{"error":"invalid token","ip":"::ffff:127.0.0.1","level":"warn","message":"Authentication failed: JWT verification failed","method":"GET","path":"/me","service":"ehr-backend","timestamp":"2025-12-16 00:57:08"}
{"email":"admin@test.com","level":"info","message":"User login successful","role":"Admin","service":"ehr-backend","timestamp":"2025-12-16 00:57:08","userId":"694013b442aa8ec4225554c0"}
{"level":"info","message":"User logout","service":"ehr-backend","timestamp":"2025-12-16 00:57:08"}
{"level":"info","message":"User logout","service":"ehr-backend","timestamp":"2025-12-16 00:57:08"}
{"email":"admin@test.com","level":"info","message":"User login successful","role":"Admin","service":"ehr-backend","timestamp":"2025-12-16 00:57:08","userId":"694013b442aa8ec4225554cf"}
{"email":"admin@test.com","level":"info","message":"User login successful","role":"Admin","service":"ehr-backend","timestamp":"2025-12-16 00:57:08","userId":"694013b442aa8ec4225554d7"}
{"level":"info","message":"User logout","service":"ehr-backend","timestamp":"2025-12-16 00:57:08"}
{"ip":"::ffff:127.0.0.1","level":"warn","message":"Authentication failed: Token missing","method":"GET","path":"/me","service":"ehr-backend","timestamp":"2025-12-16 00:57:08"}
{"email":"admin@test.com","level":"info","message":"User login successful","role":"Admin","service":"ehr-backend","timestamp":"2025-12-16 00:57:08","userId":"694013b442aa8ec4225554e1"}
{"level":"info","message":"Authorization check","method":"GET","path":"/audit-logs","requiredRoles":["Admin"],"service":"ehr-backend","timestamp":"2025-12-16 00:57:08","userId":"694013b442aa8ec4225554e1","userRole":"Admin"}
{"level":"info","message":"Admin 694013b442aa8ec4225554e1 retrieved 1 audit logs","service":"ehr-backend","timestamp":"2025-12-16 00:57:08"}
{"ip":"::ffff:127.0.0.1","level":"warn","message":"Authentication failed: Token missing","method":"GET","path":"/audit-logs","service":"ehr-backend","timestamp":"2025-12-16 00:57:08"}
{"error":"jwt expired","ip":"::ffff:127.0.0.1","level":"warn","message":"Authentication failed: JWT verification failed","method":"GET","path":"/audit-logs","service":"ehr-backend","timestamp":"2025-12-16 00:57:09"}
{"email":"patient@test.com","level":"info","message":"User login successful","role":"Patient","service":"ehr-backend","timestamp":"2025-12-16 00:57:13","userId":"694013b8a0e1accb6e1622f4"}
{"email":"admin@test.com","level":"info","message":"User login successful","role":"Admin","service":"ehr-backend","timestamp":"2025-12-16 00:57:13","userId":"694013b9a0e1accb6e162300"}
{"email":"nonexistent@test.com","ip":"::ffff:127.0.0.1","level":"warn","message":"Login attempt failed: User not found","service":"ehr-backend","timestamp":"2025-12-16 00:57:13"}
{"email":"patient@test.com","ip":"::ffff:127.0.0.1","level":"warn","message":"Login attempt failed: Invalid password","service":"ehr-backend","timestamp":"2025-12-16 00:57:13","userId":"694013b9a0e1accb6e16230f"}
{"ip":"::ffff:127.0.0.1","level":"warn","message":"Login attempt failed: User not found","service":"ehr-backend","timestamp":"2025-12-16 00:57:13"}
{"email":"patient@test.com","error":"data and hash arguments required","level":"error","message":"Login error","service":"ehr-backend","timestamp":"2025-12-16 00:57:13"}
{"email":"admin@test.com","level":"info","message":"User login successful","role":"Admin","service":"ehr-backend","timestamp":"2025-12-16 00:57:14","userId":"694013b9a0e1accb6e16231f"}
{"email":"provider@test.com","level":"info","message":"User login successful","role":"Provider","service":"ehr-backend","timestamp":"2025-12-16 00:57:14","userId":"694013baa0e1accb6e162327"}
{"email":"patient@test.com","level":"info","message":"User login successful","role":"Patient","service":"ehr-backend","timestamp":"2025-12-16 00:57:14","userId":"694013baa0e1accb6e16232f"}
{"ip":"::ffff:127.0.0.1","level":"warn","message":"Authentication failed: Token missing","method":"GET","path":"/me","service":"ehr-backend","timestamp":"2025-12-16 00:57:14"}
{"error":"jwt malformed","ip":"::ffff:127.0.0.1","level":"warn","message":"Authentication failed: JWT verification failed","method":"GET","path":"/me","service":"ehr-backend","timestamp":"2025-12-16 00:57:14"}
{"email":"patient@test.com","level":"info","message":"User login successful","role":"Patient","service":"ehr-backend","timestamp":"2025-12-16 00:57:14","userId":"694013baa0e1accb6e16233f"}
{"level":"info","message":"User logout","service":"ehr-backend","timestamp":"2025-12-16 00:57:14"}
{"level":"info","message":"User logout","service":"ehr-backend","timestamp":"2025-12-16 00:57:14"}
{"email":"admin@test.com","level":"info","message":"User login successful","role":"Admin","service":"ehr-backend","timestamp":"2025-12-16 00:57:14","userId":"694013baa0e1accb6e16234e"}
{"level":"info","message":"User logout","service":"ehr-backend","timestamp":"2025-12-16 00:57:14"}
{"ip":"::ffff:127.0.0.1","level":"warn","message":"Authentication failed: Token missing","method":"GET","path":"/me","service":"ehr-backend","timestamp":"2025-12-16 00:57:14"}
{"keyVersion":1,"level":"info","message":"Public key retrieved successfully","service":"ehr-backend","timestamp":"2025-12-16 00:57:17"}
{"keyVersion":1,"level":"info","message":"Public key retrieved successfully","service":"ehr-backend","timestamp":"2025-12-16 00:57:17"}
{"keyVersion":1,"level":"info","message":"Public key retrieved successfully","service":"ehr-backend","timestamp":"2025-12-16 00:57:17"}
{"keyVersion":1,"level":"info","message":"Public key retrieved successfully","service":"ehr-backend","timestamp":"2025-12-16 00:57:17"}
{"keyVersion":1,"level":"info","message":"Public key retrieved successfully","service":"ehr-backend","timestamp":"2025-12-16 00:57:17"}
{"error":"Service unavailable","level":"error","message":"Failed to retrieve public key","service":"ehr-backend","timestamp":"2025-12-16 00:57:17"}
{"keyVersion":1,"level":"info","message":"Public key retrieved successfully","service":"ehr-backend","timestamp":"2025-12-16 00:57:17"}
{"keyVersion":1,"level":"info","message":"Public key retrieved successfully","service":"ehr-backend","timestamp":"2025-12-16 00:57:17"}
{"keyVersion":1,"level":"info","message":"Public key retrieved successfully","service":"ehr-backend","timestamp":"2025-12-16 00:57:17"}
{"email":"admin@test.com","level":"info","message":"User login successful","role":"Admin","service":"ehr-backend","timestamp":"2025-12-16 01:09:34","userId":"6940169d9cdef9686329e72c"}
{"email":"manager@test.com","level":"info","message":"User login successful","role":"Manager","service":"ehr-backend","timestamp":"2025-12-16 01:09:35","userId":"6940169e9cdef9686329e734"}
{"email":"provider@test.com","level":"info","message":"User login successful","role":"Provider","service":"ehr-backend","timestamp":"2025-12-16 01:09:35","userId":"6940169e9cdef9686329e736"}
{"email":"employee@test.com","level":"info","message":"User login successful","role":"Employee","service":"ehr-backend","timestamp":"2025-12-16 01:09:35","userId":"6940169e9cdef9686329e738"}
{"email":"patient@test.com","level":"info","message":"User login successful","role":"Patient","service":"ehr-backend","timestamp":"2025-12-16 01:09:35","userId":"6940169e9cdef9686329e73a"}
{"level":"info","message":"Authorization check","method":"POST","path":"/register","requiredRoles":["Employee","Manager","Admin"],"service":"ehr-backend","timestamp":"2025-12-16 01:09:35","userId":"6940169d9cdef9686329e72c","userRole":"Admin"}
{"creatorId":"6940169d9cdef9686329e72c","creatorRole":"Admin","level":"info","message":"User registered successfully","newUserId":"6940169f9cdef9686329e74c","newUserRole":"Patient","service":"ehr-backend","timestamp":"2025-12-16 01:09:35"}
{"level":"info","message":"Authorization check","method":"POST","path":"/register","requiredRoles":["Employee","Manager","Admin"],"service":"ehr-backend","timestamp":"2025-12-16 01:09:35","userId":"6940169d9cdef9686329e72c","userRole":"Admin"}
{"creatorId":"6940169d9cdef9686329e72c","creatorRole":"Admin","level":"info","message":"User registered successfully","newUserId":"6940169f9cdef9686329e751","newUserRole":"Provider","service":"ehr-backend","timestamp":"2025-12-16 01:09:35"}
{"level":"info","message":"Authorization check","method":"POST","path":"/register","requiredRoles":["Employee","Manager","Admin"],"service":"ehr-backend","timestamp":"2025-12-16 01:09:35","userId":"6940169d9cdef9686329e72c","userRole":"Admin"}
{"creatorId":"6940169d9cdef9686329e72c","creatorRole":"Admin","level":"info","message":"User registered successfully","newUserId":"6940169f9cdef9686329e756","newUserRole":"Employee","service":"ehr-backend","timestamp":"2025-12-16 01:09:35"}
{"level":"info","message":"Authorization check","method":"POST","path":"/register","requiredRoles":["Employee","Manager","Admin"],"service":"ehr-backend","timestamp":"2025-12-16 01:09:35","userId":"6940169d9cdef9686329e72c","userRole":"Admin"}
{"creatorId":"6940169d9cdef9686329e72c","creatorRole":"Admin","level":"info","message":"User registered successfully","newUserId":"6940169f9cdef9686329e75b","newUserRole":"Manager","service":"ehr-backend","timestamp":"2025-12-16 01:09:35"}
{"email":"admin@test.com","level":"info","message":"User login successful","role":"Admin","service":"ehr-backend","timestamp":"2025-12-16 01:09:36","userId":"6940169f9cdef9686329e765"}
{"email":"manager@test.com","level":"info","message":"User login successful","role":"Manager","service":"ehr-backend","timestamp":"2025-12-16 01:09:36","userId":"6940169f9cdef9686329e767"}
{"email":"provider@test.com","level":"info","message":"User login successful","role":"Provider","service":"ehr-backend","timestamp":"2025-12-16 01:09:36","userId":"6940169f9cdef9686329e769"}
{"email":"employee@test.com","level":"info","message":"User login successful","role":"Employee","service":"ehr-backend","timestamp":"2025-12-16 01:09:36","userId":"694016a09cdef9686329e76b"}
{"email":"patient@test.com","level":"info","message":"User login successful","role":"Patient","service":"ehr-backend","timestamp":"2025-12-16 01:09:36","userId":"694016a09cdef9686329e76d"}
{"level":"info","message":"Authorization check","method":"POST","path":"/register","requiredRoles":["Employee","Manager","Admin"],"service":"ehr-backend","timestamp":"2025-12-16 01:09:36","userId":"6940169f9cdef9686329e767","userRole":"Manager"}
{"creatorId":"6940169f9cdef9686329e767","creatorRole":"Manager","level":"info","message":"User registered successfully","newUserId":"694016a09cdef9686329e77f","newUserRole":"Employee","service":"ehr-backend","timestamp":"2025-12-16 01:09:36"}
{"level":"info","message":"Authorization check","method":"POST","path":"/register","requiredRoles":["Employee","Manager","Admin"],"service":"ehr-backend","timestamp":"2025-12-16 01:09:36","userId":"6940169f9cdef9686329e767","userRole":"Manager"}
{"creatorId":"6940169f9cdef9686329e767","creatorRole":"Manager","level":"info","message":"User registered successfully","newUserId":"694016a09cdef9686329e784","newUserRole":"Provider","service":"ehr-backend","timestamp":"2025-12-16 01:09:36"}
{"level":"info","message":"Authorization check","method":"POST","path":"/register","requiredRoles":["Employee","Manager","Admin"],"service":"ehr-backend","timestamp":"2025-12-16 01:09:36","userId":"6940169f9cdef9686329e767","userRole":"Manager"}
{"creatorId":"6940169f9cdef9686329e767","creatorRole":"Manager","level":"info","message":"User registered successfully","newUserId":"694016a09cdef9686329e789","newUserRole":"Patient","service":"ehr-backend","timestamp":"2025-12-16 01:09:36"}
{"email":"admin@test.com","level":"info","message":"User login successful","role":"Admin","service":"ehr-backend","timestamp":"2025-12-16 01:09:37","userId":"694016a09cdef9686329e793"}
{"email":"manager@test.com","level":"info","message":"User login successful","role":"Manager","service":"ehr-backend","timestamp":"2025-12-16 01:09:37","userId":"694016a09cdef9686329e795"}
{"email":"provider@test.com","level":"info","message":"User login successful","role":"Provider","service":"ehr-backend","timestamp":"2025-12-16 01:09:37","userId":"694016a19cdef9686329e797"}
{"email":"employee@test.com","level":"info","message":"User login successful","role":"Employee","service":"ehr-backend","timestamp":"2025-12-16 01:09:37","userId":"694016a19cdef9686329e799"}
{"email":"patient@test.com","level":"info","message":"User login successful","role":"Patient","service":"ehr-backend","timestamp":"2025-12-16 01:09:37","userId":"694016a19cdef9686329e79b"}
{"level":"info","message":"Authorization check","method":"POST","path":"/register","requiredRoles":["Employee","Manager","Admin"],"service":"ehr-backend","timestamp":"2025-12-16 01:09:37","userId":"694016a09cdef9686329e795","userRole":"Manager"}
{"creatorId":"694016a09cdef9686329e795","creatorRole":"Manager","level":"warn","message":"Registration denied: Insufficient permissions","service":"ehr-backend","targetRole":"Manager","timestamp":"2025-12-16 01:09:37"}
{"email":"admin@test.com","level":"info","message":"User login successful","role":"Admin","service":"ehr-backend","timestamp":"2025-12-16 01:09:38","userId":"694016a19cdef9686329e7b2"}
{"email":"manager@test.com","level":"info","message":"User login successful","role":"Manager","service":"ehr-backend","timestamp":"2025-12-16 01:09:38","userId":"694016a19cdef9686329e7b4"}
{"email":"provider@test.com","level":"info","message":"User login successful","role":"Provider","service":"ehr-backend","timestamp":"2025-12-16 01:09:38","userId":"694016a19cdef9686329e7b6"}
{"email":"employee@test.com","level":"info","message":"User login successful","role":"Employee","service":"ehr-backend","timestamp":"2025-12-16 01:09:38","userId":"694016a19cdef9686329e7b8"}
{"email":"patient@test.com","level":"info","message":"User login successful","role":"Patient","service":"ehr-backend","timestamp":"2025-12-16 01:09:38","userId":"694016a29cdef9686329e7ba"}
{"level":"info","message":"Authorization check","method":"POST","path":"/register","requiredRoles":["Employee","Manager","Admin"],"service":"ehr-backend","timestamp":"2025-12-16 01:09:38","userId":"694016a19cdef9686329e7b8","userRole":"Employee"}
{"creatorId":"694016a19cdef9686329e7b8","creatorRole":"Employee","level":"info","message":"User registered successfully","newUserId":"694016a29cdef9686329e7cc","newUserRole":"Patient","service":"ehr-backend","timestamp":"2025-12-16 01:09:38"}
{"email":"admin@test.com","level":"info","message":"User login successful","role":"Admin","service":"ehr-backend","timestamp":"2025-12-16 01:09:39","userId":"694016a29cdef9686329e7d6"}
{"email":"manager@test.com","level":"info","message":"User login successful","role":"Manager","service":"ehr-backend","timestamp":"2025-12-16 01:09:39","userId":"694016a29cdef9686329e7d8"}
{"email":"provider@test.com","level":"info","message":"User login successful","role":"Provider","service":"ehr-backend","timestamp":"2025-12-16 01:09:39","userId":"694016a29cdef9686329e7da"}
{"email":"employee@test.com","level":"info","message":"User login successful","role":"Employee","service":"ehr-backend","timestamp":"2025-12-16 01:09:39","userId":"694016a29cdef9686329e7dc"}
{"email":"patient@test.com","level":"info","message":"User login successful","role":"Patient","service":"ehr-backend","timestamp":"2025-12-16 01:09:39","userId":"694016a39cdef9686329e7de"}
{"level":"info","message":"Authorization check","method":"POST","path":"/register","requiredRoles":["Employee","Manager","Admin"],"service":"ehr-backend","timestamp":"2025-12-16 01:09:39","userId":"694016a29cdef9686329e7dc","userRole":"Employee"}
{"creatorId":"694016a29cdef9686329e7dc","creatorRole":"Employee","level":"warn","message":"Registration denied: Insufficient permissions","service":"ehr-backend","targetRole":"Provider","timestamp":"2025-12-16 01:09:39"}
{"email":"admin@test.com","level":"info","message":"User login successful","role":"Admin","service":"ehr-backend","timestamp":"2025-12-16 01:09:40","userId":"694016a39cdef9686329e7f5"}
{"email":"manager@test.com","level":"info","message":"User login successful","role":"Manager","service":"ehr-backend","timestamp":"2025-12-16 01:09:40","userId":"694016a39cdef9686329e7f7"}
{"email":"provider@test.com","level":"info","message":"User login successful","role":"Provider","service":"ehr-backend","timestamp":"2025-12-16 01:09:40","userId":"694016a39cdef9686329e7f9"}
{"email":"employee@test.com","level":"info","message":"User login successful","role":"Employee","service":"ehr-backend","timestamp":"2025-12-16 01:09:40","userId":"694016a39cdef9686329e7fb"}
{"email":"patient@test.com","level":"info","message":"User login successful","role":"Patient","service":"ehr-backend","timestamp":"2025-12-16 01:09:40","userId":"694016a39cdef9686329e7fd"}
{"level":"info","message":"Authorization check","method":"POST","path":"/register","requiredRoles":["Employee","Manager","Admin"],"service":"ehr-backend","timestamp":"2025-12-16 01:09:40","userId":"694016a39cdef9686329e7fb","userRole":"Employee"}
{"creatorId":"694016a39cdef9686329e7fb","creatorRole":"Employee","level":"warn","message":"Registration denied: Insufficient permissions","service":"ehr-backend","targetRole":"Employee","timestamp":"2025-12-16 01:09:40"}
{"email":"admin@test.com","level":"info","message":"User login successful","role":"Admin","service":"ehr-backend","timestamp":"2025-12-16 01:09:40","userId":"694016a49cdef9686329e814"}
{"email":"manager@test.com","level":"info","message":"User login successful","role":"Manager","service":"ehr-backend","timestamp":"2025-12-16 01:09:40","userId":"694016a49cdef9686329e816"}
{"email":"provider@test.com","level":"info","message":"User login successful","role":"Provider","service":"ehr-backend","timestamp":"2025-12-16 01:09:40","userId":"694016a49cdef9686329e818"}
{"email":"employee@test.com","level":"info","message":"User login successful","role":"Employee","service":"ehr-backend","timestamp":"2025-12-16 01:09:41","userId":"694016a49cdef9686329e81a"}
{"email":"patient@test.com","level":"info","message":"User login successful","role":"Patient","service":"ehr-backend","timestamp":"2025-12-16 01:09:41","userId":"694016a49cdef9686329e81c"}
{"level":"info","message":"Authorization check","method":"POST","path":"/register","requiredRoles":["Employee","Manager","Admin"],"service":"ehr-backend","timestamp":"2025-12-16 01:09:41","userId":"694016a49cdef9686329e818","userRole":"Provider"}
{"level":"warn","message":"Authorization denied: Insufficient permissions","method":"POST","path":"/register","requiredRoles":["Employee","Manager","Admin"],"service":"ehr-backend","timestamp":"2025-12-16 01:09:41","userId":"694016a49cdef9686329e818","userRole":"Provider"}
{"email":"admin@test.com","level":"info","message":"User login successful","role":"Admin","service":"ehr-backend","timestamp":"2025-12-16 01:09:41","userId":"694016a59cdef9686329e835"}
{"email":"manager@test.com","level":"info","message":"User login successful","role":"Manager","service":"ehr-backend","timestamp":"2025-12-16 01:09:41","userId":"694016a59cdef9686329e837"}
{"email":"provider@test.com","level":"info","message":"User login successful","role":"Provider","service":"ehr-backend","timestamp":"2025-12-16 01:09:41","userId":"694016a59cdef9686329e839"}
{"email":"employee@test.com","level":"info","message":"User login successful","role":"Employee","service":"ehr-backend","timestamp":"2025-12-16 01:09:41","userId":"694016a59cdef9686329e83b"}
{"email":"patient@test.com","level":"info","message":"User login successful","role":"Patient","service":"ehr-backend","timestamp":"2025-12-16 01:09:41","userId":"694016a59cdef9686329e83d"}
{"level":"info","message":"Authorization check","method":"POST","path":"/register","requiredRoles":["Employee","Manager","Admin"],"service":"ehr-backend","timestamp":"2025-12-16 01:09:42","userId":"694016a59cdef9686329e83d","userRole":"Patient"}
{"level":"warn","message":"Authorization denied: Insufficient permissions","method":"POST","path":"/register","requiredRoles":["Employee","Manager","Admin"],"service":"ehr-backend","timestamp":"2025-12-16 01:09:42","userId":"694016a59cdef9686329e83d","userRole":"Patient"}
{"email":"admin@test.com","level":"info","message":"User login successful","role":"Admin","service":"ehr-backend","timestamp":"2025-12-16 01:09:42","userId":"694016a69cdef9686329e856"}
{"email":"manager@test.com","level":"info","message":"User login successful","role":"Manager","service":"ehr-backend","timestamp":"2025-12-16 01:09:42","userId":"694016a69cdef9686329e858"}
{"email":"provider@test.com","level":"info","message":"User login successful","role":"Provider","service":"ehr-backend","timestamp":"2025-12-16 01:09:42","userId":"694016a69cdef9686329e85a"}
{"email":"employee@test.com","level":"info","message":"User login successful","role":"Employee","service":"ehr-backend","timestamp":"2025-12-16 01:09:42","userId":"694016a69cdef9686329e85c"}
{"email":"patient@test.com","level":"info","message":"User login successful","role":"Patient","service":"ehr-backend","timestamp":"2025-12-16 01:09:42","userId":"694016a69cdef9686329e85e"}
{"level":"info","message":"Authorization check","method":"GET","path":"/audit-logs","requiredRoles":["Admin"],"service":"ehr-backend","timestamp":"2025-12-16 01:09:42","userId":"694016a69cdef9686329e856","userRole":"Admin"}
{"level":"info","message":"Admin 694016a69cdef9686329e856 retrieved 5 audit logs","service":"ehr-backend","timestamp":"2025-12-16 01:09:42"}
{"email":"admin@test.com","level":"info","message":"User login successful","role":"Admin","service":"ehr-backend","timestamp":"2025-12-16 01:09:43","userId":"694016a69cdef9686329e876"}
{"email":"manager@test.com","level":"info","message":"User login successful","role":"Manager","service":"ehr-backend","timestamp":"2025-12-16 01:09:43","userId":"694016a69cdef9686329e878"}
{"email":"provider@test.com","level":"info","message":"User login successful","role":"Provider","service":"ehr-backend","timestamp":"2025-12-16 01:09:43","userId":"694016a79cdef9686329e87a"}
{"email":"employee@test.com","level":"info","message":"User login successful","role":"Employee","service":"ehr-backend","timestamp":"2025-12-16 01:09:43","userId":"694016a79cdef9686329e87c"}
{"email":"patient@test.com","level":"info","message":"User login successful","role":"Patient","service":"ehr-backend","timestamp":"2025-12-16 01:09:43","userId":"694016a79cdef9686329e87e"}
{"level":"info","message":"Authorization check","method":"GET","path":"/audit-logs","requiredRoles":["Admin"],"service":"ehr-backend","timestamp":"2025-12-16 01:09:43","userId":"694016a69cdef9686329e878","userRole":"Manager"}
{"level":"warn","message":"Authorization denied: Insufficient permissions","method":"GET","path":"/audit-logs","requiredRoles":["Admin"],"service":"ehr-backend","timestamp":"2025-12-16 01:09:43","userId":"694016a69cdef9686329e878","userRole":"Manager"}
{"email":"admin@test.com","level":"info","message":"User login successful","role":"Admin","service":"ehr-backend","timestamp":"2025-12-16 01:09:44","userId":"694016a79cdef9686329e897"}
{"email":"manager@test.com","level":"info","message":"User login successful","role":"Manager","service":"ehr-backend","timestamp":"2025-12-16 01:09:44","userId":"694016a79cdef9686329e899"}
{"email":"provider@test.com","level":"info","message":"User login successful","role":"Provider","service":"ehr-backend","timestamp":"2025-12-16 01:09:44","userId":"694016a79cdef9686329e89b"}
{"email":"employee@test.com","level":"info","message":"User login successful","role":"Employee","service":"ehr-backend","timestamp":"2025-12-16 01:09:44","userId":"694016a79cdef9686329e89d"}
{"email":"patient@test.com","level":"info","message":"User login successful","role":"Patient","service":"ehr-backend","timestamp":"2025-12-16 01:09:44","userId":"694016a79cdef9686329e89f"}
{"level":"info","message":"Authorization check","method":"GET","path":"/audit-logs","requiredRoles":["Admin"],"service":"ehr-backend","timestamp":"2025-12-16 01:09:44","userId":"694016a79cdef9686329e89b","userRole":"Provider"}
{"level":"warn","message":"Authorization denied: Insufficient permissions","method":"GET","path":"/audit-logs","requiredRoles":["Admin"],"service":"ehr-backend","timestamp":"2025-12-16 01:09:44","userId":"694016a79cdef9686329e89b","userRole":"Provider"}
{"email":"admin@test.com","level":"info","message":"User login successful","role":"Admin","service":"ehr-backend","timestamp":"2025-12-16 01:09:44","userId":"694016a89cdef9686329e8b8"}
{"email":"manager@test.com","level":"info","message":"User login successful","role":"Manager","service":"ehr-backend","timestamp":"2025-12-16 01:09:45","userId":"694016a89cdef9686329e8ba"}
{"email":"provider@test.com","level":"info","message":"User login successful","role":"Provider","service":"ehr-backend","timestamp":"2025-12-16 01:09:45","userId":"694016a89cdef9686329e8bc"}
{"email":"employee@test.com","level":"info","message":"User login successful","role":"Employee","service":"ehr-backend","timestamp":"2025-12-16 01:09:45","userId":"694016a89cdef9686329e8be"}
{"email":"patient@test.com","level":"info","message":"User login successful","role":"Patient","service":"ehr-backend","timestamp":"2025-12-16 01:09:45","userId":"694016a89cdef9686329e8c0"}
{"level":"info","message":"Authorization check","method":"GET","path":"/audit-logs","requiredRoles":["Admin"],"service":"ehr-backend","timestamp":"2025-12-16 01:09:45","userId":"694016a89cdef9686329e8be","userRole":"Employee"}
{"level":"warn","message":"Authorization denied: Insufficient permissions","method":"GET","path":"/audit-logs","requiredRoles":["Admin"],"service":"ehr-backend","timestamp":"2025-12-16 01:09:45","userId":"694016a89cdef9686329e8be","userRole":"Employee"}
{"email":"admin@test.com","level":"info","message":"User login successful","role":"Admin","service":"ehr-backend","timestamp":"2025-12-16 01:09:45","userId":"694016a99cdef9686329e8d9"}
{"email":"manager@test.com","level":"info","message":"User login successful","role":"Manager","service":"ehr-backend","timestamp":"2025-12-16 01:09:45","userId":"694016a99cdef9686329e8db"}
{"email":"provider@test.com","level":"info","message":"User login successful","role":"Provider","service":"ehr-backend","timestamp":"2025-12-16 01:09:45","userId":"694016a99cdef9686329e8dd"}
{"email":"employee@test.com","level":"info","message":"User login successful","role":"Employee","service":"ehr-backend","timestamp":"2025-12-16 01:09:46","userId":"694016a99cdef9686329e8df"}
{"email":"patient@test.com","level":"info","message":"User login successful","role":"Patient","service":"ehr-backend","timestamp":"2025-12-16 01:09:46","userId":"694016a99cdef9686329e8e1"}
{"level":"info","message":"Authorization check","method":"GET","path":"/audit-logs","requiredRoles":["Admin"],"service":"ehr-backend","timestamp":"2025-12-16 01:09:46","userId":"694016a99cdef9686329e8e1","userRole":"Patient"}
{"level":"warn","message":"Authorization denied: Insufficient permissions","method":"GET","path":"/audit-logs","requiredRoles":["Admin"],"service":"ehr-backend","timestamp":"2025-12-16 01:09:46","userId":"694016a99cdef9686329e8e1","userRole":"Patient"}
{"email":"admin@test.com","level":"info","message":"User login successful","role":"Admin","service":"ehr-backend","timestamp":"2025-12-16 01:09:46","userId":"694016aa9cdef9686329e8fa"}
{"email":"manager@test.com","level":"info","message":"User login successful","role":"Manager","service":"ehr-backend","timestamp":"2025-12-16 01:09:46","userId":"694016aa9cdef9686329e8fc"}
{"email":"provider@test.com","level":"info","message":"User login successful","role":"Provider","service":"ehr-backend","timestamp":"2025-12-16 01:09:46","userId":"694016aa9cdef9686329e8fe"}
{"email":"employee@test.com","level":"info","message":"User login successful","role":"Employee","service":"ehr-backend","timestamp":"2025-12-16 01:09:46","userId":"694016aa9cdef9686329e900"}
{"email":"patient@test.com","level":"info","message":"User login successful","role":"Patient","service":"ehr-backend","timestamp":"2025-12-16 01:09:46","userId":"694016aa9cdef9686329e902"}
{"level":"info","message":"Authorization check","method":"POST","path":"/assign-patient","requiredRoles":["Admin"],"service":"ehr-backend","timestamp":"2025-12-16 01:09:46","userId":"694016aa9cdef9686329e8fa","userRole":"Admin"}
{"level":"info","message":"Patient 694016aa9cdef9686329e902 assigned to Provider 694016aa9cdef9686329e8fe by Admin 694016aa9cdef9686329e8fa","service":"ehr-backend","timestamp":"2025-12-16 01:09:46"}
{"email":"admin@test.com","level":"info","message":"User login successful","role":"Admin","service":"ehr-backend","timestamp":"2025-12-16 01:09:47","userId":"694016aa9cdef9686329e91d"}
{"email":"manager@test.com","level":"info","message":"User login successful","role":"Manager","service":"ehr-backend","timestamp":"2025-12-16 01:09:47","userId":"694016ab9cdef9686329e91f"}
{"email":"provider@test.com","level":"info","message":"User login successful","role":"Provider","service":"ehr-backend","timestamp":"2025-12-16 01:09:47","userId":"694016ab9cdef9686329e921"}
{"email":"employee@test.com","level":"info","message":"User login successful","role":"Employee","service":"ehr-backend","timestamp":"2025-12-16 01:09:47","userId":"694016ab9cdef9686329e923"}
{"email":"patient@test.com","level":"info","message":"User login successful","role":"Patient","service":"ehr-backend","timestamp":"2025-12-16 01:09:47","userId":"694016ab9cdef9686329e925"}
{"level":"info","message":"Authorization check","method":"POST","path":"/assign-patient","requiredRoles":["Admin"],"service":"ehr-backend","timestamp":"2025-12-16 01:09:47","userId":"694016ab9cdef9686329e91f","userRole":"Manager"}
{"level":"warn","message":"Authorization denied: Insufficient permissions","method":"POST","path":"/assign-patient","requiredRoles":["Admin"],"service":"ehr-backend","timestamp":"2025-12-16 01:09:47","userId":"694016ab9cdef9686329e91f","userRole":"Manager"}
{"email":"admin@test.com","level":"info","message":"User login successful","role":"Admin","service":"ehr-backend","timestamp":"2025-12-16 01:09:48","userId":"694016ab9cdef9686329e93e"}
{"email":"manager@test.com","level":"info","message":"User login successful","role":"Manager","service":"ehr-backend","timestamp":"2025-12-16 01:09:48","userId":"694016ab9cdef9686329e940"}
{"email":"provider@test.com","level":"info","message":"User login successful","role":"Provider","service":"ehr-backend","timestamp":"2025-12-16 01:09:48","userId":"694016ab9cdef9686329e942"}
{"email":"employee@test.com","level":"info","message":"User login successful","role":"Employee","service":"ehr-backend","timestamp":"2025-12-16 01:09:48","userId":"694016ac9cdef9686329e944"}
{"email":"patient@test.com","level":"info","message":"User login successful","role":"Patient","service":"ehr-backend","timestamp":"2025-12-16 01:09:48","userId":"694016ac9cdef9686329e946"}
{"level":"info","message":"Authorization check","method":"GET","path":"/audit-logs","requiredRoles":["Admin"],"service":"ehr-backend","timestamp":"2025-12-16 01:09:48","userId":"694016ac9cdef9686329e946","userRole":"Patient"}
{"level":"warn","message":"Authorization denied: Insufficient permissions","method":"GET","path":"/audit-logs","requiredRoles":["Admin"],"service":"ehr-backend","timestamp":"2025-12-16 01:09:48","userId":"694016ac9cdef9686329e946","userRole":"Patient"}
{"email":"admin@test.com","level":"info","message":"User login successful","role":"Admin","service":"ehr-backend","timestamp":"2025-12-16 01:09:49","userId":"694016ac9cdef9686329e95f"}
{"email":"manager@test.com","level":"info","message":"User login successful","role":"Manager","service":"ehr-backend","timestamp":"2025-12-16 01:09:49","userId":"694016ac9cdef9686329e961"}
{"email":"provider@test.com","level":"info","message":"User login successful","role":"Provider","service":"ehr-backend","timestamp":"2025-12-16 01:09:49","userId":"694016ac9cdef9686329e963"}
{"email":"employee@test.com","level":"info","message":"User login successful","role":"Employee","service":"ehr-backend","timestamp":"2025-12-16 01:09:49","userId":"694016ac9cdef9686329e965"}
{"email":"patient@test.com","level":"info","message":"User login successful","role":"Patient","service":"ehr-backend","timestamp":"2025-12-16 01:09:49","userId":"694016ac9cdef9686329e967"}
{"level":"info","message":"Authorization check","method":"GET","path":"/audit-logs","requiredRoles":["Admin"],"service":"ehr-backend","timestamp":"2025-12-16 01:09:49","userId":"694016ac9cdef9686329e965","userRole":"Employee"}
{"level":"warn","message":"Authorization denied: Insufficient permissions","method":"GET","path":"/audit-logs","requiredRoles":["Admin"],"service":"ehr-backend","timestamp":"2025-12-16 01:09:49","userId":"694016ac9cdef9686329e965","userRole":"Employee"}
{"email":"admin@test.com","level":"info","message":"User login successful","role":"Admin","service":"ehr-backend","timestamp":"2025-12-16 01:09:49","userId":"694016ad9cdef9686329e980"}
{"email":"manager@test.com","level":"info","message":"User login successful","role":"Manager","service":"ehr-backend","timestamp":"2025-12-16 01:09:50","userId":"694016ad9cdef9686329e982"}
{"email":"provider@test.com","level":"info","message":"User login successful","role":"Provider","service":"ehr-backend","timestamp":"2025-12-16 01:09:50","userId":"694016ad9cdef9686329e984"}
{"email":"employee@test.com","level":"info","message":"User login successful","role":"Employee","service":"ehr-backend","timestamp":"2025-12-16 01:09:50","userId":"694016ad9cdef9686329e986"}
{"email":"patient@test.com","level":"info","message":"User login successful","role":"Patient","service":"ehr-backend","timestamp":"2025-12-16 01:09:50","userId":"694016ad9cdef9686329e988"}
{"level":"info","message":"Authorization check","method":"GET","path":"/audit-logs","requiredRoles":["Admin"],"service":"ehr-backend","timestamp":"2025-12-16 01:09:50","userId":"694016ad9cdef9686329e984","userRole":"Provider"}
{"level":"warn","message":"Authorization denied: Insufficient permissions","method":"GET","path":"/audit-logs","requiredRoles":["Admin"],"service":"ehr-backend","timestamp":"2025-12-16 01:09:50","userId":"694016ad9cdef9686329e984","userRole":"Provider"}
{"email":"admin@test.com","level":"info","message":"User login successful","role":"Admin","service":"ehr-backend","timestamp":"2025-12-16 01:09:50","userId":"694016ae9cdef9686329e9a1"}
{"email":"manager@test.com","level":"info","message":"User login successful","role":"Manager","service":"ehr-backend","timestamp":"2025-12-16 01:09:50","userId":"694016ae9cdef9686329e9a3"}
{"email":"provider@test.com","level":"info","message":"User login successful","role":"Provider","service":"ehr-backend","timestamp":"2025-12-16 01:09:50","userId":"694016ae9cdef9686329e9a5"}
{"email":"employee@test.com","level":"info","message":"User login successful","role":"Employee","service":"ehr-backend","timestamp":"2025-12-16 01:09:51","userId":"694016ae9cdef9686329e9a7"}
{"email":"patient@test.com","level":"info","message":"User login successful","role":"Patient","service":"ehr-backend","timestamp":"2025-12-16 01:09:51","userId":"694016ae9cdef9686329e9a9"}
{"level":"info","message":"Authorization check","method":"POST","path":"/assign-patient","requiredRoles":["Admin"],"service":"ehr-backend","timestamp":"2025-12-16 01:09:51","userId":"694016ae9cdef9686329e9a3","userRole":"Manager"}
{"level":"warn","message":"Authorization denied: Insufficient permissions","method":"POST","path":"/assign-patient","requiredRoles":["Admin"],"service":"ehr-backend","timestamp":"2025-12-16 01:09:51","userId":"694016ae9cdef9686329e9a3","userRole":"Manager"}
{"email":"admin@test.com","level":"info","message":"User login successful","role":"Admin","service":"ehr-backend","timestamp":"2025-12-16 01:09:51","userId":"694016af9cdef9686329e9c2"}
{"email":"manager@test.com","level":"info","message":"User login successful","role":"Manager","service":"ehr-backend","timestamp":"2025-12-16 01:09:51","userId":"694016af9cdef9686329e9c4"}
{"email":"provider@test.com","level":"info","message":"User login successful","role":"Provider","service":"ehr-backend","timestamp":"2025-12-16 01:09:52","userId":"694016af9cdef9686329e9c6"}
{"email":"employee@test.com","level":"info","message":"User login successful","role":"Employee","service":"ehr-backend","timestamp":"2025-12-16 01:09:52","userId":"694016af9cdef9686329e9c8"}
{"email":"patient@test.com","level":"info","message":"User login successful","role":"Patient","service":"ehr-backend","timestamp":"2025-12-16 01:09:52","userId":"694016af9cdef9686329e9ca"}
{"level":"info","message":"Authorization check","method":"PUT","path":"/694016af9cdef9686329e9ca","requiredRoles":["Patient","Employee","Manager","Admin"],"service":"ehr-backend","timestamp":"2025-12-16 01:09:52","userId":"694016af9cdef9686329e9c2","userRole":"Admin"}
{"level":"info","message":"Patient updated by staff","service":"ehr-backend","timestamp":"2025-12-16 01:09:52","updatedBy":"694016af9cdef9686329e9c2","updaterRole":"Admin","userId":"694016af9cdef9686329e9ca"}
{"level":"info","message":"User updated successfully","role":"Patient","service":"ehr-backend","timestamp":"2025-12-16 01:09:52","updatedBy":"694016af9cdef9686329e9c2","userId":"694016af9cdef9686329e9ca"}
{"email":"admin@test.com","level":"info","message":"User login successful","role":"Admin","service":"ehr-backend","timestamp":"2025-12-16 01:09:52","userId":"694016b09cdef9686329e9e5"}
{"email":"manager@test.com","level":"info","message":"User login successful","role":"Manager","service":"ehr-backend","timestamp":"2025-12-16 01:09:52","userId":"694016b09cdef9686329e9e7"}
{"email":"provider@test.com","level":"info","message":"User login successful","role":"Provider","service":"ehr-backend","timestamp":"2025-12-16 01:09:52","userId":"694016b09cdef9686329e9e9"}
{"email":"employee@test.com","level":"info","message":"User login successful","role":"Employee","service":"ehr-backend","timestamp":"2025-12-16 01:09:53","userId":"694016b09cdef9686329e9eb"}
{"email":"patient@test.com","level":"info","message":"User login successful","role":"Patient","service":"ehr-backend","timestamp":"2025-12-16 01:09:53","userId":"694016b09cdef9686329e9ed"}
{"level":"info","message":"Authorization check","method":"PUT","path":"/694016b09cdef9686329e9ed","requiredRoles":["Patient","Employee","Manager","Admin"],"service":"ehr-backend","timestamp":"2025-12-16 01:09:53","userId":"694016b09cdef9686329e9e7","userRole":"Manager"}
{"level":"info","message":"Patient updated by staff","service":"ehr-backend","timestamp":"2025-12-16 01:09:53","updatedBy":"694016b09cdef9686329e9e7","updaterRole":"Manager","userId":"694016b09cdef9686329e9ed"}
{"level":"info","message":"User updated successfully","role":"Patient","service":"ehr-backend","timestamp":"2025-12-16 01:09:53","updatedBy":"694016b09cdef9686329e9e7","userId":"694016b09cdef9686329e9ed"}
{"email":"admin@test.com","level":"info","message":"User login successful","role":"Admin","service":"ehr-backend","timestamp":"2025-12-16 01:09:53","userId":"694016b19cdef9686329ea08"}
{"email":"manager@test.com","level":"info","message":"User login successful","role":"Manager","service":"ehr-backend","timestamp":"2025-12-16 01:09:53","userId":"694016b19cdef9686329ea0a"}
{"email":"provider@test.com","level":"info","message":"User login successful","role":"Provider","service":"ehr-backend","timestamp":"2025-12-16 01:09:53","userId":"694016b19cdef9686329ea0c"}
{"email":"employee@test.com","level":"info","message":"User login successful","role":"Employee","service":"ehr-backend","timestamp":"2025-12-16 01:09:53","userId":"694016b19cdef9686329ea0e"}
{"email":"patient@test.com","level":"info","message":"User login successful","role":"Patient","service":"ehr-backend","timestamp":"2025-12-16 01:09:53","userId":"694016b19cdef9686329ea10"}
{"level":"info","message":"Authorization check","method":"PUT","path":"/694016b19cdef9686329ea10","requiredRoles":["Patient","Employee","Manager","Admin"],"service":"ehr-backend","timestamp":"2025-12-16 01:09:53","userId":"694016b19cdef9686329ea10","userRole":"Patient"}
{"fields":["phone","address"],"level":"info","message":"Patient self-update","service":"ehr-backend","timestamp":"2025-12-16 01:09:53","userId":"694016b19cdef9686329ea10"}
{"level":"info","message":"User updated successfully","role":"Patient","service":"ehr-backend","timestamp":"2025-12-16 01:09:53","updatedBy":"694016b19cdef9686329ea10","userId":"694016b19cdef9686329ea10"}
{"email":"admin@test.com","level":"info","message":"User login successful","role":"Admin","service":"ehr-backend","timestamp":"2025-12-16 01:09:54","userId":"694016b19cdef9686329ea2b"}
{"email":"manager@test.com","level":"info","message":"User login successful","role":"Manager","service":"ehr-backend","timestamp":"2025-12-16 01:09:54","userId":"694016b29cdef9686329ea2d"}
{"email":"provider@test.com","level":"info","message":"User login successful","role":"Provider","service":"ehr-backend","timestamp":"2025-12-16 01:09:54","userId":"694016b29cdef9686329ea2f"}
{"email":"employee@test.com","level":"info","message":"User login successful","role":"Employee","service":"ehr-backend","timestamp":"2025-12-16 01:09:54","userId":"694016b29cdef9686329ea31"}
{"email":"patient@test.com","level":"info","message":"User login successful","role":"Patient","service":"ehr-backend","timestamp":"2025-12-16 01:09:54","userId":"694016b29cdef9686329ea33"}
{"level":"info","message":"Authorization check","method":"PUT","path":"/694016b29cdef9686329ea44","requiredRoles":["Patient","Employee","Manager","Admin"],"service":"ehr-backend","timestamp":"2025-12-16 01:09:54","userId":"694016b29cdef9686329ea33","userRole":"Patient"}
{"level":"warn","message":"Update denied: Not authorized to update patient","requesterId":"694016b29cdef9686329ea33","requesterRole":"Patient","service":"ehr-backend","targetUserId":"694016b29cdef9686329ea44","timestamp":"2025-12-16 01:09:54"}
{"email":"admin@test.com","level":"info","message":"User login successful","role":"Admin","service":"ehr-backend","timestamp":"2025-12-16 01:09:55","userId":"694016b29cdef9686329ea4d"}
{"email":"manager@test.com","level":"info","message":"User login successful","role":"Manager","service":"ehr-backend","timestamp":"2025-12-16 01:09:55","userId":"694016b29cdef9686329ea4f"}
{"email":"provider@test.com","level":"info","message":"User login successful","role":"Provider","service":"ehr-backend","timestamp":"2025-12-16 01:09:55","userId":"694016b39cdef9686329ea51"}
{"email":"employee@test.com","level":"info","message":"User login successful","role":"Employee","service":"ehr-backend","timestamp":"2025-12-16 01:09:55","userId":"694016b39cdef9686329ea53"}
{"email":"patient@test.com","level":"info","message":"User login successful","role":"Patient","service":"ehr-backend","timestamp":"2025-12-16 01:09:55","userId":"694016b39cdef9686329ea55"}
{"email":"admin@test.com","level":"info","message":"User login successful","role":"Admin","service":"ehr-backend","timestamp":"2025-12-16 01:09:56","userId":"694016b39cdef9686329ea6c"}
{"email":"manager@test.com","level":"info","message":"User login successful","role":"Manager","service":"ehr-backend","timestamp":"2025-12-16 01:09:56","userId":"694016b39cdef9686329ea6e"}
{"email":"provider@test.com","level":"info","message":"User login successful","role":"Provider","service":"ehr-backend","timestamp":"2025-12-16 01:09:56","userId":"694016b39cdef9686329ea70"}
{"email":"employee@test.com","level":"info","message":"User login successful","role":"Employee","service":"ehr-backend","timestamp":"2025-12-16 01:09:56","userId":"694016b39cdef9686329ea72"}
{"email":"patient@test.com","level":"info","message":"User login successful","role":"Patient","service":"ehr-backend","timestamp":"2025-12-16 01:09:56","userId":"694016b39cdef9686329ea74"}
{"level":"info","message":"Authorization check","method":"GET","path":"/audit-logs","requiredRoles":["Admin"],"service":"ehr-backend","timestamp":"2025-12-16 01:09:56","userId":"694016b39cdef9686329ea70","userRole":"Provider"}
{"level":"warn","message":"Authorization denied: Insufficient permissions","method":"GET","path":"/audit-logs","requiredRoles":["Admin"],"service":"ehr-backend","timestamp":"2025-12-16 01:09:56","userId":"694016b39cdef9686329ea70","userRole":"Provider"}
{"email":"admin@test.com","level":"info","message":"User login successful","role":"Admin","service":"ehr-backend","timestamp":"2025-12-16 01:10:01","userId":"694016b70629ea488ee7d7fb"}
{"email":"manager@test.com","level":"info","message":"User login successful","role":"Manager","service":"ehr-backend","timestamp":"2025-12-16 01:10:01","userId":"694016b90629ea488ee7d803"}
{"email":"provider@test.com","level":"info","message":"User login successful","role":"Provider","service":"ehr-backend","timestamp":"2025-12-16 01:10:01","userId":"694016b90629ea488ee7d805"}
{"email":"assigned@test.com","level":"info","message":"User login successful","role":"Patient","service":"ehr-backend","timestamp":"2025-12-16 01:10:01","userId":"694016b90629ea488ee7d809"}
{"creatorId":"694016b90629ea488ee7d805","level":"info","message":"Record created successfully","patientId":"694016b90629ea488ee7d809","recordId":"694016b90629ea488ee7d819","service":"ehr-backend","timestamp":"2025-12-16 01:10:01"}
{"email":"admin@test.com","level":"info","message":"User login successful","role":"Admin","service":"ehr-backend","timestamp":"2025-12-16 01:10:02","userId":"694016b90629ea488ee7d823"}
{"email":"manager@test.com","level":"info","message":"User login successful","role":"Manager","service":"ehr-backend","timestamp":"2025-12-16 01:10:02","userId":"694016ba0629ea488ee7d825"}
{"email":"provider@test.com","level":"info","message":"User login successful","role":"Provider","service":"ehr-backend","timestamp":"2025-12-16 01:10:02","userId":"694016ba0629ea488ee7d827"}
{"email":"assigned@test.com","level":"info","message":"User login successful","role":"Patient","service":"ehr-backend","timestamp":"2025-12-16 01:10:02","userId":"694016ba0629ea488ee7d82b"}
{"email":"admin@test.com","level":"info","message":"User login successful","role":"Admin","service":"ehr-backend","timestamp":"2025-12-16 01:10:03","userId":"694016ba0629ea488ee7d841"}
{"email":"manager@test.com","level":"info","message":"User login successful","role":"Manager","service":"ehr-backend","timestamp":"2025-12-16 01:10:03","userId":"694016ba0629ea488ee7d843"}
{"email":"provider@test.com","level":"info","message":"User login successful","role":"Provider","service":"ehr-backend","timestamp":"2025-12-16 01:10:03","userId":"694016ba0629ea488ee7d845"}
{"email":"assigned@test.com","level":"info","message":"User login successful","role":"Patient","service":"ehr-backend","timestamp":"2025-12-16 01:10:03","userId":"694016ba0629ea488ee7d849"}
{"creatorId":"694016ba0629ea488ee7d843","level":"info","message":"Record created successfully","patientId":"694016ba0629ea488ee7d847","recordId":"694016bb0629ea488ee7d858","service":"ehr-backend","timestamp":"2025-12-16 01:10:03"}
{"email":"admin@test.com","level":"info","message":"User login successful","role":"Admin","service":"ehr-backend","timestamp":"2025-12-16 01:10:03","userId":"694016bb0629ea488ee7d862"}
{"email":"manager@test.com","level":"info","message":"User login successful","role":"Manager","service":"ehr-backend","timestamp":"2025-12-16 01:10:03","userId":"694016bb0629ea488ee7d864"}
{"email":"provider@test.com","level":"info","message":"User login successful","role":"Provider","service":"ehr-backend","timestamp":"2025-12-16 01:10:04","userId":"694016bb0629ea488ee7d866"}
{"email":"assigned@test.com","level":"info","message":"User login successful","role":"Patient","service":"ehr-backend","timestamp":"2025-12-16 01:10:04","userId":"694016bb0629ea488ee7d86a"}
{"email":"admin@test.com","level":"info","message":"User login successful","role":"Admin","service":"ehr-backend","timestamp":"2025-12-16 01:10:04","userId":"694016bc0629ea488ee7d87f"}
{"email":"manager@test.com","level":"info","message":"User login successful","role":"Manager","service":"ehr-backend","timestamp":"2025-12-16 01:10:04","userId":"694016bc0629ea488ee7d881"}
{"email":"provider@test.com","level":"info","message":"User login successful","role":"Provider","service":"ehr-backend","timestamp":"2025-12-16 01:10:04","userId":"694016bc0629ea488ee7d883"}
{"email":"assigned@test.com","level":"info","message":"User login successful","role":"Patient","service":"ehr-backend","timestamp":"2025-12-16 01:10:04","userId":"694016bc0629ea488ee7d887"}
{"email":"admin@test.com","level":"info","message":"User login successful","role":"Admin","service":"ehr-backend","timestamp":"2025-12-16 01:10:05","userId":"694016bc0629ea488ee7d89c"}
{"email":"manager@test.com","level":"info","message":"User login successful","role":"Manager","service":"ehr-backend","timestamp":"2025-12-16 01:10:05","userId":"694016bd0629ea488ee7d89e"}
{"email":"provider@test.com","level":"info","message":"User login successful","role":"Provider","service":"ehr-backend","timestamp":"2025-12-16 01:10:05","userId":"694016bd0629ea488ee7d8a0"}
{"email":"assigned@test.com","level":"info","message":"User login successful","role":"Patient","service":"ehr-backend","timestamp":"2025-12-16 01:10:05","userId":"694016bd0629ea488ee7d8a4"}
{"email":"admin@test.com","level":"info","message":"User login successful","role":"Admin","service":"ehr-backend","timestamp":"2025-12-16 01:10:06","userId":"694016bd0629ea488ee7d8b9"}
{"email":"manager@test.com","level":"info","message":"User login successful","role":"Manager","service":"ehr-backend","timestamp":"2025-12-16 01:10:06","userId":"694016bd0629ea488ee7d8bb"}
{"email":"provider@test.com","level":"info","message":"User login successful","role":"Provider","service":"ehr-backend","timestamp":"2025-12-16 01:10:06","userId":"694016bd0629ea488ee7d8bd"}
{"email":"assigned@test.com","level":"info","message":"User login successful","role":"Patient","service":"ehr-backend","timestamp":"2025-12-16 01:10:06","userId":"694016bd0629ea488ee7d8c1"}
{"creatorId":"694016bd0629ea488ee7d8bd","level":"info","message":"Record created successfully","patientId":"694016bd0629ea488ee7d8c1","recordId":"694016be0629ea488ee7d8d1","service":"ehr-backend","timestamp":"2025-12-16 01:10:06"}
{"email":"admin@test.com","level":"info","message":"User login successful","role":"Admin","service":"ehr-backend","timestamp":"2025-12-16 01:10:06","userId":"694016be0629ea488ee7d8db"}
{"email":"manager@test.com","level":"info","message":"User login successful","role":"Manager","service":"ehr-backend","timestamp":"2025-12-16 01:10:06","userId":"694016be0629ea488ee7d8dd"}
{"email":"provider@test.com","level":"info","message":"User login successful","role":"Provider","service":"ehr-backend","timestamp":"2025-12-16 01:10:07","userId":"694016be0629ea488ee7d8df"}
{"email":"assigned@test.com","level":"info","message":"User login successful","role":"Patient","service":"ehr-backend","timestamp":"2025-12-16 01:10:07","userId":"694016be0629ea488ee7d8e3"}
{"level":"info","managerId":"694016be0629ea488ee7d8dd","message":"All records retrieved","recordCount":1,"service":"ehr-backend","timestamp":"2025-12-16 01:10:07"}
{"email":"admin@test.com","level":"info","message":"User login successful","role":"Admin","service":"ehr-backend","timestamp":"2025-12-16 01:10:07","userId":"694016bf0629ea488ee7d8fe"}
{"email":"manager@test.com","level":"info","message":"User login successful","role":"Manager","service":"ehr-backend","timestamp":"2025-12-16 01:10:07","userId":"694016bf0629ea488ee7d900"}
{"email":"provider@test.com","level":"info","message":"User login successful","role":"Provider","service":"ehr-backend","timestamp":"2025-12-16 01:10:07","userId":"694016bf0629ea488ee7d902"}
{"email":"assigned@test.com","level":"info","message":"User login successful","role":"Patient","service":"ehr-backend","timestamp":"2025-12-16 01:10:07","userId":"694016bf0629ea488ee7d906"}
{"email":"admin@test.com","level":"info","message":"User login successful","role":"Admin","service":"ehr-backend","timestamp":"2025-12-16 01:10:08","userId":"694016bf0629ea488ee7d91b"}
{"email":"manager@test.com","level":"info","message":"User login successful","role":"Manager","service":"ehr-backend","timestamp":"2025-12-16 01:10:08","userId":"694016bf0629ea488ee7d91d"}
{"email":"provider@test.com","level":"info","message":"User login successful","role":"Provider","service":"ehr-backend","timestamp":"2025-12-16 01:10:08","userId":"694016c00629ea488ee7d91f"}
{"email":"assigned@test.com","level":"info","message":"User login successful","role":"Patient","service":"ehr-backend","timestamp":"2025-12-16 01:10:08","userId":"694016c00629ea488ee7d923"}
{"email":"admin@test.com","level":"info","message":"User login successful","role":"Admin","service":"ehr-backend","timestamp":"2025-12-16 01:10:09","userId":"694016c00629ea488ee7d938"}
{"email":"manager@test.com","level":"info","message":"User login successful","role":"Manager","service":"ehr-backend","timestamp":"2025-12-16 01:10:09","userId":"694016c00629ea488ee7d93a"}
{"email":"provider@test.com","level":"info","message":"User login successful","role":"Provider","service":"ehr-backend","timestamp":"2025-12-16 01:10:09","userId":"694016c00629ea488ee7d93c"}
{"email":"assigned@test.com","level":"info","message":"User login successful","role":"Patient","service":"ehr-backend","timestamp":"2025-12-16 01:10:09","userId":"694016c00629ea488ee7d940"}
{"level":"info","message":"Patient records retrieved","patientId":"694016c00629ea488ee7d940","recordCount":1,"service":"ehr-backend","timestamp":"2025-12-16 01:10:09"}
{"email":"admin@test.com","level":"info","message":"User login successful","role":"Admin","service":"ehr-backend","timestamp":"2025-12-16 01:10:09","userId":"694016c10629ea488ee7d95b"}
{"email":"manager@test.com","level":"info","message":"User login successful","role":"Manager","service":"ehr-backend","timestamp":"2025-12-16 01:10:09","userId":"694016c10629ea488ee7d95d"}
{"email":"provider@test.com","level":"info","message":"User login successful","role":"Provider","service":"ehr-backend","timestamp":"2025-12-16 01:10:09","userId":"694016c10629ea488ee7d95f"}
{"email":"assigned@test.com","level":"info","message":"User login successful","role":"Patient","service":"ehr-backend","timestamp":"2025-12-16 01:10:10","userId":"694016c10629ea488ee7d963"}
{"level":"info","message":"Patient records retrieved","patientId":"694016c10629ea488ee7d963","recordCount":1,"service":"ehr-backend","timestamp":"2025-12-16 01:10:10"}
{"email":"admin@test.com","level":"info","message":"User login successful","role":"Admin","service":"ehr-backend","timestamp":"2025-12-16 01:10:10","userId":"694016c20629ea488ee7d980"}
{"email":"manager@test.com","level":"info","message":"User login successful","role":"Manager","service":"ehr-backend","timestamp":"2025-12-16 01:10:10","userId":"694016c20629ea488ee7d982"}
{"email":"provider@test.com","level":"info","message":"User login successful","role":"Provider","service":"ehr-backend","timestamp":"2025-12-16 01:10:10","userId":"694016c20629ea488ee7d984"}
{"email":"assigned@test.com","level":"info","message":"User login successful","role":"Patient","service":"ehr-backend","timestamp":"2025-12-16 01:10:10","userId":"694016c20629ea488ee7d988"}
{"email":"admin@test.com","level":"info","message":"User login successful","role":"Admin","service":"ehr-backend","timestamp":"2025-12-16 01:10:11","userId":"694016c20629ea488ee7d99f"}
{"email":"manager@test.com","level":"info","message":"User login successful","role":"Manager","service":"ehr-backend","timestamp":"2025-12-16 01:10:11","userId":"694016c20629ea488ee7d9a1"}
{"email":"provider@test.com","level":"info","message":"User login successful","role":"Provider","service":"ehr-backend","timestamp":"2025-12-16 01:10:11","userId":"694016c30629ea488ee7d9a3"}
{"email":"assigned@test.com","level":"info","message":"User login successful","role":"Patient","service":"ehr-backend","timestamp":"2025-12-16 01:10:11","userId":"694016c30629ea488ee7d9a7"}
{"level":"info","message":"Record retrieved by ID","recordId":"694016c30629ea488ee7d9b6","service":"ehr-backend","timestamp":"2025-12-16 01:10:11","userId":"694016c30629ea488ee7d9a3"}
{"email":"admin@test.com","level":"info","message":"User login successful","role":"Admin","service":"ehr-backend","timestamp":"2025-12-16 01:10:12","userId":"694016c30629ea488ee7d9c2"}
{"email":"manager@test.com","level":"info","message":"User login successful","role":"Manager","service":"ehr-backend","timestamp":"2025-12-16 01:10:12","userId":"694016c30629ea488ee7d9c4"}
{"email":"provider@test.com","level":"info","message":"User login successful","role":"Provider","service":"ehr-backend","timestamp":"2025-12-16 01:10:12","userId":"694016c30629ea488ee7d9c6"}
{"email":"assigned@test.com","level":"info","message":"User login successful","role":"Patient","service":"ehr-backend","timestamp":"2025-12-16 01:10:12","userId":"694016c30629ea488ee7d9ca"}
{"level":"info","message":"Record retrieved by ID","recordId":"694016c40629ea488ee7d9d9","service":"ehr-backend","timestamp":"2025-12-16 01:10:12","userId":"694016c30629ea488ee7d9ca"}
{"email":"admin@test.com","level":"info","message":"User login successful","role":"Admin","service":"ehr-backend","timestamp":"2025-12-16 01:10:12","userId":"694016c40629ea488ee7d9e5"}
{"email":"manager@test.com","level":"info","message":"User login successful","role":"Manager","service":"ehr-backend","timestamp":"2025-12-16 01:10:12","userId":"694016c40629ea488ee7d9e7"}
{"email":"provider@test.com","level":"info","message":"User login successful","role":"Provider","service":"ehr-backend","timestamp":"2025-12-16 01:10:12","userId":"694016c40629ea488ee7d9e9"}
{"email":"assigned@test.com","level":"info","message":"User login successful","role":"Patient","service":"ehr-backend","timestamp":"2025-12-16 01:10:13","userId":"694016c40629ea488ee7d9ed"}
{"level":"info","message":"Record retrieved by ID","recordId":"694016c50629ea488ee7d9fc","service":"ehr-backend","timestamp":"2025-12-16 01:10:13","userId":"694016c40629ea488ee7d9e7"}
{"email":"admin@test.com","level":"info","message":"User login successful","role":"Admin","service":"ehr-backend","timestamp":"2025-12-16 01:10:13","userId":"694016c50629ea488ee7da08"}
{"email":"manager@test.com","level":"info","message":"User login successful","role":"Manager","service":"ehr-backend","timestamp":"2025-12-16 01:10:13","userId":"694016c50629ea488ee7da0a"}
{"email":"provider@test.com","level":"info","message":"User login successful","role":"Provider","service":"ehr-backend","timestamp":"2025-12-16 01:10:13","userId":"694016c50629ea488ee7da0c"}
{"email":"assigned@test.com","level":"info","message":"User login successful","role":"Patient","service":"ehr-backend","timestamp":"2025-12-16 01:10:13","userId":"694016c50629ea488ee7da10"}
{"email":"admin@test.com","level":"info","message":"User login successful","role":"Admin","service":"ehr-backend","timestamp":"2025-12-16 01:10:14","userId":"694016c50629ea488ee7da2b"}
{"email":"manager@test.com","level":"info","message":"User login successful","role":"Manager","service":"ehr-backend","timestamp":"2025-12-16 01:10:14","userId":"694016c50629ea488ee7da2d"}
{"email":"provider@test.com","level":"info","message":"User login successful","role":"Provider","service":"ehr-backend","timestamp":"2025-12-16 01:10:14","userId":"694016c60629ea488ee7da2f"}
{"email":"assigned@test.com","level":"info","message":"User login successful","role":"Patient","service":"ehr-backend","timestamp":"2025-12-16 01:10:14","userId":"694016c60629ea488ee7da33"}
{"email":"admin@test.com","level":"info","message":"User login successful","role":"Admin","service":"ehr-backend","timestamp":"2025-12-16 01:10:15","userId":"694016c60629ea488ee7da4b"}
{"email":"manager@test.com","level":"info","message":"User login successful","role":"Manager","service":"ehr-backend","timestamp":"2025-12-16 01:10:15","userId":"694016c60629ea488ee7da4d"}
{"email":"provider@test.com","level":"info","message":"User login successful","role":"Provider","service":"ehr-backend","timestamp":"2025-12-16 01:10:15","userId":"694016c60629ea488ee7da4f"}
{"email":"assigned@test.com","level":"info","message":"User login successful","role":"Patient","service":"ehr-backend","timestamp":"2025-12-16 01:10:15","userId":"694016c60629ea488ee7da53"}
{"creatorId":"694016c60629ea488ee7da4f","level":"info","message":"Record created successfully","patientId":"694016c60629ea488ee7da53","recordId":"694016c70629ea488ee7da63","service":"ehr-backend","timestamp":"2025-12-16 01:10:15"}
{"email":"admin@test.com","level":"info","message":"User login successful","role":"Admin","service":"ehr-backend","timestamp":"2025-12-16 01:10:15","userId":"694016c70629ea488ee7da6d"}
{"email":"manager@test.com","level":"info","message":"User login successful","role":"Manager","service":"ehr-backend","timestamp":"2025-12-16 01:10:15","userId":"694016c70629ea488ee7da6f"}
{"email":"provider@test.com","level":"info","message":"User login successful","role":"Provider","service":"ehr-backend","timestamp":"2025-12-16 01:10:15","userId":"694016c70629ea488ee7da71"}
{"email":"assigned@test.com","level":"info","message":"User login successful","role":"Patient","service":"ehr-backend","timestamp":"2025-12-16 01:10:16","userId":"694016c70629ea488ee7da75"}
{"email":"admin@test.com","level":"info","message":"User login successful","role":"Admin","service":"ehr-backend","timestamp":"2025-12-16 01:10:16","userId":"694016c80629ea488ee7da8c"}
{"email":"manager@test.com","level":"info","message":"User login successful","role":"Manager","service":"ehr-backend","timestamp":"2025-12-16 01:10:16","userId":"694016c80629ea488ee7da8e"}
{"email":"provider@test.com","level":"info","message":"User login successful","role":"Provider","service":"ehr-backend","timestamp":"2025-12-16 01:10:16","userId":"694016c80629ea488ee7da90"}
{"email":"assigned@test.com","level":"info","message":"User login successful","role":"Patient","service":"ehr-backend","timestamp":"2025-12-16 01:10:16","userId":"694016c80629ea488ee7da94"}
{"creatorId":"694016c80629ea488ee7da90","level":"info","message":"Record created successfully","patientId":"694016c80629ea488ee7da94","recordId":"694016c80629ea488ee7daa4","service":"ehr-backend","timestamp":"2025-12-16 01:10:16"}
{"email":"admin@test.com","level":"info","message":"User login successful","role":"Admin","service":"ehr-backend","timestamp":"2025-12-16 01:10:17","userId":"694016c80629ea488ee7daaf"}
{"email":"manager@test.com","level":"info","message":"User login successful","role":"Manager","service":"ehr-backend","timestamp":"2025-12-16 01:10:17","userId":"694016c80629ea488ee7dab1"}
{"email":"provider@test.com","level":"info","message":"User login successful","role":"Provider","service":"ehr-backend","timestamp":"2025-12-16 01:10:17","userId":"694016c90629ea488ee7dab3"}
{"email":"assigned@test.com","level":"info","message":"User login successful","role":"Patient","service":"ehr-backend","timestamp":"2025-12-16 01:10:17","userId":"694016c90629ea488ee7dab7"}
{"level":"info","message":"Record retrieved by ID","recordId":"694016c90629ea488ee7dac6","service":"ehr-backend","timestamp":"2025-12-16 01:10:17","userId":"694016c90629ea488ee7dab3"}
{"level":"info","message":"Health check performed","service":"ehr-backend","services":{"api":"operational","mongodb":"connected","openbao":"healthy"},"status":"healthy","timestamp":"2025-12-16 01:10:20"}
{"level":"info","message":"Health check performed","service":"ehr-backend","services":{"api":"operational","mongodb":"connected","openbao":"healthy"},"status":"healthy","timestamp":"2025-12-16 01:10:20"}
{"level":"info","message":"Health check performed","service":"ehr-backend","services":{"api":"operational","mongodb":"connected","openbao":"healthy"},"status":"healthy","timestamp":"2025-12-16 01:10:20"}
{"level":"info","message":"Health check performed","service":"ehr-backend","services":{"api":"operational","mongodb":"connected","openbao":"healthy"},"status":"healthy","timestamp":"2025-12-16 01:10:20"}
{"level":"info","message":"Health check performed","service":"ehr-backend","services":{"api":"operational","mongodb":"connected","openbao":"healthy"},"status":"healthy","timestamp":"2025-12-16 01:10:20"}
{"level":"info","message":"Health check performed","service":"ehr-backend","services":{"api":"operational","mongodb":"connected","openbao":"unhealthy"},"status":"unhealthy","timestamp":"2025-12-16 01:10:20"}
{"level":"info","message":"Health check performed","service":"ehr-backend","services":{"api":"operational","mongodb":"connected","openbao":"healthy"},"status":"healthy","timestamp":"2025-12-16 01:10:21"}
{"level":"info","message":"Health check performed","service":"ehr-backend","services":{"api":"operational","mongodb":"connected","openbao":"healthy"},"status":"healthy","timestamp":"2025-12-16 01:10:21"}
{"level":"info","message":"Health check performed","service":"ehr-backend","services":{"api":"operational","mongodb":"connected","openbao":"healthy"},"status":"healthy","timestamp":"2025-12-16 01:10:21"}
{"level":"error","message":"Health check failed: Health check failed","service":"ehr-backend","stack":"Error: Health check failed\n    at Object.<anonymous> (/Users/user/Documents/Monash/CyberSecurity/Assesment2/Final Submission/TP6 25/EHR_draft/ehr-backend/test/integration/health.integration.test.js:250:55)\n    at Promise.finally.completed (/Users/user/Documents/Monash/CyberSecurity/Assesment2/Final Submission/TP6 25/EHR_draft/ehr-backend/node_modules/jest-circus/build/jestAdapterInit.js:1557:28)\n    at new Promise (<anonymous>)\n    at callAsyncCircusFn (/Users/user/Documents/Monash/CyberSecurity/Assesment2/Final Submission/TP6 25/EHR_draft/ehr-backend/node_modules/jest-circus/build/jestAdapterInit.js:1497:10)\n    at _callCircusTest (/Users/user/Documents/Monash/CyberSecurity/Assesment2/Final Submission/TP6 25/EHR_draft/ehr-backend/node_modules/jest-circus/build/jestAdapterInit.js:1007:40)\n    at processTicksAndRejections (node:internal/process/task_queues:103:5)\n    at _runTest (/Users/user/Documents/Monash/CyberSecurity/Assesment2/Final Submission/TP6 25/EHR_draft/ehr-backend/node_modules/jest-circus/build/jestAdapterInit.js:947:3)\n    at /Users/user/Documents/Monash/CyberSecurity/Assesment2/Final Submission/TP6 25/EHR_draft/ehr-backend/node_modules/jest-circus/build/jestAdapterInit.js:849:7\n    at _runTestsForDescribeBlock (/Users/user/Documents/Monash/CyberSecurity/Assesment2/Final Submission/TP6 25/EHR_draft/ehr-backend/node_modules/jest-circus/build/jestAdapterInit.js:862:11)\n    at _runTestsForDescribeBlock (/Users/user/Documents/Monash/CyberSecurity/Assesment2/Final Submission/TP6 25/EHR_draft/ehr-backend/node_modules/jest-circus/build/jestAdapterInit.js:857:11)\n    at _runTestsForDescribeBlock (/Users/user/Documents/Monash/CyberSecurity/Assesment2/Final Submission/TP6 25/EHR_draft/ehr-backend/node_modules/jest-circus/build/jestAdapterInit.js:857:11)\n    at run (/Users/user/Documents/Monash/CyberSecurity/Assesment2/Final Submission/TP6 25/EHR_draft/ehr-backend/node_modules/jest-circus/build/jestAdapterInit.js:761:3)\n    at runAndTransformResultsToJestFormat (/Users/user/Documents/Monash/CyberSecurity/Assesment2/Final Submission/TP6 25/EHR_draft/ehr-backend/node_modules/jest-circus/build/jestAdapterInit.js:1918:21)\n    at jestAdapter (/Users/user/Documents/Monash/CyberSecurity/Assesment2/Final Submission/TP6 25/EHR_draft/ehr-backend/node_modules/jest-circus/build/runner.js:101:19)\n    at runTestInternal (/Users/user/Documents/Monash/CyberSecurity/Assesment2/Final Submission/TP6 25/EHR_draft/ehr-backend/node_modules/jest-runner/build/index.js:275:16)\n    at runTest (/Users/user/Documents/Monash/CyberSecurity/Assesment2/Final Submission/TP6 25/EHR_draft/ehr-backend/node_modules/jest-runner/build/index.js:343:7)","timestamp":"2025-12-16 01:10:21"}
{"level":"info","message":"Health check performed","service":"ehr-backend","services":{"api":"operational","mongodb":"connected","openbao":"unhealthy"},"status":"unhealthy","timestamp":"2025-12-16 01:10:21"}
{"level":"info","message":"Health check performed","service":"ehr-backend","services":{"api":"operational","mongodb":"connected","openbao":"healthy"},"status":"healthy","timestamp":"2025-12-16 01:10:21"}
{"email":"admin@test.com","level":"info","message":"User login successful","role":"Admin","service":"ehr-backend","timestamp":"2025-12-16 01:10:27","userId":"694016d1073273cda8c293eb"}
{"email":"manager@test.com","level":"info","message":"User login successful","role":"Manager","service":"ehr-backend","timestamp":"2025-12-16 01:10:27","userId":"694016d3073273cda8c293f9"}
{"email":"provider@test.com","level":"info","message":"User login successful","role":"Provider","service":"ehr-backend","timestamp":"2025-12-16 01:10:27","userId":"694016d3073273cda8c29401"}
{"email":"employee@test.com","level":"info","message":"User login successful","role":"Employee","service":"ehr-backend","timestamp":"2025-12-16 01:10:27","userId":"694016d3073273cda8c29409"}
{"email":"patient@test.com","level":"info","message":"User login successful","role":"Patient","service":"ehr-backend","timestamp":"2025-12-16 01:10:27","userId":"694016d3073273cda8c29411"}
{"email":"admin@test.com","level":"info","message":"User login successful","role":"Admin","service":"ehr-backend","timestamp":"2025-12-16 01:10:27","userId":"694016d3073273cda8c29419"}
{"email":"patient@test.com","ip":"::ffff:127.0.0.1","level":"warn","message":"Login attempt failed: Invalid password","service":"ehr-backend","timestamp":"2025-12-16 01:10:28","userId":"694016d3073273cda8c29421"}
{"email":"nonexistent@example.com","ip":"::ffff:127.0.0.1","level":"warn","message":"Login attempt failed: User not found","service":"ehr-backend","timestamp":"2025-12-16 01:10:28"}
{"ip":"::ffff:127.0.0.1","level":"warn","message":"Login attempt failed: User not found","service":"ehr-backend","timestamp":"2025-12-16 01:10:28"}
{"email":"patient@test.com","error":"data and hash arguments required","level":"error","message":"Login error","service":"ehr-backend","timestamp":"2025-12-16 01:10:28"}
{"email":"admin@test.com","level":"info","message":"User login successful","role":"Admin","service":"ehr-backend","timestamp":"2025-12-16 01:10:28","userId":"694016d4073273cda8c29435"}
{"ip":"::ffff:127.0.0.1","level":"warn","message":"Authentication failed: Token missing","method":"GET","path":"/me","service":"ehr-backend","timestamp":"2025-12-16 01:10:28"}
{"error":"jwt malformed","ip":"::ffff:127.0.0.1","level":"warn","message":"Authentication failed: JWT verification failed","method":"GET","path":"/me","service":"ehr-backend","timestamp":"2025-12-16 01:10:28"}
{"error":"jwt expired","ip":"::ffff:127.0.0.1","level":"warn","message":"Authentication failed: JWT verification failed","method":"GET","path":"/me","service":"ehr-backend","timestamp":"2025-12-16 01:10:28"}
{"error":"invalid token","ip":"::ffff:127.0.0.1","level":"warn","message":"Authentication failed: JWT verification failed","method":"GET","path":"/me","service":"ehr-backend","timestamp":"2025-12-16 01:10:28"}
{"email":"admin@test.com","level":"info","message":"User login successful","role":"Admin","service":"ehr-backend","timestamp":"2025-12-16 01:10:28","userId":"694016d4073273cda8c29453"}
{"level":"info","message":"User logout","service":"ehr-backend","timestamp":"2025-12-16 01:10:28"}
{"level":"info","message":"User logout","service":"ehr-backend","timestamp":"2025-12-16 01:10:28"}
{"email":"admin@test.com","level":"info","message":"User login successful","role":"Admin","service":"ehr-backend","timestamp":"2025-12-16 01:10:28","userId":"694016d4073273cda8c29462"}
{"email":"admin@test.com","level":"info","message":"User login successful","role":"Admin","service":"ehr-backend","timestamp":"2025-12-16 01:10:29","userId":"694016d5073273cda8c2946a"}
{"level":"info","message":"User logout","service":"ehr-backend","timestamp":"2025-12-16 01:10:29"}
{"ip":"::ffff:127.0.0.1","level":"warn","message":"Authentication failed: Token missing","method":"GET","path":"/me","service":"ehr-backend","timestamp":"2025-12-16 01:10:29"}
{"email":"admin@test.com","level":"info","message":"User login successful","role":"Admin","service":"ehr-backend","timestamp":"2025-12-16 01:10:29","userId":"694016d5073273cda8c29474"}
{"level":"info","message":"Authorization check","method":"GET","path":"/audit-logs","requiredRoles":["Admin"],"service":"ehr-backend","timestamp":"2025-12-16 01:10:29","userId":"694016d5073273cda8c29474","userRole":"Admin"}
{"level":"info","message":"Admin 694016d5073273cda8c29474 retrieved 1 audit logs","service":"ehr-backend","timestamp":"2025-12-16 01:10:29"}
{"ip":"::ffff:127.0.0.1","level":"warn","message":"Authentication failed: Token missing","method":"GET","path":"/audit-logs","service":"ehr-backend","timestamp":"2025-12-16 01:10:29"}
{"error":"jwt expired","ip":"::ffff:127.0.0.1","level":"warn","message":"Authentication failed: JWT verification failed","method":"GET","path":"/audit-logs","service":"ehr-backend","timestamp":"2025-12-16 01:10:29"}
{"email":"patient@test.com","level":"info","message":"User login successful","role":"Patient","service":"ehr-backend","timestamp":"2025-12-16 01:10:33","userId":"694016d8fe0fe903d4321458"}
{"email":"admin@test.com","level":"info","message":"User login successful","role":"Admin","service":"ehr-backend","timestamp":"2025-12-16 01:10:34","userId":"694016d9fe0fe903d4321464"}
{"email":"nonexistent@test.com","ip":"::ffff:127.0.0.1","level":"warn","message":"Login attempt failed: User not found","service":"ehr-backend","timestamp":"2025-12-16 01:10:34"}
{"email":"patient@test.com","ip":"::ffff:127.0.0.1","level":"warn","message":"Login attempt failed: Invalid password","service":"ehr-backend","timestamp":"2025-12-16 01:10:34","userId":"694016dafe0fe903d4321473"}
{"ip":"::ffff:127.0.0.1","level":"warn","message":"Login attempt failed: User not found","service":"ehr-backend","timestamp":"2025-12-16 01:10:34"}
{"email":"patient@test.com","error":"data and hash arguments required","level":"error","message":"Login error","service":"ehr-backend","timestamp":"2025-12-16 01:10:34"}
{"email":"admin@test.com","level":"info","message":"User login successful","role":"Admin","service":"ehr-backend","timestamp":"2025-12-16 01:10:34","userId":"694016dafe0fe903d4321483"}
{"email":"provider@test.com","level":"info","message":"User login successful","role":"Provider","service":"ehr-backend","timestamp":"2025-12-16 01:10:34","userId":"694016dafe0fe903d432148b"}
{"email":"patient@test.com","level":"info","message":"User login successful","role":"Patient","service":"ehr-backend","timestamp":"2025-12-16 01:10:35","userId":"694016dafe0fe903d4321493"}
{"ip":"::ffff:127.0.0.1","level":"warn","message":"Authentication failed: Token missing","method":"GET","path":"/me","service":"ehr-backend","timestamp":"2025-12-16 01:10:35"}
{"error":"jwt malformed","ip":"::ffff:127.0.0.1","level":"warn","message":"Authentication failed: JWT verification failed","method":"GET","path":"/me","service":"ehr-backend","timestamp":"2025-12-16 01:10:35"}
{"email":"patient@test.com","level":"info","message":"User login successful","role":"Patient","service":"ehr-backend","timestamp":"2025-12-16 01:10:35","userId":"694016dbfe0fe903d43214a3"}
{"level":"info","message":"User logout","service":"ehr-backend","timestamp":"2025-12-16 01:10:35"}
{"level":"info","message":"User logout","service":"ehr-backend","timestamp":"2025-12-16 01:10:35"}
{"email":"admin@test.com","level":"info","message":"User login successful","role":"Admin","service":"ehr-backend","timestamp":"2025-12-16 01:10:35","userId":"694016dbfe0fe903d43214b2"}
{"level":"info","message":"User logout","service":"ehr-backend","timestamp":"2025-12-16 01:10:35"}
{"ip":"::ffff:127.0.0.1","level":"warn","message":"Authentication failed: Token missing","method":"GET","path":"/me","service":"ehr-backend","timestamp":"2025-12-16 01:10:35"}
{"keyVersion":1,"level":"info","message":"Public key retrieved successfully","service":"ehr-backend","timestamp":"2025-12-16 01:10:39"}
{"keyVersion":1,"level":"info","message":"Public key retrieved successfully","service":"ehr-backend","timestamp":"2025-12-16 01:10:39"}
{"keyVersion":1,"level":"info","message":"Public key retrieved successfully","service":"ehr-backend","timestamp":"2025-12-16 01:10:39"}
{"keyVersion":1,"level":"info","message":"Public key retrieved successfully","service":"ehr-backend","timestamp":"2025-12-16 01:10:39"}
{"keyVersion":1,"level":"info","message":"Public key retrieved successfully","service":"ehr-backend","timestamp":"2025-12-16 01:10:39"}
{"error":"Service unavailable","level":"error","message":"Failed to retrieve public key","service":"ehr-backend","timestamp":"2025-12-16 01:10:39"}
{"keyVersion":1,"level":"info","message":"Public key retrieved successfully","service":"ehr-backend","timestamp":"2025-12-16 01:10:39"}
{"keyVersion":1,"level":"info","message":"Public key retrieved successfully","service":"ehr-backend","timestamp":"2025-12-16 01:10:39"}
{"keyVersion":1,"level":"info","message":"Public key retrieved successfully","service":"ehr-backend","timestamp":"2025-12-16 01:10:39"}
{"email":"admin@test.com","level":"info","message":"User login successful","role":"Admin","service":"ehr-backend","timestamp":"2025-12-16 01:11:42","userId":"6940171d293300290c48b28b"}
{"email":"manager@test.com","level":"info","message":"User login successful","role":"Manager","service":"ehr-backend","timestamp":"2025-12-16 01:11:42","userId":"6940171e293300290c48b292"}
{"email":"provider@test.com","level":"info","message":"User login successful","role":"Provider","service":"ehr-backend","timestamp":"2025-12-16 01:11:42","userId":"6940171e293300290c48b294"}
{"email":"employee@test.com","level":"info","message":"User login successful","role":"Employee","service":"ehr-backend","timestamp":"2025-12-16 01:11:42","userId":"6940171e293300290c48b297"}
{"email":"patient@test.com","level":"info","message":"User login successful","role":"Patient","service":"ehr-backend","timestamp":"2025-12-16 01:11:42","userId":"6940171e293300290c48b299"}
{"level":"info","message":"Authorization check","method":"POST","path":"/register","requiredRoles":["Employee","Manager","Admin"],"service":"ehr-backend","timestamp":"2025-12-16 01:11:42","userId":"6940171d293300290c48b28b","userRole":"Admin"}
{"creatorId":"6940171d293300290c48b28b","creatorRole":"Admin","level":"info","message":"User registered successfully","newUserId":"6940171e293300290c48b2ab","newUserRole":"Patient","service":"ehr-backend","timestamp":"2025-12-16 01:11:43"}
{"level":"info","message":"Authorization check","method":"POST","path":"/register","requiredRoles":["Employee","Manager","Admin"],"service":"ehr-backend","timestamp":"2025-12-16 01:11:43","userId":"6940171d293300290c48b28b","userRole":"Admin"}
{"creatorId":"6940171d293300290c48b28b","creatorRole":"Admin","level":"info","message":"User registered successfully","newUserId":"6940171f293300290c48b2b0","newUserRole":"Provider","service":"ehr-backend","timestamp":"2025-12-16 01:11:43"}
{"level":"info","message":"Authorization check","method":"POST","path":"/register","requiredRoles":["Employee","Manager","Admin"],"service":"ehr-backend","timestamp":"2025-12-16 01:11:43","userId":"6940171d293300290c48b28b","userRole":"Admin"}
{"creatorId":"6940171d293300290c48b28b","creatorRole":"Admin","level":"info","message":"User registered successfully","newUserId":"6940171f293300290c48b2b5","newUserRole":"Employee","service":"ehr-backend","timestamp":"2025-12-16 01:11:43"}
{"level":"info","message":"Authorization check","method":"POST","path":"/register","requiredRoles":["Employee","Manager","Admin"],"service":"ehr-backend","timestamp":"2025-12-16 01:11:43","userId":"6940171d293300290c48b28b","userRole":"Admin"}
{"creatorId":"6940171d293300290c48b28b","creatorRole":"Admin","level":"info","message":"User registered successfully","newUserId":"6940171f293300290c48b2ba","newUserRole":"Manager","service":"ehr-backend","timestamp":"2025-12-16 01:11:43"}
{"email":"admin@test.com","level":"info","message":"User login successful","role":"Admin","service":"ehr-backend","timestamp":"2025-12-16 01:11:43","userId":"6940171f293300290c48b2c4"}
{"email":"manager@test.com","level":"info","message":"User login successful","role":"Manager","service":"ehr-backend","timestamp":"2025-12-16 01:11:43","userId":"6940171f293300290c48b2c6"}
{"email":"provider@test.com","level":"info","message":"User login successful","role":"Provider","service":"ehr-backend","timestamp":"2025-12-16 01:11:43","userId":"6940171f293300290c48b2c8"}
{"email":"employee@test.com","level":"info","message":"User login successful","role":"Employee","service":"ehr-backend","timestamp":"2025-12-16 01:11:43","userId":"6940171f293300290c48b2ca"}
{"email":"patient@test.com","level":"info","message":"User login successful","role":"Patient","service":"ehr-backend","timestamp":"2025-12-16 01:11:44","userId":"6940171f293300290c48b2cc"}
{"level":"info","message":"Authorization check","method":"POST","path":"/register","requiredRoles":["Employee","Manager","Admin"],"service":"ehr-backend","timestamp":"2025-12-16 01:11:44","userId":"6940171f293300290c48b2c6","userRole":"Manager"}
{"creatorId":"6940171f293300290c48b2c6","creatorRole":"Manager","level":"info","message":"User registered successfully","newUserId":"69401720293300290c48b2de","newUserRole":"Employee","service":"ehr-backend","timestamp":"2025-12-16 01:11:44"}
{"level":"info","message":"Authorization check","method":"POST","path":"/register","requiredRoles":["Employee","Manager","Admin"],"service":"ehr-backend","timestamp":"2025-12-16 01:11:44","userId":"6940171f293300290c48b2c6","userRole":"Manager"}
{"creatorId":"6940171f293300290c48b2c6","creatorRole":"Manager","level":"info","message":"User registered successfully","newUserId":"69401720293300290c48b2e3","newUserRole":"Provider","service":"ehr-backend","timestamp":"2025-12-16 01:11:44"}
{"level":"info","message":"Authorization check","method":"POST","path":"/register","requiredRoles":["Employee","Manager","Admin"],"service":"ehr-backend","timestamp":"2025-12-16 01:11:44","userId":"6940171f293300290c48b2c6","userRole":"Manager"}
{"creatorId":"6940171f293300290c48b2c6","creatorRole":"Manager","level":"info","message":"User registered successfully","newUserId":"69401720293300290c48b2e8","newUserRole":"Patient","service":"ehr-backend","timestamp":"2025-12-16 01:11:44"}
{"email":"admin@test.com","level":"info","message":"User login successful","role":"Admin","service":"ehr-backend","timestamp":"2025-12-16 01:11:44","userId":"69401720293300290c48b2f2"}
{"email":"manager@test.com","level":"info","message":"User login successful","role":"Manager","service":"ehr-backend","timestamp":"2025-12-16 01:11:44","userId":"69401720293300290c48b2f4"}
{"email":"provider@test.com","level":"info","message":"User login successful","role":"Provider","service":"ehr-backend","timestamp":"2025-12-16 01:11:44","userId":"69401720293300290c48b2f6"}
{"email":"employee@test.com","level":"info","message":"User login successful","role":"Employee","service":"ehr-backend","timestamp":"2025-12-16 01:11:45","userId":"69401720293300290c48b2f8"}
{"email":"patient@test.com","level":"info","message":"User login successful","role":"Patient","service":"ehr-backend","timestamp":"2025-12-16 01:11:45","userId":"69401720293300290c48b2fa"}
{"level":"info","message":"Authorization check","method":"POST","path":"/register","requiredRoles":["Employee","Manager","Admin"],"service":"ehr-backend","timestamp":"2025-12-16 01:11:45","userId":"69401720293300290c48b2f4","userRole":"Manager"}
{"creatorId":"69401720293300290c48b2f4","creatorRole":"Manager","level":"warn","message":"Registration denied: Insufficient permissions","service":"ehr-backend","targetRole":"Manager","timestamp":"2025-12-16 01:11:45"}
{"email":"admin@test.com","level":"info","message":"User login successful","role":"Admin","service":"ehr-backend","timestamp":"2025-12-16 01:11:45","userId":"69401721293300290c48b311"}
{"email":"manager@test.com","level":"info","message":"User login successful","role":"Manager","service":"ehr-backend","timestamp":"2025-12-16 01:11:45","userId":"69401721293300290c48b313"}
{"email":"provider@test.com","level":"info","message":"User login successful","role":"Provider","service":"ehr-backend","timestamp":"2025-12-16 01:11:45","userId":"69401721293300290c48b315"}
{"email":"employee@test.com","level":"info","message":"User login successful","role":"Employee","service":"ehr-backend","timestamp":"2025-12-16 01:11:45","userId":"69401721293300290c48b317"}
{"email":"patient@test.com","level":"info","message":"User login successful","role":"Patient","service":"ehr-backend","timestamp":"2025-12-16 01:11:45","userId":"69401721293300290c48b319"}
{"level":"info","message":"Authorization check","method":"POST","path":"/register","requiredRoles":["Employee","Manager","Admin"],"service":"ehr-backend","timestamp":"2025-12-16 01:11:46","userId":"69401721293300290c48b317","userRole":"Employee"}
{"creatorId":"69401721293300290c48b317","creatorRole":"Employee","level":"info","message":"User registered successfully","newUserId":"69401722293300290c48b32b","newUserRole":"Patient","service":"ehr-backend","timestamp":"2025-12-16 01:11:46"}
{"email":"admin@test.com","level":"info","message":"User login successful","role":"Admin","service":"ehr-backend","timestamp":"2025-12-16 01:11:46","userId":"69401722293300290c48b335"}
{"email":"manager@test.com","level":"info","message":"User login successful","role":"Manager","service":"ehr-backend","timestamp":"2025-12-16 01:11:46","userId":"69401722293300290c48b337"}
{"email":"provider@test.com","level":"info","message":"User login successful","role":"Provider","service":"ehr-backend","timestamp":"2025-12-16 01:11:46","userId":"69401722293300290c48b339"}
{"email":"employee@test.com","level":"info","message":"User login successful","role":"Employee","service":"ehr-backend","timestamp":"2025-12-16 01:11:46","userId":"69401722293300290c48b33b"}
{"email":"patient@test.com","level":"info","message":"User login successful","role":"Patient","service":"ehr-backend","timestamp":"2025-12-16 01:11:46","userId":"69401722293300290c48b33d"}
{"level":"info","message":"Authorization check","method":"POST","path":"/register","requiredRoles":["Employee","Manager","Admin"],"service":"ehr-backend","timestamp":"2025-12-16 01:11:46","userId":"69401722293300290c48b33b","userRole":"Employee"}
{"creatorId":"69401722293300290c48b33b","creatorRole":"Employee","level":"warn","message":"Registration denied: Insufficient permissions","service":"ehr-backend","targetRole":"Provider","timestamp":"2025-12-16 01:11:46"}
{"email":"admin@test.com","level":"info","message":"User login successful","role":"Admin","service":"ehr-backend","timestamp":"2025-12-16 01:11:47","userId":"69401722293300290c48b354"}
{"email":"manager@test.com","level":"info","message":"User login successful","role":"Manager","service":"ehr-backend","timestamp":"2025-12-16 01:11:47","userId":"69401723293300290c48b356"}
{"email":"provider@test.com","level":"info","message":"User login successful","role":"Provider","service":"ehr-backend","timestamp":"2025-12-16 01:11:47","userId":"69401723293300290c48b358"}
{"email":"employee@test.com","level":"info","message":"User login successful","role":"Employee","service":"ehr-backend","timestamp":"2025-12-16 01:11:47","userId":"69401723293300290c48b35a"}
{"email":"patient@test.com","level":"info","message":"User login successful","role":"Patient","service":"ehr-backend","timestamp":"2025-12-16 01:11:47","userId":"69401723293300290c48b35c"}
{"level":"info","message":"Authorization check","method":"POST","path":"/register","requiredRoles":["Employee","Manager","Admin"],"service":"ehr-backend","timestamp":"2025-12-16 01:11:47","userId":"69401723293300290c48b35a","userRole":"Employee"}
{"creatorId":"69401723293300290c48b35a","creatorRole":"Employee","level":"warn","message":"Registration denied: Insufficient permissions","service":"ehr-backend","targetRole":"Employee","timestamp":"2025-12-16 01:11:47"}
{"email":"admin@test.com","level":"info","message":"User login successful","role":"Admin","service":"ehr-backend","timestamp":"2025-12-16 01:11:48","userId":"69401723293300290c48b373"}
{"email":"manager@test.com","level":"info","message":"User login successful","role":"Manager","service":"ehr-backend","timestamp":"2025-12-16 01:11:48","userId":"69401723293300290c48b375"}
{"email":"provider@test.com","level":"info","message":"User login successful","role":"Provider","service":"ehr-backend","timestamp":"2025-12-16 01:11:48","userId":"69401723293300290c48b377"}
{"email":"employee@test.com","level":"info","message":"User login successful","role":"Employee","service":"ehr-backend","timestamp":"2025-12-16 01:11:48","userId":"69401723293300290c48b379"}
{"email":"patient@test.com","level":"info","message":"User login successful","role":"Patient","service":"ehr-backend","timestamp":"2025-12-16 01:11:48","userId":"69401724293300290c48b37b"}
{"level":"info","message":"Authorization check","method":"POST","path":"/register","requiredRoles":["Employee","Manager","Admin"],"service":"ehr-backend","timestamp":"2025-12-16 01:11:48","userId":"69401723293300290c48b377","userRole":"Provider"}
{"level":"warn","message":"Authorization denied: Insufficient permissions","method":"POST","path":"/register","requiredRoles":["Employee","Manager","Admin"],"service":"ehr-backend","timestamp":"2025-12-16 01:11:48","userId":"69401723293300290c48b377","userRole":"Provider"}
{"email":"admin@test.com","level":"info","message":"User login successful","role":"Admin","service":"ehr-backend","timestamp":"2025-12-16 01:11:49","userId":"69401724293300290c48b394"}
{"email":"manager@test.com","level":"info","message":"User login successful","role":"Manager","service":"ehr-backend","timestamp":"2025-12-16 01:11:49","userId":"69401724293300290c48b396"}
{"email":"provider@test.com","level":"info","message":"User login successful","role":"Provider","service":"ehr-backend","timestamp":"2025-12-16 01:11:49","userId":"69401724293300290c48b398"}
{"email":"employee@test.com","level":"info","message":"User login successful","role":"Employee","service":"ehr-backend","timestamp":"2025-12-16 01:11:49","userId":"69401724293300290c48b39a"}
{"email":"patient@test.com","level":"info","message":"User login successful","role":"Patient","service":"ehr-backend","timestamp":"2025-12-16 01:11:49","userId":"69401724293300290c48b39c"}
{"level":"info","message":"Authorization check","method":"POST","path":"/register","requiredRoles":["Employee","Manager","Admin"],"service":"ehr-backend","timestamp":"2025-12-16 01:11:49","userId":"69401724293300290c48b39c","userRole":"Patient"}
{"level":"warn","message":"Authorization denied: Insufficient permissions","method":"POST","path":"/register","requiredRoles":["Employee","Manager","Admin"],"service":"ehr-backend","timestamp":"2025-12-16 01:11:49","userId":"69401724293300290c48b39c","userRole":"Patient"}
{"email":"admin@test.com","level":"info","message":"User login successful","role":"Admin","service":"ehr-backend","timestamp":"2025-12-16 01:11:49","userId":"69401725293300290c48b3b5"}
{"email":"manager@test.com","level":"info","message":"User login successful","role":"Manager","service":"ehr-backend","timestamp":"2025-12-16 01:11:49","userId":"69401725293300290c48b3b7"}
{"email":"provider@test.com","level":"info","message":"User login successful","role":"Provider","service":"ehr-backend","timestamp":"2025-12-16 01:11:50","userId":"69401725293300290c48b3b9"}
{"email":"employee@test.com","level":"info","message":"User login successful","role":"Employee","service":"ehr-backend","timestamp":"2025-12-16 01:11:50","userId":"69401725293300290c48b3bb"}
{"email":"patient@test.com","level":"info","message":"User login successful","role":"Patient","service":"ehr-backend","timestamp":"2025-12-16 01:11:50","userId":"69401725293300290c48b3bd"}
{"level":"info","message":"Authorization check","method":"GET","path":"/audit-logs","requiredRoles":["Admin"],"service":"ehr-backend","timestamp":"2025-12-16 01:11:50","userId":"69401725293300290c48b3b5","userRole":"Admin"}
{"level":"info","message":"Admin 69401725293300290c48b3b5 retrieved 5 audit logs","service":"ehr-backend","timestamp":"2025-12-16 01:11:50"}
{"email":"admin@test.com","level":"info","message":"User login successful","role":"Admin","service":"ehr-backend","timestamp":"2025-12-16 01:11:50","userId":"69401726293300290c48b3d5"}
{"email":"manager@test.com","level":"info","message":"User login successful","role":"Manager","service":"ehr-backend","timestamp":"2025-12-16 01:11:50","userId":"69401726293300290c48b3d7"}
{"email":"provider@test.com","level":"info","message":"User login successful","role":"Provider","service":"ehr-backend","timestamp":"2025-12-16 01:11:50","userId":"69401726293300290c48b3d9"}
{"email":"employee@test.com","level":"info","message":"User login successful","role":"Employee","service":"ehr-backend","timestamp":"2025-12-16 01:11:51","userId":"69401726293300290c48b3db"}
{"email":"patient@test.com","level":"info","message":"User login successful","role":"Patient","service":"ehr-backend","timestamp":"2025-12-16 01:11:51","userId":"69401726293300290c48b3dd"}
{"level":"info","message":"Authorization check","method":"GET","path":"/audit-logs","requiredRoles":["Admin"],"service":"ehr-backend","timestamp":"2025-12-16 01:11:51","userId":"69401726293300290c48b3d7","userRole":"Manager"}
{"level":"warn","message":"Authorization denied: Insufficient permissions","method":"GET","path":"/audit-logs","requiredRoles":["Admin"],"service":"ehr-backend","timestamp":"2025-12-16 01:11:51","userId":"69401726293300290c48b3d7","userRole":"Manager"}
{"email":"admin@test.com","level":"info","message":"User login successful","role":"Admin","service":"ehr-backend","timestamp":"2025-12-16 01:11:51","userId":"69401727293300290c48b3f6"}
{"email":"manager@test.com","level":"info","message":"User login successful","role":"Manager","service":"ehr-backend","timestamp":"2025-12-16 01:11:51","userId":"69401727293300290c48b3f8"}
{"email":"provider@test.com","level":"info","message":"User login successful","role":"Provider","service":"ehr-backend","timestamp":"2025-12-16 01:11:51","userId":"69401727293300290c48b3fa"}
{"email":"employee@test.com","level":"info","message":"User login successful","role":"Employee","service":"ehr-backend","timestamp":"2025-12-16 01:11:52","userId":"69401727293300290c48b3fc"}
{"email":"patient@test.com","level":"info","message":"User login successful","role":"Patient","service":"ehr-backend","timestamp":"2025-12-16 01:11:52","userId":"69401727293300290c48b3fe"}
{"level":"info","message":"Authorization check","method":"GET","path":"/audit-logs","requiredRoles":["Admin"],"service":"ehr-backend","timestamp":"2025-12-16 01:11:52","userId":"69401727293300290c48b3fa","userRole":"Provider"}
{"level":"warn","message":"Authorization denied: Insufficient permissions","method":"GET","path":"/audit-logs","requiredRoles":["Admin"],"service":"ehr-backend","timestamp":"2025-12-16 01:11:52","userId":"69401727293300290c48b3fa","userRole":"Provider"}
{"email":"admin@test.com","level":"info","message":"User login successful","role":"Admin","service":"ehr-backend","timestamp":"2025-12-16 01:11:52","userId":"69401728293300290c48b417"}
{"email":"manager@test.com","level":"info","message":"User login successful","role":"Manager","service":"ehr-backend","timestamp":"2025-12-16 01:11:52","userId":"69401728293300290c48b419"}
{"email":"provider@test.com","level":"info","message":"User login successful","role":"Provider","service":"ehr-backend","timestamp":"2025-12-16 01:11:52","userId":"69401728293300290c48b41b"}
{"email":"employee@test.com","level":"info","message":"User login successful","role":"Employee","service":"ehr-backend","timestamp":"2025-12-16 01:11:52","userId":"69401728293300290c48b41d"}
{"email":"patient@test.com","level":"info","message":"User login successful","role":"Patient","service":"ehr-backend","timestamp":"2025-12-16 01:11:52","userId":"69401728293300290c48b41f"}
{"level":"info","message":"Authorization check","method":"GET","path":"/audit-logs","requiredRoles":["Admin"],"service":"ehr-backend","timestamp":"2025-12-16 01:11:52","userId":"69401728293300290c48b41d","userRole":"Employee"}
{"level":"warn","message":"Authorization denied: Insufficient permissions","method":"GET","path":"/audit-logs","requiredRoles":["Admin"],"service":"ehr-backend","timestamp":"2025-12-16 01:11:52","userId":"69401728293300290c48b41d","userRole":"Employee"}
{"email":"admin@test.com","level":"info","message":"User login successful","role":"Admin","service":"ehr-backend","timestamp":"2025-12-16 01:11:53","userId":"69401728293300290c48b438"}
{"email":"manager@test.com","level":"info","message":"User login successful","role":"Manager","service":"ehr-backend","timestamp":"2025-12-16 01:11:53","userId":"69401729293300290c48b43a"}
{"email":"provider@test.com","level":"info","message":"User login successful","role":"Provider","service":"ehr-backend","timestamp":"2025-12-16 01:11:53","userId":"69401729293300290c48b43c"}
{"email":"employee@test.com","level":"info","message":"User login successful","role":"Employee","service":"ehr-backend","timestamp":"2025-12-16 01:11:53","userId":"69401729293300290c48b43e"}
{"email":"patient@test.com","level":"info","message":"User login successful","role":"Patient","service":"ehr-backend","timestamp":"2025-12-16 01:11:53","userId":"69401729293300290c48b440"}
{"level":"info","message":"Authorization check","method":"GET","path":"/audit-logs","requiredRoles":["Admin"],"service":"ehr-backend","timestamp":"2025-12-16 01:11:53","userId":"69401729293300290c48b440","userRole":"Patient"}
{"level":"warn","message":"Authorization denied: Insufficient permissions","method":"GET","path":"/audit-logs","requiredRoles":["Admin"],"service":"ehr-backend","timestamp":"2025-12-16 01:11:53","userId":"69401729293300290c48b440","userRole":"Patient"}
{"email":"admin@test.com","level":"info","message":"User login successful","role":"Admin","service":"ehr-backend","timestamp":"2025-12-16 01:11:54","userId":"69401729293300290c48b459"}
{"email":"manager@test.com","level":"info","message":"User login successful","role":"Manager","service":"ehr-backend","timestamp":"2025-12-16 01:11:54","userId":"69401729293300290c48b45b"}
{"email":"provider@test.com","level":"info","message":"User login successful","role":"Provider","service":"ehr-backend","timestamp":"2025-12-16 01:11:54","userId":"69401729293300290c48b45d"}
{"email":"employee@test.com","level":"info","message":"User login successful","role":"Employee","service":"ehr-backend","timestamp":"2025-12-16 01:11:54","userId":"6940172a293300290c48b45f"}
{"email":"patient@test.com","level":"info","message":"User login successful","role":"Patient","service":"ehr-backend","timestamp":"2025-12-16 01:11:54","userId":"6940172a293300290c48b461"}
{"level":"info","message":"Authorization check","method":"POST","path":"/assign-patient","requiredRoles":["Admin"],"service":"ehr-backend","timestamp":"2025-12-16 01:11:54","userId":"69401729293300290c48b459","userRole":"Admin"}
{"level":"info","message":"Patient 6940172a293300290c48b461 assigned to Provider 69401729293300290c48b45d by Admin 69401729293300290c48b459","service":"ehr-backend","timestamp":"2025-12-16 01:11:54"}
{"email":"admin@test.com","level":"info","message":"User login successful","role":"Admin","service":"ehr-backend","timestamp":"2025-12-16 01:11:55","userId":"6940172a293300290c48b47c"}
{"email":"manager@test.com","level":"info","message":"User login successful","role":"Manager","service":"ehr-backend","timestamp":"2025-12-16 01:11:55","userId":"6940172a293300290c48b47e"}
{"email":"provider@test.com","level":"info","message":"User login successful","role":"Provider","service":"ehr-backend","timestamp":"2025-12-16 01:11:55","userId":"6940172a293300290c48b480"}
{"email":"employee@test.com","level":"info","message":"User login successful","role":"Employee","service":"ehr-backend","timestamp":"2025-12-16 01:11:55","userId":"6940172a293300290c48b482"}
{"email":"patient@test.com","level":"info","message":"User login successful","role":"Patient","service":"ehr-backend","timestamp":"2025-12-16 01:11:55","userId":"6940172a293300290c48b484"}
{"level":"info","message":"Authorization check","method":"POST","path":"/assign-patient","requiredRoles":["Admin"],"service":"ehr-backend","timestamp":"2025-12-16 01:11:55","userId":"6940172a293300290c48b47e","userRole":"Manager"}
{"level":"warn","message":"Authorization denied: Insufficient permissions","method":"POST","path":"/assign-patient","requiredRoles":["Admin"],"service":"ehr-backend","timestamp":"2025-12-16 01:11:55","userId":"6940172a293300290c48b47e","userRole":"Manager"}
{"email":"admin@test.com","level":"info","message":"User login successful","role":"Admin","service":"ehr-backend","timestamp":"2025-12-16 01:11:55","userId":"6940172b293300290c48b49d"}
{"email":"manager@test.com","level":"info","message":"User login successful","role":"Manager","service":"ehr-backend","timestamp":"2025-12-16 01:11:55","userId":"6940172b293300290c48b49f"}
{"email":"provider@test.com","level":"info","message":"User login successful","role":"Provider","service":"ehr-backend","timestamp":"2025-12-16 01:11:56","userId":"6940172b293300290c48b4a1"}
{"email":"employee@test.com","level":"info","message":"User login successful","role":"Employee","service":"ehr-backend","timestamp":"2025-12-16 01:11:56","userId":"6940172b293300290c48b4a3"}
{"email":"patient@test.com","level":"info","message":"User login successful","role":"Patient","service":"ehr-backend","timestamp":"2025-12-16 01:11:56","userId":"6940172b293300290c48b4a5"}
{"level":"info","message":"Authorization check","method":"GET","path":"/audit-logs","requiredRoles":["Admin"],"service":"ehr-backend","timestamp":"2025-12-16 01:11:56","userId":"6940172b293300290c48b4a5","userRole":"Patient"}
{"level":"warn","message":"Authorization denied: Insufficient permissions","method":"GET","path":"/audit-logs","requiredRoles":["Admin"],"service":"ehr-backend","timestamp":"2025-12-16 01:11:56","userId":"6940172b293300290c48b4a5","userRole":"Patient"}
{"email":"admin@test.com","level":"info","message":"User login successful","role":"Admin","service":"ehr-backend","timestamp":"2025-12-16 01:11:56","userId":"6940172c293300290c48b4be"}
{"email":"manager@test.com","level":"info","message":"User login successful","role":"Manager","service":"ehr-backend","timestamp":"2025-12-16 01:11:56","userId":"6940172c293300290c48b4c0"}
{"email":"provider@test.com","level":"info","message":"User login successful","role":"Provider","service":"ehr-backend","timestamp":"2025-12-16 01:11:56","userId":"6940172c293300290c48b4c2"}
{"email":"employee@test.com","level":"info","message":"User login successful","role":"Employee","service":"ehr-backend","timestamp":"2025-12-16 01:11:56","userId":"6940172c293300290c48b4c4"}
{"email":"patient@test.com","level":"info","message":"User login successful","role":"Patient","service":"ehr-backend","timestamp":"2025-12-16 01:11:56","userId":"6940172c293300290c48b4c6"}
{"level":"info","message":"Authorization check","method":"GET","path":"/audit-logs","requiredRoles":["Admin"],"service":"ehr-backend","timestamp":"2025-12-16 01:11:56","userId":"6940172c293300290c48b4c4","userRole":"Employee"}
{"level":"warn","message":"Authorization denied: Insufficient permissions","method":"GET","path":"/audit-logs","requiredRoles":["Admin"],"service":"ehr-backend","timestamp":"2025-12-16 01:11:56","userId":"6940172c293300290c48b4c4","userRole":"Employee"}
{"email":"admin@test.com","level":"info","message":"User login successful","role":"Admin","service":"ehr-backend","timestamp":"2025-12-16 01:11:57","userId":"6940172d293300290c48b4df"}
{"email":"manager@test.com","level":"info","message":"User login successful","role":"Manager","service":"ehr-backend","timestamp":"2025-12-16 01:11:57","userId":"6940172d293300290c48b4e1"}
{"email":"provider@test.com","level":"info","message":"User login successful","role":"Provider","service":"ehr-backend","timestamp":"2025-12-16 01:11:57","userId":"6940172d293300290c48b4e3"}
{"email":"employee@test.com","level":"info","message":"User login successful","role":"Employee","service":"ehr-backend","timestamp":"2025-12-16 01:11:57","userId":"6940172d293300290c48b4e5"}
{"email":"patient@test.com","level":"info","message":"User login successful","role":"Patient","service":"ehr-backend","timestamp":"2025-12-16 01:11:57","userId":"6940172d293300290c48b4e7"}
{"level":"info","message":"Authorization check","method":"GET","path":"/audit-logs","requiredRoles":["Admin"],"service":"ehr-backend","timestamp":"2025-12-16 01:11:57","userId":"6940172d293300290c48b4e3","userRole":"Provider"}
{"level":"warn","message":"Authorization denied: Insufficient permissions","method":"GET","path":"/audit-logs","requiredRoles":["Admin"],"service":"ehr-backend","timestamp":"2025-12-16 01:11:57","userId":"6940172d293300290c48b4e3","userRole":"Provider"}
{"email":"admin@test.com","level":"info","message":"User login successful","role":"Admin","service":"ehr-backend","timestamp":"2025-12-16 01:11:58","userId":"6940172d293300290c48b500"}
{"email":"manager@test.com","level":"info","message":"User login successful","role":"Manager","service":"ehr-backend","timestamp":"2025-12-16 01:11:58","userId":"6940172d293300290c48b502"}
{"email":"provider@test.com","level":"info","message":"User login successful","role":"Provider","service":"ehr-backend","timestamp":"2025-12-16 01:11:58","userId":"6940172d293300290c48b504"}
{"email":"employee@test.com","level":"info","message":"User login successful","role":"Employee","service":"ehr-backend","timestamp":"2025-12-16 01:11:58","userId":"6940172e293300290c48b506"}
{"email":"patient@test.com","level":"info","message":"User login successful","role":"Patient","service":"ehr-backend","timestamp":"2025-12-16 01:11:58","userId":"6940172e293300290c48b508"}
{"level":"info","message":"Authorization check","method":"POST","path":"/assign-patient","requiredRoles":["Admin"],"service":"ehr-backend","timestamp":"2025-12-16 01:11:58","userId":"6940172d293300290c48b502","userRole":"Manager"}
{"level":"warn","message":"Authorization denied: Insufficient permissions","method":"POST","path":"/assign-patient","requiredRoles":["Admin"],"service":"ehr-backend","timestamp":"2025-12-16 01:11:58","userId":"6940172d293300290c48b502","userRole":"Manager"}
{"email":"admin@test.com","level":"info","message":"User login successful","role":"Admin","service":"ehr-backend","timestamp":"2025-12-16 01:11:59","userId":"6940172e293300290c48b521"}
{"email":"manager@test.com","level":"info","message":"User login successful","role":"Manager","service":"ehr-backend","timestamp":"2025-12-16 01:11:59","userId":"6940172e293300290c48b523"}
{"email":"provider@test.com","level":"info","message":"User login successful","role":"Provider","service":"ehr-backend","timestamp":"2025-12-16 01:11:59","userId":"6940172e293300290c48b525"}
{"email":"employee@test.com","level":"info","message":"User login successful","role":"Employee","service":"ehr-backend","timestamp":"2025-12-16 01:11:59","userId":"6940172e293300290c48b527"}
{"email":"patient@test.com","level":"info","message":"User login successful","role":"Patient","service":"ehr-backend","timestamp":"2025-12-16 01:11:59","userId":"6940172e293300290c48b529"}
{"level":"info","message":"Authorization check","method":"PUT","path":"/6940172e293300290c48b529","requiredRoles":["Patient","Employee","Manager","Admin"],"service":"ehr-backend","timestamp":"2025-12-16 01:11:59","userId":"6940172e293300290c48b521","userRole":"Admin"}
{"level":"info","message":"Patient updated by staff","service":"ehr-backend","timestamp":"2025-12-16 01:11:59","updatedBy":"6940172e293300290c48b521","updaterRole":"Admin","userId":"6940172e293300290c48b529"}
{"level":"info","message":"User updated successfully","role":"Patient","service":"ehr-backend","timestamp":"2025-12-16 01:11:59","updatedBy":"6940172e293300290c48b521","userId":"6940172e293300290c48b529"}
{"email":"admin@test.com","level":"info","message":"User login successful","role":"Admin","service":"ehr-backend","timestamp":"2025-12-16 01:11:59","userId":"6940172f293300290c48b544"}
{"email":"manager@test.com","level":"info","message":"User login successful","role":"Manager","service":"ehr-backend","timestamp":"2025-12-16 01:11:59","userId":"6940172f293300290c48b546"}
{"email":"provider@test.com","level":"info","message":"User login successful","role":"Provider","service":"ehr-backend","timestamp":"2025-12-16 01:12:00","userId":"6940172f293300290c48b548"}
{"email":"employee@test.com","level":"info","message":"User login successful","role":"Employee","service":"ehr-backend","timestamp":"2025-12-16 01:12:00","userId":"6940172f293300290c48b54a"}
{"email":"patient@test.com","level":"info","message":"User login successful","role":"Patient","service":"ehr-backend","timestamp":"2025-12-16 01:12:00","userId":"6940172f293300290c48b54c"}
{"level":"info","message":"Authorization check","method":"PUT","path":"/6940172f293300290c48b54c","requiredRoles":["Patient","Employee","Manager","Admin"],"service":"ehr-backend","timestamp":"2025-12-16 01:12:00","userId":"6940172f293300290c48b546","userRole":"Manager"}
{"level":"info","message":"Patient updated by staff","service":"ehr-backend","timestamp":"2025-12-16 01:12:00","updatedBy":"6940172f293300290c48b546","updaterRole":"Manager","userId":"6940172f293300290c48b54c"}
{"level":"info","message":"User updated successfully","role":"Patient","service":"ehr-backend","timestamp":"2025-12-16 01:12:00","updatedBy":"6940172f293300290c48b546","userId":"6940172f293300290c48b54c"}
{"email":"admin@test.com","level":"info","message":"User login successful","role":"Admin","service":"ehr-backend","timestamp":"2025-12-16 01:12:00","userId":"69401730293300290c48b567"}
{"email":"manager@test.com","level":"info","message":"User login successful","role":"Manager","service":"ehr-backend","timestamp":"2025-12-16 01:12:00","userId":"69401730293300290c48b569"}
{"email":"provider@test.com","level":"info","message":"User login successful","role":"Provider","service":"ehr-backend","timestamp":"2025-12-16 01:12:00","userId":"69401730293300290c48b56b"}
{"email":"employee@test.com","level":"info","message":"User login successful","role":"Employee","service":"ehr-backend","timestamp":"2025-12-16 01:12:00","userId":"69401730293300290c48b56d"}
{"email":"patient@test.com","level":"info","message":"User login successful","role":"Patient","service":"ehr-backend","timestamp":"2025-12-16 01:12:01","userId":"69401730293300290c48b56f"}
{"level":"info","message":"Authorization check","method":"PUT","path":"/69401730293300290c48b56f","requiredRoles":["Patient","Employee","Manager","Admin"],"service":"ehr-backend","timestamp":"2025-12-16 01:12:01","userId":"69401730293300290c48b56f","userRole":"Patient"}
{"fields":["phone","address"],"level":"info","message":"Patient self-update","service":"ehr-backend","timestamp":"2025-12-16 01:12:01","userId":"69401730293300290c48b56f"}
{"level":"info","message":"User updated successfully","role":"Patient","service":"ehr-backend","timestamp":"2025-12-16 01:12:01","updatedBy":"69401730293300290c48b56f","userId":"69401730293300290c48b56f"}
{"email":"admin@test.com","level":"info","message":"User login successful","role":"Admin","service":"ehr-backend","timestamp":"2025-12-16 01:12:01","userId":"69401731293300290c48b58a"}
{"email":"manager@test.com","level":"info","message":"User login successful","role":"Manager","service":"ehr-backend","timestamp":"2025-12-16 01:12:01","userId":"69401731293300290c48b58c"}
{"email":"provider@test.com","level":"info","message":"User login successful","role":"Provider","service":"ehr-backend","timestamp":"2025-12-16 01:12:01","userId":"69401731293300290c48b58e"}
{"email":"employee@test.com","level":"info","message":"User login successful","role":"Employee","service":"ehr-backend","timestamp":"2025-12-16 01:12:01","userId":"69401731293300290c48b590"}
{"email":"patient@test.com","level":"info","message":"User login successful","role":"Patient","service":"ehr-backend","timestamp":"2025-12-16 01:12:01","userId":"69401731293300290c48b592"}
{"level":"info","message":"Authorization check","method":"PUT","path":"/69401731293300290c48b5a3","requiredRoles":["Patient","Employee","Manager","Admin"],"service":"ehr-backend","timestamp":"2025-12-16 01:12:01","userId":"69401731293300290c48b592","userRole":"Patient"}
{"level":"warn","message":"Update denied: Not authorized to update patient","requesterId":"69401731293300290c48b592","requesterRole":"Patient","service":"ehr-backend","targetUserId":"69401731293300290c48b5a3","timestamp":"2025-12-16 01:12:01"}
{"email":"admin@test.com","level":"info","message":"User login successful","role":"Admin","service":"ehr-backend","timestamp":"2025-12-16 01:12:02","userId":"69401731293300290c48b5ac"}
{"email":"manager@test.com","level":"info","message":"User login successful","role":"Manager","service":"ehr-backend","timestamp":"2025-12-16 01:12:02","userId":"69401731293300290c48b5ae"}
{"email":"provider@test.com","level":"info","message":"User login successful","role":"Provider","service":"ehr-backend","timestamp":"2025-12-16 01:12:02","userId":"69401732293300290c48b5b0"}
{"email":"employee@test.com","level":"info","message":"User login successful","role":"Employee","service":"ehr-backend","timestamp":"2025-12-16 01:12:02","userId":"69401732293300290c48b5b2"}
{"email":"patient@test.com","level":"info","message":"User login successful","role":"Patient","service":"ehr-backend","timestamp":"2025-12-16 01:12:02","userId":"69401732293300290c48b5b4"}
{"email":"admin@test.com","level":"info","message":"User login successful","role":"Admin","service":"ehr-backend","timestamp":"2025-12-16 01:12:03","userId":"69401732293300290c48b5cb"}
{"email":"manager@test.com","level":"info","message":"User login successful","role":"Manager","service":"ehr-backend","timestamp":"2025-12-16 01:12:03","userId":"69401732293300290c48b5cd"}
{"email":"provider@test.com","level":"info","message":"User login successful","role":"Provider","service":"ehr-backend","timestamp":"2025-12-16 01:12:03","userId":"69401732293300290c48b5cf"}
{"email":"employee@test.com","level":"info","message":"User login successful","role":"Employee","service":"ehr-backend","timestamp":"2025-12-16 01:12:03","userId":"69401732293300290c48b5d1"}
{"email":"patient@test.com","level":"info","message":"User login successful","role":"Patient","service":"ehr-backend","timestamp":"2025-12-16 01:12:03","userId":"69401732293300290c48b5d3"}
{"level":"info","message":"Authorization check","method":"GET","path":"/audit-logs","requiredRoles":["Admin"],"service":"ehr-backend","timestamp":"2025-12-16 01:12:03","userId":"69401732293300290c48b5cf","userRole":"Provider"}
{"level":"warn","message":"Authorization denied: Insufficient permissions","method":"GET","path":"/audit-logs","requiredRoles":["Admin"],"service":"ehr-backend","timestamp":"2025-12-16 01:12:03","userId":"69401732293300290c48b5cf","userRole":"Provider"}
{"email":"admin@test.com","level":"info","message":"User login successful","role":"Admin","service":"ehr-backend","timestamp":"2025-12-16 01:12:08","userId":"69401736262b611b4b0717fd"}
{"email":"manager@test.com","level":"info","message":"User login successful","role":"Manager","service":"ehr-backend","timestamp":"2025-12-16 01:12:08","userId":"69401737262b611b4b071804"}
{"email":"provider@test.com","level":"info","message":"User login successful","role":"Provider","service":"ehr-backend","timestamp":"2025-12-16 01:12:08","userId":"69401737262b611b4b071807"}
{"email":"assigned@test.com","level":"info","message":"User login successful","role":"Patient","service":"ehr-backend","timestamp":"2025-12-16 01:12:08","userId":"69401737262b611b4b07180b"}
{"creatorId":"69401737262b611b4b071807","level":"info","message":"Record created successfully","patientId":"69401737262b611b4b07180b","recordId":"69401738262b611b4b07181b","service":"ehr-backend","timestamp":"2025-12-16 01:12:08"}
{"email":"admin@test.com","level":"info","message":"User login successful","role":"Admin","service":"ehr-backend","timestamp":"2025-12-16 01:12:08","userId":"69401738262b611b4b071825"}
{"email":"manager@test.com","level":"info","message":"User login successful","role":"Manager","service":"ehr-backend","timestamp":"2025-12-16 01:12:08","userId":"69401738262b611b4b071827"}
{"email":"provider@test.com","level":"info","message":"User login successful","role":"Provider","service":"ehr-backend","timestamp":"2025-12-16 01:12:09","userId":"69401738262b611b4b071829"}
{"email":"assigned@test.com","level":"info","message":"User login successful","role":"Patient","service":"ehr-backend","timestamp":"2025-12-16 01:12:09","userId":"69401738262b611b4b07182d"}
{"email":"admin@test.com","level":"info","message":"User login successful","role":"Admin","service":"ehr-backend","timestamp":"2025-12-16 01:12:09","userId":"69401739262b611b4b071843"}
{"email":"manager@test.com","level":"info","message":"User login successful","role":"Manager","service":"ehr-backend","timestamp":"2025-12-16 01:12:09","userId":"69401739262b611b4b071845"}
{"email":"provider@test.com","level":"info","message":"User login successful","role":"Provider","service":"ehr-backend","timestamp":"2025-12-16 01:12:09","userId":"69401739262b611b4b071847"}
{"email":"assigned@test.com","level":"info","message":"User login successful","role":"Patient","service":"ehr-backend","timestamp":"2025-12-16 01:12:09","userId":"69401739262b611b4b07184b"}
{"creatorId":"69401739262b611b4b071845","level":"info","message":"Record created successfully","patientId":"69401739262b611b4b071849","recordId":"69401739262b611b4b07185a","service":"ehr-backend","timestamp":"2025-12-16 01:12:09"}
{"email":"admin@test.com","level":"info","message":"User login successful","role":"Admin","service":"ehr-backend","timestamp":"2025-12-16 01:12:10","userId":"69401739262b611b4b071864"}
{"email":"manager@test.com","level":"info","message":"User login successful","role":"Manager","service":"ehr-backend","timestamp":"2025-12-16 01:12:10","userId":"69401739262b611b4b071866"}
{"email":"provider@test.com","level":"info","message":"User login successful","role":"Provider","service":"ehr-backend","timestamp":"2025-12-16 01:12:10","userId":"69401739262b611b4b071868"}
{"email":"assigned@test.com","level":"info","message":"User login successful","role":"Patient","service":"ehr-backend","timestamp":"2025-12-16 01:12:10","userId":"6940173a262b611b4b07186c"}
{"email":"admin@test.com","level":"info","message":"User login successful","role":"Admin","service":"ehr-backend","timestamp":"2025-12-16 01:12:10","userId":"6940173a262b611b4b071881"}
{"email":"manager@test.com","level":"info","message":"User login successful","role":"Manager","service":"ehr-backend","timestamp":"2025-12-16 01:12:10","userId":"6940173a262b611b4b071883"}
{"email":"provider@test.com","level":"info","message":"User login successful","role":"Provider","service":"ehr-backend","timestamp":"2025-12-16 01:12:11","userId":"6940173a262b611b4b071885"}
{"email":"assigned@test.com","level":"info","message":"User login successful","role":"Patient","service":"ehr-backend","timestamp":"2025-12-16 01:12:11","userId":"6940173a262b611b4b071889"}
{"email":"admin@test.com","level":"info","message":"User login successful","role":"Admin","service":"ehr-backend","timestamp":"2025-12-16 01:12:11","userId":"6940173b262b611b4b07189e"}
{"email":"manager@test.com","level":"info","message":"User login successful","role":"Manager","service":"ehr-backend","timestamp":"2025-12-16 01:12:11","userId":"6940173b262b611b4b0718a0"}
{"email":"provider@test.com","level":"info","message":"User login successful","role":"Provider","service":"ehr-backend","timestamp":"2025-12-16 01:12:11","userId":"6940173b262b611b4b0718a2"}
{"email":"assigned@test.com","level":"info","message":"User login successful","role":"Patient","service":"ehr-backend","timestamp":"2025-12-16 01:12:11","userId":"6940173b262b611b4b0718a6"}
{"email":"admin@test.com","level":"info","message":"User login successful","role":"Admin","service":"ehr-backend","timestamp":"2025-12-16 01:12:12","userId":"6940173b262b611b4b0718bb"}
{"email":"manager@test.com","level":"info","message":"User login successful","role":"Manager","service":"ehr-backend","timestamp":"2025-12-16 01:12:12","userId":"6940173b262b611b4b0718bd"}
{"email":"provider@test.com","level":"info","message":"User login successful","role":"Provider","service":"ehr-backend","timestamp":"2025-12-16 01:12:12","userId":"6940173b262b611b4b0718bf"}
{"email":"assigned@test.com","level":"info","message":"User login successful","role":"Patient","service":"ehr-backend","timestamp":"2025-12-16 01:12:12","userId":"6940173c262b611b4b0718c3"}
{"creatorId":"6940173b262b611b4b0718bf","level":"info","message":"Record created successfully","patientId":"6940173c262b611b4b0718c3","recordId":"6940173c262b611b4b0718d3","service":"ehr-backend","timestamp":"2025-12-16 01:12:12"}
{"email":"admin@test.com","level":"info","message":"User login successful","role":"Admin","service":"ehr-backend","timestamp":"2025-12-16 01:12:12","userId":"6940173c262b611b4b0718dd"}
{"email":"manager@test.com","level":"info","message":"User login successful","role":"Manager","service":"ehr-backend","timestamp":"2025-12-16 01:12:12","userId":"6940173c262b611b4b0718df"}
{"email":"provider@test.com","level":"info","message":"User login successful","role":"Provider","service":"ehr-backend","timestamp":"2025-12-16 01:12:12","userId":"6940173c262b611b4b0718e1"}
{"email":"assigned@test.com","level":"info","message":"User login successful","role":"Patient","service":"ehr-backend","timestamp":"2025-12-16 01:12:13","userId":"6940173c262b611b4b0718e5"}
{"level":"info","managerId":"6940173c262b611b4b0718df","message":"All records retrieved","recordCount":1,"service":"ehr-backend","timestamp":"2025-12-16 01:12:13"}
{"email":"admin@test.com","level":"info","message":"User login successful","role":"Admin","service":"ehr-backend","timestamp":"2025-12-16 01:12:13","userId":"6940173d262b611b4b071900"}
{"email":"manager@test.com","level":"info","message":"User login successful","role":"Manager","service":"ehr-backend","timestamp":"2025-12-16 01:12:13","userId":"6940173d262b611b4b071902"}
{"email":"provider@test.com","level":"info","message":"User login successful","role":"Provider","service":"ehr-backend","timestamp":"2025-12-16 01:12:13","userId":"6940173d262b611b4b071904"}
{"email":"assigned@test.com","level":"info","message":"User login successful","role":"Patient","service":"ehr-backend","timestamp":"2025-12-16 01:12:13","userId":"6940173d262b611b4b071908"}
{"email":"admin@test.com","level":"info","message":"User login successful","role":"Admin","service":"ehr-backend","timestamp":"2025-12-16 01:12:14","userId":"6940173d262b611b4b07191d"}
{"email":"manager@test.com","level":"info","message":"User login successful","role":"Manager","service":"ehr-backend","timestamp":"2025-12-16 01:12:14","userId":"6940173d262b611b4b07191f"}
{"email":"provider@test.com","level":"info","message":"User login successful","role":"Provider","service":"ehr-backend","timestamp":"2025-12-16 01:12:14","userId":"6940173d262b611b4b071921"}
{"email":"assigned@test.com","level":"info","message":"User login successful","role":"Patient","service":"ehr-backend","timestamp":"2025-12-16 01:12:14","userId":"6940173d262b611b4b071925"}
{"email":"admin@test.com","level":"info","message":"User login successful","role":"Admin","service":"ehr-backend","timestamp":"2025-12-16 01:12:14","userId":"6940173e262b611b4b07193a"}
{"email":"manager@test.com","level":"info","message":"User login successful","role":"Manager","service":"ehr-backend","timestamp":"2025-12-16 01:12:14","userId":"6940173e262b611b4b07193c"}
{"email":"provider@test.com","level":"info","message":"User login successful","role":"Provider","service":"ehr-backend","timestamp":"2025-12-16 01:12:14","userId":"6940173e262b611b4b07193e"}
{"email":"assigned@test.com","level":"info","message":"User login successful","role":"Patient","service":"ehr-backend","timestamp":"2025-12-16 01:12:14","userId":"6940173e262b611b4b071942"}
{"level":"info","message":"Patient records retrieved","patientId":"6940173e262b611b4b071942","recordCount":1,"service":"ehr-backend","timestamp":"2025-12-16 01:12:14"}
{"email":"admin@test.com","level":"info","message":"User login successful","role":"Admin","service":"ehr-backend","timestamp":"2025-12-16 01:12:15","userId":"6940173e262b611b4b07195d"}
{"email":"manager@test.com","level":"info","message":"User login successful","role":"Manager","service":"ehr-backend","timestamp":"2025-12-16 01:12:15","userId":"6940173f262b611b4b07195f"}
{"email":"provider@test.com","level":"info","message":"User login successful","role":"Provider","service":"ehr-backend","timestamp":"2025-12-16 01:12:15","userId":"6940173f262b611b4b071961"}
{"email":"assigned@test.com","level":"info","message":"User login successful","role":"Patient","service":"ehr-backend","timestamp":"2025-12-16 01:12:15","userId":"6940173f262b611b4b071965"}
{"level":"info","message":"Patient records retrieved","patientId":"6940173f262b611b4b071965","recordCount":1,"service":"ehr-backend","timestamp":"2025-12-16 01:12:15"}
{"email":"admin@test.com","level":"info","message":"User login successful","role":"Admin","service":"ehr-backend","timestamp":"2025-12-16 01:12:15","userId":"6940173f262b611b4b071982"}
{"email":"manager@test.com","level":"info","message":"User login successful","role":"Manager","service":"ehr-backend","timestamp":"2025-12-16 01:12:16","userId":"6940173f262b611b4b071984"}
{"email":"provider@test.com","level":"info","message":"User login successful","role":"Provider","service":"ehr-backend","timestamp":"2025-12-16 01:12:16","userId":"6940173f262b611b4b071986"}
{"email":"assigned@test.com","level":"info","message":"User login successful","role":"Patient","service":"ehr-backend","timestamp":"2025-12-16 01:12:16","userId":"6940173f262b611b4b07198a"}
{"email":"admin@test.com","level":"info","message":"User login successful","role":"Admin","service":"ehr-backend","timestamp":"2025-12-16 01:12:16","userId":"69401740262b611b4b0719a1"}
{"email":"manager@test.com","level":"info","message":"User login successful","role":"Manager","service":"ehr-backend","timestamp":"2025-12-16 01:12:16","userId":"69401740262b611b4b0719a3"}
{"email":"provider@test.com","level":"info","message":"User login successful","role":"Provider","service":"ehr-backend","timestamp":"2025-12-16 01:12:16","userId":"69401740262b611b4b0719a5"}
{"email":"assigned@test.com","level":"info","message":"User login successful","role":"Patient","service":"ehr-backend","timestamp":"2025-12-16 01:12:16","userId":"69401740262b611b4b0719a9"}
{"level":"info","message":"Record retrieved by ID","recordId":"69401740262b611b4b0719b8","service":"ehr-backend","timestamp":"2025-12-16 01:12:16","userId":"69401740262b611b4b0719a5"}
{"email":"admin@test.com","level":"info","message":"User login successful","role":"Admin","service":"ehr-backend","timestamp":"2025-12-16 01:12:17","userId":"69401740262b611b4b0719c4"}
{"email":"manager@test.com","level":"info","message":"User login successful","role":"Manager","service":"ehr-backend","timestamp":"2025-12-16 01:12:17","userId":"69401740262b611b4b0719c6"}
{"email":"provider@test.com","level":"info","message":"User login successful","role":"Provider","service":"ehr-backend","timestamp":"2025-12-16 01:12:17","userId":"69401741262b611b4b0719c8"}
{"email":"assigned@test.com","level":"info","message":"User login successful","role":"Patient","service":"ehr-backend","timestamp":"2025-12-16 01:12:17","userId":"69401741262b611b4b0719cc"}
{"level":"info","message":"Record retrieved by ID","recordId":"69401741262b611b4b0719db","service":"ehr-backend","timestamp":"2025-12-16 01:12:17","userId":"69401741262b611b4b0719cc"}
{"email":"admin@test.com","level":"info","message":"User login successful","role":"Admin","service":"ehr-backend","timestamp":"2025-12-16 01:12:17","userId":"69401741262b611b4b0719e7"}
{"email":"manager@test.com","level":"info","message":"User login successful","role":"Manager","service":"ehr-backend","timestamp":"2025-12-16 01:12:18","userId":"69401741262b611b4b0719e9"}
{"email":"provider@test.com","level":"info","message":"User login successful","role":"Provider","service":"ehr-backend","timestamp":"2025-12-16 01:12:18","userId":"69401741262b611b4b0719eb"}
{"email":"assigned@test.com","level":"info","message":"User login successful","role":"Patient","service":"ehr-backend","timestamp":"2025-12-16 01:12:18","userId":"69401741262b611b4b0719ef"}
{"level":"info","message":"Record retrieved by ID","recordId":"69401742262b611b4b0719fe","service":"ehr-backend","timestamp":"2025-12-16 01:12:18","userId":"69401741262b611b4b0719e9"}
{"email":"admin@test.com","level":"info","message":"User login successful","role":"Admin","service":"ehr-backend","timestamp":"2025-12-16 01:12:18","userId":"69401742262b611b4b071a0a"}
{"email":"manager@test.com","level":"info","message":"User login successful","role":"Manager","service":"ehr-backend","timestamp":"2025-12-16 01:12:18","userId":"69401742262b611b4b071a0c"}
{"email":"provider@test.com","level":"info","message":"User login successful","role":"Provider","service":"ehr-backend","timestamp":"2025-12-16 01:12:18","userId":"69401742262b611b4b071a0e"}
{"email":"assigned@test.com","level":"info","message":"User login successful","role":"Patient","service":"ehr-backend","timestamp":"2025-12-16 01:12:18","userId":"69401742262b611b4b071a12"}
{"email":"admin@test.com","level":"info","message":"User login successful","role":"Admin","service":"ehr-backend","timestamp":"2025-12-16 01:12:19","userId":"69401742262b611b4b071a2d"}
{"email":"manager@test.com","level":"info","message":"User login successful","role":"Manager","service":"ehr-backend","timestamp":"2025-12-16 01:12:19","userId":"69401742262b611b4b071a2f"}
{"email":"provider@test.com","level":"info","message":"User login successful","role":"Provider","service":"ehr-backend","timestamp":"2025-12-16 01:12:19","userId":"69401743262b611b4b071a31"}
{"email":"assigned@test.com","level":"info","message":"User login successful","role":"Patient","service":"ehr-backend","timestamp":"2025-12-16 01:12:19","userId":"69401743262b611b4b071a35"}
{"email":"admin@test.com","level":"info","message":"User login successful","role":"Admin","service":"ehr-backend","timestamp":"2025-12-16 01:12:19","userId":"69401743262b611b4b071a4d"}
{"email":"manager@test.com","level":"info","message":"User login successful","role":"Manager","service":"ehr-backend","timestamp":"2025-12-16 01:12:20","userId":"69401743262b611b4b071a4f"}
{"email":"provider@test.com","level":"info","message":"User login successful","role":"Provider","service":"ehr-backend","timestamp":"2025-12-16 01:12:20","userId":"69401743262b611b4b071a51"}
{"email":"assigned@test.com","level":"info","message":"User login successful","role":"Patient","service":"ehr-backend","timestamp":"2025-12-16 01:12:20","userId":"69401743262b611b4b071a55"}
{"creatorId":"69401743262b611b4b071a51","level":"info","message":"Record created successfully","patientId":"69401743262b611b4b071a55","recordId":"69401744262b611b4b071a65","service":"ehr-backend","timestamp":"2025-12-16 01:12:20"}
{"email":"admin@test.com","level":"info","message":"User login successful","role":"Admin","service":"ehr-backend","timestamp":"2025-12-16 01:12:20","userId":"69401744262b611b4b071a6f"}
{"email":"manager@test.com","level":"info","message":"User login successful","role":"Manager","service":"ehr-backend","timestamp":"2025-12-16 01:12:20","userId":"69401744262b611b4b071a71"}
{"email":"provider@test.com","level":"info","message":"User login successful","role":"Provider","service":"ehr-backend","timestamp":"2025-12-16 01:12:20","userId":"69401744262b611b4b071a73"}
{"email":"assigned@test.com","level":"info","message":"User login successful","role":"Patient","service":"ehr-backend","timestamp":"2025-12-16 01:12:20","userId":"69401744262b611b4b071a77"}
{"email":"admin@test.com","level":"info","message":"User login successful","role":"Admin","service":"ehr-backend","timestamp":"2025-12-16 01:12:21","userId":"69401744262b611b4b071a8e"}
{"email":"manager@test.com","level":"info","message":"User login successful","role":"Manager","service":"ehr-backend","timestamp":"2025-12-16 01:12:21","userId":"69401744262b611b4b071a90"}
{"email":"provider@test.com","level":"info","message":"User login successful","role":"Provider","service":"ehr-backend","timestamp":"2025-12-16 01:12:21","userId":"69401744262b611b4b071a92"}
{"email":"assigned@test.com","level":"info","message":"User login successful","role":"Patient","service":"ehr-backend","timestamp":"2025-12-16 01:12:21","userId":"69401745262b611b4b071a96"}
{"creatorId":"69401744262b611b4b071a92","level":"info","message":"Record created successfully","patientId":"69401745262b611b4b071a96","recordId":"69401745262b611b4b071aa6","service":"ehr-backend","timestamp":"2025-12-16 01:12:21"}
{"email":"admin@test.com","level":"info","message":"User login successful","role":"Admin","service":"ehr-backend","timestamp":"2025-12-16 01:12:21","userId":"69401745262b611b4b071ab1"}
{"email":"manager@test.com","level":"info","message":"User login successful","role":"Manager","service":"ehr-backend","timestamp":"2025-12-16 01:12:21","userId":"69401745262b611b4b071ab3"}
{"email":"provider@test.com","level":"info","message":"User login successful","role":"Provider","service":"ehr-backend","timestamp":"2025-12-16 01:12:22","userId":"69401745262b611b4b071ab5"}
{"email":"assigned@test.com","level":"info","message":"User login successful","role":"Patient","service":"ehr-backend","timestamp":"2025-12-16 01:12:22","userId":"69401745262b611b4b071ab9"}
{"level":"info","message":"Record retrieved by ID","recordId":"69401746262b611b4b071ac8","service":"ehr-backend","timestamp":"2025-12-16 01:12:22","userId":"69401745262b611b4b071ab5"}
{"email":"admin@test.com","level":"info","message":"User login successful","role":"Admin","service":"ehr-backend","timestamp":"2025-12-16 01:12:26","userId":"6940174927659fc7c03b15ba"}
{"email":"manager@test.com","level":"info","message":"User login successful","role":"Manager","service":"ehr-backend","timestamp":"2025-12-16 01:12:26","userId":"6940174a27659fc7c03b15c8"}
{"email":"provider@test.com","level":"info","message":"User login successful","role":"Provider","service":"ehr-backend","timestamp":"2025-12-16 01:12:26","userId":"6940174a27659fc7c03b15d0"}
{"email":"employee@test.com","level":"info","message":"User login successful","role":"Employee","service":"ehr-backend","timestamp":"2025-12-16 01:12:27","userId":"6940174a27659fc7c03b15d8"}
{"email":"patient@test.com","level":"info","message":"User login successful","role":"Patient","service":"ehr-backend","timestamp":"2025-12-16 01:12:27","userId":"6940174b27659fc7c03b15e0"}
{"email":"admin@test.com","level":"info","message":"User login successful","role":"Admin","service":"ehr-backend","timestamp":"2025-12-16 01:12:27","userId":"6940174b27659fc7c03b15e8"}
{"email":"patient@test.com","ip":"::ffff:127.0.0.1","level":"warn","message":"Login attempt failed: Invalid password","service":"ehr-backend","timestamp":"2025-12-16 01:12:27","userId":"6940174b27659fc7c03b15f0"}
{"email":"nonexistent@example.com","ip":"::ffff:127.0.0.1","level":"warn","message":"Login attempt failed: User not found","service":"ehr-backend","timestamp":"2025-12-16 01:12:27"}
{"ip":"::ffff:127.0.0.1","level":"warn","message":"Login attempt failed: User not found","service":"ehr-backend","timestamp":"2025-12-16 01:12:27"}
{"email":"patient@test.com","error":"data and hash arguments required","level":"error","message":"Login error","service":"ehr-backend","timestamp":"2025-12-16 01:12:27"}
{"email":"admin@test.com","level":"info","message":"User login successful","role":"Admin","service":"ehr-backend","timestamp":"2025-12-16 01:12:27","userId":"6940174b27659fc7c03b1604"}
{"ip":"::ffff:127.0.0.1","level":"warn","message":"Authentication failed: Token missing","method":"GET","path":"/me","service":"ehr-backend","timestamp":"2025-12-16 01:12:27"}
{"error":"jwt malformed","ip":"::ffff:127.0.0.1","level":"warn","message":"Authentication failed: JWT verification failed","method":"GET","path":"/me","service":"ehr-backend","timestamp":"2025-12-16 01:12:27"}
{"error":"jwt expired","ip":"::ffff:127.0.0.1","level":"warn","message":"Authentication failed: JWT verification failed","method":"GET","path":"/me","service":"ehr-backend","timestamp":"2025-12-16 01:12:27"}
{"error":"invalid token","ip":"::ffff:127.0.0.1","level":"warn","message":"Authentication failed: JWT verification failed","method":"GET","path":"/me","service":"ehr-backend","timestamp":"2025-12-16 01:12:28"}
{"email":"admin@test.com","level":"info","message":"User login successful","role":"Admin","service":"ehr-backend","timestamp":"2025-12-16 01:12:28","userId":"6940174c27659fc7c03b1622"}
{"level":"info","message":"User logout","service":"ehr-backend","timestamp":"2025-12-16 01:12:28"}
{"level":"info","message":"User logout","service":"ehr-backend","timestamp":"2025-12-16 01:12:28"}
{"email":"admin@test.com","level":"info","message":"User login successful","role":"Admin","service":"ehr-backend","timestamp":"2025-12-16 01:12:28","userId":"6940174c27659fc7c03b1631"}
{"email":"admin@test.com","level":"info","message":"User login successful","role":"Admin","service":"ehr-backend","timestamp":"2025-12-16 01:12:28","userId":"6940174c27659fc7c03b1639"}
{"level":"info","message":"User logout","service":"ehr-backend","timestamp":"2025-12-16 01:12:28"}
{"ip":"::ffff:127.0.0.1","level":"warn","message":"Authentication failed: Token missing","method":"GET","path":"/me","service":"ehr-backend","timestamp":"2025-12-16 01:12:28"}
{"email":"admin@test.com","level":"info","message":"User login successful","role":"Admin","service":"ehr-backend","timestamp":"2025-12-16 01:12:28","userId":"6940174c27659fc7c03b1643"}
{"level":"info","message":"Authorization check","method":"GET","path":"/audit-logs","requiredRoles":["Admin"],"service":"ehr-backend","timestamp":"2025-12-16 01:12:28","userId":"6940174c27659fc7c03b1643","userRole":"Admin"}
{"level":"info","message":"Admin 6940174c27659fc7c03b1643 retrieved 1 audit logs","service":"ehr-backend","timestamp":"2025-12-16 01:12:28"}
{"ip":"::ffff:127.0.0.1","level":"warn","message":"Authentication failed: Token missing","method":"GET","path":"/audit-logs","service":"ehr-backend","timestamp":"2025-12-16 01:12:28"}
{"error":"jwt expired","ip":"::ffff:127.0.0.1","level":"warn","message":"Authentication failed: JWT verification failed","method":"GET","path":"/audit-logs","service":"ehr-backend","timestamp":"2025-12-16 01:12:28"}
{"email":"patient@test.com","level":"info","message":"User login successful","role":"Patient","service":"ehr-backend","timestamp":"2025-12-16 01:12:33","userId":"6940174ff5d17f53e0032fdb"}
{"email":"admin@test.com","level":"info","message":"User login successful","role":"Admin","service":"ehr-backend","timestamp":"2025-12-16 01:12:33","userId":"69401751f5d17f53e0032fe7"}
{"email":"nonexistent@test.com","ip":"::ffff:127.0.0.1","level":"warn","message":"Login attempt failed: User not found","service":"ehr-backend","timestamp":"2025-12-16 01:12:33"}
{"email":"patient@test.com","ip":"::ffff:127.0.0.1","level":"warn","message":"Login attempt failed: Invalid password","service":"ehr-backend","timestamp":"2025-12-16 01:12:33","userId":"69401751f5d17f53e0032ff6"}
{"ip":"::ffff:127.0.0.1","level":"warn","message":"Login attempt failed: User not found","service":"ehr-backend","timestamp":"2025-12-16 01:12:33"}
{"email":"patient@test.com","error":"data and hash arguments required","level":"error","message":"Login error","service":"ehr-backend","timestamp":"2025-12-16 01:12:33"}
{"email":"admin@test.com","level":"info","message":"User login successful","role":"Admin","service":"ehr-backend","timestamp":"2025-12-16 01:12:33","userId":"69401751f5d17f53e0033006"}
{"email":"provider@test.com","level":"info","message":"User login successful","role":"Provider","service":"ehr-backend","timestamp":"2025-12-16 01:12:33","userId":"69401751f5d17f53e003300e"}
{"email":"patient@test.com","level":"info","message":"User login successful","role":"Patient","service":"ehr-backend","timestamp":"2025-12-16 01:12:33","userId":"69401751f5d17f53e0033016"}
{"ip":"::ffff:127.0.0.1","level":"warn","message":"Authentication failed: Token missing","method":"GET","path":"/me","service":"ehr-backend","timestamp":"2025-12-16 01:12:33"}
{"error":"jwt malformed","ip":"::ffff:127.0.0.1","level":"warn","message":"Authentication failed: JWT verification failed","method":"GET","path":"/me","service":"ehr-backend","timestamp":"2025-12-16 01:12:33"}
{"email":"patient@test.com","level":"info","message":"User login successful","role":"Patient","service":"ehr-backend","timestamp":"2025-12-16 01:12:34","userId":"69401751f5d17f53e0033026"}
{"level":"info","message":"User logout","service":"ehr-backend","timestamp":"2025-12-16 01:12:34"}
{"level":"info","message":"User logout","service":"ehr-backend","timestamp":"2025-12-16 01:12:34"}
{"email":"admin@test.com","level":"info","message":"User login successful","role":"Admin","service":"ehr-backend","timestamp":"2025-12-16 01:12:34","userId":"69401752f5d17f53e0033035"}
{"level":"info","message":"User logout","service":"ehr-backend","timestamp":"2025-12-16 01:12:34"}
{"ip":"::ffff:127.0.0.1","level":"warn","message":"Authentication failed: Token missing","method":"GET","path":"/me","service":"ehr-backend","timestamp":"2025-12-16 01:12:34"}
{"keyVersion":1,"level":"info","message":"Public key retrieved successfully","service":"ehr-backend","timestamp":"2025-12-16 01:12:37"}
{"keyVersion":1,"level":"info","message":"Public key retrieved successfully","service":"ehr-backend","timestamp":"2025-12-16 01:12:37"}
{"keyVersion":1,"level":"info","message":"Public key retrieved successfully","service":"ehr-backend","timestamp":"2025-12-16 01:12:37"}
{"keyVersion":1,"level":"info","message":"Public key retrieved successfully","service":"ehr-backend","timestamp":"2025-12-16 01:12:37"}
{"keyVersion":1,"level":"info","message":"Public key retrieved successfully","service":"ehr-backend","timestamp":"2025-12-16 01:12:37"}
{"error":"Service unavailable","level":"error","message":"Failed to retrieve public key","service":"ehr-backend","timestamp":"2025-12-16 01:12:37"}
{"keyVersion":1,"level":"info","message":"Public key retrieved successfully","service":"ehr-backend","timestamp":"2025-12-16 01:12:37"}
{"keyVersion":1,"level":"info","message":"Public key retrieved successfully","service":"ehr-backend","timestamp":"2025-12-16 01:12:37"}
{"keyVersion":1,"level":"info","message":"Public key retrieved successfully","service":"ehr-backend","timestamp":"2025-12-16 01:12:37"}
{"level":"info","message":"Health check performed","service":"ehr-backend","services":{"api":"operational","mongodb":"connected","openbao":"healthy"},"status":"healthy","timestamp":"2025-12-16 01:12:42"}
{"level":"info","message":"Health check performed","service":"ehr-backend","services":{"api":"operational","mongodb":"connected","openbao":"healthy"},"status":"healthy","timestamp":"2025-12-16 01:12:42"}
{"level":"info","message":"Health check performed","service":"ehr-backend","services":{"api":"operational","mongodb":"connected","openbao":"healthy"},"status":"healthy","timestamp":"2025-12-16 01:12:42"}
{"level":"info","message":"Health check performed","service":"ehr-backend","services":{"api":"operational","mongodb":"connected","openbao":"healthy"},"status":"healthy","timestamp":"2025-12-16 01:12:42"}
{"level":"info","message":"Health check performed","service":"ehr-backend","services":{"api":"operational","mongodb":"connected","openbao":"healthy"},"status":"healthy","timestamp":"2025-12-16 01:12:42"}
{"level":"info","message":"Health check performed","service":"ehr-backend","services":{"api":"operational","mongodb":"connected","openbao":"unhealthy"},"status":"unhealthy","timestamp":"2025-12-16 01:12:42"}
{"level":"info","message":"Health check performed","service":"ehr-backend","services":{"api":"operational","mongodb":"connected","openbao":"healthy"},"status":"healthy","timestamp":"2025-12-16 01:12:42"}
{"level":"info","message":"Health check performed","service":"ehr-backend","services":{"api":"operational","mongodb":"connected","openbao":"healthy"},"status":"healthy","timestamp":"2025-12-16 01:12:42"}
{"level":"info","message":"Health check performed","service":"ehr-backend","services":{"api":"operational","mongodb":"connected","openbao":"healthy"},"status":"healthy","timestamp":"2025-12-16 01:12:42"}
{"level":"error","message":"Health check failed: Health check failed","service":"ehr-backend","stack":"Error: Health check failed\n    at Object.<anonymous> (/Users/user/Documents/Monash/CyberSecurity/Assesment2/Final Submission/TP6 25/EHR_draft/ehr-backend/test/integration/health.integration.test.js:250:55)\n    at Promise.finally.completed (/Users/user/Documents/Monash/CyberSecurity/Assesment2/Final Submission/TP6 25/EHR_draft/ehr-backend/node_modules/jest-circus/build/jestAdapterInit.js:1557:28)\n    at new Promise (<anonymous>)\n    at callAsyncCircusFn (/Users/user/Documents/Monash/CyberSecurity/Assesment2/Final Submission/TP6 25/EHR_draft/ehr-backend/node_modules/jest-circus/build/jestAdapterInit.js:1497:10)\n    at _callCircusTest (/Users/user/Documents/Monash/CyberSecurity/Assesment2/Final Submission/TP6 25/EHR_draft/ehr-backend/node_modules/jest-circus/build/jestAdapterInit.js:1007:40)\n    at processTicksAndRejections (node:internal/process/task_queues:103:5)\n    at _runTest (/Users/user/Documents/Monash/CyberSecurity/Assesment2/Final Submission/TP6 25/EHR_draft/ehr-backend/node_modules/jest-circus/build/jestAdapterInit.js:947:3)\n    at /Users/user/Documents/Monash/CyberSecurity/Assesment2/Final Submission/TP6 25/EHR_draft/ehr-backend/node_modules/jest-circus/build/jestAdapterInit.js:849:7\n    at _runTestsForDescribeBlock (/Users/user/Documents/Monash/CyberSecurity/Assesment2/Final Submission/TP6 25/EHR_draft/ehr-backend/node_modules/jest-circus/build/jestAdapterInit.js:862:11)\n    at _runTestsForDescribeBlock (/Users/user/Documents/Monash/CyberSecurity/Assesment2/Final Submission/TP6 25/EHR_draft/ehr-backend/node_modules/jest-circus/build/jestAdapterInit.js:857:11)\n    at _runTestsForDescribeBlock (/Users/user/Documents/Monash/CyberSecurity/Assesment2/Final Submission/TP6 25/EHR_draft/ehr-backend/node_modules/jest-circus/build/jestAdapterInit.js:857:11)\n    at run (/Users/user/Documents/Monash/CyberSecurity/Assesment2/Final Submission/TP6 25/EHR_draft/ehr-backend/node_modules/jest-circus/build/jestAdapterInit.js:761:3)\n    at runAndTransformResultsToJestFormat (/Users/user/Documents/Monash/CyberSecurity/Assesment2/Final Submission/TP6 25/EHR_draft/ehr-backend/node_modules/jest-circus/build/jestAdapterInit.js:1918:21)\n    at jestAdapter (/Users/user/Documents/Monash/CyberSecurity/Assesment2/Final Submission/TP6 25/EHR_draft/ehr-backend/node_modules/jest-circus/build/runner.js:101:19)\n    at runTestInternal (/Users/user/Documents/Monash/CyberSecurity/Assesment2/Final Submission/TP6 25/EHR_draft/ehr-backend/node_modules/jest-runner/build/index.js:275:16)\n    at runTest (/Users/user/Documents/Monash/CyberSecurity/Assesment2/Final Submission/TP6 25/EHR_draft/ehr-backend/node_modules/jest-runner/build/index.js:343:7)","timestamp":"2025-12-16 01:12:42"}
{"level":"info","message":"Health check performed","service":"ehr-backend","services":{"api":"operational","mongodb":"connected","openbao":"unhealthy"},"status":"unhealthy","timestamp":"2025-12-16 01:12:42"}
{"level":"info","message":"Health check performed","service":"ehr-backend","services":{"api":"operational","mongodb":"connected","openbao":"healthy"},"status":"healthy","timestamp":"2025-12-16 01:12:42"}
